tanggal,periode_data,pm10,pm25,so2,co,o3,no2,max,parameter_pencemar_kritis,kategori,stasiun
1/1/2010,201001,60,,4,73,27,14,73,CO,SEDANG,DKI1 Bunderan HI
1/2/2010,201001,32,,2,16,33,9,33,O3,BAIK,DKI1 Bunderan HI
1/3/2010,201001,27,,2,19,20,9,27,PM10,BAIK,DKI1 Bunderan HI
1/4/2010,201001,22,,2,16,15,6,22,PM10,BAIK,DKI1 Bunderan HI
1/5/2010,201001,25,,2,17,15,8,25,PM10,BAIK,DKI1 Bunderan HI
1/6/2010,201001,30,,3,22,19,11,30,PM10,BAIK,DKI1 Bunderan HI
1/7/2010,201001,41,,4,24,27,13,41,PM10,BAIK,DKI1 Bunderan HI
1/8/2010,201001,64,,8,51,19,15,64,PM10,SEDANG,DKI1 Bunderan HI
1/9/2010,201001,55,,5,39,23,16,55,PM10,SEDANG,DKI1 Bunderan HI
1/10/2010,201001,34,,5,23,26,12,34,PM10,BAIK,DKI1 Bunderan HI
1/11/2010,201001,55,,10,32,23,16,55,PM10,SEDANG,DKI1 Bunderan HI
1/12/2010,201001,45,,4,33,9,17,45,PM10,BAIK,DKI1 Bunderan HI
1/13/2010,201001,28,,5,29,10,12,29,CO,BAIK,DKI1 Bunderan HI
1/14/2010,201001,38,,6,28,15,10,38,PM10,BAIK,DKI1 Bunderan HI
1/15/2010,201001,35,,5,33,17,17,35,PM10,BAIK,DKI1 Bunderan HI
1/16/2010,201001,54,,5,38,17,18,54,PM10,SEDANG,DKI1 Bunderan HI
1/17/2010,201001,44,,4,28,22,14,44,PM10,BAIK,DKI1 Bunderan HI
1/18/2010,201001,38,,4,29,24,15,38,PM10,BAIK,DKI1 Bunderan HI
1/19/2010,201001,40,,3,43,23,23,43,CO,BAIK,DKI1 Bunderan HI
1/20/2010,201001,61,,5,63,16,17,63,CO,SEDANG,DKI1 Bunderan HI
1/21/2010,201001,36,,4,27,23,13,36,PM10,BAIK,DKI1 Bunderan HI
1/22/2010,201001,51,,4,45,14,13,51,PM10,SEDANG,DKI1 Bunderan HI
1/23/2010,201001,35,,3,30,20,14,35,PM10,BAIK,DKI1 Bunderan HI
1/24/2010,201001,56,,6,46,30,14,56,PM10,SEDANG,DKI1 Bunderan HI
1/25/2010,201001,59,,4,38,18,15,59,PM10,SEDANG,DKI1 Bunderan HI
1/26/2010,201001,43,,5,42,19,24,43,PM10,BAIK,DKI1 Bunderan HI
1/27/2010,201001,54,,8,38,40,16,54,PM10,SEDANG,DKI1 Bunderan HI
1/28/2010,201001,72,,8,55,20,17,72,PM10,SEDANG,DKI1 Bunderan HI
1/29/2010,201001,51,,8,24,19,11,51,PM10,SEDANG,DKI1 Bunderan HI
1/30/2010,201001,47,,8,32,19,12,47,PM10,BAIK,DKI1 Bunderan HI
1/31/2010,201001,32,,5,25,26,10,32,PM10,BAIK,DKI1 Bunderan HI
2/1/2010,201002,41,,7,30,17,13,41,PM10,BAIK,DKI1 Bunderan HI
2/2/2010,201002,50,,4,30,23,12,50,PM10,BAIK,DKI1 Bunderan HI
2/3/2010,201002,49,,7,33,57,23,57,O3,SEDANG,DKI1 Bunderan HI
2/4/2010,201002,59,,9,38,75,26,75,O3,SEDANG,DKI1 Bunderan HI
2/5/2010,201002,63,,7,39,41,23,63,PM10,SEDANG,DKI1 Bunderan HI
2/6/2010,201002,65,,8,59,24,15,65,PM10,SEDANG,DKI1 Bunderan HI
2/7/2010,201002,60,,10,45,47,17,60,PM10,SEDANG,DKI1 Bunderan HI
2/8/2010,201002,46,,5,31,42,17,46,PM10,BAIK,DKI1 Bunderan HI
2/9/2010,201002,52,,7,30,34,16,52,PM10,SEDANG,DKI1 Bunderan HI
2/10/2010,201002,50,,8,31,39,14,50,PM10,BAIK,DKI1 Bunderan HI
2/11/2010,201002,47,,5,27,26,14,47,PM10,BAIK,DKI1 Bunderan HI
2/12/2010,201002,56,,6,33,45,20,56,PM10,SEDANG,DKI1 Bunderan HI
2/13/2010,201002,55,,6,39,14,14,55,PM10,SEDANG,DKI1 Bunderan HI
2/14/2010,201002,55,,6,61,16,13,61,CO,SEDANG,DKI1 Bunderan HI
2/15/2010,201002,40,,4,30,63,22,63,O3,SEDANG,DKI1 Bunderan HI
2/16/2010,201002,56,,4,43,25,20,56,PM10,SEDANG,DKI1 Bunderan HI
2/17/2010,201002,52,,4,34,30,17,52,PM10,SEDANG,DKI1 Bunderan HI
2/18/2010,201002,41,,5,26,14,10,41,PM10,BAIK,DKI1 Bunderan HI
2/19/2010,201002,37,,4,43,17,17,43,CO,BAIK,DKI1 Bunderan HI
2/20/2010,201002,52,,3,64,18,12,64,CO,SEDANG,DKI1 Bunderan HI
2/21/2010,201002,61,,4,53,36,15,61,PM10,SEDANG,DKI1 Bunderan HI
2/22/2010,201002,34,,4,31,23,16,34,PM10,BAIK,DKI1 Bunderan HI
2/23/2010,201002,57,,7,35,42,18,57,PM10,SEDANG,DKI1 Bunderan HI
2/24/2010,201002,59,,4,44,93,24,93,O3,SEDANG,DKI1 Bunderan HI
2/25/2010,201002,65,,6,55,26,26,65,PM10,SEDANG,DKI1 Bunderan HI
2/26/2010,201002,68,,9,67,67,22,68,PM10,SEDANG,DKI1 Bunderan HI
2/27/2010,201002,67,,8,47,47,19,67,PM10,SEDANG,DKI1 Bunderan HI
2/28/2010,201002,65,,6,38,80,23,80,O3,SEDANG,DKI1 Bunderan HI
3/1/2010,201003,60,,5,39,44,19,60,PM10,SEDANG,DKI1 Bunderan HI
3/2/2010,201003,74,,8,56,68,27,74,PM10,SEDANG,DKI1 Bunderan HI
3/3/2010,201003,54,,12,35,77,25,77,O3,SEDANG,DKI1 Bunderan HI
3/4/2010,201003,59,,9,32,62,20,62,O3,SEDANG,DKI1 Bunderan HI
3/5/2010,201003,62,,11,35,31,19,62,PM10,SEDANG,DKI1 Bunderan HI
3/6/2010,201003,72,,10,54,43,23,72,PM10,SEDANG,DKI1 Bunderan HI
3/7/2010,201003,59,,7,46,57,19,59,PM10,SEDANG,DKI1 Bunderan HI
3/8/2010,201003,56,,7,37,39,18,56,PM10,SEDANG,DKI1 Bunderan HI
3/9/2010,201003,45,,5,33,27,15,45,PM10,BAIK,DKI1 Bunderan HI
3/10/2010,201003,44,,8,37,41,19,44,PM10,BAIK,DKI1 Bunderan HI
3/11/2010,201003,51,,6,37,18,14,51,PM10,SEDANG,DKI1 Bunderan HI
3/12/2010,201003,43,,6,42,39,20,43,PM10,BAIK,DKI1 Bunderan HI
3/13/2010,201003,74,,9,46,64,16,74,PM10,SEDANG,DKI1 Bunderan HI
3/14/2010,201003,61,,9,27,27,13,61,PM10,SEDANG,DKI1 Bunderan HI
3/15/2010,201003,52,,8,28,30,15,52,PM10,SEDANG,DKI1 Bunderan HI
3/16/2010,201003,40,,5,25,45,13,45,O3,BAIK,DKI1 Bunderan HI
3/17/2010,201003,50,,8,30,25,15,50,PM10,BAIK,DKI1 Bunderan HI
3/18/2010,201003,58,,10,33,23,15,58,PM10,SEDANG,DKI1 Bunderan HI
3/19/2010,201003,63,,10,44,36,18,63,PM10,SEDANG,DKI1 Bunderan HI
3/20/2010,201003,54,,11,29,66,19,66,O3,SEDANG,DKI1 Bunderan HI
3/21/2010,201003,52,,7,33,31,16,52,PM10,SEDANG,DKI1 Bunderan HI
3/22/2010,201003,37,,5,22,15,10,37,PM10,BAIK,DKI1 Bunderan HI
3/23/2010,201003,52,,9,44,42,29,52,PM10,SEDANG,DKI1 Bunderan HI
3/24/2010,201003,53.5,,7,41,99,29,99,O3,SEDANG,DKI1 Bunderan HI
3/25/2010,201003,55,,9,33,46,20,55,PM10,SEDANG,DKI1 Bunderan HI
3/26/2010,201003,48,,4,45,57,29,57,O3,SEDANG,DKI1 Bunderan HI
3/27/2010,201003,61,,18,41,59,16,61,PM10,SEDANG,DKI1 Bunderan HI
3/28/2010,201003,56,,4,44,45,13,56,PM10,SEDANG,DKI1 Bunderan HI
3/29/2010,201003,50,,2,34,27,25,50,PM10,BAIK,DKI1 Bunderan HI
3/30/2010,201003,44,,6,33,42.25,12,44,PM10,BAIK,DKI1 Bunderan HI
3/31/2010,201003,58,,5,57,57.5,14,58,PM10,SEDANG,DKI1 Bunderan HI
4/1/2010,201004,59,,5,46,72.75,21,59,PM10,SEDANG,DKI1 Bunderan HI
4/2/2010,201004,57,,4,31,88,18,88,O3,SEDANG,DKI1 Bunderan HI
4/3/2010,201004,37,,4,18,82.8,10,37,PM10,BAIK,DKI1 Bunderan HI
4/4/2010,201004,39,,5.5,29,77.6,10,39,PM10,BAIK,DKI1 Bunderan HI
4/5/2010,201004,63,,7,50,72.4,22,63,PM10,SEDANG,DKI1 Bunderan HI
4/6/2010,201004,70,,9,52,67.2,27,70,PM10,SEDANG,DKI1 Bunderan HI
4/7/2010,201004,70,,14,42,62,25,70,PM10,SEDANG,DKI1 Bunderan HI
4/8/2010,201004,65,,15,54,102,27,102,O3,TIDAK SEHAT,DKI1 Bunderan HI
4/9/2010,201004,59,,12,46,27,15,59,PM10,SEDANG,DKI1 Bunderan HI
4/10/2010,201004,40,,10,33,33,12,40,PM10,BAIK,DKI1 Bunderan HI
4/11/2010,201004,45,,10,31,21,11,45,PM10,BAIK,DKI1 Bunderan HI
4/12/2010,201004,66,,19,39,80,25,80,O3,SEDANG,DKI1 Bunderan HI
4/13/2010,201004,57,,17,34,80,24,80,O3,SEDANG,DKI1 Bunderan HI
4/14/2010,201004,70,,16,40,59,21,70,PM10,SEDANG,DKI1 Bunderan HI
4/15/2010,201004,70,,13,57,41,19,70,PM10,SEDANG,DKI1 Bunderan HI
4/16/2010,201004,38,,11,30,42,13,42,O3,BAIK,DKI1 Bunderan HI
4/17/2010,201004,38,,10,26,28,12,38,PM10,BAIK,DKI1 Bunderan HI
4/18/2010,201004,36,,9,22,27,10,36,PM10,BAIK,DKI1 Bunderan HI
4/19/2010,201004,36,,9.5,24,20,10,36,PM10,BAIK,DKI1 Bunderan HI
4/20/2010,201004,39,,10,27,24,12,39,PM10,BAIK,DKI1 Bunderan HI
4/21/2010,201004,41,,10.5,23,30,12,41,PM10,BAIK,DKI1 Bunderan HI
4/22/2010,201004,37,,11,34,25,14,37,PM10,BAIK,DKI1 Bunderan HI
4/23/2010,201004,29,,11.5,22,23,12,29,PM10,BAIK,DKI1 Bunderan HI
4/24/2010,201004,31,,12,28,36,12,36,O3,BAIK,DKI1 Bunderan HI
4/25/2010,201004,50,,12.5,26,55,29,55,O3,SEDANG,DKI1 Bunderan HI
4/26/2010,201004,58,,13,31,67,29,67,O3,SEDANG,DKI1 Bunderan HI
4/27/2010,201004,67,,13.5,30,52,18,67,PM10,SEDANG,DKI1 Bunderan HI
4/28/2010,201004,56,,14,26,30,15,56,PM10,SEDANG,DKI1 Bunderan HI
4/29/2010,201004,61,,14.5,34,61,26,61,PM10,SEDANG,DKI1 Bunderan HI
4/30/2010,201004,76,,15,42,42,24,76,PM10,SEDANG,DKI1 Bunderan HI
5/1/2010,201005,60,,15.5,24,28,10,60,PM10,SEDANG,DKI1 Bunderan HI
5/2/2010,201005,58,,16,19,31,13,58,PM10,SEDANG,DKI1 Bunderan HI
5/3/2010,201005,60,,16,29,73,18,73,O3,SEDANG,DKI1 Bunderan HI
5/4/2010,201005,53,,13,27,31,16,53,PM10,SEDANG,DKI1 Bunderan HI
5/5/2010,201005,53,,16,26,35,15,53,PM10,SEDANG,DKI1 Bunderan HI
5/6/2010,201005,53,,19,25,21,11,53,PM10,SEDANG,DKI1 Bunderan HI
5/7/2010,201005,67,,19,33,33,16,67,PM10,SEDANG,DKI1 Bunderan HI
5/8/2010,201005,57,,16,24,26,9,57,PM10,SEDANG,DKI1 Bunderan HI
5/9/2010,201005,58,,16,28,51,16,51,O3,SEDANG,DKI1 Bunderan HI
5/10/2010,201005,59,,14,43,75,26,75,O3,SEDANG,DKI1 Bunderan HI
5/11/2010,201005,60,,14,42,60,24,60,O3,SEDANG,DKI1 Bunderan HI
5/12/2010,201005,61,,12,50,32,19,61,PM10,SEDANG,DKI1 Bunderan HI
5/13/2010,201005,52,,15,40,65,21,65,O3,SEDANG,DKI1 Bunderan HI
5/14/2010,201005,59,,12,46,69,26,69,O3,SEDANG,DKI1 Bunderan HI
5/15/2010,201005,52,,14,45,92,26,92,O3,SEDANG,DKI1 Bunderan HI
5/16/2010,201005,56,,12,29,65,15,65,O3,SEDANG,DKI1 Bunderan HI
5/17/2010,201005,55,,15,55,32,16,55,PM10,SEDANG,DKI1 Bunderan HI
5/18/2010,201005,57,,17,45,50,25,57,PM10,SEDANG,DKI1 Bunderan HI
5/19/2010,201005,69,,14,39,79,18,79,O3,SEDANG,DKI1 Bunderan HI
5/20/2010,201005,58,,14,38,57,21,58,PM10,SEDANG,DKI1 Bunderan HI
5/21/2010,201005,53,,14,37,60,18,60,O3,SEDANG,DKI1 Bunderan HI
5/22/2010,201005,63,,16,50,54,21,63,PM10,SEDANG,DKI1 Bunderan HI
5/23/2010,201005,57,,14,28,50,23,57,PM10,SEDANG,DKI1 Bunderan HI
5/24/2010,201005,54,,15,37,42,21,54,PM10,SEDANG,DKI1 Bunderan HI
5/25/2010,201005,56,,18,34,43,18,56,PM10,SEDANG,DKI1 Bunderan HI
5/26/2010,201005,55,,15,41,123,34,123,O3,TIDAK SEHAT,DKI1 Bunderan HI
5/27/2010,201005,58,,17,50,113,29,113,O3,TIDAK SEHAT,DKI1 Bunderan HI
5/28/2010,201005,68,,21,49,24,25,68,PM10,SEDANG,DKI1 Bunderan HI
5/29/2010,201005,54,,16,30,28,14,54,PM10,SEDANG,DKI1 Bunderan HI
5/30/2010,201005,59,,14,41,64,16,64,O3,SEDANG,DKI1 Bunderan HI
5/31/2010,201005,56,,16,33,25,15,56,PM10,SEDANG,DKI1 Bunderan HI
6/1/2010,201006,55,,20,35,31,20,55,PM10,SEDANG,DKI1 Bunderan HI
6/2/2010,201006,58,,14,42,93,26,93,O3,SEDANG,DKI1 Bunderan HI
6/3/2010,201006,72,,19,38,55,22,72,PM10,SEDANG,DKI1 Bunderan HI
6/4/2010,201006,59,,18,36,30,19,59,PM10,SEDANG,DKI1 Bunderan HI
6/5/2010,201006,57,,15,39,87,21,87,O3,SEDANG,DKI1 Bunderan HI
6/6/2010,201006,59,,18,47,42,25,59,PM10,SEDANG,DKI1 Bunderan HI
6/7/2010,201006,70,,16,39,52,21,70,PM10,SEDANG,DKI1 Bunderan HI
6/8/2010,201006,77,,19,95,18,30,95,CO,SEDANG,DKI1 Bunderan HI
6/9/2010,201006,54,,20,36,45,25,54,PM10,SEDANG,DKI1 Bunderan HI
6/10/2010,201006,79,,23,46,34,24,79,PM10,SEDANG,DKI1 Bunderan HI
6/11/2010,201006,60,,21,33,27,14,60,PM10,SEDANG,DKI1 Bunderan HI
6/12/2010,201006,64,,20,39,23,13,64,PM10,SEDANG,DKI1 Bunderan HI
6/13/2010,201006,59,,15,64,29,15,64,CO,SEDANG,DKI1 Bunderan HI
6/14/2010,201006,55,,22,31,29,14,55,PM10,SEDANG,DKI1 Bunderan HI
6/15/2010,201006,57,,20,34,31,20,57,PM10,SEDANG,DKI1 Bunderan HI
6/16/2010,201006,55,,17,71,27,38,71,CO,SEDANG,DKI1 Bunderan HI
6/17/2010,201006,75,,21,71,30,29,75,PM10,SEDANG,DKI1 Bunderan HI
6/18/2010,201006,74,,21,50,74,29,74,PM10,SEDANG,DKI1 Bunderan HI
6/19/2010,201006,59,,14,37,71,26,71,O3,SEDANG,DKI1 Bunderan HI
6/20/2010,201006,49,,15,23,28,9,49,PM10,BAIK,DKI1 Bunderan HI
6/21/2010,201006,51,,18,31,28,13,51,PM10,SEDANG,DKI1 Bunderan HI
6/22/2010,201006,58,,17,36,41,21,58,PM10,SEDANG,DKI1 Bunderan HI
6/23/2010,201006,64,,17,32,41,23,64,PM10,SEDANG,DKI1 Bunderan HI
6/24/2010,201006,61.33333333,,17.66666667,30,42,22.66666667,30,CO,BAIK,DKI1 Bunderan HI
6/26/2010,201006,56,,19,30,44,22,56,PM10,SEDANG,DKI1 Bunderan HI
6/27/2010,201006,69,,18,46,55,25,69,PM10,SEDANG,DKI1 Bunderan HI
6/28/2010,201006,60,,15,40,36,19,60,PM10,SEDANG,DKI1 Bunderan HI
6/29/2010,201006,65,,17,34,33,14,65,PM10,SEDANG,DKI1 Bunderan HI
6/30/2010,201006,50,,17,29,22,12,50,PM10,BAIK,DKI1 Bunderan HI
7/1/2010,201007,55,,21,25,27,12,55,PM10,SEDANG,DKI1 Bunderan HI
7/2/2010,201007,62,,22,37,66,19,66,O3,SEDANG,DKI1 Bunderan HI
7/3/2010,201007,64,,15,34,76,20,76,O3,SEDANG,DKI1 Bunderan HI
7/4/2010,201007,56,,13,46,51,23,56,PM10,SEDANG,DKI1 Bunderan HI
7/5/2010,201007,54,,21,30,36,14,54,PM10,SEDANG,DKI1 Bunderan HI
7/6/2010,201007,55,,20,34,35,19,55,PM10,SEDANG,DKI1 Bunderan HI
7/7/2010,201007,63,,19,37,37,20,63,PM10,SEDANG,DKI1 Bunderan HI
7/8/2010,201007,74,,18,71,43,22,74,PM10,SEDANG,DKI1 Bunderan HI
7/9/2010,201007,51,,16,34,39,20,51,PM10,SEDANG,DKI1 Bunderan HI
7/10/2010,201007,55,,16,44,34,20,55,PM10,SEDANG,DKI1 Bunderan HI
7/11/2010,201007,58,,17,43,33,18,58,PM10,SEDANG,DKI1 Bunderan HI
7/12/2010,201007,61,,16,43,64,29,64,O3,SEDANG,DKI1 Bunderan HI
7/13/2010,201007,66,,15,36,33,21,66,PM10,SEDANG,DKI1 Bunderan HI
7/14/2010,201007,61,,18,37,30,21,61,PM10,SEDANG,DKI1 Bunderan HI
7/15/2010,201007,63,,17,31,31,15,63,PM10,SEDANG,DKI1 Bunderan HI
7/16/2010,201007,63,,17,39,31,21,63,PM10,SEDANG,DKI1 Bunderan HI
7/17/2010,201007,81,,20,41,43,23,81,PM10,SEDANG,DKI1 Bunderan HI
7/18/2010,201007,61,,16,33,45,23,61,PM10,SEDANG,DKI1 Bunderan HI
7/19/2010,201007,53,,14,35,37,21,53,PM10,SEDANG,DKI1 Bunderan HI
7/20/2010,201007,52,,17,40,54,27,54,O3,SEDANG,DKI1 Bunderan HI
7/21/2010,201007,60,,17,41,39,22,60,PM10,SEDANG,DKI1 Bunderan HI
7/22/2010,201007,62,,18,39,60,22,62,PM10,SEDANG,DKI1 Bunderan HI
7/23/2010,201007,65,,25,36,46,20,65,PM10,SEDANG,DKI1 Bunderan HI
7/24/2010,201007,55,,17,30,45,17,55,PM10,SEDANG,DKI1 Bunderan HI
7/25/2010,201007,60,,16,27,65,17,65,O3,SEDANG,DKI1 Bunderan HI
7/26/2010,201007,62,,17,31,40,16,62,PM10,SEDANG,DKI1 Bunderan HI
7/27/2010,201007,49,,13,31,29,11,49,PM10,BAIK,DKI1 Bunderan HI
7/28/2010,201007,57,,22,44,59,24,59,O3,SEDANG,DKI1 Bunderan HI
7/29/2010,201007,63,,14,40,38,20,63,PM10,SEDANG,DKI1 Bunderan HI
7/30/2010,201007,48,,15,31,22,10,48,PM10,BAIK,DKI1 Bunderan HI
7/31/2010,201007,50,,16,21,25,10,50,PM10,BAIK,DKI1 Bunderan HI
8/1/2010,201008,48,,12,19,47,25,48,PM10,BAIK,DKI1 Bunderan HI
8/2/2010,201008,57,,15,36,57,29,57,PM10,SEDANG,DKI1 Bunderan HI
8/3/2010,201008,61,,13,31,48,17,61,PM10,SEDANG,DKI1 Bunderan HI
8/5/2010,201008,76,,16,35.66666667,56,26,76,PM10,SEDANG,DKI1 Bunderan HI
8/6/2010,201008,60,,17,38,59,17,60,PM10,SEDANG,DKI1 Bunderan HI
8/7/2010,201008,61,,13,40,80,32,80,O3,SEDANG,DKI1 Bunderan HI
8/8/2010,201008,60,,12,42,73,19,73,O3,SEDANG,DKI1 Bunderan HI
8/9/2010,201008,61,,16,40,77,26,77,O3,SEDANG,DKI1 Bunderan HI
8/10/2010,201008,63,,14,36,35,20,63,PM10,SEDANG,DKI1 Bunderan HI
8/11/2010,201008,60,,15,23,34,10,34,O3,BAIK,DKI1 Bunderan HI
8/12/2010,201008,57,,14,20,27,7,27,O3,BAIK,DKI1 Bunderan HI
8/13/2010,201008,54,,16,20,31,9,54,PM10,SEDANG,DKI1 Bunderan HI
8/14/2010,201008,43,,16,33,28,6,43,PM10,BAIK,DKI1 Bunderan HI
8/15/2010,201008,53,,15,27,44,11,53,PM10,SEDANG,DKI1 Bunderan HI
8/16/2010,201008,60,,17,34,37,25,60,PM10,SEDANG,DKI1 Bunderan HI
8/17/2010,201008,54,,14,43,46,15,54,PM10,SEDANG,DKI1 Bunderan HI
8/18/2010,201008,60,,15,45,74,29,74,O3,SEDANG,DKI1 Bunderan HI
8/19/2010,201008,39,,12,40,34,26,40,CO,BAIK,DKI1 Bunderan HI
8/20/2010,201008,44,,17,36,29,14,44,PM10,BAIK,DKI1 Bunderan HI
8/21/2010,201008,52,,14,45,30,15,52,PM10,SEDANG,DKI1 Bunderan HI
8/22/2010,201008,48,,18,28,71,21,71,O3,SEDANG,DKI1 Bunderan HI
8/23/2010,201008,65,,17,34,48,16,65,PM10,SEDANG,DKI1 Bunderan HI
8/24/2010,201008,51,,18,23,43,12,51,PM10,SEDANG,DKI1 Bunderan HI
8/25/2010,201008,68,,18,80,45,17,80,CO,SEDANG,DKI1 Bunderan HI
8/26/2010,201008,45,,15,25,33,17,45,PM10,BAIK,DKI1 Bunderan HI
8/27/2010,201008,49,,19,33,36,15,49,PM10,BAIK,DKI1 Bunderan HI
8/28/2010,201008,48,,17,45,67,20,67,O3,SEDANG,DKI1 Bunderan HI
8/29/2010,201008,59,,23,39,70,20,70,O3,SEDANG,DKI1 Bunderan HI
8/30/2010,201008,57,,17,22,35,15,57,PM10,SEDANG,DKI1 Bunderan HI
8/31/2010,201008,52,,16,27,35,14,52,PM10,SEDANG,DKI1 Bunderan HI
9/1/2010,201009,53,,16,28,43,16,53,PM10,SEDANG,DKI1 Bunderan HI
9/2/2010,201009,56,,17,35,44,23,56,PM10,SEDANG,DKI1 Bunderan HI
9/3/2010,201009,53,,16,39,52,22,53,PM10,SEDANG,DKI1 Bunderan HI
9/4/2010,201009,47,,19,32,44,21,47,PM10,BAIK,DKI1 Bunderan HI
9/5/2010,201009,48,,17,26,54,17,54,O3,SEDANG,DKI1 Bunderan HI
9/6/2010,201009,51,,15,35,26,19,51,PM10,SEDANG,DKI1 Bunderan HI
9/7/2010,201009,56,,19,45,30,19,56,PM10,SEDANG,DKI1 Bunderan HI
9/8/2010,201009,50,,16,43,65,21,65,O3,SEDANG,DKI1 Bunderan HI
9/9/2010,201009,38,,11,32,29,11,38,PM10,BAIK,DKI1 Bunderan HI
9/10/2010,201009,51,,11,45,39,14,51,PM10,SEDANG,DKI1 Bunderan HI
9/11/2010,201009,37,,13,25,55,12,55,O3,SEDANG,DKI1 Bunderan HI
9/12/2010,201009,25,,11,18,50,17,50,O3,BAIK,DKI1 Bunderan HI
9/13/2010,201009,24,,10,18,51,13,51,O3,SEDANG,DKI1 Bunderan HI
9/14/2010,201009,28,,12,26,42,11,42,O3,BAIK,DKI1 Bunderan HI
9/15/2010,201009,36,,13,34,42,22,42,O3,BAIK,DKI1 Bunderan HI
9/16/2010,201009,36,,12,28,21,14,36,PM10,BAIK,DKI1 Bunderan HI
9/17/2010,201009,31,,14,26,49,16,49,O3,BAIK,DKI1 Bunderan HI
9/18/2010,201009,51,,16,32,50,15,51,PM10,SEDANG,DKI1 Bunderan HI
9/19/2010,201009,49,,14,25,34,11,49,PM10,BAIK,DKI1 Bunderan HI
9/20/2010,201009,37,,14,30,39,15,39,O3,BAIK,DKI1 Bunderan HI
9/21/2010,201009,41,,14,30,30,18,41,PM10,BAIK,DKI1 Bunderan HI
9/22/2010,201009,55,,15,64,45,22,64,CO,SEDANG,DKI1 Bunderan HI
9/23/2010,201009,57,,20,53,57,25,57,PM10,SEDANG,DKI1 Bunderan HI
9/24/2010,201009,55,,19,49,58,22,58,O3,SEDANG,DKI1 Bunderan HI
9/25/2010,201009,57,,21,49,32,22,57,PM10,SEDANG,DKI1 Bunderan HI
9/26/2010,201009,32,,15,20,46,11,46,O3,BAIK,DKI1 Bunderan HI
9/27/2010,201009,50,,18,36,51,22,51,O3,SEDANG,DKI1 Bunderan HI
9/28/2010,201009,37,,16,31,71,21,71,O3,SEDANG,DKI1 Bunderan HI
9/29/2010,201009,62,,21,35,78,28,78,O3,SEDANG,DKI1 Bunderan HI
9/30/2010,201009,65,,19,36,62,23,65,PM10,SEDANG,DKI1 Bunderan HI
10/1/2010,201010,54,,17,32,100,23,100,O3,SEDANG,DKI1 Bunderan HI
10/2/2010,201010,56,,18,41,67,20,67,O3,SEDANG,DKI1 Bunderan HI
10/3/2010,201010,60,,16,62,43,19,62,CO,SEDANG,DKI1 Bunderan HI
10/4/2010,201010,39,,15,44,51,27,51,O3,SEDANG,DKI1 Bunderan HI
10/5/2010,201010,54,,22,39,63,23,63,O3,SEDANG,DKI1 Bunderan HI
10/6/2010,201010,69,,27,41,71,24,71,O3,SEDANG,DKI1 Bunderan HI
10/7/2010,201010,50,,17,42,80,30,80,O3,SEDANG,DKI1 Bunderan HI
10/8/2010,201010,62,,21,36,59,24,62,PM10,SEDANG,DKI1 Bunderan HI
10/9/2010,201010,53,,16,44,62,21,62,O3,SEDANG,DKI1 Bunderan HI
10/10/2010,201010,41,,19,23,55,14,55,O3,SEDANG,DKI1 Bunderan HI
10/11/2010,201010,46,,21,28,111,24,111,O3,TIDAK SEHAT,DKI1 Bunderan HI
10/12/2010,201010,59,,25,31,95,26,95,O3,SEDANG,DKI1 Bunderan HI
10/13/2010,201010,52,,17,28,56,19,56,O3,SEDANG,DKI1 Bunderan HI
10/14/2010,201010,51,,21,32,60,24,60,O3,SEDANG,DKI1 Bunderan HI
10/15/2010,201010,49,,15,46,43,23,49,PM10,BAIK,DKI1 Bunderan HI
10/16/2010,201010,48,,18,31,40,17,48,PM10,BAIK,DKI1 Bunderan HI
10/17/2010,201010,48,,17,25,46,15,48,PM10,BAIK,DKI1 Bunderan HI
10/18/2010,201010,54,,16,38,64,18,64,O3,SEDANG,DKI1 Bunderan HI
10/19/2010,201010,47,,17,31,69,22,69,O3,SEDANG,DKI1 Bunderan HI
10/20/2010,201010,47,,15,35,70,20,70,O3,SEDANG,DKI1 Bunderan HI
10/21/2010,201010,41,,17,33,90,21,90,O3,SEDANG,DKI1 Bunderan HI
10/22/2010,201010,48,,17,31,75,23,75,O3,SEDANG,DKI1 Bunderan HI
10/23/2010,201010,56,,15,59,66,23,66,O3,SEDANG,DKI1 Bunderan HI
10/24/2010,201010,52,,15,35,37,17,52,PM10,SEDANG,DKI1 Bunderan HI
10/25/2010,201010,43,,18,38,58,23,58,O3,SEDANG,DKI1 Bunderan HI
10/26/2010,201010,37,,15,48,32,18,48,CO,BAIK,DKI1 Bunderan HI
10/27/2010,201010,43,,17,34,70,21,70,O3,SEDANG,DKI1 Bunderan HI
10/28/2010,201010,40,,16,32,69,22,69,O3,SEDANG,DKI1 Bunderan HI
10/29/2010,201010,49,,18,32,57,21,57,O3,SEDANG,DKI1 Bunderan HI
10/30/2010,201010,57,,19,37,55,19,57,PM10,SEDANG,DKI1 Bunderan HI
10/31/2010,201010,39,,12,30,36,14,39,PM10,BAIK,DKI1 Bunderan HI
11/2/2010,201011,33,,14,18,25,8,33,PM10,BAIK,DKI1 Bunderan HI
11/3/2010,201011,56,,18,32,48,18,56,PM10,SEDANG,DKI1 Bunderan HI
11/4/2010,201011,54,,17,47,33,12,54,PM10,SEDANG,DKI1 Bunderan HI
11/5/2010,201011,31,,13,27,26,9,31,PM10,BAIK,DKI1 Bunderan HI
11/6/2010,201011,49,,14,30,26,12,49,PM10,BAIK,DKI1 Bunderan HI
11/7/2010,201011,36,,13,21,25,11,36,PM10,BAIK,DKI1 Bunderan HI
11/8/2010,201011,22,,13,19,23,8,23,O3,BAIK,DKI1 Bunderan HI
11/9/2010,201011,32,,15,28,43,14,43,O3,BAIK,DKI1 Bunderan HI
11/10/2010,201011,56,,20,39,54,26,56,PM10,SEDANG,DKI1 Bunderan HI
11/11/2010,201011,53,,20,30,50,20,53,PM10,SEDANG,DKI1 Bunderan HI
11/12/2010,201011,40,,18,23,31,9,40,PM10,BAIK,DKI1 Bunderan HI
11/13/2010,201011,37,,16,28,74,18,74,O3,SEDANG,DKI1 Bunderan HI
11/14/2010,201011,54,,15,40,54,23,54,PM10,SEDANG,DKI1 Bunderan HI
11/15/2010,201011,51,,19,27,36,16,51,PM10,SEDANG,DKI1 Bunderan HI
11/16/2010,201011,58,,19,34,67,24,67,O3,SEDANG,DKI1 Bunderan HI
11/17/2010,201011,58,,17,55,54,17,58,PM10,SEDANG,DKI1 Bunderan HI
11/18/2010,201011,61,,16,32,65,38,65,O3,SEDANG,DKI1 Bunderan HI
11/19/2010,201011,68,,20,49,74,21,74,O3,SEDANG,DKI1 Bunderan HI
11/20/2010,201011,64,,19,35,70,24,70,O3,SEDANG,DKI1 Bunderan HI
11/21/2010,201011,67,,18,34,110,19,110,O3,TIDAK SEHAT,DKI1 Bunderan HI
11/22/2010,201011,57,,19,38,90,30,90,O3,SEDANG,DKI1 Bunderan HI
11/23/2010,201011,63,,18,39,53,24,63,PM10,SEDANG,DKI1 Bunderan HI
11/24/2010,201011,66,,26,39,51,23,66,PM10,SEDANG,DKI1 Bunderan HI
11/25/2010,201011,52,,17,28,77,16,77,O3,SEDANG,DKI1 Bunderan HI
11/26/2010,201011,59,,21,35,84,26,84,O3,SEDANG,DKI1 Bunderan HI
11/27/2010,201011,59,,17,49,120,21,120,O3,TIDAK SEHAT,DKI1 Bunderan HI
11/28/2010,201011,49,,17,30,89,20,89,O3,SEDANG,DKI1 Bunderan HI
11/29/2010,201011,56,,19,37,93,26,93,O3,SEDANG,DKI1 Bunderan HI
11/30/2010,201011,43,,16,32,49,14,49,O3,BAIK,DKI1 Bunderan HI
12/1/2010,201012,28,,17,26,29,12,29,O3,BAIK,DKI1 Bunderan HI
12/2/2010,201012,41,,21,30,30,14,41,PM10,BAIK,DKI1 Bunderan HI
12/3/2010,201012,45,,31,34,38,14,45,PM10,BAIK,DKI1 Bunderan HI
12/4/2010,201012,49,,24,32,29,13,49,PM10,BAIK,DKI1 Bunderan HI
12/5/2010,201012,31,,15,34,25,6,34,CO,BAIK,DKI1 Bunderan HI
12/6/2010,201012,25,,14,24,24,9,25,PM10,BAIK,DKI1 Bunderan HI
12/7/2010,201012,25,,14,23,22,6,25,PM10,BAIK,DKI1 Bunderan HI
12/8/2010,201012,25,,14,19,20,8,25,PM10,BAIK,DKI1 Bunderan HI
12/9/2010,201012,28,,14,23,19,11,28,PM10,BAIK,DKI1 Bunderan HI
12/10/2010,201012,30,,16,23,20,8,30,PM10,BAIK,DKI1 Bunderan HI
12/11/2010,201012,25,,13,20,21,8,25,PM10,BAIK,DKI1 Bunderan HI
12/12/2010,201012,27,,13,19,30,10,30,O3,BAIK,DKI1 Bunderan HI
12/13/2010,201012,34,,16,22,30,10,34,PM10,BAIK,DKI1 Bunderan HI
12/14/2010,201012,51,,20,32,31,17,51,PM10,SEDANG,DKI1 Bunderan HI
12/15/2010,201012,50,,19,34,30,14,50,PM10,BAIK,DKI1 Bunderan HI
12/16/2010,201012,36,,19,27,22,14,36,PM10,BAIK,DKI1 Bunderan HI
12/17/2010,201012,38,,20,20,23,7,38,PM10,BAIK,DKI1 Bunderan HI
12/18/2010,201012,33,,15,27,20,9,33,PM10,BAIK,DKI1 Bunderan HI
12/19/2010,201012,34,,13,19,22,10,34,PM10,BAIK,DKI1 Bunderan HI
12/20/2010,201012,33,,17,26,20,11,33,PM10,BAIK,DKI1 Bunderan HI
12/21/2010,201012,37,,16,27,22,12,37,PM10,BAIK,DKI1 Bunderan HI
12/22/2010,201012,29,,14,34,17,13,34,CO,BAIK,DKI1 Bunderan HI
12/23/2010,201012,40,,20,41,24,13,41,CO,BAIK,DKI1 Bunderan HI
12/24/2010,201012,51,,19,32,97,23,97,O3,SEDANG,DKI1 Bunderan HI
12/25/2010,201012,59,,28,27,28,14,59,PM10,SEDANG,DKI1 Bunderan HI
12/26/2010,201012,39,,18,23,48,12,48,O3,BAIK,DKI1 Bunderan HI
12/27/2010,201012,27,,19,22,27,10,27,PM10,BAIK,DKI1 Bunderan HI
12/28/2010,201012,38,,15,23,35,12,38,PM10,BAIK,DKI1 Bunderan HI
12/29/2010,201012,34,,16,25,26,11,34,PM10,BAIK,DKI1 Bunderan HI
12/30/2010,201012,36,,18,24,22,8,36,PM10,BAIK,DKI1 Bunderan HI
12/31/2010,201012,33,,19,21,29,9,33,PM10,BAIK,DKI1 Bunderan HI
1/2/2011,201101,35,,15,15,47,11,47,O3,BAIK,DKI1 Bunderan HI
1/3/2011,201101,41,,16,35,31,15,41,PM10,BAIK,DKI1 Bunderan HI
1/20/2011,201101,49,,16,26,44,16,49,PM10,BAIK,DKI1 Bunderan HI
4/9/2011,201104,50,,21,33,44,14,50,PM10,BAIK,DKI1 Bunderan HI
4/22/2011,201104,66,,16,26,125,22,125,O3,TIDAK SEHAT,DKI1 Bunderan HI
4/24/2011,201104,64,,15,27,83,16,83,O3,SEDANG,DKI1 Bunderan HI
4/25/2011,201104,65,,17,39,70,16,70,O3,SEDANG,DKI1 Bunderan HI
4/27/2011,201104,68,,25,43,71,22,71,O3,SEDANG,DKI1 Bunderan HI
4/30/2011,201104,74,,19,42,78,23,78,O3,SEDANG,DKI1 Bunderan HI
5/1/2011,201105,71,,18,54,88,31,88,O3,SEDANG,DKI1 Bunderan HI
5/3/2011,201105,69,,22,31,69,28,69,PM10,SEDANG,DKI1 Bunderan HI
5/13/2011,201105,59,,18,35,87,18,87,O3,SEDANG,DKI1 Bunderan HI
10/10/2011,201110,83,,16,34,107,19,107,O3,TIDAK SEHAT,DKI1 Bunderan HI
12/26/2011,201112,57,,14,33,185,11,185,O3,TIDAK SEHAT,DKI1 Bunderan HI
1/1/2012,201201,52,,18,39,56,7,56,O3,SEDANG,DKI1 Bunderan HI
1/2/2012,201201,35,,22,28,54,11,54,O3,SEDANG,DKI1 Bunderan HI
1/3/2012,201201,50,,15,42,86,22,86,O3,SEDANG,DKI1 Bunderan HI
1/4/2012,201201,54,,20,36,97,14,97,O3,SEDANG,DKI1 Bunderan HI
1/5/2012,201201,55,,14,39,93,25,93,O3,SEDANG,DKI1 Bunderan HI
1/6/2012,201201,52,,28,47,66,11,66,O3,SEDANG,DKI1 Bunderan HI
1/7/2012,201201,56,,20,44,63,11,63,O3,SEDANG,DKI1 Bunderan HI
1/8/2012,201201,36,,15,28,71,13,71,O3,SEDANG,DKI1 Bunderan HI
1/9/2012,201201,54,,16,32,72,16,72,O3,SEDANG,DKI1 Bunderan HI
1/10/2012,201201,37,,16,29,55,11,55,O3,SEDANG,DKI1 Bunderan HI
1/11/2012,201201,36,,16,31,58,12,58,O3,SEDANG,DKI1 Bunderan HI
1/12/2012,201201,42,,20,37,48,9,48,O3,BAIK,DKI1 Bunderan HI
1/13/2012,201201,38,,19,27,54,11,54,O3,SEDANG,DKI1 Bunderan HI
1/14/2012,201201,34,,19,34,54,7,54,O3,SEDANG,DKI1 Bunderan HI
1/15/2012,201201,39,,18,20,55,6,55,O3,SEDANG,DKI1 Bunderan HI
1/16/2012,201201,40,,18,27,61,9,61,O3,SEDANG,DKI1 Bunderan HI
1/17/2012,201201,60,,30,33,92,23,92,O3,SEDANG,DKI1 Bunderan HI
1/18/2012,201201,50,,45,38,71,15,71,O3,SEDANG,DKI1 Bunderan HI
1/19/2012,201201,50,,22,33,51,13,51,O3,SEDANG,DKI1 Bunderan HI
1/20/2012,201201,38,,17,23,54,8,54,O3,SEDANG,DKI1 Bunderan HI
1/21/2012,201201,37,,25,25,90,11,90,O3,SEDANG,DKI1 Bunderan HI
1/22/2012,201201,58,,21,41,66,13,66,O3,SEDANG,DKI1 Bunderan HI
1/23/2012,201201,36,,17,15,58,10,58,O3,SEDANG,DKI1 Bunderan HI
1/24/2012,201201,36,,26,24,48,11,48,O3,BAIK,DKI1 Bunderan HI
1/25/2012,201201,46,,22,24,62,13,62,O3,SEDANG,DKI1 Bunderan HI
1/26/2012,201201,53,,23,30,67,11,67,O3,SEDANG,DKI1 Bunderan HI
1/27/2012,201201,43,,20,26,77,10,77,O3,SEDANG,DKI1 Bunderan HI
1/28/2012,201201,39,,24,26,85,14,85,O3,SEDANG,DKI1 Bunderan HI
1/29/2012,201201,26,,15,15,66,9,66,O3,SEDANG,DKI1 Bunderan HI
1/30/2012,201201,40,,21,29,85,10,85,O3,SEDANG,DKI1 Bunderan HI
1/31/2012,201201,29,,18,29,55,9,55,O3,SEDANG,DKI1 Bunderan HI
2/1/2012,201202,66,,44,60,73,21,73,O3,SEDANG,DKI1 Bunderan HI
2/2/2012,201202,51,,52,34,74,15,74,O3,SEDANG,DKI1 Bunderan HI
2/3/2012,201202,55,,31,44,59,14,59,O3,SEDANG,DKI1 Bunderan HI
2/4/2012,201202,59,,29,37,54,12,59,PM10,SEDANG,DKI1 Bunderan HI
2/5/2012,201202,56,,23,44,85,22,85,O3,SEDANG,DKI1 Bunderan HI
2/6/2012,201202,52,,26,34,55,13,55,O3,SEDANG,DKI1 Bunderan HI
2/7/2012,201202,53,,22,34,72,14,72,O3,SEDANG,DKI1 Bunderan HI
2/8/2012,201202,53,,13,29,72,12,72,O3,SEDANG,DKI1 Bunderan HI
2/9/2012,201202,42,,12,37,78,13,78,O3,SEDANG,DKI1 Bunderan HI
2/10/2012,201202,42,,11,25,87,9,87,O3,SEDANG,DKI1 Bunderan HI
2/11/2012,201202,54,,13,46,78,13,78,O3,SEDANG,DKI1 Bunderan HI
2/12/2012,201202,37,,11,20,69,8,69,O3,SEDANG,DKI1 Bunderan HI
2/13/2012,201202,40,,11,37,110,24,110,O3,TIDAK SEHAT,DKI1 Bunderan HI
2/14/2012,201202,70,,13,53,76,24,76,O3,SEDANG,DKI1 Bunderan HI
2/15/2012,201202,56,,15,42,82,23,82,O3,SEDANG,DKI1 Bunderan HI
2/16/2012,201202,60,,12,34,62,18,62,O3,SEDANG,DKI1 Bunderan HI
2/17/2012,201202,77,,44,41,51,19,77,PM10,SEDANG,DKI1 Bunderan HI
2/18/2012,201202,49,,24,28,75,17,75,O3,SEDANG,DKI1 Bunderan HI
2/19/2012,201202,56,,24,28,61,14,61,O3,SEDANG,DKI1 Bunderan HI
2/20/2012,201202,59,,52,36,62,14,62,O3,SEDANG,DKI1 Bunderan HI
2/21/2012,201202,60,,41,47,78,22,78,O3,SEDANG,DKI1 Bunderan HI
2/22/2012,201202,61,,31,39,86,13,86,O3,SEDANG,DKI1 Bunderan HI
2/23/2012,201202,55,,23,31,76,6,76,O3,SEDANG,DKI1 Bunderan HI
2/24/2012,201202,54,,26,32,99,7,99,O3,SEDANG,DKI1 Bunderan HI
2/25/2012,201202,66,,26,34,85,6,85,O3,SEDANG,DKI1 Bunderan HI
2/26/2012,201202,50,,18,22,119,7,119,O3,TIDAK SEHAT,DKI1 Bunderan HI
2/27/2012,201202,48,,33,45,97,8,97,O3,SEDANG,DKI1 Bunderan HI
2/28/2012,201202,71,,53,48,137,9,137,O3,TIDAK SEHAT,DKI1 Bunderan HI
2/29/2012,201202,67,,51,38,82,4,82,O3,SEDANG,DKI1 Bunderan HI
3/1/2012,201203,56,,56,51,64,5.142857143,64,O3,SEDANG,DKI1 Bunderan HI
3/2/2012,201203,48,,38,38,92,6.285714286,92,O3,SEDANG,DKI1 Bunderan HI
3/3/2012,201203,52,,25,51,76,7.428571429,76,O3,SEDANG,DKI1 Bunderan HI
3/4/2012,201203,35,,20,21,64,8.571428571,64,O3,SEDANG,DKI1 Bunderan HI
3/5/2012,201203,40,,25,27,64,9.714285714,64,O3,SEDANG,DKI1 Bunderan HI
3/6/2012,201203,45,,51,37,69,10.85714286,69,O3,SEDANG,DKI1 Bunderan HI
3/7/2012,201203,53,,36,30,93,12,93,O3,SEDANG,DKI1 Bunderan HI
3/8/2012,201203,29,,14,29,77,13,77,O3,SEDANG,DKI1 Bunderan HI
3/9/2012,201203,33,,13,27,77,10,77,O3,SEDANG,DKI1 Bunderan HI
3/10/2012,201203,50,,14,41,80,17,80,O3,SEDANG,DKI1 Bunderan HI
3/11/2012,201203,35,,12,23,84,11,84,O3,SEDANG,DKI1 Bunderan HI
3/12/2012,201203,45,,13,23,86,11,86,O3,SEDANG,DKI1 Bunderan HI
3/13/2012,201203,55,,12,27,80,14,80,O3,SEDANG,DKI1 Bunderan HI
3/14/2012,201203,53,,12,30,79,13,79,O3,SEDANG,DKI1 Bunderan HI
3/15/2012,201203,50,,23,30,48,15,50,PM10,BAIK,DKI1 Bunderan HI
3/16/2012,201203,49,,20,29,68,13,68,O3,SEDANG,DKI1 Bunderan HI
3/17/2012,201203,53,,29,30,52,15,53,PM10,SEDANG,DKI1 Bunderan HI
3/18/2012,201203,46,,20,19,57,11,57,O3,SEDANG,DKI1 Bunderan HI
3/19/2012,201203,42,,27,23,62,11,62,O3,SEDANG,DKI1 Bunderan HI
3/20/2012,201203,33,,17,23,36,6,36,O3,BAIK,DKI1 Bunderan HI
3/21/2012,201203,29,,17,17,42,3,42,O3,BAIK,DKI1 Bunderan HI
3/22/2012,201203,29,,17,19,40,5,40,O3,BAIK,DKI1 Bunderan HI
3/23/2012,201203,34,,17,19,35,4,35,O3,BAIK,DKI1 Bunderan HI
3/24/2012,201203,30,,17,14,42,8,42,O3,BAIK,DKI1 Bunderan HI
3/25/2012,201203,42,,18,18,83,8,83,O3,SEDANG,DKI1 Bunderan HI
3/26/2012,201203,61,,34,32,89,17,89,O3,SEDANG,DKI1 Bunderan HI
3/27/2012,201203,67,,38,45,81,18,81,O3,SEDANG,DKI1 Bunderan HI
3/28/2012,201203,69,,25,54,72,14,72,O3,SEDANG,DKI1 Bunderan HI
3/29/2012,201203,45,,28,32,77,14,77,O3,SEDANG,DKI1 Bunderan HI
3/30/2012,201203,41,,31,35,75,22,75,O3,SEDANG,DKI1 Bunderan HI
3/31/2012,201203,51,,28,29,100,31,100,O3,SEDANG,DKI1 Bunderan HI
4/1/2012,201204,64,,31,34,139,18,139,O3,TIDAK SEHAT,DKI1 Bunderan HI
4/2/2012,201204,64,,23,37,109,24,109,O3,TIDAK SEHAT,DKI1 Bunderan HI
4/3/2012,201204,51,,21,36,89,19,89,O3,SEDANG,DKI1 Bunderan HI
4/4/2012,201204,42,,25,38,110,23,110,O3,TIDAK SEHAT,DKI1 Bunderan HI
4/5/2012,201204,55,,29,33,64,23,64,O3,SEDANG,DKI1 Bunderan HI
4/6/2012,201204,58,,30,28,72,15,72,O3,SEDANG,DKI1 Bunderan HI
4/7/2012,201204,45,,21,21,68,17,68,O3,SEDANG,DKI1 Bunderan HI
4/8/2012,201204,50,,25,26,74,11,74,O3,SEDANG,DKI1 Bunderan HI
4/9/2012,201204,61,,29,51,83,19,83,O3,SEDANG,DKI1 Bunderan HI
4/10/2012,201204,55,,29,35,77,16,77,O3,SEDANG,DKI1 Bunderan HI
4/11/2012,201204,74,,36,46,64,24,74,PM10,SEDANG,DKI1 Bunderan HI
4/12/2012,201204,58,,27,36,77,17,77,O3,SEDANG,DKI1 Bunderan HI
4/13/2012,201204,57.5,,27,30,68,16,68,O3,SEDANG,DKI1 Bunderan HI
4/14/2012,201204,57,,26,25,79,12,79,O3,SEDANG,DKI1 Bunderan HI
4/15/2012,201204,51,,21,21,73,10,73,O3,SEDANG,DKI1 Bunderan HI
4/16/2012,201204,61,,26,30,75,17,75,O3,SEDANG,DKI1 Bunderan HI
4/17/2012,201204,55,,24,30,97,13,97,O3,SEDANG,DKI1 Bunderan HI
4/18/2012,201204,64,,29,48,80,23,80,O3,SEDANG,DKI1 Bunderan HI
4/19/2012,201204,54,,27,34,86,21,86,O3,SEDANG,DKI1 Bunderan HI
4/20/2012,201204,73,,24,48,119,26,119,O3,TIDAK SEHAT,DKI1 Bunderan HI
4/21/2012,201204,70,,14,47,93,20,93,O3,SEDANG,DKI1 Bunderan HI
4/22/2012,201204,67,,16,48,88,19,88,O3,SEDANG,DKI1 Bunderan HI
4/23/2012,201204,72,,27,33,92,19,92,O3,SEDANG,DKI1 Bunderan HI
4/24/2012,201204,70,,24,31,92,17,92,O3,SEDANG,DKI1 Bunderan HI
4/25/2012,201204,63,,20,36,93,20,93,O3,SEDANG,DKI1 Bunderan HI
4/26/2012,201204,55,,31,33,95,20,95,O3,SEDANG,DKI1 Bunderan HI
4/27/2012,201204,53,,34,32,69,18,69,O3,SEDANG,DKI1 Bunderan HI
4/28/2012,201204,65,,30,31,128,23,128,O3,TIDAK SEHAT,DKI1 Bunderan HI
4/29/2012,201204,61,,24,24,83,14,83,O3,SEDANG,DKI1 Bunderan HI
4/30/2012,201204,64,,26,40,72,23,72,O3,SEDANG,DKI1 Bunderan HI
5/1/2012,201205,55,,28,46,93,15,93,O3,SEDANG,DKI1 Bunderan HI
5/2/2012,201205,65,,20,44,84,20,84,O3,SEDANG,DKI1 Bunderan HI
5/3/2012,201205,65,,21,41,100,20,100,O3,SEDANG,DKI1 Bunderan HI
5/5/2012,201205,69,,32,26,80,16,80,O3,SEDANG,DKI1 Bunderan HI
5/6/2012,201205,60,,21,31,83,15,83,O3,SEDANG,DKI1 Bunderan HI
5/7/2012,201205,47,,22,34,82,15,82,O3,SEDANG,DKI1 Bunderan HI
5/8/2012,201205,78,,33,72,75,24,78,PM10,SEDANG,DKI1 Bunderan HI
5/9/2012,201205,76,,27,53,75,31,76,PM10,SEDANG,DKI1 Bunderan HI
5/10/2012,201205,72,,25,37,80,25,80,O3,SEDANG,DKI1 Bunderan HI
5/11/2012,201205,61,,25,38,89,26,89,O3,SEDANG,DKI1 Bunderan HI
5/12/2012,201205,64,,27,33,143,16,143,O3,TIDAK SEHAT,DKI1 Bunderan HI
5/13/2012,201205,75,,40,27,153,15,153,O3,TIDAK SEHAT,DKI1 Bunderan HI
5/14/2012,201205,59,,31,30,89,15,89,O3,SEDANG,DKI1 Bunderan HI
5/15/2012,201205,57,,27,37,64,19,64,O3,SEDANG,DKI1 Bunderan HI
5/16/2012,201205,66,,28,32,79,17,79,O3,SEDANG,DKI1 Bunderan HI
5/17/2012,201205,66,,24,43,72,23,72,O3,SEDANG,DKI1 Bunderan HI
5/18/2012,201205,56,,25,24,76,16,76,O3,SEDANG,DKI1 Bunderan HI
5/19/2012,201205,60,,23,32,65,17,65,O3,SEDANG,DKI1 Bunderan HI
5/20/2012,201205,58,,24,13,79,9,79,O3,SEDANG,DKI1 Bunderan HI
5/21/2012,201205,58,,23,34,84,23,84,O3,SEDANG,DKI1 Bunderan HI
5/22/2012,201205,55,,23,31,111,24,111,O3,TIDAK SEHAT,DKI1 Bunderan HI
5/23/2012,201205,70,,28,33,99,24,99,O3,SEDANG,DKI1 Bunderan HI
5/24/2012,201205,62,,27,33,68,19,68,O3,SEDANG,DKI1 Bunderan HI
5/25/2012,201205,59,,26,34,51,23,59,PM10,SEDANG,DKI1 Bunderan HI
5/26/2012,201205,66,,25,28,57,11,66,PM10,SEDANG,DKI1 Bunderan HI
5/27/2012,201205,60,,25,14,55,15,60,PM10,SEDANG,DKI1 Bunderan HI
5/28/2012,201205,63,,26,30,61,16,63,PM10,SEDANG,DKI1 Bunderan HI
5/29/2012,201205,69,,22,35,70,17,70,O3,SEDANG,DKI1 Bunderan HI
5/30/2012,201205,59,,27,32,68,17,68,O3,SEDANG,DKI1 Bunderan HI
5/31/2012,201205,72,,32,35,70,19,72,PM10,SEDANG,DKI1 Bunderan HI
6/1/2012,201206,73,,32,70,76,28,76,O3,SEDANG,DKI1 Bunderan HI
6/2/2012,201206,71,,31,44,72,22,72,O3,SEDANG,DKI1 Bunderan HI
6/3/2012,201206,62,,31,30,77,23,77,O3,SEDANG,DKI1 Bunderan HI
6/4/2012,201206,60,,31,30,55,18,60,PM10,SEDANG,DKI1 Bunderan HI
6/5/2012,201206,64,,24,38,80,18,80,O3,SEDANG,DKI1 Bunderan HI
6/6/2012,201206,70,,31,35,67,18,70,PM10,SEDANG,DKI1 Bunderan HI
6/7/2012,201206,51,,26,36,75,19,75,O3,SEDANG,DKI1 Bunderan HI
6/8/2012,201206,63,,36,37,84,16,84,O3,SEDANG,DKI1 Bunderan HI
6/9/2012,201206,55,,22,38,94,24,94,O3,SEDANG,DKI1 Bunderan HI
6/10/2012,201206,70,,26,36,95,20,95,O3,SEDANG,DKI1 Bunderan HI
6/11/2012,201206,89,,21,53,84,34,89,PM10,SEDANG,DKI1 Bunderan HI
6/12/2012,201206,67,,30,46,64,22,67,PM10,SEDANG,DKI1 Bunderan HI
6/13/2012,201206,77,,34,34,61,19,77,PM10,SEDANG,DKI1 Bunderan HI
6/14/2012,201206,69,,28,35,80,20,80,O3,SEDANG,DKI1 Bunderan HI
6/15/2012,201206,65,,28,37,91,23,91,O3,SEDANG,DKI1 Bunderan HI
6/16/2012,201206,75,,34,37,81,19,81,O3,SEDANG,DKI1 Bunderan HI
6/17/2012,201206,61,,25,22,56,15,61,PM10,SEDANG,DKI1 Bunderan HI
6/18/2012,201206,55,,25,20,57,10,57,O3,SEDANG,DKI1 Bunderan HI
6/19/2012,201206,63,,32,19,42,12,63,PM10,SEDANG,DKI1 Bunderan HI
6/20/2012,201206,61,,35,25,46,17,61,PM10,SEDANG,DKI1 Bunderan HI
6/21/2012,201206,71,,30,34,72,19,72,O3,SEDANG,DKI1 Bunderan HI
6/22/2012,201206,67,,24,31,90,14,90,O3,SEDANG,DKI1 Bunderan HI
6/23/2012,201206,64,,31,28,68,10,68,O3,SEDANG,DKI1 Bunderan HI
6/24/2012,201206,63,,24,27,83,16,83,O3,SEDANG,DKI1 Bunderan HI
6/25/2012,201206,63,,27,28,68,13,68,O3,SEDANG,DKI1 Bunderan HI
6/26/2012,201206,63,,27,23,60,13,63,PM10,SEDANG,DKI1 Bunderan HI
6/27/2012,201206,69,,30,30,74,29,74,O3,SEDANG,DKI1 Bunderan HI
6/28/2012,201206,71,,31,35,76,28,76,O3,SEDANG,DKI1 Bunderan HI
6/29/2012,201206,71,,34,32,64,26,71,PM10,SEDANG,DKI1 Bunderan HI
6/30/2012,201206,61,,29,29,54,16,61,PM10,SEDANG,DKI1 Bunderan HI
7/1/2012,201207,60,,25,19,53,17,60,PM10,SEDANG,DKI1 Bunderan HI
7/2/2012,201207,65,,28,30,45,19,65,PM10,SEDANG,DKI1 Bunderan HI
7/3/2012,201207,67,,31,33,61,15,67,PM10,SEDANG,DKI1 Bunderan HI
7/4/2012,201207,71,,26,40,69,21,71,PM10,SEDANG,DKI1 Bunderan HI
7/5/2012,201207,69,,29,36,58,22,69,PM10,SEDANG,DKI1 Bunderan HI
7/6/2012,201207,74,,30,35,60,17,74,PM10,SEDANG,DKI1 Bunderan HI
7/9/2012,201207,79,,12,43,120,33,120,O3,TIDAK SEHAT,DKI1 Bunderan HI
7/10/2012,201207,80,,23,37,87,25,87,O3,SEDANG,DKI1 Bunderan HI
7/11/2012,201207,80,,27,33,76,27,80,PM10,SEDANG,DKI1 Bunderan HI
7/12/2012,201207,63,,31,33,95,20,95,O3,SEDANG,DKI1 Bunderan HI
7/13/2012,201207,70,,27,44,114,30,114,O3,TIDAK SEHAT,DKI1 Bunderan HI
7/14/2012,201207,77,,25,41,147,29,147,O3,TIDAK SEHAT,DKI1 Bunderan HI
7/15/2012,201207,72,,28,31,70,21,72,PM10,SEDANG,DKI1 Bunderan HI
7/16/2012,201207,66,,27,37,76,28,76,O3,SEDANG,DKI1 Bunderan HI
7/17/2012,201207,58,,23,32,122,25,122,O3,TIDAK SEHAT,DKI1 Bunderan HI
7/18/2012,201207,65,,21,32,98,20,98,O3,SEDANG,DKI1 Bunderan HI
7/19/2012,201207,89,,33,53,94,28,94,O3,SEDANG,DKI1 Bunderan HI
7/20/2012,201207,64,,28,35,77,18,77,O3,SEDANG,DKI1 Bunderan HI
7/21/2012,201207,61,,24,28,86,19,86,O3,SEDANG,DKI1 Bunderan HI
7/22/2012,201207,58,,17,19,87,16,87,O3,SEDANG,DKI1 Bunderan HI
7/23/2012,201207,65,,26,38,111,28,111,O3,TIDAK SEHAT,DKI1 Bunderan HI
7/24/2012,201207,79,,28,36,105,26,105,O3,TIDAK SEHAT,DKI1 Bunderan HI
7/25/2012,201207,71,,29,34,132,25,132,O3,TIDAK SEHAT,DKI1 Bunderan HI
7/26/2012,201207,89,,30,32,108,32,108,O3,TIDAK SEHAT,DKI1 Bunderan HI
7/27/2012,201207,83,,40,37,101,29,101,O3,TIDAK SEHAT,DKI1 Bunderan HI
7/28/2012,201207,80,,28,36,88,26,88,O3,SEDANG,DKI1 Bunderan HI
7/29/2012,201207,72,,22,24,66,16,72,PM10,SEDANG,DKI1 Bunderan HI
7/30/2012,201207,72,,21,33,59,19,72,PM10,SEDANG,DKI1 Bunderan HI
7/31/2012,201207,70,,24,36,81,21,81,O3,SEDANG,DKI1 Bunderan HI
8/1/2012,201208,81,,27,36,109,25,109,O3,TIDAK SEHAT,DKI1 Bunderan HI
8/2/2012,201208,71,,33,40,91,35,91,O3,SEDANG,DKI1 Bunderan HI
8/3/2012,201208,41,,25,37,60,19,60,O3,SEDANG,DKI1 Bunderan HI
8/4/2012,201208,11,,26,27,55,14,55,O3,SEDANG,DKI1 Bunderan HI
8/5/2012,201208,8,,25,16,63,11,63,O3,SEDANG,DKI1 Bunderan HI
8/6/2012,201208,9,,25,38,106,19,106,O3,TIDAK SEHAT,DKI1 Bunderan HI
8/7/2012,201208,6,,23,36,102,25,102,O3,TIDAK SEHAT,DKI1 Bunderan HI
8/8/2012,201208,12,,25,34,87,24,87,O3,SEDANG,DKI1 Bunderan HI
8/9/2012,201208,32,,31,32,52,26,52,O3,SEDANG,DKI1 Bunderan HI
8/10/2012,201208,33,,33,31,54,16,54,O3,SEDANG,DKI1 Bunderan HI
8/11/2012,201208,74,,32,22,74,17,74,PM10,SEDANG,DKI1 Bunderan HI
8/12/2012,201208,73,,27,22,86,26,86,O3,SEDANG,DKI1 Bunderan HI
8/13/2012,201208,81,,25,37,87,20,87,O3,SEDANG,DKI1 Bunderan HI
8/14/2012,201208,64,,22,33,82,24,82,O3,SEDANG,DKI1 Bunderan HI
8/15/2012,201208,66,,23,29,61,22,66,PM10,SEDANG,DKI1 Bunderan HI
8/16/2012,201208,66,,27,24,57,15,66,PM10,SEDANG,DKI1 Bunderan HI
8/17/2012,201208,67,,23,20,67,13,67,PM10,SEDANG,DKI1 Bunderan HI
8/18/2012,201208,73,,22,25,80,15,80,O3,SEDANG,DKI1 Bunderan HI
8/19/2012,201208,69,,21,27,64,11,69,PM10,SEDANG,DKI1 Bunderan HI
8/20/2012,201208,53,,19,10,73,14,73,O3,SEDANG,DKI1 Bunderan HI
8/21/2012,201208,41,,23,14,70,10,70,O3,SEDANG,DKI1 Bunderan HI
8/22/2012,201208,8,,21,13,88,16,88,O3,SEDANG,DKI1 Bunderan HI
8/23/2012,201208,6,,22,18,88,13,88,O3,SEDANG,DKI1 Bunderan HI
8/24/2012,201208,7,,29,16,90,15,90,O3,SEDANG,DKI1 Bunderan HI
8/25/2012,201208,8,,23,14,95,16,95,O3,SEDANG,DKI1 Bunderan HI
8/26/2012,201208,15,,24,14,63,11,63,O3,SEDANG,DKI1 Bunderan HI
8/27/2012,201208,41,,23,30,93,21,93,O3,SEDANG,DKI1 Bunderan HI
8/28/2012,201208,36,,45,33,115,20,115,O3,TIDAK SEHAT,DKI1 Bunderan HI
8/29/2012,201208,13,,22,33,98,23,98,O3,SEDANG,DKI1 Bunderan HI
8/30/2012,201208,11,,27,30,80,19,80,O3,SEDANG,DKI1 Bunderan HI
8/31/2012,201208,34,,28,27,74,18,74,O3,SEDANG,DKI1 Bunderan HI
9/1/2012,201209,64,,28,25,77,16,77,O3,SEDANG,DKI1 Bunderan HI
9/2/2012,201209,68,,40,24,77,16,77,O3,SEDANG,DKI1 Bunderan HI
9/3/2012,201209,77,,26,32,70,18,77,PM10,SEDANG,DKI1 Bunderan HI
9/4/2012,201209,70,,33,29,72,22,72,O3,SEDANG,DKI1 Bunderan HI
9/5/2012,201209,54,,29,33,93,26,93,O3,SEDANG,DKI1 Bunderan HI
9/6/2012,201209,79,,27,31,119,20,119,O3,TIDAK SEHAT,DKI1 Bunderan HI
9/7/2012,201209,78,,26,31,79,21,79,O3,SEDANG,DKI1 Bunderan HI
9/8/2012,201209,74,,25,27,58,19,74,PM10,SEDANG,DKI1 Bunderan HI
9/9/2012,201209,69,,24,18,96,21,96,O3,SEDANG,DKI1 Bunderan HI
9/10/2012,201209,71,,23,35,81,20,81,O3,SEDANG,DKI1 Bunderan HI
9/11/2012,201209,70,,27,34,137,26,137,O3,TIDAK SEHAT,DKI1 Bunderan HI
9/12/2012,201209,73,,31,49,101,20,101,O3,TIDAK SEHAT,DKI1 Bunderan HI
9/13/2012,201209,70,,30,29,67,22,70,PM10,SEDANG,DKI1 Bunderan HI
9/14/2012,201209,66,,37,28,139,20,139,O3,TIDAK SEHAT,DKI1 Bunderan HI
9/15/2012,201209,78,,54,27,144,21,144,O3,TIDAK SEHAT,DKI1 Bunderan HI
9/16/2012,201209,67,,43.33333333,24,112,23,112,O3,TIDAK SEHAT,DKI1 Bunderan HI
9/17/2012,201209,34,,32.66666667,38,75,19,75,O3,SEDANG,DKI1 Bunderan HI
9/18/2012,201209,11,,22,36,88,20,88,O3,SEDANG,DKI1 Bunderan HI
9/19/2012,201209,6,,33,34,69,18,69,O3,SEDANG,DKI1 Bunderan HI
9/20/2012,201209,6,,24,31,76,15,76,O3,SEDANG,DKI1 Bunderan HI
9/21/2012,201209,6,,27,34,89,27,89,O3,SEDANG,DKI1 Bunderan HI
9/22/2012,201209,75,,31,42,70,20,75,PM10,SEDANG,DKI1 Bunderan HI
9/23/2012,201209,73,,22,21,88,17,88,O3,SEDANG,DKI1 Bunderan HI
9/24/2012,201209,63,,26,34,76,20,76,O3,SEDANG,DKI1 Bunderan HI
9/25/2012,201209,69,,26,37,74,20,74,O3,SEDANG,DKI1 Bunderan HI
9/26/2012,201209,75,,31,35,86,22,86,O3,SEDANG,DKI1 Bunderan HI
9/27/2012,201209,63,,26,32,97,22,97,O3,SEDANG,DKI1 Bunderan HI
9/28/2012,201209,71,,33,31,90,22,90,O3,SEDANG,DKI1 Bunderan HI
9/29/2012,201209,75,,38,31,66,21,75,PM10,SEDANG,DKI1 Bunderan HI
9/30/2012,201209,77,,32,30,78,17,78,O3,SEDANG,DKI1 Bunderan HI
10/1/2012,201210,68,,27,27,67,14,68,PM10,SEDANG,DKI1 Bunderan HI
10/2/2012,201210,36,,31,34,62,17,62,O3,SEDANG,DKI1 Bunderan HI
10/3/2012,201210,8,,30,40,97,21,97,O3,SEDANG,DKI1 Bunderan HI
10/4/2012,201210,6,,27,40,76,27,76,O3,SEDANG,DKI1 Bunderan HI
10/5/2012,201210,19.4,,25,33,79,18,79,O3,SEDANG,DKI1 Bunderan HI
10/6/2012,201210,32.8,,28,33,79,20,79,O3,SEDANG,DKI1 Bunderan HI
10/7/2012,201210,46.2,,26,21,86,15,86,O3,SEDANG,DKI1 Bunderan HI
10/8/2012,201210,59.6,,27,33,112,20,112,O3,TIDAK SEHAT,DKI1 Bunderan HI
10/9/2012,201210,73,,34,33,73,19,73,PM10,SEDANG,DKI1 Bunderan HI
10/10/2012,201210,69,,30,31,116,22,116,O3,TIDAK SEHAT,DKI1 Bunderan HI
10/11/2012,201210,74,,27,31,120,19,120,O3,TIDAK SEHAT,DKI1 Bunderan HI
10/12/2012,201210,69,,31,29,93,20,93,O3,SEDANG,DKI1 Bunderan HI
10/13/2012,201210,79,,35,32,52,18,79,PM10,SEDANG,DKI1 Bunderan HI
10/14/2012,201210,61,,27,15,67,10,67,O3,SEDANG,DKI1 Bunderan HI
10/15/2012,201210,71,,32,38,64,21,71,PM10,SEDANG,DKI1 Bunderan HI
10/16/2012,201210,64,,29,32,78,17,78,O3,SEDANG,DKI1 Bunderan HI
10/17/2012,201210,71,,35,34,63,17,71,PM10,SEDANG,DKI1 Bunderan HI
10/18/2012,201210,61,,29,28,61,15,61,PM10,SEDANG,DKI1 Bunderan HI
10/19/2012,201210,55,,29,32,130,21,130,O3,TIDAK SEHAT,DKI1 Bunderan HI
10/20/2012,201210,63,,27,45,99,21,99,O3,SEDANG,DKI1 Bunderan HI
10/21/2012,201210,60,,29,24,64,11,64,O3,SEDANG,DKI1 Bunderan HI
10/22/2012,201210,47,,25,29,77,18,77,O3,SEDANG,DKI1 Bunderan HI
10/23/2012,201210,63,,30,33,92,23,92,O3,SEDANG,DKI1 Bunderan HI
10/24/2012,201210,66,,33,30,101,19,101,O3,TIDAK SEHAT,DKI1 Bunderan HI
10/25/2012,201210,65,,28,30,88,21,88,O3,SEDANG,DKI1 Bunderan HI
10/26/2012,201210,57,,24,32,69,17,69,O3,SEDANG,DKI1 Bunderan HI
10/27/2012,201210,55,,24,21,84,13,84,O3,SEDANG,DKI1 Bunderan HI
10/28/2012,201210,53,,22,42,69,14,69,O3,SEDANG,DKI1 Bunderan HI
10/29/2012,201210,56,,28,36,58,16,58,O3,SEDANG,DKI1 Bunderan HI
10/30/2012,201210,46,,29,29,65,14,65,O3,SEDANG,DKI1 Bunderan HI
10/31/2012,201210,50,,31,35,88,21,88,O3,SEDANG,DKI1 Bunderan HI
11/1/2012,201211,42,,31,34,85,18,85,O3,SEDANG,DKI1 Bunderan HI
11/2/2012,201211,59,,35,35,79,20,79,O3,SEDANG,DKI1 Bunderan HI
11/3/2012,201211,72,,28,36,94,21,94,O3,SEDANG,DKI1 Bunderan HI
11/4/2012,201211,57,,29,33,87,18,87,O3,SEDANG,DKI1 Bunderan HI
11/5/2012,201211,56,,29,53,58,20,58,O3,SEDANG,DKI1 Bunderan HI
11/6/2012,201211,45,,30,40,104,22,104,O3,TIDAK SEHAT,DKI1 Bunderan HI
11/7/2012,201211,47,,33,36,83,28,83,O3,SEDANG,DKI1 Bunderan HI
11/8/2012,201211,49,,30,34,57,20,57,O3,SEDANG,DKI1 Bunderan HI
11/9/2012,201211,45,,26,27,50,15,50,O3,BAIK,DKI1 Bunderan HI
11/10/2012,201211,39,,30,50,98,25,98,O3,SEDANG,DKI1 Bunderan HI
11/11/2012,201211,24,,25,23,71,22,71,O3,SEDANG,DKI1 Bunderan HI
11/12/2012,201211,18,,27,35,114,21,114,O3,TIDAK SEHAT,DKI1 Bunderan HI
11/13/2012,201211,19,,26,37,88,18,88,O3,SEDANG,DKI1 Bunderan HI
11/14/2012,201211,43,,34,83,65,23,83,CO,SEDANG,DKI1 Bunderan HI
11/15/2012,201211,30,,30,44,119,16,119,O3,TIDAK SEHAT,DKI1 Bunderan HI
11/16/2012,201211,51,,29,38,73,18,73,O3,SEDANG,DKI1 Bunderan HI
11/17/2012,201211,32,,30,29,70,15,70,O3,SEDANG,DKI1 Bunderan HI
11/18/2012,201211,25,,23,17,57,11,57,O3,SEDANG,DKI1 Bunderan HI
11/19/2012,201211,26,,30,35,60,16,60,O3,SEDANG,DKI1 Bunderan HI
11/20/2012,201211,24,,30,43,93,19,93,O3,SEDANG,DKI1 Bunderan HI
11/21/2012,201211,28,,32,42,96,27,96,O3,SEDANG,DKI1 Bunderan HI
11/22/2012,201211,19,,30,34,91,18,91,O3,SEDANG,DKI1 Bunderan HI
11/23/2012,201211,24,,33,35,72,22,72,O3,SEDANG,DKI1 Bunderan HI
11/24/2012,201211,11,,30,31,84,18,84,O3,SEDANG,DKI1 Bunderan HI
11/25/2012,201211,27,,36,38,55,18,55,O3,SEDANG,DKI1 Bunderan HI
11/26/2012,201211,21,,34,40,36,18,40,CO,BAIK,DKI1 Bunderan HI
11/27/2012,201211,20,,37,52,48,18,52,CO,SEDANG,DKI1 Bunderan HI
11/28/2012,201211,19,,30,29,47,16,47,O3,BAIK,DKI1 Bunderan HI
11/29/2012,201211,65,,32,39,97,21,97,O3,SEDANG,DKI1 Bunderan HI
11/30/2012,201211,76,,30,56,94,19,94,O3,SEDANG,DKI1 Bunderan HI
12/1/2012,201212,59,,30,45,62,17,62,O3,SEDANG,DKI1 Bunderan HI
12/2/2012,201212,66,,26,38,83,12,83,O3,SEDANG,DKI1 Bunderan HI
12/3/2012,201212,44,,27,28,41,14,44,PM10,BAIK,DKI1 Bunderan HI
12/4/2012,201212,39,,31,33,32,11,39,PM10,BAIK,DKI1 Bunderan HI
12/5/2012,201212,49,,39,33,29,10,49,PM10,BAIK,DKI1 Bunderan HI
12/6/2012,201212,60,,34,37,123,21,123,O3,TIDAK SEHAT,DKI1 Bunderan HI
12/7/2012,201212,71,,5,42,86,19,86,O3,SEDANG,DKI1 Bunderan HI
12/8/2012,201212,51,,5,26,78,14,78,O3,SEDANG,DKI1 Bunderan HI
12/9/2012,201212,58,,5,38,115,16,115,O3,TIDAK SEHAT,DKI1 Bunderan HI
12/10/2012,201212,60,,5,28,104,16,104,O3,TIDAK SEHAT,DKI1 Bunderan HI
12/11/2012,201212,68,,5,30,77,19,77,O3,SEDANG,DKI1 Bunderan HI
12/12/2012,201212,70,,5,29,75,17,75,O3,SEDANG,DKI1 Bunderan HI
12/13/2012,201212,59,,5,28,71,20,71,O3,SEDANG,DKI1 Bunderan HI
12/14/2012,201212,68,,3,42,92,30,92,O3,SEDANG,DKI1 Bunderan HI
12/15/2012,201212,63,,2,54,64,14,64,O3,SEDANG,DKI1 Bunderan HI
12/16/2012,201212,59,,5,18,68,10,68,O3,SEDANG,DKI1 Bunderan HI
12/17/2012,201212,53,,5,30,68,20,68,O3,SEDANG,DKI1 Bunderan HI
12/18/2012,201212,49,,6,39,62,19,62,O3,SEDANG,DKI1 Bunderan HI
12/19/2012,201212,65,,6,49,62,18,65,PM10,SEDANG,DKI1 Bunderan HI
12/20/2012,201212,60,,6,33,76,20,76,O3,SEDANG,DKI1 Bunderan HI
12/21/2012,201212,55,,4,29,70,14,70,O3,SEDANG,DKI1 Bunderan HI
12/22/2012,201212,51,,2,38,68,12,68,O3,SEDANG,DKI1 Bunderan HI
12/23/2012,201212,43,,4,33,57,11,57,O3,SEDANG,DKI1 Bunderan HI
12/24/2012,201212,53,,7,21,47,13,53,PM10,SEDANG,DKI1 Bunderan HI
12/25/2012,201212,45,,4,20,41,10,45,PM10,BAIK,DKI1 Bunderan HI
12/26/2012,201212,38,,3,31,54,13,54,O3,SEDANG,DKI1 Bunderan HI
12/27/2012,201212,45,,5,30,33,10,45,PM10,BAIK,DKI1 Bunderan HI
12/28/2012,201212,47,,4,23,39,11,47,PM10,BAIK,DKI1 Bunderan HI
12/29/2012,201212,40,,4,26,39,14,40,PM10,BAIK,DKI1 Bunderan HI
12/30/2012,201212,38,,3,20,37,10,38,PM10,BAIK,DKI1 Bunderan HI
12/31/2012,201212,31,,2,15,28,7,31,PM10,BAIK,DKI1 Bunderan HI
3/6/2013,201303,103,,17,80,99,35,103,PM10,TIDAK SEHAT,DKI1 Bunderan HI
4/18/2013,201304,49,,8,31,121,22,121,O3,TIDAK SEHAT,DKI1 Bunderan HI
4/23/2013,201304,73,,18,54,77,20,77,O3,SEDANG,DKI1 Bunderan HI
7/6/2013,201307,58,,22,46,56,15,58,PM10,SEDANG,DKI1 Bunderan HI
8/16/2013,201308,67,,28,27,68,10,68,O3,SEDANG,DKI1 Bunderan HI
12/13/2013,201312,56,,22,57,52,17,57,CO,SEDANG,DKI1 Bunderan HI
12/21/2013,201312,41,,6,50,34,9,50,CO,BAIK,DKI1 Bunderan HI
12/25/2013,201312,57,,9,32,63,12,63,O3,SEDANG,DKI1 Bunderan HI
1/1/2014,201401,77,,3,39,54,13,77,PM10,SEDANG,DKI1 Bunderan HI
1/2/2014,201401,55,,4,29,58,12,58,O3,SEDANG,DKI1 Bunderan HI
1/3/2014,201401,60,,5,40,68,13,68,O3,SEDANG,DKI1 Bunderan HI
1/4/2014,201401,55,,7,30,56,14,56,O3,SEDANG,DKI1 Bunderan HI
1/5/2014,201401,39,,4,18,48,10,48,O3,BAIK,DKI1 Bunderan HI
1/6/2014,201401,27,,2,18,45,6,45,O3,BAIK,DKI1 Bunderan HI
1/7/2014,201401,40,,5,27,52,13,52,O3,SEDANG,DKI1 Bunderan HI
1/8/2014,201401,51,,3,31,57,12,57,O3,SEDANG,DKI1 Bunderan HI
1/9/2014,201401,50,,5,39,41,10,50,PM10,BAIK,DKI1 Bunderan HI
1/10/2014,201401,39,,3,24,56,10,56,O3,SEDANG,DKI1 Bunderan HI
1/11/2014,201401,51,,4,28,75,21,75,O3,SEDANG,DKI1 Bunderan HI
1/12/2014,201401,44,,1,25,71,13,71,O3,SEDANG,DKI1 Bunderan HI
1/13/2014,201401,40,,6,39,54,15,54,O3,SEDANG,DKI1 Bunderan HI
1/14/2014,201401,54,,9,36,53,16,54,PM10,SEDANG,DKI1 Bunderan HI
1/15/2014,201401,46,,3,29,54,10,54,O3,SEDANG,DKI1 Bunderan HI
1/16/2014,201401,50,,4,39,46,14,50,PM10,BAIK,DKI1 Bunderan HI
1/17/2014,201401,51,,2,33,56,18,56,O3,SEDANG,DKI1 Bunderan HI
1/18/2014,201401,39,,1,25,55,15,55,O3,SEDANG,DKI1 Bunderan HI
1/19/2014,201401,38,,1,26,57,15,57,O3,SEDANG,DKI1 Bunderan HI
1/20/2014,201401,54,,2,23,53,13,54,PM10,SEDANG,DKI1 Bunderan HI
1/21/2014,201401,44,,2,28,52,15,52,O3,SEDANG,DKI1 Bunderan HI
1/22/2014,201401,59,,7,29,51,15,59,PM10,SEDANG,DKI1 Bunderan HI
1/23/2014,201401,48,,2,26,53,15,53,O3,SEDANG,DKI1 Bunderan HI
1/24/2014,201401,59,,4,41,50,17,59,PM10,SEDANG,DKI1 Bunderan HI
1/25/2014,201401,53,,2,23,53,15,53,PM10,SEDANG,DKI1 Bunderan HI
1/26/2014,201401,60,,3,32,56,12,60,PM10,SEDANG,DKI1 Bunderan HI
1/27/2014,201401,65,,2,29,51,13,65,PM10,SEDANG,DKI1 Bunderan HI
1/28/2014,201401,63.6,,1,26,52,11,52,O3,SEDANG,DKI1 Bunderan HI
1/29/2014,201401,62.2,,1,25,49,12,49,O3,BAIK,DKI1 Bunderan HI
1/30/2014,201401,60.8,,2,24,42,10,42,O3,BAIK,DKI1 Bunderan HI
1/31/2014,201401,59.4,,1,23,46,10,46,O3,BAIK,DKI1 Bunderan HI
2/1/2014,201402,58,,1,23,48,12,48,O3,BAIK,DKI1 Bunderan HI
2/2/2014,201402,56.6,,4,15,39,12,39,O3,BAIK,DKI1 Bunderan HI
2/3/2014,201402,55.2,,4,30,34,15,34,O3,BAIK,DKI1 Bunderan HI
2/4/2014,201402,53.8,,3,32,46,16,46,O3,BAIK,DKI1 Bunderan HI
2/5/2014,201402,52.4,,2,37,53,16,53,O3,SEDANG,DKI1 Bunderan HI
2/6/2014,201402,51,,2,40,48,17,51,PM10,SEDANG,DKI1 Bunderan HI
2/7/2014,201402,56,,4,35,47,13,56,PM10,SEDANG,DKI1 Bunderan HI
2/8/2014,201402,47,,5,30,46,15,47,PM10,BAIK,DKI1 Bunderan HI
2/9/2014,201402,55,,2,56,54,20,56,CO,SEDANG,DKI1 Bunderan HI
2/10/2014,201402,46,,3,36,47,20,47,O3,BAIK,DKI1 Bunderan HI
2/11/2014,201402,57,,5,32,53,15,57,PM10,SEDANG,DKI1 Bunderan HI
2/12/2014,201402,58,,2,28,57,11,58,PM10,SEDANG,DKI1 Bunderan HI
2/13/2014,201402,67,,5,31,49,15,67,PM10,SEDANG,DKI1 Bunderan HI
2/14/2014,201402,58,,5,28,45,18,58,PM10,SEDANG,DKI1 Bunderan HI
2/15/2014,201402,59,,5,29,43,13,59,PM10,SEDANG,DKI1 Bunderan HI
2/16/2014,201402,73,,13,47,42,14,73,PM10,SEDANG,DKI1 Bunderan HI
2/17/2014,201402,87,,7,42,54,25,87,PM10,SEDANG,DKI1 Bunderan HI
2/18/2014,201402,81,,4,38,41,16,41,O3,BAIK,DKI1 Bunderan HI
2/19/2014,201402,75,,7,37,48,16,75,PM10,SEDANG,DKI1 Bunderan HI
2/20/2014,201402,77,,7,35,59,21,77,PM10,SEDANG,DKI1 Bunderan HI
2/21/2014,201402,46,,8,29,55,13,55,O3,SEDANG,DKI1 Bunderan HI
2/22/2014,201402,46,,6,32,43,12,46,PM10,BAIK,DKI1 Bunderan HI
2/23/2014,201402,34,,4,34,41,13,41,O3,BAIK,DKI1 Bunderan HI
2/24/2014,201402,44,,4,38,41,17,44,PM10,BAIK,DKI1 Bunderan HI
2/25/2014,201402,54,,5,43,53,25,54,PM10,SEDANG,DKI1 Bunderan HI
2/26/2014,201402,52,,5,43,39,17,52,PM10,SEDANG,DKI1 Bunderan HI
2/27/2014,201402,63,,4,57,53,28,63,PM10,SEDANG,DKI1 Bunderan HI
2/28/2014,201402,94,,7,90,49,34,94,PM10,SEDANG,DKI1 Bunderan HI
3/1/2014,201403,72,,5,36,47,16,72,PM10,SEDANG,DKI1 Bunderan HI
3/2/2014,201403,59,,3,26,70,12,70,O3,SEDANG,DKI1 Bunderan HI
3/3/2014,201403,61,,8,33,71,20,71,O3,SEDANG,DKI1 Bunderan HI
3/4/2014,201403,59,,8,30,60,17,60,O3,SEDANG,DKI1 Bunderan HI
3/5/2014,201403,65,,6,31,60,16,65,PM10,SEDANG,DKI1 Bunderan HI
3/6/2014,201403,88,,10,42,101,26,101,O3,TIDAK SEHAT,DKI1 Bunderan HI
3/7/2014,201403,77,,6,38,70,26,77,PM10,SEDANG,DKI1 Bunderan HI
3/8/2014,201403,72,,6,30,58,23,72,PM10,SEDANG,DKI1 Bunderan HI
3/9/2014,201403,78,,5,45,60,16,78,PM10,SEDANG,DKI1 Bunderan HI
3/10/2014,201403,68,,3,40,63,22,68,PM10,SEDANG,DKI1 Bunderan HI
3/11/2014,201403,83,,5,49,50,21,83,PM10,SEDANG,DKI1 Bunderan HI
3/12/2014,201403,61,,6,51,47,20,61,PM10,SEDANG,DKI1 Bunderan HI
3/13/2014,201403,85,,7,62,60,26,85,PM10,SEDANG,DKI1 Bunderan HI
3/14/2014,201403,69,,7,36,63,22,69,PM10,SEDANG,DKI1 Bunderan HI
3/15/2014,201403,86,,12,67,63,27,86,PM10,SEDANG,DKI1 Bunderan HI
3/16/2014,201403,80,,4,50,58,14,80,PM10,SEDANG,DKI1 Bunderan HI
3/17/2014,201403,80,,4,45,84,26,84,O3,SEDANG,DKI1 Bunderan HI
3/18/2014,201403,77,,7,52,71,22,77,PM10,SEDANG,DKI1 Bunderan HI
3/19/2014,201403,66,,10,36,70,18,70,O3,SEDANG,DKI1 Bunderan HI
3/20/2014,201403,80,,11,48,107,27,107,O3,TIDAK SEHAT,DKI1 Bunderan HI
3/21/2014,201403,58,,7,40,63,15,63,O3,SEDANG,DKI1 Bunderan HI
3/22/2014,201403,51,,7,29,42,14,51,PM10,SEDANG,DKI1 Bunderan HI
3/23/2014,201403,44,,4,21,51,11,51,O3,SEDANG,DKI1 Bunderan HI
3/24/2014,201403,68,,4,49,54,14,68,PM10,SEDANG,DKI1 Bunderan HI
3/25/2014,201403,54,,4,25,52,12,54,PM10,SEDANG,DKI1 Bunderan HI
3/26/2014,201403,58.66666667,,4,33,60,19,60,O3,SEDANG,DKI1 Bunderan HI
3/27/2014,201403,63.33333333,,10,70,61,31,70,CO,SEDANG,DKI1 Bunderan HI
3/28/2014,201403,68,,7,35,78,23,78,O3,SEDANG,DKI1 Bunderan HI
3/29/2014,201403,54,,6,30,70,16,70,O3,SEDANG,DKI1 Bunderan HI
3/30/2014,201403,53,,6,23,62,14,62,O3,SEDANG,DKI1 Bunderan HI
3/31/2014,201403,57,,7,22,53,8,57,PM10,SEDANG,DKI1 Bunderan HI
4/1/2014,201404,64,,9,37,59,14,64,PM10,SEDANG,DKI1 Bunderan HI
4/2/2014,201404,55,,7,28,54,17,55,PM10,SEDANG,DKI1 Bunderan HI
4/3/2014,201404,57,,8,40,86,20,86,O3,SEDANG,DKI1 Bunderan HI
4/4/2014,201404,65,,5,37,66,20,66,O3,SEDANG,DKI1 Bunderan HI
4/5/2014,201404,71,,25,72,78,20,78,O3,SEDANG,DKI1 Bunderan HI
4/6/2014,201404,39,,13,20,56,12,56,O3,SEDANG,DKI1 Bunderan HI
4/7/2014,201404,42,,17,30,57,17,57,O3,SEDANG,DKI1 Bunderan HI
4/8/2014,201404,54,,21,47,55,11,55,O3,SEDANG,DKI1 Bunderan HI
4/9/2014,201404,25,,11,21,51,9,51,O3,SEDANG,DKI1 Bunderan HI
4/10/2014,201404,39,,14,25,46,12,46,O3,BAIK,DKI1 Bunderan HI
4/11/2014,201404,51,,17,27,50,13,51,PM10,SEDANG,DKI1 Bunderan HI
4/12/2014,201404,65,,22,62,58,21,65,PM10,SEDANG,DKI1 Bunderan HI
4/13/2014,201404,45,,18,21,54,15,54,O3,SEDANG,DKI1 Bunderan HI
4/14/2014,201404,40,,15,30,48,10,48,O3,BAIK,DKI1 Bunderan HI
4/15/2014,201404,36,,16,28,47,14,47,O3,BAIK,DKI1 Bunderan HI
4/16/2014,201404,41,,17,36,58,20,58,O3,SEDANG,DKI1 Bunderan HI
4/17/2014,201404,66,,24,40,88,21,88,O3,SEDANG,DKI1 Bunderan HI
4/18/2014,201404,66,,25,48,94,16,94,O3,SEDANG,DKI1 Bunderan HI
4/19/2014,201404,64,,16,30,66,14,66,O3,SEDANG,DKI1 Bunderan HI
4/20/2014,201404,34,,18,46,42,15,46,CO,BAIK,DKI1 Bunderan HI
4/21/2014,201404,51,,14,25,48,14,51,PM10,SEDANG,DKI1 Bunderan HI
4/22/2014,201404,27,,11,20,43,9,43,O3,BAIK,DKI1 Bunderan HI
4/23/2014,201404,60,,25,48,64,13,64,O3,SEDANG,DKI1 Bunderan HI
4/24/2014,201404,43,,17,30,41,11,43,PM10,BAIK,DKI1 Bunderan HI
4/25/2014,201404,29,,17,21,56,9,56,O3,SEDANG,DKI1 Bunderan HI
4/26/2014,201404,40,,6,22,51,12,51,O3,SEDANG,DKI1 Bunderan HI
4/27/2014,201404,45,,5,23,62,12,62,O3,SEDANG,DKI1 Bunderan HI
4/28/2014,201404,52,,5,35,87,21,87,O3,SEDANG,DKI1 Bunderan HI
4/29/2014,201404,54,,5,34,86,27,86,O3,SEDANG,DKI1 Bunderan HI
4/30/2014,201404,56,,5,35,85,29,85,O3,SEDANG,DKI1 Bunderan HI
5/1/2014,201405,60,,8,40,69,18,69,O3,SEDANG,DKI1 Bunderan HI
5/2/2014,201405,77,,8,38,69,28,77,PM10,SEDANG,DKI1 Bunderan HI
5/3/2014,201405,76,,6,60,61.5,39,76,PM10,SEDANG,DKI1 Bunderan HI
5/4/2014,201405,51,,9,22,54,12,54,O3,SEDANG,DKI1 Bunderan HI
5/5/2014,201405,50,,8,27,53,14,53,O3,SEDANG,DKI1 Bunderan HI
5/6/2014,201405,55,,8,28,55,13,55,PM10,SEDANG,DKI1 Bunderan HI
5/7/2014,201405,48,,6,26,66,19,66,O3,SEDANG,DKI1 Bunderan HI
5/8/2014,201405,63,,6,36,62,18,63,PM10,SEDANG,DKI1 Bunderan HI
5/9/2014,201405,44,,7,30,78,31,78,O3,SEDANG,DKI1 Bunderan HI
5/10/2014,201405,56,,7,34,55,21,56,PM10,SEDANG,DKI1 Bunderan HI
5/11/2014,201405,56,,4,23,74,20,74,O3,SEDANG,DKI1 Bunderan HI
5/12/2014,201405,61,,4,44,67,20,67,O3,SEDANG,DKI1 Bunderan HI
5/13/2014,201405,68,,5,36,100,20,100,O3,SEDANG,DKI1 Bunderan HI
5/14/2014,201405,52,,6,37,69,24,69,O3,SEDANG,DKI1 Bunderan HI
5/15/2014,201405,54,,9,32,70,19,70,O3,SEDANG,DKI1 Bunderan HI
5/16/2014,201405,57,,10,37,45,21,57,PM10,SEDANG,DKI1 Bunderan HI
5/17/2014,201405,51,,9,28,42,12,51,PM10,SEDANG,DKI1 Bunderan HI
5/18/2014,201405,54,,8,28,84,17,84,O3,SEDANG,DKI1 Bunderan HI
5/19/2014,201405,65,,8,38,74,27,74,O3,SEDANG,DKI1 Bunderan HI
5/20/2014,201405,68,,8,36,59,21,68,PM10,SEDANG,DKI1 Bunderan HI
5/21/2014,201405,63,,8,41,60,16,63,PM10,SEDANG,DKI1 Bunderan HI
5/22/2014,201405,45,,7,30,42,14,45,PM10,BAIK,DKI1 Bunderan HI
5/23/2014,201405,47,,7,39,49,20,49,O3,BAIK,DKI1 Bunderan HI
5/24/2014,201405,60,,7,42,51,18,60,PM10,SEDANG,DKI1 Bunderan HI
5/25/2014,201405,61,,7,30,43,12,61,PM10,SEDANG,DKI1 Bunderan HI
5/26/2014,201405,58.25,,7,26,39,13,39,O3,BAIK,DKI1 Bunderan HI
5/27/2014,201405,55.5,,8,53,96,20,96,O3,SEDANG,DKI1 Bunderan HI
5/28/2014,201405,52.75,,6,37,76,26,76,O3,SEDANG,DKI1 Bunderan HI
5/29/2014,201405,50,,7,35,44,14,50,PM10,BAIK,DKI1 Bunderan HI
5/30/2014,201405,58,,10,31,54,19,58,PM10,SEDANG,DKI1 Bunderan HI
5/31/2014,201405,62,,7,43,52,21,62,PM10,SEDANG,DKI1 Bunderan HI
6/1/2014,201406,67,,6,55,64,21,67,PM10,SEDANG,DKI1 Bunderan HI
6/2/2014,201406,52,,11,26,42,16,52,PM10,SEDANG,DKI1 Bunderan HI
6/3/2014,201406,58,,11,28,37,18,58,PM10,SEDANG,DKI1 Bunderan HI
6/4/2014,201406,56,,9,32,51,16,56,PM10,SEDANG,DKI1 Bunderan HI
6/5/2014,201406,51,,10,36,61,22,61,O3,SEDANG,DKI1 Bunderan HI
6/6/2014,201406,65,,9,42,43,26,65,PM10,SEDANG,DKI1 Bunderan HI
6/7/2014,201406,61,,13,32,52,17,61,PM10,SEDANG,DKI1 Bunderan HI
6/8/2014,201406,59,,11,27,46,13,59,PM10,SEDANG,DKI1 Bunderan HI
6/9/2014,201406,52,,10,27,43,14,52,PM10,SEDANG,DKI1 Bunderan HI
6/10/2014,201406,38,,7,26,57,18,57,O3,SEDANG,DKI1 Bunderan HI
6/11/2014,201406,64,,5,43,96,22,96,O3,SEDANG,DKI1 Bunderan HI
6/12/2014,201406,63,,5,37,145,20,145,O3,TIDAK SEHAT,DKI1 Bunderan HI
6/13/2014,201406,34,,6,39,116,28,116,O3,TIDAK SEHAT,DKI1 Bunderan HI
6/14/2014,201406,71,,9,65,46,24,71,PM10,SEDANG,DKI1 Bunderan HI
6/15/2014,201406,53,,6,34,51,16,53,PM10,SEDANG,DKI1 Bunderan HI
6/16/2014,201406,58,,9,43,63,21,63,O3,SEDANG,DKI1 Bunderan HI
6/17/2014,201406,43,,8,35,62,17,62,O3,SEDANG,DKI1 Bunderan HI
6/18/2014,201406,54,,10,29,45,17,54,PM10,SEDANG,DKI1 Bunderan HI
6/19/2014,201406,40,,10,31,56,18,56,O3,SEDANG,DKI1 Bunderan HI
6/20/2014,201406,61,,10,31,40,14,61,PM10,SEDANG,DKI1 Bunderan HI
6/21/2014,201406,53,,9,23,46,11,53,PM10,SEDANG,DKI1 Bunderan HI
6/22/2014,201406,84,,8,69,79,26,84,PM10,SEDANG,DKI1 Bunderan HI
6/23/2014,201406,60,,9,34,52,14,60,PM10,SEDANG,DKI1 Bunderan HI
6/24/2014,201406,55,,8,24,47,13,55,PM10,SEDANG,DKI1 Bunderan HI
6/25/2014,201406,55,,9,24,46,14,55,PM10,SEDANG,DKI1 Bunderan HI
6/26/2014,201406,54,,8,35,29,24,54,PM10,SEDANG,DKI1 Bunderan HI
6/27/2014,201406,92,,11,52,52,22,92,PM10,SEDANG,DKI1 Bunderan HI
6/28/2014,201406,53,,7,31,57,17,57,O3,SEDANG,DKI1 Bunderan HI
6/29/2014,201406,73,,11,26,66,19,73,PM10,SEDANG,DKI1 Bunderan HI
6/30/2014,201406,56,,8,34,75,22,75,O3,SEDANG,DKI1 Bunderan HI
7/1/2014,201407,55,,11,32,52,16,55,PM10,SEDANG,DKI1 Bunderan HI
7/2/2014,201407,57,,12,28,45,23,57,PM10,SEDANG,DKI1 Bunderan HI
7/3/2014,201407,85,,10,51,55,29,85,PM10,SEDANG,DKI1 Bunderan HI
7/4/2014,201407,69,,15,36,41,18,69,PM10,SEDANG,DKI1 Bunderan HI
7/5/2014,201407,53,,9,27,45,22,53,PM10,SEDANG,DKI1 Bunderan HI
7/6/2014,201407,45,,7,21,44,13,45,PM10,BAIK,DKI1 Bunderan HI
7/7/2014,201407,47,,8,43,40,24,47,PM10,BAIK,DKI1 Bunderan HI
7/8/2014,201407,56,,10,38,42,25,56,PM10,SEDANG,DKI1 Bunderan HI
7/9/2014,201407,74,,11,58,31,29,74,PM10,SEDANG,DKI1 Bunderan HI
7/10/2014,201407,43,,8,29,70,15,70,O3,SEDANG,DKI1 Bunderan HI
7/11/2014,201407,56,,11,24,41,13,56,PM10,SEDANG,DKI1 Bunderan HI
7/12/2014,201407,57,,8,35,49,20,57,PM10,SEDANG,DKI1 Bunderan HI
7/13/2014,201407,69,,6,52,41,18,69,PM10,SEDANG,DKI1 Bunderan HI
7/14/2014,201407,50,,8,33,45,17,50,PM10,BAIK,DKI1 Bunderan HI
7/15/2014,201407,55,,10,30,41,19,55,PM10,SEDANG,DKI1 Bunderan HI
7/16/2014,201407,44,,7,45,56,21,56,O3,SEDANG,DKI1 Bunderan HI
7/17/2014,201407,57,,6,37,62,21,62,O3,SEDANG,DKI1 Bunderan HI
7/18/2014,201407,62,,8,36,55,21,62,PM10,SEDANG,DKI1 Bunderan HI
7/19/2014,201407,52,,10,30,62,24,62,O3,SEDANG,DKI1 Bunderan HI
7/20/2014,201407,54,,8,39,50,13,54,PM10,SEDANG,DKI1 Bunderan HI
7/21/2014,201407,50,,7,38,49,21,50,PM10,BAIK,DKI1 Bunderan HI
7/22/2014,201407,51,,7,32,78,18,78,O3,SEDANG,DKI1 Bunderan HI
7/23/2014,201407,37,,6,27,57,16,57,O3,SEDANG,DKI1 Bunderan HI
7/24/2014,201407,50,,10,29,57,19,57,O3,SEDANG,DKI1 Bunderan HI
7/25/2014,201407,60,,6,43,47,16,60,PM10,SEDANG,DKI1 Bunderan HI
7/26/2014,201407,48,,6,27,47,14,48,PM10,BAIK,DKI1 Bunderan HI
7/27/2014,201407,33,,5,26,60,11,60,O3,SEDANG,DKI1 Bunderan HI
7/28/2014,201407,60,,6,39,71,13,71,O3,SEDANG,DKI1 Bunderan HI
7/29/2014,201407,24,,7,13,41,11,41,O3,BAIK,DKI1 Bunderan HI
7/30/2014,201407,33,,8,12,52,11,52,O3,SEDANG,DKI1 Bunderan HI
7/31/2014,201407,30,,7,13,64,9,64,O3,SEDANG,DKI1 Bunderan HI
8/1/2014,201408,40,,9,12,64,10,64,O3,SEDANG,DKI1 Bunderan HI
8/2/2014,201408,37,,10,13,60,12,60,O3,SEDANG,DKI1 Bunderan HI
8/3/2014,201408,52,,8,19,57,11,57,O3,SEDANG,DKI1 Bunderan HI
8/4/2014,201408,42,,8,21,48,12,48,O3,BAIK,DKI1 Bunderan HI
8/5/2014,201408,44,,10,17,43,11,44,PM10,BAIK,DKI1 Bunderan HI
8/6/2014,201408,39,,11,14,39,7,39,PM10,BAIK,DKI1 Bunderan HI
8/7/2014,201408,45,,10,21,49,11,49,O3,BAIK,DKI1 Bunderan HI
8/8/2014,201408,55,,10,27,60,14,60,O3,SEDANG,DKI1 Bunderan HI
8/9/2014,201408,56,,10,24,67,15,67,O3,SEDANG,DKI1 Bunderan HI
8/10/2014,201408,52,,11,16,61,18,61,O3,SEDANG,DKI1 Bunderan HI
8/11/2014,201408,52,,11,26,49,14,52,PM10,SEDANG,DKI1 Bunderan HI
8/12/2014,201408,51,,12,34,59,18,59,O3,SEDANG,DKI1 Bunderan HI
8/13/2014,201408,50,,11,32,44,17,50,PM10,BAIK,DKI1 Bunderan HI
8/14/2014,201408,57,,13,24,49,13,57,PM10,SEDANG,DKI1 Bunderan HI
8/15/2014,201408,55,,11,30,61,19,61,O3,SEDANG,DKI1 Bunderan HI
8/16/2014,201408,42,,9,26,51,15,51,O3,SEDANG,DKI1 Bunderan HI
8/17/2014,201408,43,,10,19,50,16,50,O3,BAIK,DKI1 Bunderan HI
8/18/2014,201408,51,,11,23,60,13,60,O3,SEDANG,DKI1 Bunderan HI
8/19/2014,201408,53,,14,25,50,18,53,PM10,SEDANG,DKI1 Bunderan HI
8/20/2014,201408,56,,12,31,72,20,72,O3,SEDANG,DKI1 Bunderan HI
8/21/2014,201408,63,,12,28,68,18,68,O3,SEDANG,DKI1 Bunderan HI
8/22/2014,201408,53,,10,25,47,20,53,PM10,SEDANG,DKI1 Bunderan HI
8/23/2014,201408,51,,13,18,62,13,62,O3,SEDANG,DKI1 Bunderan HI
8/24/2014,201408,49,,9,15,62,8,62,O3,SEDANG,DKI1 Bunderan HI
8/25/2014,201408,41,,9,30,68,25,68,O3,SEDANG,DKI1 Bunderan HI
8/26/2014,201408,44,,13,31,65,17,65,O3,SEDANG,DKI1 Bunderan HI
8/27/2014,201408,55,,12,26,45,18,55,PM10,SEDANG,DKI1 Bunderan HI
8/28/2014,201408,49,,12,24,49,14,49,PM10,BAIK,DKI1 Bunderan HI
8/29/2014,201408,52,,11,27,55,17,55,O3,SEDANG,DKI1 Bunderan HI
8/30/2014,201408,58,,9,27,44,18,58,PM10,SEDANG,DKI1 Bunderan HI
8/31/2014,201408,55,,10,17,54,14,55,PM10,SEDANG,DKI1 Bunderan HI
9/1/2014,201409,50,,11,20,50,15,50,PM10,BAIK,DKI1 Bunderan HI
9/2/2014,201409,44,,11,27,56,17,56,O3,SEDANG,DKI1 Bunderan HI
9/3/2014,201409,58,,12,26,68,18,68,O3,SEDANG,DKI1 Bunderan HI
9/4/2014,201409,59,,10,29,69,18,69,O3,SEDANG,DKI1 Bunderan HI
9/5/2014,201409,52,,10,32,66,25,66,O3,SEDANG,DKI1 Bunderan HI
9/6/2014,201409,51,,10,30,94,18,94,O3,SEDANG,DKI1 Bunderan HI
9/7/2014,201409,57,,10,27,67,18,67,O3,SEDANG,DKI1 Bunderan HI
9/8/2014,201409,54,,11,27,55,21,55,O3,SEDANG,DKI1 Bunderan HI
9/9/2014,201409,59,,12,28,48,20,59,PM10,SEDANG,DKI1 Bunderan HI
9/10/2014,201409,58.42857143,,12,26,68,21,68,O3,SEDANG,DKI1 Bunderan HI
9/11/2014,201409,57.85714286,,11,25,50,17,50,O3,BAIK,DKI1 Bunderan HI
9/12/2014,201409,57.28571429,,13,24,54,22,54,O3,SEDANG,DKI1 Bunderan HI
9/13/2014,201409,56.71428571,,13,22,56,20,56,O3,SEDANG,DKI1 Bunderan HI
9/14/2014,201409,56.14285714,,11,15,57,19,57,O3,SEDANG,DKI1 Bunderan HI
9/15/2014,201409,55.57142857,,11,27,84,22,84,O3,SEDANG,DKI1 Bunderan HI
9/16/2014,201409,55,,11,26,83,24,83,O3,SEDANG,DKI1 Bunderan HI
9/17/2014,201409,56,,13,21,49,15,56,PM10,SEDANG,DKI1 Bunderan HI
9/18/2014,201409,52,,11,24,45,14,52,PM10,SEDANG,DKI1 Bunderan HI
9/19/2014,201409,51,,12,21,39,13,51,PM10,SEDANG,DKI1 Bunderan HI
9/20/2014,201409,45,,11,18,38,15,45,PM10,BAIK,DKI1 Bunderan HI
9/21/2014,201409,63,,9,38,72,18,72,O3,SEDANG,DKI1 Bunderan HI
9/22/2014,201409,58,,9,31,47,19,58,PM10,SEDANG,DKI1 Bunderan HI
9/23/2014,201409,50,,10,26,37,16,50,PM10,BAIK,DKI1 Bunderan HI
9/24/2014,201409,43,,11,20,41,16,43,PM10,BAIK,DKI1 Bunderan HI
9/25/2014,201409,59,,13,28,74,24,74,O3,SEDANG,DKI1 Bunderan HI
9/26/2014,201409,58,,12,28,56,22,58,PM10,SEDANG,DKI1 Bunderan HI
9/27/2014,201409,58,,13,24,48,20,58,PM10,SEDANG,DKI1 Bunderan HI
9/28/2014,201409,63,,13,32,63,20,63,PM10,SEDANG,DKI1 Bunderan HI
9/29/2014,201409,56,,12,28,51,17,56,PM10,SEDANG,DKI1 Bunderan HI
9/30/2014,201409,53,,16,31,45,24,53,PM10,SEDANG,DKI1 Bunderan HI
10/1/2014,201410,55,,13,26,38,20,55,PM10,SEDANG,DKI1 Bunderan HI
10/2/2014,201410,51,,12,30,45,18,51,PM10,SEDANG,DKI1 Bunderan HI
10/3/2014,201410,53,,13,27,49,18,53,PM10,SEDANG,DKI1 Bunderan HI
10/10/2014,201410,45,,14,22,51,22,51,O3,SEDANG,DKI1 Bunderan HI
10/11/2014,201410,56,,16,30,78,23,78,O3,SEDANG,DKI1 Bunderan HI
10/12/2014,201410,55,,14,28,75,18,75,O3,SEDANG,DKI1 Bunderan HI
10/13/2014,201410,62,,11,33,67,16,67,O3,SEDANG,DKI1 Bunderan HI
10/14/2014,201410,54,,9,26,36,15,54,PM10,SEDANG,DKI1 Bunderan HI
10/16/2014,201410,63,,9,35,59,24,63,PM10,SEDANG,DKI1 Bunderan HI
10/17/2014,201410,58,,11,27,52,16,58,PM10,SEDANG,DKI1 Bunderan HI
10/18/2014,201410,51,,11,27,48,20,51,PM10,SEDANG,DKI1 Bunderan HI
10/19/2014,201410,46,,11,34,54,19,54,O3,SEDANG,DKI1 Bunderan HI
10/20/2014,201410,43,,13,21,57,18,57,O3,SEDANG,DKI1 Bunderan HI
10/21/2014,201410,45,,11,22,52,16,52,O3,SEDANG,DKI1 Bunderan HI
10/22/2014,201410,50,,13,23,46,22,50,PM10,BAIK,DKI1 Bunderan HI
10/23/2014,201410,52,,13,27,62,27,62,O3,SEDANG,DKI1 Bunderan HI
10/24/2014,201410,52,,9,27,55,21,55,O3,SEDANG,DKI1 Bunderan HI
10/25/2014,201410,57,,13,30,52,16,57,PM10,SEDANG,DKI1 Bunderan HI
10/26/2014,201410,52,,10,36,72,15,72,O3,SEDANG,DKI1 Bunderan HI
10/27/2014,201410,48,,9,32,62,24,62,O3,SEDANG,DKI1 Bunderan HI
10/28/2014,201410,41,,10,27,70,20,70,O3,SEDANG,DKI1 Bunderan HI
10/29/2014,201410,43,,12,25,57,19,57,O3,SEDANG,DKI1 Bunderan HI
10/30/2014,201410,48,,9,27,44,18,48,PM10,BAIK,DKI1 Bunderan HI
10/31/2014,201410,52,,11,26,49,19,52,PM10,SEDANG,DKI1 Bunderan HI
11/1/2014,201411,33,,9,22,69,21,69,O3,SEDANG,DKI1 Bunderan HI
11/2/2014,201411,46,,9,32,84,19,84,O3,SEDANG,DKI1 Bunderan HI
11/3/2014,201411,44,,11,25,71,21,71,O3,SEDANG,DKI1 Bunderan HI
11/4/2014,201411,36,,12,28,64,23,64,O3,SEDANG,DKI1 Bunderan HI
11/5/2014,201411,30,,10,27,51,22,51,O3,SEDANG,DKI1 Bunderan HI
11/6/2014,201411,51,,11,31,59,20,59,O3,SEDANG,DKI1 Bunderan HI
11/7/2014,201411,57,,10,33,56,21,57,PM10,SEDANG,DKI1 Bunderan HI
11/8/2014,201411,44,,10,30,90,19,90,O3,SEDANG,DKI1 Bunderan HI
11/9/2014,201411,54,,9,32,77,22,77,O3,SEDANG,DKI1 Bunderan HI
11/10/2014,201411,39,,8,34,74,24,74,O3,SEDANG,DKI1 Bunderan HI
11/11/2014,201411,47,,9,31,59,18,59,O3,SEDANG,DKI1 Bunderan HI
11/12/2014,201411,60,,13,37,53,22,60,PM10,SEDANG,DKI1 Bunderan HI
11/13/2014,201411,38,,11,28,70,21,70,O3,SEDANG,DKI1 Bunderan HI
11/14/2014,201411,52,,13,31,61,21,61,O3,SEDANG,DKI1 Bunderan HI
11/15/2014,201411,61,,12,41,80,26,80,O3,SEDANG,DKI1 Bunderan HI
11/16/2014,201411,51,,9,24,55,21,55,O3,SEDANG,DKI1 Bunderan HI
11/17/2014,201411,36,,10,27,45,19,45,O3,BAIK,DKI1 Bunderan HI
11/18/2014,201411,50,,11,29,51,19,51,O3,SEDANG,DKI1 Bunderan HI
11/19/2014,201411,52,,11,30,68,18,68,O3,SEDANG,DKI1 Bunderan HI
11/20/2014,201411,37,,11,34,69,20,69,O3,SEDANG,DKI1 Bunderan HI
11/21/2014,201411,40,,10,33,59,16,59,O3,SEDANG,DKI1 Bunderan HI
11/22/2014,201411,52,,10,44,58,20,58,O3,SEDANG,DKI1 Bunderan HI
11/23/2014,201411,48,,11,38,50,14,50,O3,BAIK,DKI1 Bunderan HI
11/24/2014,201411,45,,9,29,72,17,72,O3,SEDANG,DKI1 Bunderan HI
11/25/2014,201411,36,,9,30,64,17,64,O3,SEDANG,DKI1 Bunderan HI
11/26/2014,201411,48,,10,30,76,21,76,O3,SEDANG,DKI1 Bunderan HI
11/27/2014,201411,59,,11,39,67,25,67,O3,SEDANG,DKI1 Bunderan HI
11/28/2014,201411,50,,13,32,123,23,123,O3,TIDAK SEHAT,DKI1 Bunderan HI
11/29/2014,201411,62,,11,64,74,23,74,O3,SEDANG,DKI1 Bunderan HI
11/30/2014,201411,29,,9,26,51,15,51,O3,SEDANG,DKI1 Bunderan HI
12/1/2014,201412,31,,12,20,29,10,31,PM10,BAIK,DKI1 Bunderan HI
12/2/2014,201412,30,,12,24,43,13,43,O3,BAIK,DKI1 Bunderan HI
12/3/2014,201412,25,,10,23,30,10,30,O3,BAIK,DKI1 Bunderan HI
12/4/2014,201412,28,,11,29,39,16,39,O3,BAIK,DKI1 Bunderan HI
12/5/2014,201412,34,,11,28,72,23,72,O3,SEDANG,DKI1 Bunderan HI
12/6/2014,201412,36,,10,33,40,10,40,O3,BAIK,DKI1 Bunderan HI
12/7/2014,201412,43,,9,51,40,9,51,CO,SEDANG,DKI1 Bunderan HI
12/8/2014,201412,25,,9,19,49,11,49,O3,BAIK,DKI1 Bunderan HI
12/9/2014,201412,42,,12,39,38,12,42,PM10,BAIK,DKI1 Bunderan HI
12/10/2014,201412,35,,17,31,29,18,35,PM10,BAIK,DKI1 Bunderan HI
12/11/2014,201412,29,,13,28,40,17,40,O3,BAIK,DKI1 Bunderan HI
12/12/2014,201412,28,,13,23,43,14,43,O3,BAIK,DKI1 Bunderan HI
12/13/2014,201412,31,,13,24,42,12,42,O3,BAIK,DKI1 Bunderan HI
12/14/2014,201412,47,,14,23,37,12,47,PM10,BAIK,DKI1 Bunderan HI
12/15/2014,201412,26,,12,23,36,12,36,O3,BAIK,DKI1 Bunderan HI
12/16/2014,201412,33,,12,26,46,15,46,O3,BAIK,DKI1 Bunderan HI
12/17/2014,201412,22,,10,25,40,13,40,O3,BAIK,DKI1 Bunderan HI
12/18/2014,201412,22,,11,11,37,10,37,O3,BAIK,DKI1 Bunderan HI
12/19/2014,201412,62,,10,19,46,15,62,PM10,SEDANG,DKI1 Bunderan HI
12/20/2014,201412,33,,6,20,42,13,42,O3,BAIK,DKI1 Bunderan HI
12/21/2014,201412,32.28571429,,7,39,48,14,48,O3,BAIK,DKI1 Bunderan HI
12/22/2014,201412,31.57142857,,7,19,50,18,50,O3,BAIK,DKI1 Bunderan HI
12/23/2014,201412,30.85714286,,6,25,33,13,33,O3,BAIK,DKI1 Bunderan HI
12/24/2014,201412,30.14285714,,6,25,16,13,25,CO,BAIK,DKI1 Bunderan HI
12/25/2014,201412,29.42857143,,6,25,16,13,25,CO,BAIK,DKI1 Bunderan HI
12/26/2014,201412,28.71428571,,6,25,42,13,42,O3,BAIK,DKI1 Bunderan HI
12/27/2014,201412,28,,5,17,31,16,31,O3,BAIK,DKI1 Bunderan HI
12/28/2014,201412,33,,5,22,29,22,33,PM10,BAIK,DKI1 Bunderan HI
12/29/2014,201412,25,,5,9,27,6,27,O3,BAIK,DKI1 Bunderan HI
12/30/2014,201412,33,,6,11,22,8,33,PM10,BAIK,DKI1 Bunderan HI
12/31/2014,201412,24,,5,11,26,11,26,O3,BAIK,DKI1 Bunderan HI
1/1/2015,201501,49,,10,39,27,10,49,PM10,BAIK,DKI1 Bunderan HI
1/7/2015,201501,32,,10,32,35,12,35,O3,BAIK,DKI1 Bunderan HI
1/9/2015,201501,24,,10,24,32,7,32,O3,BAIK,DKI1 Bunderan HI
1/11/2015,201501,34,,11,23,41,11,41,O3,BAIK,DKI1 Bunderan HI
1/12/2015,201501,37,,11,28,37,13,37,PM10,BAIK,DKI1 Bunderan HI
1/13/2015,201501,45,,11,39,35,18,45,PM10,BAIK,DKI1 Bunderan HI
1/19/2015,201501,54,,11,39,41,16,54,PM10,SEDANG,DKI1 Bunderan HI
1/30/2015,201501,52,,12,46,50,13,52,PM10,SEDANG,DKI1 Bunderan HI
1/31/2015,201501,54,,14,32,41,15,54,PM10,SEDANG,DKI1 Bunderan HI
2/1/2015,201202,42,,7,30,42,12,42,PM10,BAIK,DKI1 Bunderan HI
2/8/2015,201202,49,,9,34,46,12,49,PM10,BAIK,DKI1 Bunderan HI
3/2/2015,201503,57,,17,40,41,18,57,PM10,SEDANG,DKI1 Bunderan HI
3/3/2015,201503,62,,19,33,50,18,62,PM10,SEDANG,DKI1 Bunderan HI
3/4/2015,201503,59,,16,41,38,19,59,PM10,SEDANG,DKI1 Bunderan HI
3/5/2015,201503,51,,14,29,44,15,51,PM10,SEDANG,DKI1 Bunderan HI
3/13/2015,201503,66,,16,61,49,24,66,PM10,SEDANG,DKI1 Bunderan HI
3/15/2015,201503,64,,16,30,49,14,64,PM10,SEDANG,DKI1 Bunderan HI
4/13/2015,201504,74,,21,35,65,17,74,PM10,SEDANG,DKI1 Bunderan HI
4/20/2015,201504,61,,22,42,98,21,98,O3,SEDANG,DKI1 Bunderan HI
4/23/2015,201504,40,,16,26,46,10,46,O3,BAIK,DKI1 Bunderan HI
4/24/2015,201504,34,,15,28,39,7,39,O3,BAIK,DKI1 Bunderan HI
4/25/2015,201504,32,,15,30,40,14,40,O3,BAIK,DKI1 Bunderan HI
5/29/2015,201505,64,,20,30,64,22,64,PM10,SEDANG,DKI1 Bunderan HI
9/26/2015,201509,77,,34,28,68,18,77,PM10,SEDANG,DKI1 Bunderan HI
12/17/2015,201512,39,,19,18,24,10,39,PM10,BAIK,DKI1 Bunderan HI
12/18/2015,201512,46,,18,19,44,12,46,PM10,BAIK,DKI1 Bunderan HI
12/21/2015,201512,37,,18,21,36,10,37,PM10,BAIK,DKI1 Bunderan HI
12/22/2015,201512,48,,18,19,28,9,48,PM10,BAIK,DKI1 Bunderan HI
12/23/2015,201512,41,,19,19,31,13,41,PM10,BAIK,DKI1 Bunderan HI
12/30/2015,201512,55,,22,24,50,14,55,PM10,SEDANG,DKI1 Bunderan HI
1/1/2016,201601,59,,19,27,31,1,59,PM10,SEDANG,DKI1 Bunderan HI
1/2/2016,201601,52,,19,26.93333333,33,2,52,PM10,SEDANG,DKI1 Bunderan HI
1/3/2016,201601,44,,19,26.86666667,36,2,44,PM10,BAIK,DKI1 Bunderan HI
1/4/2016,201601,58,,21,26.8,46,5,58,PM10,SEDANG,DKI1 Bunderan HI
1/5/2016,201601,70,,19,26.73333333,41,4,70,PM10,SEDANG,DKI1 Bunderan HI
1/6/2016,201601,69,,19,26.66666667,19,4,69,PM10,SEDANG,DKI1 Bunderan HI
1/7/2016,201601,58,,19,26.6,25,3,58,PM10,SEDANG,DKI1 Bunderan HI
1/8/2016,201601,46,,24,26.53333333,31,3,46,PM10,BAIK,DKI1 Bunderan HI
1/9/2016,201601,51,,32,26.46666667,37,2,51,PM10,SEDANG,DKI1 Bunderan HI
1/10/2016,201601,59,,39,26.4,43,3,59,PM10,SEDANG,DKI1 Bunderan HI
1/11/2016,201601,66,,38,26.33333333,29,3,66,PM10,SEDANG,DKI1 Bunderan HI
1/12/2016,201601,60,,37,26.26666667,31,4,60,PM10,SEDANG,DKI1 Bunderan HI
1/13/2016,201601,60,,37,26.2,47,2,60,PM10,SEDANG,DKI1 Bunderan HI
1/14/2016,201601,51,,38,26.13333333,63,3,51,PM10,SEDANG,DKI1 Bunderan HI
1/15/2016,201601,53,,42,26.06666667,79,3,53,PM10,SEDANG,DKI1 Bunderan HI
1/16/2016,201601,59,,42,26,95,4,95,O3,SEDANG,DKI1 Bunderan HI
1/17/2016,201601,58,,42,19,149,4,149,O3,TIDAK SEHAT,DKI1 Bunderan HI
1/18/2016,201601,73,,44,32,87,4,87,O3,SEDANG,DKI1 Bunderan HI
1/19/2016,201601,60,,45,24,78,4,78,O3,SEDANG,DKI1 Bunderan HI
1/20/2016,201601,54,,44,33,69,3,69,O3,SEDANG,DKI1 Bunderan HI
1/21/2016,201601,66,,48,31,53,3,66,PM10,SEDANG,DKI1 Bunderan HI
1/22/2016,201601,65,,41,31,45,2,65,PM10,SEDANG,DKI1 Bunderan HI
1/23/2016,201601,43,,40,25,51,3,51,O3,SEDANG,DKI1 Bunderan HI
1/24/2016,201601,55,,41,38,48,2,55,PM10,SEDANG,DKI1 Bunderan HI
1/25/2016,201601,33,,40,32,49,4,49,O3,BAIK,DKI1 Bunderan HI
1/26/2016,201601,61,,42,40,54,3,61,PM10,SEDANG,DKI1 Bunderan HI
1/27/2016,201601,74,,43,41,61,4,74,PM10,SEDANG,DKI1 Bunderan HI
1/28/2016,201601,58,,42,30,77,3,77,O3,SEDANG,DKI1 Bunderan HI
1/29/2016,201601,58,,44,29,79,4,79,O3,SEDANG,DKI1 Bunderan HI
1/30/2016,201601,45,,42,22,62,2,62,O3,SEDANG,DKI1 Bunderan HI
1/31/2016,201601,48,,42,21,51,2,51,O3,SEDANG,DKI1 Bunderan HI
2/1/2016,201602,61,,42,20,49,3,61,PM10,SEDANG,DKI1 Bunderan HI
2/2/2016,201602,46,,40,24,51,3,51,O3,SEDANG,DKI1 Bunderan HI
2/3/2016,201602,41,,43,21,55,3,55,O3,SEDANG,DKI1 Bunderan HI
2/4/2016,201602,61,,45,21,60,3,61,PM10,SEDANG,DKI1 Bunderan HI
2/5/2016,201602,54,,45,27,60,3,60,O3,SEDANG,DKI1 Bunderan HI
2/6/2016,201602,65,,45,35,59,3,65,PM10,SEDANG,DKI1 Bunderan HI
2/7/2016,201602,52,,39,38,59,2,59,O3,SEDANG,DKI1 Bunderan HI
2/8/2016,201602,47,,40,25,48,2,48,O3,BAIK,DKI1 Bunderan HI
2/9/2016,201602,20,,41,13,53,2,53,O3,SEDANG,DKI1 Bunderan HI
2/10/2016,201602,39,,43,18,40,2,43,SO2,BAIK,DKI1 Bunderan HI
2/11/2016,201602,43,,43,21,55,3,55,O3,SEDANG,DKI1 Bunderan HI
2/12/2016,201602,46,,43,27,31,3,46,PM10,BAIK,DKI1 Bunderan HI
2/13/2016,201602,52,,31,55,52,2.5,55,CO,SEDANG,DKI1 Bunderan HI
2/14/2016,201602,52,,28,27,60,2,60,O3,SEDANG,DKI1 Bunderan HI
2/15/2016,201602,54,,28,29,46,2,54,PM10,SEDANG,DKI1 Bunderan HI
2/16/2016,201602,50,,28,24,37,2,50,PM10,BAIK,DKI1 Bunderan HI
2/17/2016,201602,42,,27,23,37,2,42,PM10,BAIK,DKI1 Bunderan HI
2/18/2016,201602,56,,28,41,37,2,56,PM10,SEDANG,DKI1 Bunderan HI
2/19/2016,201602,62,,27,40,38,3,62,PM10,SEDANG,DKI1 Bunderan HI
2/20/2016,201602,64,,27,27,34,2,64,PM10,SEDANG,DKI1 Bunderan HI
2/21/2016,201602,58,,27,29,37,2,58,PM10,SEDANG,DKI1 Bunderan HI
2/22/2016,201602,51,,26,25,39,2,51,PM10,SEDANG,DKI1 Bunderan HI
2/23/2016,201602,54,,27,27,44,2,54,PM10,SEDANG,DKI1 Bunderan HI
2/24/2016,201602,53,,27,26,35,2,53,PM10,SEDANG,DKI1 Bunderan HI
2/25/2016,201602,39,,26,33,35,2,39,PM10,BAIK,DKI1 Bunderan HI
2/26/2016,201602,49,,27,32,37,3,49,PM10,BAIK,DKI1 Bunderan HI
2/27/2016,201602,49,,27,29,29,1,49,PM10,BAIK,DKI1 Bunderan HI
2/28/2016,201602,42,,26,19,29,2,42,PM10,BAIK,DKI1 Bunderan HI
2/29/2016,201602,46,,26,29,29,3,46,PM10,BAIK,DKI1 Bunderan HI
3/1/2016,201603,16,,26,27,28,2,28,O3,BAIK,DKI1 Bunderan HI
3/2/2016,201603,33,,26,25,30,2,33,PM10,BAIK,DKI1 Bunderan HI
3/3/2016,201603,51,,26,39,37,2,51,PM10,SEDANG,DKI1 Bunderan HI
3/4/2016,201603,41,,26,23,35,1,41,PM10,BAIK,DKI1 Bunderan HI
3/5/2016,201603,42,,26,23,39,2,42,PM10,BAIK,DKI1 Bunderan HI
3/6/2016,201603,62,,26,33,43,2,62,PM10,SEDANG,DKI1 Bunderan HI
3/7/2016,201603,36,,26,29,44,4,44,O3,BAIK,DKI1 Bunderan HI
3/8/2016,201603,40,,26,28,40,2,40,PM10,BAIK,DKI1 Bunderan HI
3/9/2016,201603,58,,26,29,53,2,58,PM10,SEDANG,DKI1 Bunderan HI
3/10/2016,201603,52,,26,32,81,4,81,O3,SEDANG,DKI1 Bunderan HI
3/11/2016,201603,48,,26,31,71,4,71,O3,SEDANG,DKI1 Bunderan HI
3/12/2016,201603,48,,26,33,45,3,48,PM10,BAIK,DKI1 Bunderan HI
3/13/2016,201603,37,,26,27,49,2,49,O3,BAIK,DKI1 Bunderan HI
3/14/2016,201603,54,,26,27,41,4,54,PM10,SEDANG,DKI1 Bunderan HI
3/15/2016,201603,51,,26,33,87,5,87,O3,SEDANG,DKI1 Bunderan HI
3/16/2016,201603,57,,26,36,51,4,57,PM10,SEDANG,DKI1 Bunderan HI
3/17/2016,201603,44,,26,28,49,3,49,O3,BAIK,DKI1 Bunderan HI
3/18/2016,201603,41,,26,29,40,3,41,PM10,BAIK,DKI1 Bunderan HI
3/19/2016,201603,40,,26,26,49,3,49,O3,BAIK,DKI1 Bunderan HI
3/20/2016,201603,47,,26,30,45,3,47,PM10,BAIK,DKI1 Bunderan HI
3/21/2016,201603,58.5,,26,35,36,2,36,O3,BAIK,DKI1 Bunderan HI
3/22/2016,201603,70,,26,35,19,2,70,PM10,SEDANG,DKI1 Bunderan HI
3/23/2016,201603,27,,26,25,19,3,27,PM10,BAIK,DKI1 Bunderan HI
3/24/2016,201603,51,,26,27,22,4,51,PM10,SEDANG,DKI1 Bunderan HI
3/25/2016,201603,65,,26,31,30,4,65,PM10,SEDANG,DKI1 Bunderan HI
3/26/2016,201603,72,,26,31,17,3,72,PM10,SEDANG,DKI1 Bunderan HI
3/27/2016,201603,47,,26,26,26,2,47,PM10,BAIK,DKI1 Bunderan HI
3/29/2016,201603,55,,26,23,16,2,55,PM10,SEDANG,DKI1 Bunderan HI
3/30/2016,201603,73,,27,30,15,2,73,PM10,SEDANG,DKI1 Bunderan HI
3/31/2016,201603,60,,26,30,13,3,60,PM10,SEDANG,DKI1 Bunderan HI
4/1/2016,201604,74,,27,35,16,3,74,PM10,SEDANG,DKI1 Bunderan HI
4/2/2016,201604,57,,26,29,18,2,57,PM10,SEDANG,DKI1 Bunderan HI
4/3/2016,201604,53,,27,27,23,4,53,PM10,SEDANG,DKI1 Bunderan HI
4/4/2016,201604,34,,27,28,21,5,34,PM10,BAIK,DKI1 Bunderan HI
4/5/2016,201604,42,,27,28,21,2,42,PM10,BAIK,DKI1 Bunderan HI
4/6/2016,201604,46,,27,28,22,3,46,PM10,BAIK,DKI1 Bunderan HI
4/7/2016,201604,54,,27,28,16,3,54,PM10,SEDANG,DKI1 Bunderan HI
4/8/2016,201604,60,,27,26,16,2,60,PM10,SEDANG,DKI1 Bunderan HI
4/9/2016,201604,53,,26,24,28,3,53,PM10,SEDANG,DKI1 Bunderan HI
4/10/2016,201604,52,,26,25,23,2,52,PM10,SEDANG,DKI1 Bunderan HI
4/11/2016,201604,58,,27,28,19,3,58,PM10,SEDANG,DKI1 Bunderan HI
4/12/2016,201604,63,,27,32,14,2,63,PM10,SEDANG,DKI1 Bunderan HI
4/13/2016,201604,51,,26,25,14,2,51,PM10,SEDANG,DKI1 Bunderan HI
4/14/2016,201604,62,,27,29,14,3,62,PM10,SEDANG,DKI1 Bunderan HI
4/15/2016,201604,63,,27,40,18,3,63,PM10,SEDANG,DKI1 Bunderan HI
4/16/2016,201604,59,,27,33,19,2,59,PM10,SEDANG,DKI1 Bunderan HI
4/17/2016,201604,43,,27,23,18,2,43,PM10,BAIK,DKI1 Bunderan HI
4/18/2016,201604,34,,27,33,23,3,34,PM10,BAIK,DKI1 Bunderan HI
4/19/2016,201604,43,,27,29,17,3,43,PM10,BAIK,DKI1 Bunderan HI
4/20/2016,201604,37,,27,26,15,3,37,PM10,BAIK,DKI1 Bunderan HI
4/21/2016,201604,50,,27,39,32,4,50,PM10,BAIK,DKI1 Bunderan HI
4/22/2016,201604,45,,28,30,15,2,45,PM10,BAIK,DKI1 Bunderan HI
4/23/2016,201604,55,,30,28,16,1,55,PM10,SEDANG,DKI1 Bunderan HI
4/24/2016,201604,48,,28,23,16,1,48,PM10,BAIK,DKI1 Bunderan HI
4/25/2016,201604,57,,29,27,17,2,57,PM10,SEDANG,DKI1 Bunderan HI
4/26/2016,201604,71,,29,30,13,3,71,PM10,SEDANG,DKI1 Bunderan HI
4/27/2016,201604,55,,30,30,22,3,55,PM10,SEDANG,DKI1 Bunderan HI
4/28/2016,201604,55,,30,28,27,3,55,PM10,SEDANG,DKI1 Bunderan HI
4/29/2016,201604,44,,30,27,21,2,44,PM10,BAIK,DKI1 Bunderan HI
4/30/2016,201604,63,,31,36,13,3,63,PM10,SEDANG,DKI1 Bunderan HI
5/1/2016,201605,53,,29,32,14,7,53,PM10,SEDANG,DKI1 Bunderan HI
5/2/2016,201605,47,,29,29,17,3,47,PM10,BAIK,DKI1 Bunderan HI
5/3/2016,201605,57,,29,29,14,1,57,PM10,SEDANG,DKI1 Bunderan HI
5/4/2016,201605,52,,30,27,12,1,52,PM10,SEDANG,DKI1 Bunderan HI
5/5/2016,201605,51,,28,28,10,1,51,PM10,SEDANG,DKI1 Bunderan HI
5/6/2016,201605,81,,29,46,26,5,81,PM10,SEDANG,DKI1 Bunderan HI
5/7/2016,201605,59,,28,28,21,3,59,PM10,SEDANG,DKI1 Bunderan HI
5/8/2016,201605,66,,28,34,31,3,66,PM10,SEDANG,DKI1 Bunderan HI
5/9/2016,201605,64,,29,33,27,5,64,PM10,SEDANG,DKI1 Bunderan HI
5/10/2016,201605,58,,29,30,22,4,58,PM10,SEDANG,DKI1 Bunderan HI
5/11/2016,201605,56,,30,27,14,2,56,PM10,SEDANG,DKI1 Bunderan HI
5/12/2016,201605,60,,30,29,25,5,60,PM10,SEDANG,DKI1 Bunderan HI
5/13/2016,201605,52,,29,29,19,3,52,PM10,SEDANG,DKI1 Bunderan HI
5/14/2016,201605,55,,28,28,23,3,55,PM10,SEDANG,DKI1 Bunderan HI
5/15/2016,201605,54,,30,26,16,2,54,PM10,SEDANG,DKI1 Bunderan HI
5/16/2016,201605,32,,29,31,15,4,32,PM10,BAIK,DKI1 Bunderan HI
5/17/2016,201605,77,,29,33,21,5,77,PM10,SEDANG,DKI1 Bunderan HI
5/18/2016,201605,76,,30,41,15,3,76,PM10,SEDANG,DKI1 Bunderan HI
5/19/2016,201605,58,,29,31,22,4,58,PM10,SEDANG,DKI1 Bunderan HI
5/20/2016,201605,61,,29,30,24,6,61,PM10,SEDANG,DKI1 Bunderan HI
5/21/2016,201605,38,,28,29,21,5,38,PM10,BAIK,DKI1 Bunderan HI
5/22/2016,201605,61,,28,29,29,3,61,PM10,SEDANG,DKI1 Bunderan HI
5/23/2016,201605,53,,28,27,29,4,53,PM10,SEDANG,DKI1 Bunderan HI
5/24/2016,201605,64,,28,34,27,4,64,PM10,SEDANG,DKI1 Bunderan HI
5/25/2016,201605,45,,28,32,12,3,45,PM10,BAIK,DKI1 Bunderan HI
5/26/2016,201605,61,,29,34,13,4,61,PM10,SEDANG,DKI1 Bunderan HI
5/27/2016,201605,84,,29,40,17,3.5,84,PM10,SEDANG,DKI1 Bunderan HI
5/28/2016,201605,90,,29,41,21,3,90,PM10,SEDANG,DKI1 Bunderan HI
5/29/2016,201605,44,,28,27,14,2,44,PM10,BAIK,DKI1 Bunderan HI
5/30/2016,201605,65,,29,35,18,4,65,PM10,SEDANG,DKI1 Bunderan HI
5/31/2016,201605,65,,29,31,31,4,65,PM10,SEDANG,DKI1 Bunderan HI
6/1/2016,201606,71,,28,32,34,4,71,PM10,SEDANG,DKI1 Bunderan HI
6/2/2016,201606,55,,27,30,20,2,55,PM10,SEDANG,DKI1 Bunderan HI
6/3/2016,201606,41,,28,27,35,4,41,PM10,BAIK,DKI1 Bunderan HI
6/4/2016,201606,75,,28,34,35,5,75,PM10,SEDANG,DKI1 Bunderan HI
6/5/2016,201606,78,,28,41,24,3,78,PM10,SEDANG,DKI1 Bunderan HI
6/6/2016,201606,84,,28,36,35,4,84,PM10,SEDANG,DKI1 Bunderan HI
6/7/2016,201606,72,,28,39,19,4,72,PM10,SEDANG,DKI1 Bunderan HI
6/8/2016,201606,35,,29,27,22,4,35,PM10,BAIK,DKI1 Bunderan HI
6/9/2016,201606,52,,28,25,16,3,52,PM10,SEDANG,DKI1 Bunderan HI
6/10/2016,201606,71,,27,45,14,5,71,PM10,SEDANG,DKI1 Bunderan HI
6/11/2016,201606,59,,28,32,17,2,59,PM10,SEDANG,DKI1 Bunderan HI
6/12/2016,201606,67,,28,30,36,3,67,PM10,SEDANG,DKI1 Bunderan HI
6/13/2016,201606,64,,28,30,23,5,64,PM10,SEDANG,DKI1 Bunderan HI
6/14/2016,201606,62,,29,29,33,4,62,PM10,SEDANG,DKI1 Bunderan HI
6/15/2016,201606,66,,29,32,20,3,66,PM10,SEDANG,DKI1 Bunderan HI
6/16/2016,201606,60,,31,29,20,2,60,PM10,SEDANG,DKI1 Bunderan HI
6/17/2016,201606,54,,29,27,18,2,54,PM10,SEDANG,DKI1 Bunderan HI
6/18/2016,201606,37,,29,33,16,2,37,PM10,BAIK,DKI1 Bunderan HI
6/19/2016,201606,62,,29,36,29,4,62,PM10,SEDANG,DKI1 Bunderan HI
6/20/2016,201606,69,,30,36,25,4,69,PM10,SEDANG,DKI1 Bunderan HI
6/21/2016,201606,62,,30,33,53,6,53,O3,SEDANG,DKI1 Bunderan HI
6/22/2016,201606,55,,28,31,29,4,55,PM10,SEDANG,DKI1 Bunderan HI
6/23/2016,201606,53,,28,26,26,4,53,PM10,SEDANG,DKI1 Bunderan HI
6/25/2016,201606,59,,29,41,31,4,59,PM10,SEDANG,DKI1 Bunderan HI
6/26/2016,201606,83,,29,32,25,3,83,PM10,SEDANG,DKI1 Bunderan HI
6/27/2016,201606,62,,29,32,22,4,62,PM10,SEDANG,DKI1 Bunderan HI
6/28/2016,201606,68,,30,28,17,4,68,PM10,SEDANG,DKI1 Bunderan HI
6/29/2016,201606,63,,30,30,31,4,63,PM10,SEDANG,DKI1 Bunderan HI
6/30/2016,201606,58,,28,30,21,5,58,PM10,SEDANG,DKI1 Bunderan HI
7/1/2016,201607,52,,29,39,36,4,52,PM10,SEDANG,DKI1 Bunderan HI
7/2/2016,201607,73,,29,32,32,4,73,PM10,SEDANG,DKI1 Bunderan HI
7/3/2016,201607,51,,28,26,21,2,51,PM10,SEDANG,DKI1 Bunderan HI
7/4/2016,201607,44,,28,25,23,2,44,PM10,BAIK,DKI1 Bunderan HI
7/5/2016,201607,53,,28,22,25,2,53,PM10,SEDANG,DKI1 Bunderan HI
7/6/2016,201607,50,,28,37,24,3,50,PM10,BAIK,DKI1 Bunderan HI
7/7/2016,201607,39,,28,18,26,1,39,PM10,BAIK,DKI1 Bunderan HI
7/8/2016,201607,39,,28,17,24,2,39,PM10,BAIK,DKI1 Bunderan HI
7/9/2016,201607,54,,29,20,34,2,54,PM10,SEDANG,DKI1 Bunderan HI
7/10/2016,201607,59,,29,20,27,2,59,PM10,SEDANG,DKI1 Bunderan HI
7/11/2016,201607,59,,29,26,26,2,59,PM10,SEDANG,DKI1 Bunderan HI
7/12/2016,201607,35,,28,23,28,2,35,PM10,BAIK,DKI1 Bunderan HI
7/13/2016,201607,63,,29,32,27,4,63,PM10,SEDANG,DKI1 Bunderan HI
7/14/2016,201607,63,,31,35,18,4,63,PM10,SEDANG,DKI1 Bunderan HI
7/15/2016,201607,49,,32,26,12,1,49,PM10,BAIK,DKI1 Bunderan HI
7/16/2016,201607,51,,28,24,22,2,51,PM10,SEDANG,DKI1 Bunderan HI
7/17/2016,201607,65,,28,39,23,2,65,PM10,SEDANG,DKI1 Bunderan HI
7/18/2016,201607,53,,28,34,25,3,53,PM10,SEDANG,DKI1 Bunderan HI
7/19/2016,201607,63,,28,31,24,5,63,PM10,SEDANG,DKI1 Bunderan HI
7/20/2016,201607,51,,28,30,22,3,51,PM10,SEDANG,DKI1 Bunderan HI
7/21/2016,201607,58,,29,29,31,4,58,PM10,SEDANG,DKI1 Bunderan HI
7/22/2016,201607,58,,29,29,19,3,58,PM10,SEDANG,DKI1 Bunderan HI
7/23/2016,201607,80,,29,32,25,3,80,PM10,SEDANG,DKI1 Bunderan HI
7/24/2016,201607,69,,29,32,29,3,69,PM10,SEDANG,DKI1 Bunderan HI
7/25/2016,201607,39,,28,22,28,4,39,PM10,BAIK,DKI1 Bunderan HI
7/26/2016,201607,64,,29,30,42,4,64,PM10,SEDANG,DKI1 Bunderan HI
7/27/2016,201607,57,,30,27,27,5,57,PM10,SEDANG,DKI1 Bunderan HI
7/28/2016,201607,59,,30,26,18,3,59,PM10,SEDANG,DKI1 Bunderan HI
7/29/2016,201607,58,,30,26,31,3,58,PM10,SEDANG,DKI1 Bunderan HI
7/30/2016,201607,56,,29,30,32,4,56,PM10,SEDANG,DKI1 Bunderan HI
7/31/2016,201607,54,,30,23,27,3,54,PM10,SEDANG,DKI1 Bunderan HI
8/1/2016,201608,53,,29,27,21,4,53,PM10,SEDANG,DKI1 Bunderan HI
8/2/2016,201608,44,,30,27,28,4,44,PM10,BAIK,DKI1 Bunderan HI
8/3/2016,201608,54,,30,26,47,5,54,PM10,SEDANG,DKI1 Bunderan HI
8/4/2016,201608,38,,30,29,40,4,40,O3,BAIK,DKI1 Bunderan HI
8/5/2016,201608,70,,30,30,24,4,70,PM10,SEDANG,DKI1 Bunderan HI
8/6/2016,201608,58,,30,27,25,4,58,PM10,SEDANG,DKI1 Bunderan HI
8/7/2016,201608,46,,30,21,36,3,46,PM10,BAIK,DKI1 Bunderan HI
8/8/2016,201608,42,,29,27,26,2,42,PM10,BAIK,DKI1 Bunderan HI
8/9/2016,201608,57,,28,29,22,2,57,PM10,SEDANG,DKI1 Bunderan HI
8/10/2016,201608,60,,29,32,28,3,60,PM10,SEDANG,DKI1 Bunderan HI
8/11/2016,201608,59,,28,29,24,3,59,PM10,SEDANG,DKI1 Bunderan HI
8/12/2016,201608,61,,29,29,29,4,61,PM10,SEDANG,DKI1 Bunderan HI
8/13/2016,201608,60,,29,27,19,3,60,PM10,SEDANG,DKI1 Bunderan HI
8/14/2016,201608,51,,29,22,23,4,51,PM10,SEDANG,DKI1 Bunderan HI
8/15/2016,201608,50,,28,34,38,4,50,PM10,BAIK,DKI1 Bunderan HI
8/16/2016,201608,62,,30,33,30,3,62,PM10,SEDANG,DKI1 Bunderan HI
8/17/2016,201608,65,,31,30,24,2,65,PM10,SEDANG,DKI1 Bunderan HI
8/18/2016,201608,52,,29,28,25,3,52,PM10,SEDANG,DKI1 Bunderan HI
8/19/2016,201608,57,,30,27,29,5,57,PM10,SEDANG,DKI1 Bunderan HI
8/20/2016,201608,42,,29,26,25,4,42,PM10,BAIK,DKI1 Bunderan HI
8/21/2016,201608,53,,30,22,30,3,53,PM10,SEDANG,DKI1 Bunderan HI
8/22/2016,201608,51,,31,25,29,4,51,PM10,SEDANG,DKI1 Bunderan HI
8/23/2016,201608,45,,30,24,31,4,45,PM10,BAIK,DKI1 Bunderan HI
8/24/2016,201608,40,,29,26,34,3,40,PM10,BAIK,DKI1 Bunderan HI
8/25/2016,201608,55,,30,27,40,5,55,PM10,SEDANG,DKI1 Bunderan HI
8/26/2016,201608,62,,31,28,27,4,62,PM10,SEDANG,DKI1 Bunderan HI
8/27/2016,201608,60,,31,31,21,4,60,PM10,SEDANG,DKI1 Bunderan HI
8/28/2016,201608,58,,29,30,19,3,58,PM10,SEDANG,DKI1 Bunderan HI
8/29/2016,201608,59,,29,34,20,4,59,PM10,SEDANG,DKI1 Bunderan HI
8/30/2016,201608,70,,30,34,24,4,70,PM10,SEDANG,DKI1 Bunderan HI
8/31/2016,201608,70,,29,39,21,4,70,PM10,SEDANG,DKI1 Bunderan HI
9/1/2016,201609,68,,30,33,28,4,33,CO,BAIK,DKI1 Bunderan HI
9/2/2016,201609,66,,29,32,38,5,66,PM10,SEDANG,DKI1 Bunderan HI
9/3/2016,201609,63.8,,29,43,27,4,43,CO,BAIK,DKI1 Bunderan HI
9/4/2016,201609,61.6,,29,27,23,3,29,SO2,BAIK,DKI1 Bunderan HI
9/5/2016,201609,59.4,,29,26,15,3,29,SO2,BAIK,DKI1 Bunderan HI
9/6/2016,201609,57.2,,30,30,19,3,30,SO2,BAIK,DKI1 Bunderan HI
9/7/2016,201609,55,,29,27,20,3,55,PM10,SEDANG,DKI1 Bunderan HI
9/8/2016,201609,60,,30,26,33,5,60,PM10,SEDANG,DKI1 Bunderan HI
9/9/2016,201609,79,,30,32,30,4,79,PM10,SEDANG,DKI1 Bunderan HI
9/10/2016,201609,69,,31,33,28,3,69,PM10,SEDANG,DKI1 Bunderan HI
9/11/2016,201609,57,,30,24,35,2,57,PM10,SEDANG,DKI1 Bunderan HI
9/12/2016,201609,49,,30,20,34,3,49,PM10,BAIK,DKI1 Bunderan HI
9/13/2016,201609,59,,31,22,39,3,59,PM10,SEDANG,DKI1 Bunderan HI
9/14/2016,201609,53,,31,23,26,4,53,PM10,SEDANG,DKI1 Bunderan HI
9/15/2016,201609,41,,29,23,43,4,43,O3,BAIK,DKI1 Bunderan HI
9/16/2016,201609,79,,30,41,39,4,79,PM10,SEDANG,DKI1 Bunderan HI
9/17/2016,201609,59,,30,25,21,2,59,PM10,SEDANG,DKI1 Bunderan HI
9/18/2016,201609,59,,30,23,33,2,33,O3,BAIK,DKI1 Bunderan HI
9/19/2016,201609,59,,29,32,26.5,3,59,PM10,SEDANG,DKI1 Bunderan HI
9/20/2016,201609,66,,29,43,20,4,66,PM10,SEDANG,DKI1 Bunderan HI
9/21/2016,201609,33,,29,22,19,2,33,PM10,BAIK,DKI1 Bunderan HI
9/22/2016,201609,48,,29,25,19,2,48,PM10,BAIK,DKI1 Bunderan HI
9/23/2016,201609,45,,30,23,18,3,45,PM10,BAIK,DKI1 Bunderan HI
9/24/2016,201609,52,,30,31,19,2,52,PM10,SEDANG,DKI1 Bunderan HI
9/25/2016,201609,55,,30,36,19,2,55,PM10,SEDANG,DKI1 Bunderan HI
9/26/2016,201609,31,,29,19,19,2,31,PM10,BAIK,DKI1 Bunderan HI
9/27/2016,201609,62,,30,30,24,4,62,PM10,SEDANG,DKI1 Bunderan HI
9/28/2016,201609,58,,31,29,19,4,58,PM10,SEDANG,DKI1 Bunderan HI
9/29/2016,201609,24,,30,24,23,6,30,SO2,BAIK,DKI1 Bunderan HI
9/30/2016,201609,52,,30,25,18,3,52,PM10,SEDANG,DKI1 Bunderan HI
10/1/2016,201610,55,,30,26,25,3,55,PM10,SEDANG,DKI1 Bunderan HI
10/2/2016,201610,30,,30,18,12,2,30,PM10,BAIK,DKI1 Bunderan HI
10/3/2016,201610,37,,30,26,40,6,40,O3,BAIK,DKI1 Bunderan HI
10/4/2016,201610,66,,30,38,36,7,66,PM10,SEDANG,DKI1 Bunderan HI
10/5/2016,201610,65,,30,36,37,4,65,PM10,SEDANG,DKI1 Bunderan HI
10/6/2016,201610,52,,30,31,26,5,52,PM10,SEDANG,DKI1 Bunderan HI
10/7/2016,201610,61,,30,25,41,5,61,PM10,SEDANG,DKI1 Bunderan HI
10/9/2016,201610,52,,30,28,26,3,52,PM10,SEDANG,DKI1 Bunderan HI
10/10/2016,201610,49,,30,25,21,3,49,PM10,BAIK,DKI1 Bunderan HI
10/10/2016,201610,54,,30,31,20,4,54,PM10,SEDANG,DKI1 Bunderan HI
10/11/2016,201610,63,,30,34,20,4,63,PM10,SEDANG,DKI1 Bunderan HI
10/12/2016,201610,71,,30,37,16,4,71,PM10,SEDANG,DKI1 Bunderan HI
10/13/2016,201610,67,,30,34,21,3,67,PM10,SEDANG,DKI1 Bunderan HI
10/14/2016,201610,56,,30,39,14,3,56,PM10,SEDANG,DKI1 Bunderan HI
10/15/2016,201610,35,,30,20,28,3,35,PM10,BAIK,DKI1 Bunderan HI
10/16/2016,201610,52,,30,28,21,3,52,PM10,SEDANG,DKI1 Bunderan HI
10/17/2016,201610,51,,31,21,44,4,51,PM10,SEDANG,DKI1 Bunderan HI
10/18/2016,201610,54,,31,24,34,5,54,PM10,SEDANG,DKI1 Bunderan HI
10/19/2016,201610,49,,31,23,25,4,49,PM10,BAIK,DKI1 Bunderan HI
10/20/2016,201610,58,,31,24,29,4,58,PM10,SEDANG,DKI1 Bunderan HI
10/21/2016,201610,65,,31,28,35,5,65,PM10,SEDANG,DKI1 Bunderan HI
10/22/2016,201610,87,,30,39,25,5,87,PM10,SEDANG,DKI1 Bunderan HI
10/23/2016,201610,34,,30,22,17,2,34,PM10,BAIK,DKI1 Bunderan HI
10/24/2016,201610,54,,31,34,35,4,54,PM10,SEDANG,DKI1 Bunderan HI
10/25/2016,201610,61,,30,41,20,5,61,PM10,SEDANG,DKI1 Bunderan HI
10/26/2016,201610,49,,30,27,13,2,49,PM10,BAIK,DKI1 Bunderan HI
10/27/2016,201610,55,,31,26,20,3,55,PM10,SEDANG,DKI1 Bunderan HI
10/28/2016,201610,59,,31,28,19,4,59,PM10,SEDANG,DKI1 Bunderan HI
10/29/2016,201610,55,,30,33,18,3,55,PM10,SEDANG,DKI1 Bunderan HI
10/30/2016,201610,53,,31,28,31,3,53,PM10,SEDANG,DKI1 Bunderan HI
10/31/2016,201610,44,,31,23,32,4,44,PM10,BAIK,DKI1 Bunderan HI
11/1/2016,201611,45,,30,25,20,3,45,PM10,BAIK,DKI1 Bunderan HI
11/2/2016,201611,41,,30,22,16,2,41,PM10,BAIK,DKI1 Bunderan HI
11/3/2016,201611,40,,31,22,16,3,40,PM10,BAIK,DKI1 Bunderan HI
11/4/2016,201611,60,,32,27,44,5,60,PM10,SEDANG,DKI1 Bunderan HI
11/5/2016,201611,68,,32,27,50,5,68,PM10,SEDANG,DKI1 Bunderan HI
11/6/2016,201611,104,,32,42,46,5,104,PM10,TIDAK SEHAT,DKI1 Bunderan HI
11/7/2016,201611,61,,31,31,55,5,61,PM10,SEDANG,DKI1 Bunderan HI
11/10/2016,201611,59,,33,24,31,4,59,PM10,SEDANG,DKI1 Bunderan HI
11/11/2016,201611,65,,31,27,27,4,65,PM10,SEDANG,DKI1 Bunderan HI
11/11/2016,201611,55,,31,26,58,4,58,O3,SEDANG,DKI1 Bunderan HI
11/11/2016,201611,62,,31,31,47,5,62,PM10,SEDANG,DKI1 Bunderan HI
11/12/2016,201611,54,,31,34,48,3,54,PM10,SEDANG,DKI1 Bunderan HI
11/13/2016,201611,44,,30,23,27,2,44,PM10,BAIK,DKI1 Bunderan HI
11/14/2016,201611,55,,31,27,31,3,55,PM10,SEDANG,DKI1 Bunderan HI
11/15/2016,201611,41,,31,30,21,5,41,PM10,BAIK,DKI1 Bunderan HI
11/16/2016,201611,54,,31,32,26,3,54,PM10,SEDANG,DKI1 Bunderan HI
11/17/2016,201611,56,,32,26,27,4,56,PM10,SEDANG,DKI1 Bunderan HI
11/18/2016,201611,59,,32,29,22,3,59,PM10,SEDANG,DKI1 Bunderan HI
11/19/2016,201611,59,,32,30,36,5,59,PM10,SEDANG,DKI1 Bunderan HI
11/20/2016,201611,53,,32,29,24,3,53,PM10,SEDANG,DKI1 Bunderan HI
11/21/2016,201611,53,,31,28,25,4,53,PM10,SEDANG,DKI1 Bunderan HI
11/22/2016,201611,61,,32,28,58,6,61,PM10,SEDANG,DKI1 Bunderan HI
11/23/2016,201611,57,,31,27,60,5,60,O3,SEDANG,DKI1 Bunderan HI
11/24/2016,201611,63,,32,32,21,4,63,PM10,SEDANG,DKI1 Bunderan HI
11/25/2016,201611,29,,32,21,10,2,32,SO2,BAIK,DKI1 Bunderan HI
11/26/2016,201611,67,,34,26,23,4,67,PM10,SEDANG,DKI1 Bunderan HI
11/27/2016,201611,77,,32,39,29,4,77,PM10,SEDANG,DKI1 Bunderan HI
11/28/2016,201611,65,,31,31,22,4,65,PM10,SEDANG,DKI1 Bunderan HI
11/29/2016,201611,37,,31,27,26,4,37,PM10,BAIK,DKI1 Bunderan HI
11/30/2016,201611,62,,32,26,14,3,62,PM10,SEDANG,DKI1 Bunderan HI
12/1/2016,201612,55,,31,32,10,3,55,PM10,SEDANG,DKI1 Bunderan HI
12/2/2016,201612,28,,31,17,10,1,31,SO2,BAIK,DKI1 Bunderan HI
12/3/2016,201612,24,,31,17,10,1,31,SO2,BAIK,DKI1 Bunderan HI
12/4/2016,201612,38,,31,17,7,1,38,PM10,BAIK,DKI1 Bunderan HI
12/5/2016,201612,23,,31,16,11,1,31,SO2,BAIK,DKI1 Bunderan HI
12/6/2016,201612,28,,31,19,12,1,31,SO2,BAIK,DKI1 Bunderan HI
12/7/2016,201612,39,,31,20,16,2,39,PM10,BAIK,DKI1 Bunderan HI
12/8/2016,201612,58,,32,24,21,3,58,PM10,SEDANG,DKI1 Bunderan HI
12/9/2016,201612,35,,31,22,15,2,35,PM10,BAIK,DKI1 Bunderan HI
12/10/2016,201612,27,,31,18,12,2,31,SO2,BAIK,DKI1 Bunderan HI
12/11/2016,201612,33,,31,17,17,1,33,PM10,BAIK,DKI1 Bunderan HI
12/12/2016,201612,31,,31,18,20,1,31,PM10,BAIK,DKI1 Bunderan HI
12/13/2016,201612,34,,32,17,14,2,34,PM10,BAIK,DKI1 Bunderan HI
12/14/2016,201612,39,,32,21,15,2,39,PM10,BAIK,DKI1 Bunderan HI
12/15/2016,201612,44,,31,25,10,2,44,PM10,BAIK,DKI1 Bunderan HI
12/16/2016,201612,34,,31,18,11,2,34,PM10,BAIK,DKI1 Bunderan HI
12/20/2016,201612,21,,31,18,14,1,31,SO2,BAIK,DKI1 Bunderan HI
12/21/2016,201612,20,,32,15,14,1,32,SO2,BAIK,DKI1 Bunderan HI
12/22/2016,201612,23,,32,16,12,1,32,SO2,BAIK,DKI1 Bunderan HI
12/23/2016,201612,19,,31,16,12,1,31,SO2,BAIK,DKI1 Bunderan HI
12/24/2016,201612,21,,31,16,13,1,31,SO2,BAIK,DKI1 Bunderan HI
12/25/2016,201612,17,,31,15,11,1,31,SO2,BAIK,DKI1 Bunderan HI
12/26/2016,201612,49,,32,23,23,2,49,PM10,BAIK,DKI1 Bunderan HI
12/27/2016,201612,23,,31,18,19,3,31,SO2,BAIK,DKI1 Bunderan HI
12/28/2016,201612,28,,32,18,10,1,32,SO2,BAIK,DKI1 Bunderan HI
12/29/2016,201612,20,,32,19,11,1,32,SO2,BAIK,DKI1 Bunderan HI
12/30/2016,201612,51,,32,24,12,2,51,PM10,SEDANG,DKI1 Bunderan HI
12/31/2016,201612,55,,33,26,16,3,55,PM10,SEDANG,DKI1 Bunderan HI
1/1/2017,201701,63,,34,25,21,2,63,PM10,SEDANG,DKI1 Bunderan HI
1/2/2017,201701,16,,32,16,19,1,32,SO2,BAIK,DKI1 Bunderan HI
1/3/2017,201701,18,,32,17,20,2,32,SO2,BAIK,DKI1 Bunderan HI
1/4/2017,201701,24,,32,22,20,2,32,SO2,BAIK,DKI1 Bunderan HI
1/5/2017,201701,29,,32,25,14,2,32,SO2,BAIK,DKI1 Bunderan HI
1/6/2017,201701,21,,31,24,18,2,31,SO2,BAIK,DKI1 Bunderan HI
1/7/2017,201701,30,,32,22,17,3,32,SO2,BAIK,DKI1 Bunderan HI
1/8/2017,201701,29,,33,17,19,2,33,SO2,BAIK,DKI1 Bunderan HI
1/9/2017,201701,29,,32,23,13,2,32,SO2,BAIK,DKI1 Bunderan HI
1/10/2017,201701,38,,32,34,21,4,38,PM10,BAIK,DKI1 Bunderan HI
1/11/2017,201701,25,,32,25,20,2,32,SO2,BAIK,DKI1 Bunderan HI
1/12/2017,201701,29,,32,23,17,2,32,SO2,BAIK,DKI1 Bunderan HI
1/13/2017,201701,29,,32,19,12,1,32,SO2,BAIK,DKI1 Bunderan HI
1/14/2017,201701,22,,31,17,13,1,31,SO2,BAIK,DKI1 Bunderan HI
1/15/2017,201701,27,,32,16,17,1,32,SO2,BAIK,DKI1 Bunderan HI
1/18/2017,201701,24,,28,19,14,1,28,SO2,BAIK,DKI1 Bunderan HI
1/19/2017,201701,24,,26.44444444,16,14,1,24,PM10,BAIK,DKI1 Bunderan HI
1/20/2017,201701,18,,24.88888889,15,10,1,18,PM10,BAIK,DKI1 Bunderan HI
1/21/2017,201701,35,,23.33333333,18,15,1,35,PM10,BAIK,DKI1 Bunderan HI
1/22/2017,201701,54,,21.77777778,20,16,2,54,PM10,SEDANG,DKI1 Bunderan HI
1/23/2017,201701,37,,20.22222222,18,13,2,37,PM10,BAIK,DKI1 Bunderan HI
1/24/2017,201701,32,,18.66666667,30,14,2,32,PM10,BAIK,DKI1 Bunderan HI
1/25/2017,201701,29,,17.11111111,18,9,2,29,PM10,BAIK,DKI1 Bunderan HI
1/26/2017,201701,33,,15.55555556,22,12,2,33,PM10,BAIK,DKI1 Bunderan HI
1/27/2017,201701,47,,14,24,22,2,47,PM10,BAIK,DKI1 Bunderan HI
1/28/2017,201701,32,,13,23,18,3,32,PM10,BAIK,DKI1 Bunderan HI
1/29/2017,201701,35,,12,25,19,2,35,PM10,BAIK,DKI1 Bunderan HI
1/30/2017,201701,33,,12,21,19,2,33,PM10,BAIK,DKI1 Bunderan HI
1/31/2017,201701,31,,12,23,20,2,31,PM10,BAIK,DKI1 Bunderan HI
2/1/2017,201702,41,,16,22,27,3,41,PM10,BAIK,DKI1 Bunderan HI
2/2/2017,201702,49,,14.33333333,23,41,3,49,PM10,BAIK,DKI1 Bunderan HI
2/3/2017,201702,53,,12.66666667,28,34,3,53,PM10,SEDANG,DKI1 Bunderan HI
2/4/2017,201702,30,,11,17,35,2,35,O3,BAIK,DKI1 Bunderan HI
2/5/2017,201702,22,,9.333333333,15,37,2,37,O3,BAIK,DKI1 Bunderan HI
2/6/2017,201702,25,,7.666666667,16,26,1,26,O3,BAIK,DKI1 Bunderan HI
2/7/2017,201702,39,,6,20,22,2,39,PM10,BAIK,DKI1 Bunderan HI
2/8/2017,201702,28,,6,19,23,3,28,PM10,BAIK,DKI1 Bunderan HI
2/9/2017,201702,41,,6,20,22,2,41,PM10,BAIK,DKI1 Bunderan HI
2/10/2017,201702,30,,4,23,32,3,32,O3,BAIK,DKI1 Bunderan HI
2/11/2017,201702,32,,6,23,42,4,42,O3,BAIK,DKI1 Bunderan HI
2/12/2017,201702,35,,3,18,40,3,40,O3,BAIK,DKI1 Bunderan HI
2/13/2017,201702,43,,4,21,42,3,43,PM10,BAIK,DKI1 Bunderan HI
2/14/2017,201702,34,,5,32,41,4,41,O3,BAIK,DKI1 Bunderan HI
2/15/2017,201702,27,,6,22,40,4,40,O3,BAIK,DKI1 Bunderan HI
2/16/2017,201702,36,,7,19,38,3,38,O3,BAIK,DKI1 Bunderan HI
2/17/2017,201702,52,,4,30,33,4,52,PM10,SEDANG,DKI1 Bunderan HI
2/18/2017,201702,68,,7,25,30,4,68,PM10,SEDANG,DKI1 Bunderan HI
2/19/2017,201702,57,,4,34,25,2,57,PM10,SEDANG,DKI1 Bunderan HI
2/20/2017,201702,40,,3,31,24,3,40,PM10,BAIK,DKI1 Bunderan HI
2/21/2017,201702,51,,3,34,46,4,51,PM10,SEDANG,DKI1 Bunderan HI
2/22/2017,201702,58,,15,25,78,5,78,O3,SEDANG,DKI1 Bunderan HI
2/23/2017,201702,52,,7,27,71,7,71,O3,SEDANG,DKI1 Bunderan HI
2/24/2017,201702,62,,7,30,67,5,67,O3,SEDANG,DKI1 Bunderan HI
2/25/2017,201702,50,,6,24,68,3,68,O3,SEDANG,DKI1 Bunderan HI
2/26/2017,201702,44,,8,25,60,4,60,O3,SEDANG,DKI1 Bunderan HI
2/27/2017,201702,30,,6,23,44,4,44,O3,BAIK,DKI1 Bunderan HI
2/28/2017,201702,58,,6,26,54,4,58,PM10,SEDANG,DKI1 Bunderan HI
3/1/2017,201703,51,,8,26,46,5,51,PM10,SEDANG,DKI1 Bunderan HI
3/2/2017,201703,56,,8,28,56,4,56,PM10,SEDANG,DKI1 Bunderan HI
3/3/2017,201703,49,,5,33,53,4,53,O3,SEDANG,DKI1 Bunderan HI
3/4/2017,201703,37,,9,25,75,5,75,O3,SEDANG,DKI1 Bunderan HI
3/5/2017,201703,51,,7,24,53,4,53,O3,SEDANG,DKI1 Bunderan HI
3/6/2017,201703,42,,8,19,44,3,44,O3,BAIK,DKI1 Bunderan HI
3/7/2017,201703,41,,10,22,42,4,42,O3,BAIK,DKI1 Bunderan HI
3/8/2017,201703,25,,7,22,84,4,84,O3,SEDANG,DKI1 Bunderan HI
3/9/2017,201703,53,,12,22,101,6,101,O3,TIDAK SEHAT,DKI1 Bunderan HI
3/10/2017,201703,62,,8,28,43,5,62,PM10,SEDANG,DKI1 Bunderan HI
3/11/2017,201703,56,,9,27,63,4,63,O3,SEDANG,DKI1 Bunderan HI
3/12/2017,201703,57,,6,29,53,4,57,PM10,SEDANG,DKI1 Bunderan HI
3/13/2017,201703,53,,9,24,60,5,60,O3,SEDANG,DKI1 Bunderan HI
3/14/2017,201703,62,,14,24,48,4,62,PM10,SEDANG,DKI1 Bunderan HI
3/15/2017,201703,36,,8,20,31,3,36,PM10,BAIK,DKI1 Bunderan HI
3/16/2017,201703,35,,9,20,125,5,125,O3,TIDAK SEHAT,DKI1 Bunderan HI
3/17/2017,201703,63,,10,25,80,5,80,O3,SEDANG,DKI1 Bunderan HI
3/18/2017,201703,55,,7,33,52,6,55,PM10,SEDANG,DKI1 Bunderan HI
3/19/2017,201703,51,,13,27,50,2,51,PM10,SEDANG,DKI1 Bunderan HI
3/20/2017,201703,35,,7,17,26,2,35,PM10,BAIK,DKI1 Bunderan HI
3/21/2017,201703,51,,13,23,32,3,51,PM10,SEDANG,DKI1 Bunderan HI
3/22/2017,201703,34,,8,24,47,6,47,O3,BAIK,DKI1 Bunderan HI
3/23/2017,201703,46,,6,33,34,7,46,PM10,BAIK,DKI1 Bunderan HI
3/24/2017,201703,77,,11,50,97,7,97,O3,SEDANG,DKI1 Bunderan HI
3/25/2017,201703,52,,10,20,41,4,52,PM10,SEDANG,DKI1 Bunderan HI
3/26/2017,201703,57,,9,30,54,3,57,PM10,SEDANG,DKI1 Bunderan HI
3/27/2017,201703,42,,8,23,80,5,80,O3,SEDANG,DKI1 Bunderan HI
3/28/2017,201703,64,,12,35,71,3,71,O3,SEDANG,DKI1 Bunderan HI
3/29/2017,201703,51,,8,27,62,4,62,O3,SEDANG,DKI1 Bunderan HI
3/30/2017,201703,32,,9,20,26,3,32,PM10,BAIK,DKI1 Bunderan HI
4/1/2017,201704,41,,6,19,18.8,3,41,PM10,BAIK,DKI1 Bunderan HI
4/2/2017,201704,47,,9.5,23,15.2,4,47,PM10,BAIK,DKI1 Bunderan HI
4/3/2017,201704,30,,13,24,11.6,3,30,PM10,BAIK,DKI1 Bunderan HI
4/4/2017,201704,37,,12,24,8,3,37,PM10,BAIK,DKI1 Bunderan HI
4/5/2017,201704,31,,12,24,6,4,31,PM10,BAIK,DKI1 Bunderan HI
4/6/2017,201704,33,,10,16,6,2,33,PM10,BAIK,DKI1 Bunderan HI
4/7/2017,201704,40,,12,17,57,3,57,O3,SEDANG,DKI1 Bunderan HI
4/8/2017,201704,17,,8,16,38,1,38,O3,BAIK,DKI1 Bunderan HI
4/9/2017,201704,23,,7,14,31,1,31,O3,BAIK,DKI1 Bunderan HI
4/10/2017,201704,46,,8,20,55,6,55,O3,SEDANG,DKI1 Bunderan HI
4/11/2017,201704,43,,7,23,73,4,73,O3,SEDANG,DKI1 Bunderan HI
4/12/2017,201704,39,,9,26,47,5,47,O3,BAIK,DKI1 Bunderan HI
4/13/2017,201704,56,,8,26,34,5,56,PM10,SEDANG,DKI1 Bunderan HI
4/14/2017,201704,55,,8,24,45,5,55,PM10,SEDANG,DKI1 Bunderan HI
4/15/2017,201704,61,,9,20,45,3,61,PM10,SEDANG,DKI1 Bunderan HI
4/16/2017,201704,73,,9,26,69,5,73,PM10,SEDANG,DKI1 Bunderan HI
4/17/2017,201704,65,,10,24,76,6,76,O3,SEDANG,DKI1 Bunderan HI
4/18/2017,201704,79,,7,26,86,7,86,O3,SEDANG,DKI1 Bunderan HI
4/21/2017,201704,57,,10,24,65,7,65,O3,SEDANG,DKI1 Bunderan HI
4/22/2017,201704,71,,8,31,56,6,71,PM10,SEDANG,DKI1 Bunderan HI
4/23/2017,201704,53,,11,22,67,5,67,O3,SEDANG,DKI1 Bunderan HI
4/24/2017,201704,50,,12,17,43,5,50,PM10,BAIK,DKI1 Bunderan HI
4/25/2017,201704,68,,10,30,35,4,68,PM10,SEDANG,DKI1 Bunderan HI
4/26/2017,201704,47,,10,18,44,6,47,PM10,BAIK,DKI1 Bunderan HI
4/27/2017,201704,61,,11,33,82,6,82,O3,SEDANG,DKI1 Bunderan HI
4/28/2017,201704,53,,10,28,51,5,53,PM10,SEDANG,DKI1 Bunderan HI
4/29/2017,201704,39,,10,17,32,2,39,PM10,BAIK,DKI1 Bunderan HI
4/30/2017,201704,43,,11,18,89,3,89,O3,SEDANG,DKI1 Bunderan HI
5/1/2017,201705,57,,12,20,88,4,88,O3,SEDANG,DKI1 Bunderan HI
5/2/2017,201705,50,,8,27,67,4,67,O3,SEDANG,DKI1 Bunderan HI
5/3/2017,201705,62,,10,34,86,4,86,O3,SEDANG,DKI1 Bunderan HI
5/4/2017,201705,49,,9,22,68,4,68,O3,SEDANG,DKI1 Bunderan HI
5/5/2017,201705,51,,11,23,53,4,53,O3,SEDANG,DKI1 Bunderan HI
5/6/2017,201705,49,,10,22,31,5,49,PM10,BAIK,DKI1 Bunderan HI
5/7/2017,201705,53,,8,26,48,6,53,PM10,SEDANG,DKI1 Bunderan HI
5/8/2017,201705,55,,10,27,52,3,55,PM10,SEDANG,DKI1 Bunderan HI
5/9/2017,201705,54,,11,30,42,5,54,PM10,SEDANG,DKI1 Bunderan HI
5/10/2017,201705,64,,11,28,35,4,64,PM10,SEDANG,DKI1 Bunderan HI
5/11/2017,201705,76,,14,28,87,5,87,O3,SEDANG,DKI1 Bunderan HI
5/12/2017,201705,71,,15,25,78,5,78,O3,SEDANG,DKI1 Bunderan HI
5/13/2017,201705,59,,12,20,80,5,80,O3,SEDANG,DKI1 Bunderan HI
5/14/2017,201705,50,,12,20,76,3,76,O3,SEDANG,DKI1 Bunderan HI
5/15/2017,201705,20,,15,19,91,5,91,O3,SEDANG,DKI1 Bunderan HI
5/16/2017,201705,53,,11,21,78,6,78,O3,SEDANG,DKI1 Bunderan HI
5/17/2017,201705,60,,11,24,56,7,60,PM10,SEDANG,DKI1 Bunderan HI
5/18/2017,201705,56,,11,20,81,9,81,O3,SEDANG,DKI1 Bunderan HI
5/19/2017,201705,46,,11,23,85,7,85,O3,SEDANG,DKI1 Bunderan HI
5/20/2017,201705,59,,15,18,64,6,64,O3,SEDANG,DKI1 Bunderan HI
5/21/2017,201705,51,,14,19,53,3,53,O3,SEDANG,DKI1 Bunderan HI
5/22/2017,201705,35,,14,19,53,5,53,O3,SEDANG,DKI1 Bunderan HI
5/23/2017,201705,44,,13,21,85,11,85,O3,SEDANG,DKI1 Bunderan HI
5/24/2017,201705,61,,17,20,82,8,82,O3,SEDANG,DKI1 Bunderan HI
5/25/2017,201705,69,,14,19,87,4,87,O3,SEDANG,DKI1 Bunderan HI
5/26/2017,201705,54,,13,20,134,9,134,O3,TIDAK SEHAT,DKI1 Bunderan HI
5/27/2017,201705,69,,14,24,79,8,79,O3,SEDANG,DKI1 Bunderan HI
5/28/2017,201705,58,,15,16,65,4,65,O3,SEDANG,DKI1 Bunderan HI
5/29/2017,201705,36,,12,20,31,3,36,PM10,BAIK,DKI1 Bunderan HI
5/30/2017,201705,61,,18,23,29,3,61,PM10,SEDANG,DKI1 Bunderan HI
5/31/2017,201705,56,,15,17,26,3,56,PM10,SEDANG,DKI1 Bunderan HI
6/1/2017,201706,41,,11,20,23,3,41,PM10,BAIK,DKI1 Bunderan HI
6/2/2017,201706,53,,14,25,75,4,75,O3,SEDANG,DKI1 Bunderan HI
6/3/2017,201706,71,,15,21,75,4,75,O3,SEDANG,DKI1 Bunderan HI
6/4/2017,201706,42,,13,23,72,5,72,O3,SEDANG,DKI1 Bunderan HI
6/5/2017,201706,36,,12,28,55,5,55,O3,SEDANG,DKI1 Bunderan HI
6/6/2017,201706,31,,12,19,63,6,63,O3,SEDANG,DKI1 Bunderan HI
6/7/2017,201706,41,,16,18,32,4,41,PM10,BAIK,DKI1 Bunderan HI
6/8/2017,201706,38,,21,18,31,3,38,PM10,BAIK,DKI1 Bunderan HI
6/9/2017,201706,51,,20,17,47,3,51,PM10,SEDANG,DKI1 Bunderan HI
6/10/2017,201706,50,,13,20,77,4,77,O3,SEDANG,DKI1 Bunderan HI
6/11/2017,201706,57,,13,19,56,5,57,PM10,SEDANG,DKI1 Bunderan HI
6/12/2017,201706,52,,13,17,48,4,52,PM10,SEDANG,DKI1 Bunderan HI
6/13/2017,201706,54,,14,23,70,6,70,O3,SEDANG,DKI1 Bunderan HI
6/14/2017,201706,54,,12,20,49,7,54,PM10,SEDANG,DKI1 Bunderan HI
6/15/2017,201706,51,,13,20,44,5,51,PM10,SEDANG,DKI1 Bunderan HI
6/16/2017,201706,50,,16,18,32,2,50,PM10,BAIK,DKI1 Bunderan HI
6/17/2017,201706,42,,15,18,55,3,55,O3,SEDANG,DKI1 Bunderan HI
6/18/2017,201706,51,,12,24,67,3,67,O3,SEDANG,DKI1 Bunderan HI
6/19/2017,201706,34,,14,21,84,4,84,O3,SEDANG,DKI1 Bunderan HI
6/20/2017,201706,52,,17,18,63,7,63,O3,SEDANG,DKI1 Bunderan HI
6/21/2017,201706,63,,19,21,65,4,65,O3,SEDANG,DKI1 Bunderan HI
6/22/2017,201706,58,,17,29,36,4,58,PM10,SEDANG,DKI1 Bunderan HI
6/23/2017,201706,60,,18,27,40,4,60,PM10,SEDANG,DKI1 Bunderan HI
6/24/2017,201706,40,,14,19,30,2,40,PM10,BAIK,DKI1 Bunderan HI
6/25/2017,201706,55,,15,27,31,2,55,PM10,SEDANG,DKI1 Bunderan HI
6/26/2017,201706,12,,12,14,29,1,29,O3,BAIK,DKI1 Bunderan HI
6/27/2017,201706,20,,11,15,33,2,33,O3,BAIK,DKI1 Bunderan HI
6/28/2017,201706,28,,13,25,33,3,33,O3,BAIK,DKI1 Bunderan HI
6/29/2017,201706,33,,12,19,46,3,46,O3,BAIK,DKI1 Bunderan HI
6/30/2017,201706,29,,11,16,57,3,57,O3,SEDANG,DKI1 Bunderan HI
7/1/2017,201707,27,,13,22,42,3,42,O3,BAIK,DKI1 Bunderan HI
7/2/2017,201707,49,,14,18,39,3,49,PM10,BAIK,DKI1 Bunderan HI
7/3/2017,201707,45,,13,14,48,2,48,O3,BAIK,DKI1 Bunderan HI
7/4/2017,201707,35,,14,16,53,2,53,O3,SEDANG,DKI1 Bunderan HI
7/5/2017,201707,60,,13,18,80,6,80,O3,SEDANG,DKI1 Bunderan HI
7/6/2017,201707,49,,14,19,90,7,90,O3,SEDANG,DKI1 Bunderan HI
7/7/2017,201707,66,,16,21,141,7,141,O3,TIDAK SEHAT,DKI1 Bunderan HI
7/8/2017,201707,79,,17,28,94,6,94,O3,SEDANG,DKI1 Bunderan HI
7/9/2017,201707,38,,15,16,58,3,58,O3,SEDANG,DKI1 Bunderan HI
7/10/2017,201707,24,,13,19,54,5,54,O3,SEDANG,DKI1 Bunderan HI
7/11/2017,201707,30,,15,19,73,5,73,O3,SEDANG,DKI1 Bunderan HI
7/12/2017,201707,27,,14,19,74,5,74,O3,SEDANG,DKI1 Bunderan HI
7/13/2017,201707,37,,16,23,103,5,103,O3,TIDAK SEHAT,DKI1 Bunderan HI
7/14/2017,201707,45,,18,22,71,5,71,O3,SEDANG,DKI1 Bunderan HI
7/15/2017,201707,40,,17,22,45,5,45,O3,BAIK,DKI1 Bunderan HI
7/16/2017,201707,51,,16,21,69,4,69,O3,SEDANG,DKI1 Bunderan HI
7/17/2017,201707,38,,16,19,96,6,96,O3,SEDANG,DKI1 Bunderan HI
7/18/2017,201707,59,,18,26,97,7,97,O3,SEDANG,DKI1 Bunderan HI
7/19/2017,201707,86,,20,22,122,9,122,O3,TIDAK SEHAT,DKI1 Bunderan HI
7/20/2017,201707,53,,15,24,50,7,53,PM10,SEDANG,DKI1 Bunderan HI
7/21/2017,201707,43,,13,23,95,5,95,O3,SEDANG,DKI1 Bunderan HI
7/22/2017,201707,49,,17,23,77,9,77,O3,SEDANG,DKI1 Bunderan HI
7/23/2017,201707,45,,14,20,64,4,64,O3,SEDANG,DKI1 Bunderan HI
7/24/2017,201707,46,,13,25,82,5,82,O3,SEDANG,DKI1 Bunderan HI
7/25/2017,201707,48,,16,20,56,6,56,O3,SEDANG,DKI1 Bunderan HI
7/26/2017,201707,50,,19,19,76,5,76,O3,SEDANG,DKI1 Bunderan HI
7/27/2017,201707,50,,17,20,85,10,85,O3,SEDANG,DKI1 Bunderan HI
7/28/2017,201707,57,,16,20,70,9,70,O3,SEDANG,DKI1 Bunderan HI
7/29/2017,201707,38,,16,18,55,5,55,O3,SEDANG,DKI1 Bunderan HI
7/30/2017,201707,55,,15,24,87,5,87,O3,SEDANG,DKI1 Bunderan HI
7/31/2017,201707,48,,14,19,74,4,74,O3,SEDANG,DKI1 Bunderan HI
8/1/2017,201708,53,,17,18,74,6,74,O3,SEDANG,DKI1 Bunderan HI
8/2/2017,201708,46,,18,19,60,5,60,O3,SEDANG,DKI1 Bunderan HI
8/3/2017,201708,42,,17,18,80,7,80,O3,SEDANG,DKI1 Bunderan HI
8/4/2017,201708,52,,18,18,97,7,97,O3,SEDANG,DKI1 Bunderan HI
8/5/2017,201708,62,,18,19,90,7,90,O3,SEDANG,DKI1 Bunderan HI
8/6/2017,201708,61,,18,19,90,5,90,O3,SEDANG,DKI1 Bunderan HI
8/7/2017,201708,68,,19,18,59,6,68,PM10,SEDANG,DKI1 Bunderan HI
8/8/2017,201708,60,,21,19,85,6,85,O3,SEDANG,DKI1 Bunderan HI
8/9/2017,201708,56,,16,23,141,6,141,O3,TIDAK SEHAT,DKI1 Bunderan HI
8/10/2017,201708,34,,15,21,72,6,72,O3,SEDANG,DKI1 Bunderan HI
8/11/2017,201708,44,,15,21,92,5,92,O3,SEDANG,DKI1 Bunderan HI
8/12/2017,201708,56,,19,18,65,8,65,O3,SEDANG,DKI1 Bunderan HI
8/13/2017,201708,56,,16,18,56,3,56,PM10,SEDANG,DKI1 Bunderan HI
8/14/2017,201708,58,,15,25,118,5,118,O3,TIDAK SEHAT,DKI1 Bunderan HI
8/15/2017,201708,70,,16,23,102,6,102,O3,TIDAK SEHAT,DKI1 Bunderan HI
8/16/2017,201708,55,,18,19,92,5,92,O3,SEDANG,DKI1 Bunderan HI
8/17/2017,201708,39,,18,18,105,5,105,O3,TIDAK SEHAT,DKI1 Bunderan HI
8/18/2017,201708,5,,21,17,63,4,63,O3,SEDANG,DKI1 Bunderan HI
8/19/2017,201708,18,,17,16,49,3,49,O3,BAIK,DKI1 Bunderan HI
8/20/2017,201708,51,,16,15,83,4,83,O3,SEDANG,DKI1 Bunderan HI
8/21/2017,201708,52,,19,18,77,5,77,O3,SEDANG,DKI1 Bunderan HI
8/22/2017,201708,57,,19,19,112,6,112,O3,TIDAK SEHAT,DKI1 Bunderan HI
8/23/2017,201708,71,,19,21,59,5,71,PM10,SEDANG,DKI1 Bunderan HI
8/24/2017,201708,52,,19,18,63,4,63,O3,SEDANG,DKI1 Bunderan HI
8/25/2017,201708,53,,19,16,66,4,66,O3,SEDANG,DKI1 Bunderan HI
8/26/2017,201708,53,,25,19,58,4,58,O3,SEDANG,DKI1 Bunderan HI
8/27/2017,201708,62,,20,18,51,6,62,PM10,SEDANG,DKI1 Bunderan HI
8/28/2017,201708,56,,18,16,49,5,56,PM10,SEDANG,DKI1 Bunderan HI
8/29/2017,201708,61,,24,21,138,6,138,O3,TIDAK SEHAT,DKI1 Bunderan HI
8/30/2017,201708,56,,18,20,48,5,56,PM10,SEDANG,DKI1 Bunderan HI
8/31/2017,201708,51,,18,16,64,5,64,O3,SEDANG,DKI1 Bunderan HI
9/1/2017,201709,54,,17,16,75,6,75,O3,SEDANG,DKI1 Bunderan HI
9/2/2017,201709,56,,18,15,77,3,77,O3,SEDANG,DKI1 Bunderan HI
9/3/2017,201709,64,,18,19,70,5,70,O3,SEDANG,DKI1 Bunderan HI
9/4/2017,201709,63,,19,20,110,9,110,O3,TIDAK SEHAT,DKI1 Bunderan HI
9/5/2017,201709,52,,17,19,79,6,79,O3,SEDANG,DKI1 Bunderan HI
9/6/2017,201709,57,,17,19,57,4,57,PM10,SEDANG,DKI1 Bunderan HI
9/7/2017,201709,59,,20,16,50,3,59,PM10,SEDANG,DKI1 Bunderan HI
9/8/2017,201709,54,,20,16,72,3,72,O3,SEDANG,DKI1 Bunderan HI
9/9/2017,201709,55,,21,16,64,4,64,O3,SEDANG,DKI1 Bunderan HI
9/10/2017,201709,52,,18,17,86,4,86,O3,SEDANG,DKI1 Bunderan HI
9/11/2017,201709,56,,17,20,95,4,95,O3,SEDANG,DKI1 Bunderan HI
9/12/2017,201709,59,,16,20,61,5,61,O3,SEDANG,DKI1 Bunderan HI
9/13/2017,201709,59,,19,21,113,6,113,O3,TIDAK SEHAT,DKI1 Bunderan HI
9/14/2017,201709,68,,23,21,86,6,86,O3,SEDANG,DKI1 Bunderan HI
9/15/2017,201709,65,,20,21,88,6,88,O3,SEDANG,DKI1 Bunderan HI
9/16/2017,201709,59,,18,18,66,5,66,O3,SEDANG,DKI1 Bunderan HI
9/17/2017,201709,53,,19,15,78,3,78,O3,SEDANG,DKI1 Bunderan HI
9/19/2017,201709,57,,20,16,77,6,77,O3,SEDANG,DKI1 Bunderan HI
9/20/2017,201709,57,,18,17,63,5,63,O3,SEDANG,DKI1 Bunderan HI
9/21/2017,201709,55,,16,18,58,6,58,O3,SEDANG,DKI1 Bunderan HI
9/22/2017,201709,68,,19,18,127,9,127,O3,TIDAK SEHAT,DKI1 Bunderan HI
9/23/2017,201709,63,,20,21,137,7,137,O3,TIDAK SEHAT,DKI1 Bunderan HI
9/24/2017,201709,62,,19,20,88,5,88,O3,SEDANG,DKI1 Bunderan HI
9/25/2017,201709,60,,19,21,63,8,63,O3,SEDANG,DKI1 Bunderan HI
9/26/2017,201709,62,,19,24,53,5,62,PM10,SEDANG,DKI1 Bunderan HI
9/27/2017,201709,44,,17,20,22,3,44,PM10,BAIK,DKI1 Bunderan HI
9/28/2017,201709,60,,16,31,81,7,81,O3,SEDANG,DKI1 Bunderan HI
9/29/2017,201709,59,,17,22,55,9,59,PM10,SEDANG,DKI1 Bunderan HI
9/30/2017,201709,42,,17,20,56,4,56,O3,SEDANG,DKI1 Bunderan HI
10/1/2017,201710,52,,17,20,53,4,53,O3,SEDANG,DKI1 Bunderan HI
10/2/2017,201710,48,,17,26,47,4,48,PM10,BAIK,DKI1 Bunderan HI
10/3/2017,201710,50,,17,22,65,7,65,O3,SEDANG,DKI1 Bunderan HI
10/4/2017,201710,53,,17,20,62,6,62,O3,SEDANG,DKI1 Bunderan HI
10/5/2017,201710,60,,18,21,49,5,60,PM10,SEDANG,DKI1 Bunderan HI
10/6/2017,201710,48,,20,16,36,4,48,PM10,BAIK,DKI1 Bunderan HI
10/7/2017,201710,52,,17,20,82,4,82,O3,SEDANG,DKI1 Bunderan HI
10/8/2017,201710,39,,18,19,41,4,41,O3,BAIK,DKI1 Bunderan HI
10/9/2017,201710,53,,17,19,68,5,68,O3,SEDANG,DKI1 Bunderan HI
10/10/2017,201710,71,,17,30,55,6,71,PM10,SEDANG,DKI1 Bunderan HI
10/11/2017,201710,54,,19,20,77,5,77,O3,SEDANG,DKI1 Bunderan HI
10/12/2017,201710,46,,17,23,89,6,89,O3,SEDANG,DKI1 Bunderan HI
10/13/2017,201710,58,,18,29,125,7,125,O3,TIDAK SEHAT,DKI1 Bunderan HI
10/14/2017,201710,36,,18,19,107,5,107,O3,TIDAK SEHAT,DKI1 Bunderan HI
10/15/2017,201710,29,,19,15,95,4,95,O3,SEDANG,DKI1 Bunderan HI
10/16/2017,201710,36,,20,18,55,4,55,O3,SEDANG,DKI1 Bunderan HI
10/17/2017,201710,50,,18,22,120,6,120,O3,TIDAK SEHAT,DKI1 Bunderan HI
10/18/2017,201710,36,,20,21,115,6,115,O3,TIDAK SEHAT,DKI1 Bunderan HI
10/19/2017,201710,51,,17,23,44,5,51,PM10,SEDANG,DKI1 Bunderan HI
10/20/2017,201710,51,,17,24,96,6,96,O3,SEDANG,DKI1 Bunderan HI
10/21/2017,201710,73,,18,37,76,7,76,O3,SEDANG,DKI1 Bunderan HI
10/22/2017,201710,49,,18,21,64,3,64,O3,SEDANG,DKI1 Bunderan HI
10/23/2017,201710,52,,19,17,74,6,74,O3,SEDANG,DKI1 Bunderan HI
10/24/2017,201710,53,,19,25,95,5,95,O3,SEDANG,DKI1 Bunderan HI
10/25/2017,201710,55,,20,20,79,5,79,O3,SEDANG,DKI1 Bunderan HI
10/26/2017,201710,53,,20,19,46,4,53,PM10,SEDANG,DKI1 Bunderan HI
10/27/2017,201710,42,,22,18,91,8,91,O3,SEDANG,DKI1 Bunderan HI
10/28/2017,201710,42,,20,23,73,6,73,O3,SEDANG,DKI1 Bunderan HI
10/29/2017,201710,64,,19,33,66,6,66,O3,SEDANG,DKI1 Bunderan HI
10/30/2017,201710,58,,20,24,71,5,71,O3,SEDANG,DKI1 Bunderan HI
10/31/2017,201710,40,,19,21,67,5,67,O3,SEDANG,DKI1 Bunderan HI
11/1/2017,201711,40,,21,19,88,11,88,O3,SEDANG,DKI1 Bunderan HI
11/2/2017,201711,51,,23,19,136,6,136,O3,TIDAK SEHAT,DKI1 Bunderan HI
11/3/2017,201711,51,,21,19,105,8,105,O3,TIDAK SEHAT,DKI1 Bunderan HI
11/4/2017,201711,55,,21,20,87,5,87,O3,SEDANG,DKI1 Bunderan HI
11/5/2017,201711,64,,20,27,57,9,64,PM10,SEDANG,DKI1 Bunderan HI
11/6/2017,201711,32,,17,16,49,3,49,O3,BAIK,DKI1 Bunderan HI
11/7/2017,201711,37,,17,19,12,3,37,PM10,BAIK,DKI1 Bunderan HI
11/8/2017,201711,53,,19,27,43,5,53,PM10,SEDANG,DKI1 Bunderan HI
11/9/2017,201711,52,,19,21,56,4,56,O3,SEDANG,DKI1 Bunderan HI
11/10/2017,201711,50,,19,28,101,5,101,O3,TIDAK SEHAT,DKI1 Bunderan HI
11/11/2017,201711,56,,20,24,150,5,150,O3,TIDAK SEHAT,DKI1 Bunderan HI
11/12/2017,201711,44,,18,18,81,3,81,O3,SEDANG,DKI1 Bunderan HI
11/13/2017,201711,28,,18,21,60,4,60,O3,SEDANG,DKI1 Bunderan HI
11/14/2017,201711,52,,19,27,71,5,71,O3,SEDANG,DKI1 Bunderan HI
11/15/2017,201711,48,,19,22,102,5,102,O3,TIDAK SEHAT,DKI1 Bunderan HI
11/16/2017,201711,54,,26,27,125,6,125,O3,TIDAK SEHAT,DKI1 Bunderan HI
11/17/2017,201711,56.5,,24,32,102.5,5.5,32,CO,BAIK,DKI1 Bunderan HI
11/18/2017,201711,59,,22,27,80,5,80,O3,SEDANG,DKI1 Bunderan HI
11/19/2017,201711,46,,20,22,79,9,79,O3,SEDANG,DKI1 Bunderan HI
11/20/2017,201711,48,,21,20,128,5,128,O3,TIDAK SEHAT,DKI1 Bunderan HI
11/21/2017,201711,30,,20,19,141,5,141,O3,TIDAK SEHAT,DKI1 Bunderan HI
11/24/2017,201711,40,,19,17,18,2,40,PM10,BAIK,DKI1 Bunderan HI
11/25/2017,201711,27,,19,18,20,2,27,PM10,BAIK,DKI1 Bunderan HI
11/26/2017,201711,28,,20,15,18,2,28,PM10,BAIK,DKI1 Bunderan HI
11/27/2017,201711,20,,18,16,19,2,20,PM10,BAIK,DKI1 Bunderan HI
11/28/2017,201711,19,,18,16,21,2,21,O3,BAIK,DKI1 Bunderan HI
11/29/2017,201711,23,,19,16,28,3,28,O3,BAIK,DKI1 Bunderan HI
11/30/2017,201711,29,,21,23,18,4,29,PM10,BAIK,DKI1 Bunderan HI
12/1/2017,201712,27,,21,21,19,3,27,PM10,BAIK,DKI1 Bunderan HI
12/2/2017,201712,39,,20,18,20,3,39,PM10,BAIK,DKI1 Bunderan HI
12/3/2017,201712,33,,19,17,27,3,33,PM10,BAIK,DKI1 Bunderan HI
12/4/2017,201712,27,,20,15,25,2,27,PM10,BAIK,DKI1 Bunderan HI
12/5/2017,201712,30,,19,18,29,4,30,PM10,BAIK,DKI1 Bunderan HI
12/6/2017,201712,28,,20,19,78,6,78,O3,SEDANG,DKI1 Bunderan HI
12/7/2017,201712,35,,22,19,40,4,40,O3,BAIK,DKI1 Bunderan HI
12/11/2017,201712,25,,20,17,16,2,25,PM10,BAIK,DKI1 Bunderan HI
12/12/2017,201712,24,,20,25,21,2,25,CO,BAIK,DKI1 Bunderan HI
12/13/2017,201712,27,,19,24,16,1,27,PM10,BAIK,DKI1 Bunderan HI
12/14/2017,201712,10,,20,20,31,4,31,O3,BAIK,DKI1 Bunderan HI
12/16/2017,201712,51,,23,22,18,2,51,PM10,SEDANG,DKI1 Bunderan HI
12/17/2017,201712,33,,20,18,29,2,33,PM10,BAIK,DKI1 Bunderan HI
12/18/2017,201712,17,,23,17,25,2,25,O3,BAIK,DKI1 Bunderan HI
12/19/2017,201712,27,,21,19,31,4,31,O3,BAIK,DKI1 Bunderan HI
12/20/2017,201712,33,,21,18,30,3,33,PM10,BAIK,DKI1 Bunderan HI
12/21/2017,201712,30,,21,22,28,3,30,PM10,BAIK,DKI1 Bunderan HI
12/22/2017,201712,28,,20,26,25,3,28,PM10,BAIK,DKI1 Bunderan HI
12/23/2017,201712,34,,21,21,35,3,35,O3,BAIK,DKI1 Bunderan HI
12/24/2017,201712,24,,21,18,34,2,34,O3,BAIK,DKI1 Bunderan HI
12/25/2017,201712,20,,19,14,22,2,22,O3,BAIK,DKI1 Bunderan HI
12/26/2017,201712,16,,20,14,33,2,33,O3,BAIK,DKI1 Bunderan HI
12/27/2017,201712,22,,21,15,27,3,27,O3,BAIK,DKI1 Bunderan HI
12/28/2017,201712,31,,23,17,35,3,35,O3,BAIK,DKI1 Bunderan HI
12/29/2017,201712,35,,24,21,45,4,45,O3,BAIK,DKI1 Bunderan HI
12/30/2017,201712,49,,23,18,54,3,54,O3,SEDANG,DKI1 Bunderan HI
12/31/2017,201712,38,,23,21,30,4,38,PM10,BAIK,DKI1 Bunderan HI
4/12/2018,201812,64,,24,31,71,21,71,O3,SEDANG,DKI1 Bunderan HI
1/9/2019,201901,61,,22,28,198,21,198,O3,TIDAK SEHAT,DKI1 Bunderan HI
1/10/2019,201901,59,,22,27,128,18,128,O3,TIDAK SEHAT,DKI1 Bunderan HI
1/14/2019,201901,65,,25,32,99,18,99,O3,SEDANG,DKI1 Bunderan HI
1/17/2019,201901,56,,23,23,101,14,101,O3,TIDAK SEHAT,DKI1 Bunderan HI
1/18/2019,201901,27,,23,16,103,13,103,O3,TIDAK SEHAT,DKI1 Bunderan HI
1/19/2019,201901,44,,24,27,127,13,127,O3,TIDAK SEHAT,DKI1 Bunderan HI
1/26/2019,201901,63,,22,37,118,17,118,O3,TIDAK SEHAT,DKI1 Bunderan HI
1/30/2019,201901,47,,21,32,73,16,73,O3,SEDANG,DKI1 Bunderan HI
2/1/2019,201902,61,,20,47,93,12,93,O3,SEDANG,DKI1 Bunderan HI
2/8/2019,201902,63,,44,23,132,18,132,O3,TIDAK SEHAT,DKI1 Bunderan HI
2/9/2019,201902,59,,24,25,144,22,144,O3,TIDAK SEHAT,DKI1 Bunderan HI
7/7/2019,201907,63,,26,12,58,7,63,PM10,SEDANG,DKI1 Bunderan HI
1/1/2020,202001,30,,20,10,32,9,32,O3,BAIK,DKI1 Bunderan HI
1/2/2020,202001,27,,22,12,29,8,29,O3,BAIK,DKI1 Bunderan HI
1/3/2020,202001,39,,22,14,32,10,39,PM10,BAIK,DKI1 Bunderan HI
1/4/2020,202001,34,,22,14,38,10,38,O3,BAIK,DKI1 Bunderan HI
1/5/2020,202001,35,,22,12,31,9,35,PM10,BAIK,DKI1 Bunderan HI
1/6/2020,202001,46,,23,16,32,9,46,PM10,BAIK,DKI1 Bunderan HI
1/7/2020,202001,37,,23,26,33,11,37,PM10,BAIK,DKI1 Bunderan HI
1/8/2020,202001,41,,26,20,30,11,41,PM10,BAIK,DKI1 Bunderan HI
1/9/2020,202001,52,,23,29,24,12,52,PM10,SEDANG,DKI1 Bunderan HI
1/10/2020,202001,24,,24,18,25,8,25,O3,BAIK,DKI1 Bunderan HI
1/11/2020,202001,34,,31,25,23,8,34,PM10,BAIK,DKI1 Bunderan HI
1/11/2020,202011,49,,67,18,10,40,11,PM2.5,SEDANG,DKI1 Bunderan HI
1/12/2020,202001,27,,23,9,33,4,33,O3,BAIK,DKI1 Bunderan HI
1/13/2020,202001,33,,26,12,36,8,36,O3,BAIK,DKI1 Bunderan HI
1/14/2020,202001,34,,28,13,27,7,34,PM10,BAIK,DKI1 Bunderan HI
1/15/2020,202001,29,,22,13,36,8,36,O3,BAIK,DKI1 Bunderan HI
1/16/2020,202001,52,,60,19,30,8,60,SO2,SEDANG,DKI1 Bunderan HI
1/17/2020,202001,51,,34,21,74,20,74,O3,SEDANG,DKI1 Bunderan HI
1/18/2020,202001,37,,29,14,31,6,37,PM10,BAIK,DKI1 Bunderan HI
1/19/2020,202001,61,,34,36,58,15,61,PM10,SEDANG,DKI1 Bunderan HI
1/20/2020,202001,47,,30,15,33,9,47,PM10,BAIK,DKI1 Bunderan HI
1/21/2020,202001,30,,36,14,26,9,36,SO2,BAIK,DKI1 Bunderan HI
1/22/2020,202001,40,,36,18,28,15,40,PM10,BAIK,DKI1 Bunderan HI
1/23/2020,202001,41,,32.42857143,27,19,18,41,PM10,BAIK,DKI1 Bunderan HI
1/24/2020,202001,44,,28.85714286,24,16,13,44,PM10,BAIK,DKI1 Bunderan HI
1/25/2020,202001,27,,25.28571429,31,27,12,31,CO,BAIK,DKI1 Bunderan HI
1/26/2020,202001,44,,21.71428571,51,49,11,51,CO,SEDANG,DKI1 Bunderan HI
1/27/2020,202001,25,,18.14285714,21,39,13,39,O3,BAIK,DKI1 Bunderan HI
1/28/2020,202001,63,,14.57142857,27,40,17,63,PM10,SEDANG,DKI1 Bunderan HI
1/29/2020,202001,49,,11,23,38,19,49,PM10,BAIK,DKI1 Bunderan HI
1/30/2020,202001,38,,12,21,35,20,38,PM10,BAIK,DKI1 Bunderan HI
1/31/2020,202001,44,,10,22,25,16,44,PM10,BAIK,DKI1 Bunderan HI
2/1/2020,202002,29,,8,19,27,14,29,PM10,BAIK,DKI1 Bunderan HI
2/2/2020,202002,37,,10,24,28,12,37,PM10,BAIK,DKI1 Bunderan HI
2/3/2020,202002,39,,8,37,19,15,39,PM10,BAIK,DKI1 Bunderan HI
2/4/2020,202002,24,,8,29,21,14,29,CO,BAIK,DKI1 Bunderan HI
2/5/2020,202002,43,,8,30,29,12,43,PM10,BAIK,DKI1 Bunderan HI
2/6/2020,202002,50,,9,26,32,18,50,PM10,BAIK,DKI1 Bunderan HI
2/6/2020,202202,39,51,58,15,57,21,58,SO2,SEDANG,DKI1 Bunderan HI
2/7/2020,202002,51,51.00606061,19,28,25,16,51,PM10,SEDANG,DKI1 Bunderan HI
2/8/2020,202002,29,51.01212121,8,24,26,12,29,PM10,BAIK,DKI1 Bunderan HI
2/9/2020,202002,35,51.01818182,7,18,33,12,35,PM10,BAIK,DKI1 Bunderan HI
2/10/2020,202002,38,51.02424242,8,25,51,15,51,O3,SEDANG,DKI1 Bunderan HI
2/11/2020,202002,53,51.03030303,9,24,31,16,53,PM10,SEDANG,DKI1 Bunderan HI
2/11/2020,202011,23,51.03030303,27,15,3,32,5,O3,BAIK,DKI1 Bunderan HI
2/12/2020,202002,47,51.03636364,10,18,68,19,68,O3,SEDANG,DKI1 Bunderan HI
2/13/2020,202002,43,51.04242424,7,16,39,20,43,PM10,BAIK,DKI1 Bunderan HI
2/14/2020,202002,51,51.04848485,6,25,21,18,51,PM10,SEDANG,DKI1 Bunderan HI
2/15/2020,202002,60,51.05454545,7,51,53,17,60,PM10,SEDANG,DKI1 Bunderan HI
2/16/2020,202002,52,51.06060606,7,24,41,16,52,PM10,SEDANG,DKI1 Bunderan HI
2/17/2020,202002,24,51.06666667,5,18,28,12,28,O3,BAIK,DKI1 Bunderan HI
2/18/2020,202002,45,51.07272727,16,48,23,15,48,CO,BAIK,DKI1 Bunderan HI
2/19/2020,202002,38,51.07878788,8,27,17,11,38,PM10,BAIK,DKI1 Bunderan HI
2/20/2020,202002,30,51.08484848,5,16,20,13,30,PM10,BAIK,DKI1 Bunderan HI
2/21/2020,202002,35,51.09090909,11,15,22,14,35,PM10,BAIK,DKI1 Bunderan HI
2/22/2020,202002,31,51.0969697,8,16,30,13,31,PM10,BAIK,DKI1 Bunderan HI
2/23/2020,202002,28,51.1030303,5,5,29,9,29,O3,BAIK,DKI1 Bunderan HI
2/24/2020,202002,20,51.10909091,4,10,27,9,27,O3,BAIK,DKI1 Bunderan HI
2/25/2020,202002,19,51.11515152,5,14,25,13,25,O3,BAIK,DKI1 Bunderan HI
2/26/2020,202002,42,51.12121212,5,15,27,13,42,PM10,BAIK,DKI1 Bunderan HI
2/27/2020,202002,33,51.12727273,5,16,22,13,33,PM10,BAIK,DKI1 Bunderan HI
2/28/2020,202002,46,51.13333333,6,17,25,16,25,O3,BAIK,DKI1 Bunderan HI
2/29/2020,202002,59,51.13939394,7,40,18,13,59,PM10,SEDANG,DKI1 Bunderan HI
3/1/2020,202003,42,51.14545455,8,16,33,5,42,PM10,BAIK,DKI1 Bunderan HI
3/1/2020,202003,45,51.14545455,5,13,28,8,45,PM10,BAIK,DKI1 Bunderan HI
3/2/2020,202003,34,51.15151515,5,15,32,10,34,PM10,BAIK,DKI1 Bunderan HI
3/3/2020,202003,59,51.15757576,5,23,29,14,59,PM10,SEDANG,DKI1 Bunderan HI
3/3/2020,202003,55,51.15757576,8,25,33,8,55,PM10,SEDANG,DKI1 Bunderan HI
3/4/2020,202003,56,51.16363636,7,19,55,16,56,PM10,SEDANG,DKI1 Bunderan HI
3/4/2020,202003,71,51.16363636,16,47,54,12,71,PM10,SEDANG,DKI1 Bunderan HI
3/5/2020,202003,35,51.16969697,6,16,30,13,35,PM10,BAIK,DKI1 Bunderan HI
3/6/2020,202003,36,51.17575758,10,19,33,16,36,PM10,BAIK,DKI1 Bunderan HI
3/6/2020,202003,54,51.17575758,8,13,39,7,54,PM10,SEDANG,DKI1 Bunderan HI
3/7/2020,202003,37,51.18181818,7,17,28,17,37,PM10,BAIK,DKI1 Bunderan HI
3/8/2020,202003,45,51.18787879,7,16,39,11,45,PM10,BAIK,DKI1 Bunderan HI
3/9/2020,202003,39,51.19393939,6,12,19,11,39,PM10,BAIK,DKI1 Bunderan HI
3/9/2020,202003,45,51.19393939,16,20,35,11,45,PM10,BAIK,DKI1 Bunderan HI
3/10/2020,202003,50,51.2,16,15,35,4,50,PM10,BAIK,DKI1 Bunderan HI
3/11/2020,202003,40,51.20606061,5,15,38,13,40,PM10,BAIK,DKI1 Bunderan HI
3/11/2020,202011,43,51.20606061,64,19,6,53,10,PM2.5,SEDANG,DKI1 Bunderan HI
3/12/2020,202003,48,51.21212121,5,19,39,20,48,PM10,BAIK,DKI1 Bunderan HI
3/15/2020,202003,50,51.23030303,3,17,42,13,50,PM10,BAIK,DKI1 Bunderan HI
3/16/2020,202003,50,51.23636364,4,20,36,19,50,PM10,BAIK,DKI1 Bunderan HI
3/18/2020,202003,53,51.24848485,9,11,53,4,53,PM10,SEDANG,DKI1 Bunderan HI
3/19/2020,202003,73,51.25454545,22,27,37,9,73,PM10,SEDANG,DKI1 Bunderan HI
3/19/2020,202003,62,51.25454545,7,26,37,14,62,PM10,SEDANG,DKI1 Bunderan HI
3/19/2020,202003,62,51.25454545,22,36,43,7,62,PM10,SEDANG,DKI1 Bunderan HI
3/21/2020,202003,56,51.26666667,6,23,40,7,56,PM10,SEDANG,DKI1 Bunderan HI
3/21/2020,202003,43,51.26666667,6,15,37,17,43,PM10,BAIK,DKI1 Bunderan HI
3/24/2020,202003,78,51.28484848,6,15,63,2,78,PM10,SEDANG,DKI1 Bunderan HI
3/24/2020,202003,58,51.28484848,4,20,54,17,58,PM10,SEDANG,DKI1 Bunderan HI
3/24/2020,202003,71,51.28484848,17,22,70,6,71,PM10,SEDANG,DKI1 Bunderan HI
3/26/2020,202003,49,51.2969697,4,10,42,10,49,PM10,BAIK,DKI1 Bunderan HI
3/29/2020,202003,61,51.31515152,7,7,56,8,61,PM10,SEDANG,DKI1 Bunderan HI
3/29/2020,202003,74,51.31515152,18,36,73,8,74,PM10,SEDANG,DKI1 Bunderan HI
3/31/2020,202003,38,51.32727273,18,23,35,7,38,PM10,BAIK,DKI1 Bunderan HI
4/1/2020,202004,38,51.33333333,6,12,67,10,67,O3,SEDANG,DKI1 Bunderan HI
4/2/2020,202004,32,51.33939394,4,6,33,7,33,O3,BAIK,DKI1 Bunderan HI
4/3/2020,202004,30,51.34545455,5,4,33,5,33,O3,BAIK,DKI1 Bunderan HI
4/4/2020,202004,42,51.35151515,6,8,47,7,47,O3,BAIK,DKI1 Bunderan HI
4/5/2020,202004,50,51.35757576,4,6,63,8,63,O3,SEDANG,DKI1 Bunderan HI
4/6/2020,202004,45,51.36363636,4,8,37,9,45,PM10,BAIK,DKI1 Bunderan HI
4/7/2020,202004,26,51.36969697,3,11,35,9,35,O3,BAIK,DKI1 Bunderan HI
4/8/2020,202004,26,51.37575758,5,5,31,7,31,O3,BAIK,DKI1 Bunderan HI
4/9/2020,202004,36,51.38181818,3,5,27,10,36,PM10,BAIK,DKI1 Bunderan HI
4/10/2020,202004,50,51.38787879,2,7,71,10,71,O3,SEDANG,DKI1 Bunderan HI
4/11/2020,202004,48,51.39393939,2,6,88,6,88,O3,SEDANG,DKI1 Bunderan HI
4/11/2020,202011,42,51.39393939,62,20,5,59,12,PM2.5,SEDANG,DKI1 Bunderan HI
4/12/2020,202004,65,51.4,3,14,86,13,86,O3,SEDANG,DKI1 Bunderan HI
4/13/2020,202004,40,51.40606061,2,8,46,9,46,O3,BAIK,DKI1 Bunderan HI
4/14/2020,202004,48,51.41212121,4,8,51,10,51,O3,SEDANG,DKI1 Bunderan HI
4/15/2020,202004,40,51.41818182,2,8,46,11,46,O3,BAIK,DKI1 Bunderan HI
4/16/2020,202004,34,51.42424242,3,7,41,9,41,O3,BAIK,DKI1 Bunderan HI
4/17/2020,202004,43,51.43030303,2,8,54,9,54,O3,SEDANG,DKI1 Bunderan HI
4/18/2020,202004,43,51.43636364,4,5,72,7,72,O3,SEDANG,DKI1 Bunderan HI
4/19/2020,202004,59,51.44242424,5,7,87,9,87,O3,SEDANG,DKI1 Bunderan HI
4/20/2020,202004,60,51.44848485,3,6.666666667,73,7,73,O3,SEDANG,DKI1 Bunderan HI
4/21/2020,202004,46,51.45454545,4,6.333333333,35,10,46,PM10,BAIK,DKI1 Bunderan HI
4/22/2020,202004,74,51.46060606,14,6,47,11,74,PM10,SEDANG,DKI1 Bunderan HI
4/23/2020,202004,45,51.46666667,5,5,43,7,45,PM10,BAIK,DKI1 Bunderan HI
4/24/2020,202004,43,51.47272727,4,3,27,8,43,PM10,BAIK,DKI1 Bunderan HI
4/25/2020,202004,46,51.47878788,3,7,45,8,46,PM10,BAIK,DKI1 Bunderan HI
4/26/2020,202004,57,51.48484848,3,5,45,8,57,PM10,SEDANG,DKI1 Bunderan HI
4/27/2020,202004,36,51.49090909,1,4,71,8,71,O3,SEDANG,DKI1 Bunderan HI
4/28/2020,202004,49,51.4969697,2,7,45,13,49,PM10,BAIK,DKI1 Bunderan HI
4/29/2020,202004,53,51.5030303,4,6,52,11,53,PM10,SEDANG,DKI1 Bunderan HI
4/30/2020,202004,61,51.50909091,5,6,33,14,61,PM10,SEDANG,DKI1 Bunderan HI
5/1/2020,202005,47,51.51515152,2,9,38,10,47,PM10,BAIK,DKI1 Bunderan HI
5/2/2020,202005,32,51.52121212,2,12,29,9,32,PM10,BAIK,DKI1 Bunderan HI
5/3/2020,202005,52,51.52727273,5,11,35,9,52,PM10,SEDANG,DKI1 Bunderan HI
5/4/2020,202005,50,51.53333333,4,4,30,8,50,PM10,BAIK,DKI1 Bunderan HI
5/5/2020,202005,51,51.53939394,7,7,34,9,51,PM10,SEDANG,DKI1 Bunderan HI
5/6/2020,202005,44,51.54545455,4,4,29,7,44,PM10,BAIK,DKI1 Bunderan HI
5/7/2020,202005,50,51.55151515,4,3,48,9,50,PM10,BAIK,DKI1 Bunderan HI
5/8/2020,202005,60,51.55757576,4,4,60,10,60,PM10,SEDANG,DKI1 Bunderan HI
5/9/2020,202005,56,51.56363636,4,3,34,12,56,PM10,SEDANG,DKI1 Bunderan HI
5/10/2020,202005,64,51.56969697,5,3,44,12,64,PM10,SEDANG,DKI1 Bunderan HI
5/11/2020,202005,44,51.57575758,2,4,47,8,47,O3,BAIK,DKI1 Bunderan HI
5/11/2020,202011,51,51.57575758,70,17,11,50,19,PM2.5,SEDANG,DKI1 Bunderan HI
5/12/2020,202005,47,51.58181818,3,4,62,10,62,O3,SEDANG,DKI1 Bunderan HI
5/13/2020,202005,54,51.58787879,2,3,38,8,54,PM10,SEDANG,DKI1 Bunderan HI
5/14/2020,202005,56,51.59393939,7,9,42,9,56,PM10,SEDANG,DKI1 Bunderan HI
5/15/2020,202005,60,51.6,7,7,40,9,60,PM10,SEDANG,DKI1 Bunderan HI
5/16/2020,202005,58,51.60606061,6,8,57,8,58,PM10,SEDANG,DKI1 Bunderan HI
5/17/2020,202005,60,51.61212121,6,8,83,7,83,O3,SEDANG,DKI1 Bunderan HI
5/18/2020,202005,54,51.61818182,4,6,43,10,54,PM10,SEDANG,DKI1 Bunderan HI
5/19/2020,202005,30,51.62424242,8,8,59,13,59,O3,SEDANG,DKI1 Bunderan HI
5/20/2020,202005,50,51.63030303,12,10,34,8,50,PM10,BAIK,DKI1 Bunderan HI
5/21/2020,202005,27,51.63636364,7,7,49,9,49,O3,BAIK,DKI1 Bunderan HI
5/22/2020,202005,58,51.64242424,8,7,42,8,58,PM10,SEDANG,DKI1 Bunderan HI
5/23/2020,202005,42,51.64848485,3,10,52,8,52,O3,SEDANG,DKI1 Bunderan HI
5/24/2020,202005,41,51.65454545,3,8,43,5,43,O3,BAIK,DKI1 Bunderan HI
5/25/2020,202005,26,51.66060606,2,4,27,5,27,O3,BAIK,DKI1 Bunderan HI
5/26/2020,202005,32,51.66666667,4,5,29,8,32,PM10,BAIK,DKI1 Bunderan HI
5/27/2020,202005,22,51.67272727,4,4,65,8,65,O3,SEDANG,DKI1 Bunderan HI
5/28/2020,202005,44,51.67878788,5,6,90,16,90,O3,SEDANG,DKI1 Bunderan HI
5/29/2020,202005,58,51.68484848,8,6,74,12,74,O3,SEDANG,DKI1 Bunderan HI
5/30/2020,202005,52,51.69090909,16,7,41,10,52,PM10,SEDANG,DKI1 Bunderan HI
5/31/2020,202005,48,51.6969697,14,7,46,9,48,PM10,BAIK,DKI1 Bunderan HI
6/1/2020,202006,50,51.7030303,14,10,45,9,50,PM10,BAIK,DKI1 Bunderan HI
6/2/2020,202006,44,51.70909091,14,7,37,8,44,PM10,BAIK,DKI1 Bunderan HI
6/3/2020,202006,41,51.71515152,14,4,31,8,41,PM10,BAIK,DKI1 Bunderan HI
6/4/2020,202006,45,51.72121212,18,4,28,8,45,PM10,BAIK,DKI1 Bunderan HI
6/5/2020,202006,56,51.72727273,18,6,60,12,60,O3,SEDANG,DKI1 Bunderan HI
6/6/2020,202006,69,51.73333333,18,7,74,13,74,O3,SEDANG,DKI1 Bunderan HI
6/6/2020,202006,55,51.73333333,16,5,65,9,65,O3,SEDANG,DKI1 Bunderan HI
6/6/2020,202006,59,51.73333333,15,5,33,10,59,PM10,SEDANG,DKI1 Bunderan HI
6/6/2020,202006,58,51.73333333,14,6,41,12,58,PM10,SEDANG,DKI1 Bunderan HI
6/6/2020,202006,67,51.73333333,16,10,34,10,67,PM10,SEDANG,DKI1 Bunderan HI
6/6/2020,202006,63,51.73333333,16,6,40,10,63,PM10,SEDANG,DKI1 Bunderan HI
6/6/2020,202006,49,51.73333333,15,6,58,13,58,O3,SEDANG,DKI1 Bunderan HI
6/6/2020,202006,60,51.73333333,16,6,61,10,61,O3,SEDANG,DKI1 Bunderan HI
6/6/2020,202006,60,51.73333333,15,6,61,12,61,O3,SEDANG,DKI1 Bunderan HI
6/6/2020,202006,70,51.73333333,13,8,54,13,70,PM10,SEDANG,DKI1 Bunderan HI
6/6/2020,202006,67,51.73333333,16,8,35,11,67,PM10,SEDANG,DKI1 Bunderan HI
6/6/2020,202006,56,51.73333333,15,5,49,8,56,PM10,SEDANG,DKI1 Bunderan HI
6/6/2020,202006,60,51.73333333,17,6,56,9,60,PM10,SEDANG,DKI1 Bunderan HI
6/6/2020,202006,57,51.73333333,15,6,47,11,57,PM10,SEDANG,DKI1 Bunderan HI
6/6/2020,202006,61,51.73333333,17,12,67,17,67,O3,SEDANG,DKI1 Bunderan HI
6/6/2020,202006,63,51.73333333,16,6,61,10,63,PM10,SEDANG,DKI1 Bunderan HI
6/6/2020,202006,67,51.73333333,20,6,34,11,67,PM10,SEDANG,DKI1 Bunderan HI
6/6/2020,202006,53,51.73333333,18,7,41,15,53,PM10,SEDANG,DKI1 Bunderan HI
6/6/2020,202006,53,51.73333333,15,7,77,11,77,O3,SEDANG,DKI1 Bunderan HI
6/6/2020,202006,76,51.73333333,19,13,64,23,76,PM10,SEDANG,DKI1 Bunderan HI
6/6/2020,202006,70,51.73333333,18,10,61,19,70,PM10,SEDANG,DKI1 Bunderan HI
6/6/2020,202006,65,51.73333333,20,6,42,14,65,PM10,SEDANG,DKI1 Bunderan HI
6/6/2020,202006,72,51.73333333,21,6,47,11,72,PM10,SEDANG,DKI1 Bunderan HI
6/6/2020,202006,68,51.73333333,20,5,57,11,68,PM10,SEDANG,DKI1 Bunderan HI
6/6/2020,202006,75,51.73333333,20,6,53,15,75,PM10,SEDANG,DKI1 Bunderan HI
6/11/2020,202011,79,51.76363636,106,23,13,49,20,PM2.5,TIDAK SEHAT,DKI1 Bunderan HI
7/1/2020,202007,69,51.88484848,18,6,65,11,69,PM10,SEDANG,DKI1 Bunderan HI
7/2/2020,202007,68,51.89090909,17,7,47,11,68,PM10,SEDANG,DKI1 Bunderan HI
7/3/2020,202007,54,51.8969697,18,7,32,9,54,PM10,SEDANG,DKI1 Bunderan HI
7/4/2020,202007,70,51.9030303,18,8,43,12,70,PM10,SEDANG,DKI1 Bunderan HI
7/5/2020,202007,63,51.90909091,20,5,40,9,63,PM10,SEDANG,DKI1 Bunderan HI
7/6/2020,202007,58,51.91515152,21,7,39,12,58,PM10,SEDANG,DKI1 Bunderan HI
7/7/2020,202007,53,51.92121212,22,6,33,12,53,PM10,SEDANG,DKI1 Bunderan HI
7/8/2020,202007,60,51.92727273,20,6,59,15,60,PM10,SEDANG,DKI1 Bunderan HI
7/9/2020,202007,54,51.93333333,16,8,67,12,67,O3,SEDANG,DKI1 Bunderan HI
7/10/2020,202007,62,51.93939394,19,8,80,17,80,O3,SEDANG,DKI1 Bunderan HI
7/11/2020,202007,73,51.94545455,17,9,47,16,73,PM10,SEDANG,DKI1 Bunderan HI
7/11/2020,202011,61,51.94545455,85,19,14,45,25,PM2.5,SEDANG,DKI1 Bunderan HI
7/12/2020,202007,62,51.95151515,17,6,60,9,62,PM10,SEDANG,DKI1 Bunderan HI
7/13/2020,202007,61,51.95757576,19,5,44,10,61,PM10,SEDANG,DKI1 Bunderan HI
7/14/2020,202007,64,51.96363636,21,6,55,16,64,PM10,SEDANG,DKI1 Bunderan HI
7/15/2020,202007,57,51.96969697,16,6,31,12,57,PM10,SEDANG,DKI1 Bunderan HI
7/16/2020,202007,48,51.97575758,19,5,24,11,48,PM10,BAIK,DKI1 Bunderan HI
7/17/2020,202007,56,51.98181818,24,7,39,10,56,PM10,SEDANG,DKI1 Bunderan HI
7/18/2020,202007,55,51.98787879,21,7,54,15,55,PM10,SEDANG,DKI1 Bunderan HI
7/19/2020,202007,68,51.99393939,17,6,66,10,68,PM10,SEDANG,DKI1 Bunderan HI
7/20/2020,202007,66,52,16,8,77,12,77,O3,SEDANG,DKI1 Bunderan HI
7/21/2020,202007,59,52.00606061,19,8,58,12,59,PM10,SEDANG,DKI1 Bunderan HI
7/22/2020,202007,56,52.01212121,16,6,49,15,56,PM10,SEDANG,DKI1 Bunderan HI
7/23/2020,202007,62,52.01818182,16,7,85,11,85,O3,SEDANG,DKI1 Bunderan HI
7/24/2020,202007,60,52.02424242,18,7,56,13,60,PM10,SEDANG,DKI1 Bunderan HI
7/25/2020,202007,64,52.03030303,18,7,60,11,64,PM10,SEDANG,DKI1 Bunderan HI
7/26/2020,202007,59,52.03636364,19,5,45,10,59,PM10,SEDANG,DKI1 Bunderan HI
7/27/2020,202007,58,52.04242424,21,6,56,11,58,PM10,SEDANG,DKI1 Bunderan HI
7/28/2020,202007,68,52.04848485,20,7,89,14,89,O3,SEDANG,DKI1 Bunderan HI
7/29/2020,202007,66,52.05454545,19,7,107,14,107,O3,TIDAK SEHAT,DKI1 Bunderan HI
7/30/2020,202007,68,52.06060606,17,7,104,12,104,O3,TIDAK SEHAT,DKI1 Bunderan HI
7/31/2020,202007,56,52.06666667,19,7,62,14,62,O3,SEDANG,DKI1 Bunderan HI
8/1/2020,202008,65,52.07272727,18,7,84,13,84,O3,SEDANG,DKI1 Bunderan HI
8/2/2020,202008,75,52.07878788,17,11,77,15,77,O3,SEDANG,DKI1 Bunderan HI
8/3/2020,202008,71,52.08484848,18,9,65,11,71,PM10,SEDANG,DKI1 Bunderan HI
8/4/2020,202008,61,52.09090909,19,5,61,11,61,PM10,SEDANG,DKI1 Bunderan HI
8/5/2020,202008,67,52.0969697,20,7,70,12,70,O3,SEDANG,DKI1 Bunderan HI
8/6/2020,202008,70,52.1030303,23,6,55,16,70,PM10,SEDANG,DKI1 Bunderan HI
8/7/2020,202008,65,52.10909091,19,6,72,12,72,O3,SEDANG,DKI1 Bunderan HI
8/8/2020,202008,64,52.11515152,18,6,58,14,64,PM10,SEDANG,DKI1 Bunderan HI
8/9/2020,202008,54,52.12121212,15,6,65,12,65,O3,SEDANG,DKI1 Bunderan HI
8/10/2020,202008,58,52.12727273,18,5,47,11,58,PM10,SEDANG,DKI1 Bunderan HI
8/11/2020,202008,60,52.13333333,20,5,34,10,60,PM10,SEDANG,DKI1 Bunderan HI
8/11/2020,202011,60,52.13333333,85,16,17,57,14,PM2.5,SEDANG,DKI1 Bunderan HI
8/12/2020,202008,68,52.13939394,19,14,49,17,68,PM10,SEDANG,DKI1 Bunderan HI
8/13/2020,202008,53,52.14545455,16,7,41,12,53,PM10,SEDANG,DKI1 Bunderan HI
8/14/2020,202008,40,52.15151515,16,8,43,16,43,O3,BAIK,DKI1 Bunderan HI
8/15/2020,202008,58,52.15757576,18,10,29,12,58,PM10,SEDANG,DKI1 Bunderan HI
8/16/2020,202008,50,52.16363636,19,4,44,10,50,PM10,BAIK,DKI1 Bunderan HI
8/17/2020,202008,52,52.16969697,16,7,52,10,52,PM10,SEDANG,DKI1 Bunderan HI
8/18/2020,202008,52,52.17575758,17,10,66,13,66,O3,SEDANG,DKI1 Bunderan HI
8/19/2020,202008,65,52.18181818,18,15,39,18,65,PM10,SEDANG,DKI1 Bunderan HI
8/20/2020,202008,54,52.18787879,17,6,40,13,54,PM10,SEDANG,DKI1 Bunderan HI
8/21/2020,202008,46,52.19393939,18,3,41,9,46,PM10,BAIK,DKI1 Bunderan HI
8/22/2020,202008,58,52.2,21,5,42,11,58,PM10,SEDANG,DKI1 Bunderan HI
8/23/2020,202008,63,52.20606061,22,7,53,13,63,PM10,SEDANG,DKI1 Bunderan HI
8/24/2020,202008,55,52.21212121,18,5,44,11,55,PM10,SEDANG,DKI1 Bunderan HI
8/25/2020,202008,57,52.21818182,20,7,53,14,57,PM10,SEDANG,DKI1 Bunderan HI
8/26/2020,202008,52,52.22424242,20,5,66,11,66,O3,SEDANG,DKI1 Bunderan HI
8/27/2020,202008,55,52.23030303,18,5,52,11,55,PM10,SEDANG,DKI1 Bunderan HI
8/28/2020,202008,57,52.23636364,19,5,48,16,57,PM10,SEDANG,DKI1 Bunderan HI
8/29/2020,202008,59,52.24242424,20,4,54,8,59,PM10,SEDANG,DKI1 Bunderan HI
8/30/2020,202008,56,52.24848485,19,4,58,6,58,O3,SEDANG,DKI1 Bunderan HI
8/31/2020,202008,57,52.25454545,20,6,68,14,68,O3,SEDANG,DKI1 Bunderan HI
9/1/2020,202009,63,52.26060606,20,6,60,11,84,PM2.5,SEDANG,DKI1 Bunderan HI
9/2/2020,202009,57,52.26666667,18,6,81,13,85,PM2.5,SEDANG,DKI1 Bunderan HI
9/3/2020,202009,58,52.27272727,18,8,65,13,85,PM2.5,SEDANG,DKI1 Bunderan HI
9/4/2020,202009,48,52.27878788,19,5,44,9,64,PM2.5,SEDANG,DKI1 Bunderan HI
9/5/2020,202009,50,52.28484848,17,5,88,12,88,O3,SEDANG,DKI1 Bunderan HI
9/6/2020,202009,59,52.29090909,17,7,84,12,92,PM2.5,SEDANG,DKI1 Bunderan HI
9/7/2020,202009,58.5,52.2969697,23,6,64,12,89,PM2.5,SEDANG,DKI1 Bunderan HI
9/8/2020,202009,58,52.3030303,22,5,47,12,81,PM2.5,SEDANG,DKI1 Bunderan HI
9/9/2020,202009,56,52.30909091,22,4,39,9,80,PM2.5,SEDANG,DKI1 Bunderan HI
9/10/2020,202009,56,52.31515152,18,6,78,13,80,PM2.5,SEDANG,DKI1 Bunderan HI
9/11/2020,202009,68,52.32121212,18,7,70,22,97,PM2.5,SEDANG,DKI1 Bunderan HI
9/11/2020,202011,62,52.32121212,95,20,13,57,18,PM2.5,SEDANG,DKI1 Bunderan HI
9/12/2020,202009,59,52.32727273,18,7,99,18,99,O3,SEDANG,DKI1 Bunderan HI
9/13/2020,202009,60,52.33333333,18,7,86,11,86,O3,SEDANG,DKI1 Bunderan HI
9/14/2020,202009,57,52.33939394,18,6,58,11,86,PM2.5,SEDANG,DKI1 Bunderan HI
9/15/2020,202009,55,52.34545455,16,6,69,12,76,PM2.5,SEDANG,DKI1 Bunderan HI
9/16/2020,202009,57,52.35151515,16,7,59,14,77,PM2.5,SEDANG,DKI1 Bunderan HI
9/17/2020,202009,45,52.35757576,18,4,49,10,68,PM2.5,SEDANG,DKI1 Bunderan HI
9/18/2020,202009,52,52.36363636,19,4,42,10,71,PM2.5,SEDANG,DKI1 Bunderan HI
9/19/2020,202009,60,52.36969697,22,5,68,11,86,PM2.5,SEDANG,DKI1 Bunderan HI
9/20/2020,202009,44,52.37575758,19,3,35,6,56,PM2.5,SEDANG,DKI1 Bunderan HI
9/21/2020,202009,46,52.38181818,18,8,64,9,64,O3,SEDANG,DKI1 Bunderan HI
9/22/2020,202009,37,52.38787879,15,6,82,11,82,O3,SEDANG,DKI1 Bunderan HI
9/23/2020,202009,54,52.39393939,20,7,78,12,78,O3,SEDANG,DKI1 Bunderan HI
9/24/2020,202009,57,52.4,17,6,82,14,82,O3,SEDANG,DKI1 Bunderan HI
9/25/2020,202009,62,52.40606061,19,6,65,11,91,PM2.5,SEDANG,DKI1 Bunderan HI
9/26/2020,202009,69,52.41212121,19,10,91,14,103,PM2.5,TIDAK SEHAT,DKI1 Bunderan HI
9/27/2020,202009,61,52.41818182,17,11,77,13,87,PM2.5,SEDANG,DKI1 Bunderan HI
9/28/2020,202009,42,52.42424242,16,5,70,10,70,O3,SEDANG,DKI1 Bunderan HI
9/29/2020,202009,52,52.43030303,19,6,66,11,72,PM2.5,SEDANG,DKI1 Bunderan HI
9/30/2020,202009,55,52.43636364,19,6,47,11,76,PM2.5,SEDANG,DKI1 Bunderan HI
10/1/2020,202010,50,52.44242424,19,4,50,10,72,PM2.5,SEDANG,DKI1 Bunderan HI
10/2/2020,202010,53,52.44848485,22,6,69,12,69,O3,SEDANG,DKI1 Bunderan HI
10/3/2020,202010,50,52.45454545,17,9,71,14,71,O3,SEDANG,DKI1 Bunderan HI
10/4/2020,202010,53,52.46060606,18,8,75,16,75,PM2.5,SEDANG,DKI1 Bunderan HI
10/5/2020,202010,40,52.46666667,16,5,95,10,95,O3,SEDANG,DKI1 Bunderan HI
10/6/2020,202010,42,52.47272727,17,5,70,11,70,O3,SEDANG,DKI1 Bunderan HI
10/7/2020,202010,52,52.47878788,20,5,68,13,68,O3,SEDANG,DKI1 Bunderan HI
10/8/2020,202010,46,52.48484848,20,5,83,11,83,O3,SEDANG,DKI1 Bunderan HI
10/9/2020,202010,60,52.49090909,18,7,87,14,99,PM2.5,SEDANG,DKI1 Bunderan HI
10/10/2020,202010,53,52.4969697,17,7,60,11,74,PM2.5,SEDANG,DKI1 Bunderan HI
10/11/2020,202010,44,52.5030303,18,6,74,11,74,O3,SEDANG,DKI1 Bunderan HI
10/11/2020,202011,62,52.5030303,92,18,8,53,16,PM2.5,SEDANG,DKI1 Bunderan HI
10/12/2020,202010,57,52.50909091,19,7,86,16,86,O3,SEDANG,DKI1 Bunderan HI
10/13/2020,202010,61,52.51515152,21,9,75,11,91,PM2.5,SEDANG,DKI1 Bunderan HI
10/14/2020,202010,63,52.52121212,18,8,63,20,93,PM2.5,SEDANG,DKI1 Bunderan HI
10/15/2020,202010,60,52.52727273,20,7,70,17,91,PM2.5,SEDANG,DKI1 Bunderan HI
10/16/2020,202010,56,52.53333333,19,7,76,20,80,PM2.5,SEDANG,DKI1 Bunderan HI
10/17/2020,202010,51,52.53939394,17,9,61,22,70,PM2.5,SEDANG,DKI1 Bunderan HI
10/18/2020,202010,50,52.54545455,16,7,51,14,72,PM2.5,SEDANG,DKI1 Bunderan HI
10/19/2020,202010,54,52.55151515,16,7,60,11,76,PM2.5,SEDANG,DKI1 Bunderan HI
10/20/2020,202010,54,52.55757576,18,11,43,15,83,PM2.5,SEDANG,DKI1 Bunderan HI
10/21/2020,202010,57,52.56363636,18,11,71,15,78,PM2.5,SEDANG,DKI1 Bunderan HI
10/22/2020,202010,48,52.56969697,17,10,44,13,61,PM2.5,SEDANG,DKI1 Bunderan HI
10/23/2020,202010,26,52.57575758,15,3,23,7,36,PM2.5,BAIK,DKI1 Bunderan HI
10/24/2020,202010,47,52.58181818,23,6,61,11,69,PM2.5,SEDANG,DKI1 Bunderan HI
10/25/2020,202010,39,52.58787879,17,7,48,11,61,PM2.5,SEDANG,DKI1 Bunderan HI
10/26/2020,202010,41,52.59393939,18,8,77,20,77,O3,SEDANG,DKI1 Bunderan HI
10/27/2020,202010,40,52.6,16,9,77,15,77,O3,SEDANG,DKI1 Bunderan HI
10/28/2020,202010,55,52.60606061,18,18,60,16,75,PM2.5,SEDANG,DKI1 Bunderan HI
10/29/2020,202010,51,52.61212121,17,7,40,14,70,PM2.5,SEDANG,DKI1 Bunderan HI
10/30/2020,202010,52,52.61818182,18,5,35,9,73,PM2.5,SEDANG,DKI1 Bunderan HI
10/31/2020,202010,35,52.62424242,20,3,48,8,54,PM2.5,SEDANG,DKI1 Bunderan HI
11/11/2020,202011,61,52.69090909,97,20,10,62,20,PM2.5,SEDANG,DKI1 Bunderan HI
12/1/2020,202012,22,52.81212121,17,4,19,8,26,PM2.5,BAIK,DKI1 Bunderan HI
12/2/2020,202012,25,52.81818182,18,4,28,7,48,PM2.5,BAIK,DKI1 Bunderan HI
12/3/2020,202012,29,52.82424242,19,8,48,14,48,O3,BAIK,DKI1 Bunderan HI
12/4/2020,202012,39,52.83030303,29,8,52,17,58,PM2.5,SEDANG,DKI1 Bunderan HI
12/5/2020,202012,28,52.83636364,22,7,34,11,34,O3,BAIK,DKI1 Bunderan HI
12/6/2020,202012,31,52.84242424,22,7,30,9,50,PM2.5,BAIK,DKI1 Bunderan HI
12/7/2020,202012,25,52.84848485,22,6,18,9,31,PM2.5,BAIK,DKI1 Bunderan HI
12/8/2020,202012,36,52.85454545,31,8,23,8,52,PM2.5,SEDANG,DKI1 Bunderan HI
12/9/2020,202012,32,52.86060606,22,5,25,8,46,PM2.5,BAIK,DKI1 Bunderan HI
12/10/2020,202012,32,52.86666667,30,4,25,7,48,PM2.5,BAIK,DKI1 Bunderan HI
12/11/2020,202011,53,52.87272727,80,20,6,49,23,PM2.5,SEDANG,DKI1 Bunderan HI
12/11/2020,202012,32,52.87272727,24,9,21,12,49,PM2.5,BAIK,DKI1 Bunderan HI
12/12/2020,202012,23,52.87878788,19,6,29,10,33,PM2.5,BAIK,DKI1 Bunderan HI
12/13/2020,202012,29,52.88484848,20,5,29,6,41,PM2.5,BAIK,DKI1 Bunderan HI
12/14/2020,202012,25,52.89090909,18,4,29,9,32,PM2.5,BAIK,DKI1 Bunderan HI
12/15/2020,202012,26,52.8969697,18,6,24,8,34,PM2.5,BAIK,DKI1 Bunderan HI
12/16/2020,202012,21,52.9030303,17,5,19,7,35,PM2.5,BAIK,DKI1 Bunderan HI
12/17/2020,202012,24,52.90909091,21,5,30,7,37,PM2.5,BAIK,DKI1 Bunderan HI
12/18/2020,202012,25,52.91515152,19,5,25,8,34,PM2.5,BAIK,DKI1 Bunderan HI
12/19/2020,202012,27,52.92121212,19,6,24,9,49,PM2.5,BAIK,DKI1 Bunderan HI
12/20/2020,202012,37,52.92727273,20,9,19,8,49,PM2.5,BAIK,DKI1 Bunderan HI
12/21/2020,202012,17,52.93333333,17,4,14,5,20,PM2.5,BAIK,DKI1 Bunderan HI
12/22/2020,202012,23,52.93939394,19,6,16,10,39,PM2.5,BAIK,DKI1 Bunderan HI
12/23/2020,202012,43,52.94545455,26,7,26,13,62,PM2.5,SEDANG,DKI1 Bunderan HI
12/24/2020,202012,40,52.95151515,26,8,31,8,62,PM2.5,SEDANG,DKI1 Bunderan HI
12/25/2020,202012,23,52.95757576,23,4,25,5,38,PM2.5,BAIK,DKI1 Bunderan HI
12/26/2020,202012,23,52.96363636,26,3,30,6,35,PM2.5,BAIK,DKI1 Bunderan HI
12/27/2020,202012,24,52.96969697,26,5,35,5,44,PM2.5,BAIK,DKI1 Bunderan HI
12/28/2020,202012,26,52.97575758,27,4,33,8,44,PM2.5,BAIK,DKI1 Bunderan HI
12/29/2020,202012,21,52.98181818,23,5,28,6,28,O3,BAIK,DKI1 Bunderan HI
12/30/2020,202012,19,52.98787879,22,4,25,7,30,PM2.5,BAIK,DKI1 Bunderan HI
12/31/2020,202012,26,52.99393939,25,8,29,10,39,PM2.5,BAIK,DKI1 Bunderan HI
1/1/2021,202101,38,53,29,6,31,13,53,PM2.5,SEDANG,DKI1 Bunderan HI
1/2/2021,202101,27,46,27,7,47,7,47,O3,BAIK,DKI1 Bunderan HI
1/3/2021,202101,44,58,25,7,40,13,58,PM2.5,SEDANG,DKI1 Bunderan HI
1/4/2021,202101,30,48,24,4,32,7,48,PM2.5,BAIK,DKI1 Bunderan HI
1/5/2021,202101,38,53,24,6,31,9,53,PM2.5,SEDANG,DKI1 Bunderan HI
1/6/2021,202101,41,58,23,13,46,13,58,PM2.5,SEDANG,DKI1 Bunderan HI
1/7/2021,202101,35,47,22,6,39,10,47,PM2.5,BAIK,DKI1 Bunderan HI
1/8/2021,202101,37,54,26,16,17,10,54,PM2.5,SEDANG,DKI1 Bunderan HI
1/9/2021,202101,47,61,16,27,22,12,61,PM2.5,SEDANG,DKI1 Bunderan HI
1/10/2021,202101,23,25,16,11,33,8,33,O3,BAIK,DKI1 Bunderan HI
1/11/2021,202101,38,54,17,14,27,10,54,PM2.5,SEDANG,DKI1 Bunderan HI
1/12/2021,202101,29,50,20,12,26,15,50,PM2.5,BAIK,DKI1 Bunderan HI
1/13/2021,202101,34,44,17,13,20,9,44,PM2.5,BAIK,DKI1 Bunderan HI
1/14/2021,202101,36,57,15,15,26,13,57,PM2.5,SEDANG,DKI1 Bunderan HI
1/15/2021,202101,42,62,14,15,32,12,62,PM2.5,SEDANG,DKI1 Bunderan HI
1/16/2021,202101,52,73,15,17,25,14,73,PM2.5,SEDANG,DKI1 Bunderan HI
1/17/2021,202101,52,71,17,15,26,14,71,PM2.5,SEDANG,DKI1 Bunderan HI
1/18/2021,202101,40,52,16,11,26,12,52,PM2.5,SEDANG,DKI1 Bunderan HI
1/19/2021,202101,31,41,13,12,25,12,41,PM2.5,BAIK,DKI1 Bunderan HI
1/20/2021,202101,35,34,12,12,22,13,35,PM10,BAIK,DKI1 Bunderan HI
1/21/2021,202101,43,51,13,14,28,15,51,PM2.5,SEDANG,DKI1 Bunderan HI
1/22/2021,202101,49,63,14,14,28,15,63,PM2.5,SEDANG,DKI1 Bunderan HI
1/23/2021,202101,72,108,14,43,44,20,108,PM2.5,TIDAK SEHAT,DKI1 Bunderan HI
1/24/2021,202101,33,48,12,14,23,10,48,PM2.5,BAIK,DKI1 Bunderan HI
1/25/2021,202101,56,82,13,29,62,15,82,PM2.5,SEDANG,DKI1 Bunderan HI
1/26/2021,202101,52,70,14,19,28,13,70,PM2.5,SEDANG,DKI1 Bunderan HI
1/27/2021,202101,20,20,13,10,19,8,20,PM10,BAIK,DKI1 Bunderan HI
1/28/2021,202101,27,41,14,18,17,11,41,PM2.5,BAIK,DKI1 Bunderan HI
1/29/2021,202101,30,53,16,17,24,11,53,PM2.5,SEDANG,DKI1 Bunderan HI
1/30/2021,202101,27,37,13,16,24,12,37,PM2.5,BAIK,DKI1 Bunderan HI
1/31/2021,202101,36,51,13,16,26,10,51,PM2.5,SEDANG,DKI1 Bunderan HI
2/1/2021,202102,59,79,21,26,15,31,79,PM2.5,SEDANG,DKI1 Bunderan HI
2/2/2021,202102,30,46,21,14,16,24,46,PM2.5,BAIK,DKI1 Bunderan HI
2/3/2021,202102,23,33,19,11,14,19,33,PM2.5,BAIK,DKI1 Bunderan HI
2/4/2021,202102,36,53,23,14,12,24,53,PM2.5,SEDANG,DKI1 Bunderan HI
2/5/2021,202102,29,36,20,14,12,21,36,PM2.5,BAIK,DKI1 Bunderan HI
2/6/2021,202102,27,34,21,8,21,15,34,PM2.5,BAIK,DKI1 Bunderan HI
2/7/2021,202102,25,23,19,7,19,12,25,PM10,BAIK,DKI1 Bunderan HI
2/8/2021,202102,24,26,19,10,18,17,26,PM2.5,BAIK,DKI1 Bunderan HI
2/9/2021,202102,33,40,22,12,14,22,40,PM2.5,BAIK,DKI1 Bunderan HI
2/10/2021,202102,32,38,21,10,12,16,38,PM2.5,BAIK,DKI1 Bunderan HI
2/11/2021,202102,26,37,23,13,9,17,37,PM2.5,BAIK,DKI1 Bunderan HI
2/12/2021,202102,41,52,26,16,10,16,52,PM2.5,SEDANG,DKI1 Bunderan HI
2/13/2021,202102,25,37,20,9,19,16,37,PM2.5,BAIK,DKI1 Bunderan HI
2/14/2021,202102,33,47,18,11,19,19,47,PM2.5,BAIK,DKI1 Bunderan HI
2/15/2021,202102,34,47,20,13,17,25,47,PM2.5,BAIK,DKI1 Bunderan HI
2/16/2021,202102,26,28,18,11,18,26,28,PM2.5,BAIK,DKI1 Bunderan HI
2/17/2021,202102,39,57,23,23,12,33,57,PM2.5,SEDANG,DKI1 Bunderan HI
2/18/2021,202102,43,59,29,13,12,29,59,PM2.5,SEDANG,DKI1 Bunderan HI
2/19/2021,202102,29,41,19,20,12,23,41,PM2.5,BAIK,DKI1 Bunderan HI
2/20/2021,202102,30,38,18,11,18,20,38,PM2.5,BAIK,DKI1 Bunderan HI
2/21/2021,202102,31,45,18,10,16,17,45,PM2.5,BAIK,DKI1 Bunderan HI
2/22/2021,202102,51,67,20,18,11,23,67,PM2.5,SEDANG,DKI1 Bunderan HI
2/23/2021,202102,50,64,22,11,20,23,64,PM2.5,SEDANG,DKI1 Bunderan HI
2/24/2021,202102,30,42,22,10,9,16,42,PM2.5,BAIK,DKI1 Bunderan HI
2/25/2021,202102,31,48,26,12,14,17,48,PM2.5,BAIK,DKI1 Bunderan HI
2/26/2021,202102,29,38,18,13,18,20,38,PM2.5,BAIK,DKI1 Bunderan HI
2/27/2021,202102,49,67,23,15,17,31,67,PM2.5,SEDANG,DKI1 Bunderan HI
2/28/2021,202102,43,60,19,12,19,18,60,PM2.5,SEDANG,DKI1 Bunderan HI
3/1/2021,202103,37,60,20,12,12,17,60,PM2.5,SEDANG,DKI1 Bunderan HI
3/2/2021,202103,38,55,20,15,14,28,55,PM2.5,SEDANG,DKI1 Bunderan HI
3/3/2021,202103,49,67,19,21,17,35,67,PM2.5,SEDANG,DKI1 Bunderan HI
3/4/2021,202103,51,75,22,18,19,31,75,PM2.5,SEDANG,DKI1 Bunderan HI
3/5/2021,202103,52,69,20,16,16,30,69,PM2.5,SEDANG,DKI1 Bunderan HI
3/6/2021,202103,51,73,20,22,15,37,73,PM2.5,SEDANG,DKI1 Bunderan HI
3/7/2021,202103,57,88,23,23,19,31,88,PM2.5,SEDANG,DKI1 Bunderan HI
3/8/2021,202103,47,63,21,16,11,19,63,PM2.5,SEDANG,DKI1 Bunderan HI
3/9/2021,202103,36,50,23,15,10,22,50,PM2.5,BAIK,DKI1 Bunderan HI
3/10/2021,202103,45,65,20,20,14,27,65,PM2.5,SEDANG,DKI1 Bunderan HI
3/11/2021,202103,27,35,19,9,15,21,35,PM2.5,BAIK,DKI1 Bunderan HI
3/12/2021,202103,44,58,24,12,13,25,58,PM2.5,SEDANG,DKI1 Bunderan HI
3/13/2021,202103,37,62,27,13,13,25,62,PM2.5,SEDANG,DKI1 Bunderan HI
3/14/2021,202103,39,60,23,14,10,19,60,PM2.5,SEDANG,DKI1 Bunderan HI
3/15/2021,202103,45,70,29,18,13,34,70,PM2.5,SEDANG,DKI1 Bunderan HI
3/16/2021,202103,55,80,32,13,21,36,80,PM2.5,SEDANG,DKI1 Bunderan HI
3/17/2021,202103,59,93,25,19,20,45,93,PM2.5,SEDANG,DKI1 Bunderan HI
3/18/2021,202103,64,102,30,15,25,40,102,PM2.5,TIDAK SEHAT,DKI1 Bunderan HI
3/19/2021,202103,60,88,29,14,24,35,88,PM2.5,SEDANG,DKI1 Bunderan HI
3/20/2021,202103,55,80,28,16,19,31,80,PM2.5,SEDANG,DKI1 Bunderan HI
3/21/2021,202103,43,55,21,11,18,17,55,PM2.5,SEDANG,DKI1 Bunderan HI
3/22/2021,202103,38,61,21,13,14,18,61,PM2.5,SEDANG,DKI1 Bunderan HI
3/23/2021,202103,37,54,23,11,12,16,54,PM2.5,SEDANG,DKI1 Bunderan HI
3/24/2021,202103,32,53,21,10,9,15,53,PM2.5,SEDANG,DKI1 Bunderan HI
3/25/2021,202103,25,47,22,9,14,17,47,PM2.5,BAIK,DKI1 Bunderan HI
3/26/2021,202103,50,69,23,19,19,28,69,PM2.5,SEDANG,DKI1 Bunderan HI
3/27/2021,202103,53,71,29,13,18,33,71,PM2.5,SEDANG,DKI1 Bunderan HI
3/28/2021,202103,54,75,20,15,31,31,75,PM2.5,SEDANG,DKI1 Bunderan HI
3/29/2021,202103,55,77,19,19,21,37,77,PM2.5,SEDANG,DKI1 Bunderan HI
3/30/2021,202103,53,69,24,15,14,30,69,PM2.5,SEDANG,DKI1 Bunderan HI
3/31/2021,202103,43,57,22,13,15,23,57,PM2.5,SEDANG,DKI1 Bunderan HI
4/1/2021,202104,26,42,22,11,13,19,42,PM2.5,BAIK,DKI1 Bunderan HI
4/2/2021,202104,41,54,27,11,17,19,54,PM2.5,SEDANG,DKI1 Bunderan HI
4/3/2021,202104,25,42,20,8,18,22,42,PM2.5,BAIK,DKI1 Bunderan HI
4/4/2021,202104,57,78,21,23,14,33,78,PM2.5,SEDANG,DKI1 Bunderan HI
4/5/2021,202104,52,69,22,15,18,27,69,PM2.5,SEDANG,DKI1 Bunderan HI
4/6/2021,202104,33,55,27,10,14,18,55,PM2.5,SEDANG,DKI1 Bunderan HI
4/7/2021,202104,30,47,25,11,13,19,47,PM2.5,BAIK,DKI1 Bunderan HI
4/8/2021,202104,38,55,33,12,13,22,55,PM2.5,SEDANG,DKI1 Bunderan HI
4/9/2021,202104,54,69,26,14,15,28,69,PM2.5,SEDANG,DKI1 Bunderan HI
4/10/2021,202104,48,66,23,13,17,29,66,PM2.5,SEDANG,DKI1 Bunderan HI
4/11/2021,202104,45,68,31,12,25,31,68,PM2.5,SEDANG,DKI1 Bunderan HI
4/12/2021,202104,55,69,26,20,15,31,69,PM2.5,SEDANG,DKI1 Bunderan HI
4/13/2021,202104,55,68,23,18,21,40,68,PM2.5,SEDANG,DKI1 Bunderan HI
4/14/2021,202104,51,71,27,15,25,32,71,PM2.5,SEDANG,DKI1 Bunderan HI
4/15/2021,202104,56,74,24,24,21,40,74,PM2.5,SEDANG,DKI1 Bunderan HI
4/16/2021,202104,55,76,24,20,16,42,76,PM2.5,SEDANG,DKI1 Bunderan HI
4/17/2021,202104,65,101,24,19,19,41,101,PM2.5,TIDAK SEHAT,DKI1 Bunderan HI
4/18/2021,202104,57,79,24,11,25,26,79,PM2.5,SEDANG,DKI1 Bunderan HI
4/19/2021,202104,63,92,25,14,26,30,92,PM2.5,SEDANG,DKI1 Bunderan HI
4/20/2021,202104,56,83,25,12,21,30,83,PM2.5,SEDANG,DKI1 Bunderan HI
4/21/2021,202104,63,87,24,19,14,37,87,PM2.5,SEDANG,DKI1 Bunderan HI
4/22/2021,202104,54,81,25,14,23,40,81,PM2.5,SEDANG,DKI1 Bunderan HI
4/23/2021,202104,66,99,25,16,21,42,99,PM2.5,SEDANG,DKI1 Bunderan HI
4/24/2021,202104,66,99,23,18,30,40,99,PM2.5,SEDANG,DKI1 Bunderan HI
4/25/2021,202104,63,86,24,15,17,36,86,PM2.5,SEDANG,DKI1 Bunderan HI
4/26/2021,202104,56,79,26,10,22,24,79,PM2.5,SEDANG,DKI1 Bunderan HI
4/27/2021,202104,62,94,26,12,23,28,94,PM2.5,SEDANG,DKI1 Bunderan HI
4/28/2021,202104,54,77,21,15,21,34,77,PM2.5,SEDANG,DKI1 Bunderan HI
4/29/2021,202104,57,71,23,17,18,38,71,PM2.5,SEDANG,DKI1 Bunderan HI
4/30/2021,202104,61,84,23,18,20,42,84,PM2.5,SEDANG,DKI1 Bunderan HI
5/1/2021,202105,52,71,23,10,20,33,71,PM2.5,SEDANG,DKI1 Bunderan HI
5/2/2021,202105,50,67,22,9,18,17,67,PM2.5,SEDANG,DKI1 Bunderan HI
5/3/2021,202105,53,70,26,10,20,20,70,PM2.5,SEDANG,DKI1 Bunderan HI
5/4/2021,202105,59,77,31,14,14,26,77,PM2.5,SEDANG,DKI1 Bunderan HI
5/5/2021,202105,58,82,22,18,14,38,82,PM2.5,SEDANG,DKI1 Bunderan HI
5/6/2021,202105,49,65,19,16,18,38,65,PM2.5,SEDANG,DKI1 Bunderan HI
5/7/2021,202105,54,70,20,26,19,45,70,PM2.5,SEDANG,DKI1 Bunderan HI
5/8/2021,202105,52,69,20,12,19,28,69,PM2.5,SEDANG,DKI1 Bunderan HI
5/9/2021,202105,41,57,18,9,26,21,57,PM2.5,SEDANG,DKI1 Bunderan HI
5/10/2021,202105,47,69,19,10,25,21,69,PM2.5,SEDANG,DKI1 Bunderan HI
5/11/2021,202105,60,88,24,12,25,24,88,PM2.5,SEDANG,DKI1 Bunderan HI
5/12/2021,202105,59,79,21,10,25,21,79,PM2.5,SEDANG,DKI1 Bunderan HI
5/13/2021,202105,70,110,24,14,24,20,110,PM2.5,TIDAK SEHAT,DKI1 Bunderan HI
5/14/2021,202105,52,72,24,8,25,14,72,PM2.5,SEDANG,DKI1 Bunderan HI
5/15/2021,202105,51,67,26,11,20,19,67,PM2.5,SEDANG,DKI1 Bunderan HI
5/16/2021,202105,51,65,23,8,20,16,65,PM2.5,SEDANG,DKI1 Bunderan HI
5/17/2021,202105,47,65,22,11,24,24,65,PM2.5,SEDANG,DKI1 Bunderan HI
5/18/2021,202105,40,54,24,10,23,26,54,PM2.5,SEDANG,DKI1 Bunderan HI
5/19/2021,202105,52,69,23,17,19,36,69,PM2.5,SEDANG,DKI1 Bunderan HI
5/20/2021,202105,57,79,24,12,23,27,79,PM2.5,SEDANG,DKI1 Bunderan HI
5/21/2021,202105,52,76,24,15,22,34,76,PM2.5,SEDANG,DKI1 Bunderan HI
5/22/2021,202105,56,79,22,16,28,36,79,PM2.5,SEDANG,DKI1 Bunderan HI
5/23/2021,202105,60,91,24,21,27,37,91,PM2.5,SEDANG,DKI1 Bunderan HI
5/24/2021,202105,74,108,22,20,23,38,108,PM2.5,TIDAK SEHAT,DKI1 Bunderan HI
5/25/2021,202105,44,60,23,15,23,35,60,PM2.5,SEDANG,DKI1 Bunderan HI
5/26/2021,202105,56,77,27,11,21,24,77,PM2.5,SEDANG,DKI1 Bunderan HI
5/27/2021,202105,51,64,27,8,16,20,64,PM2.5,SEDANG,DKI1 Bunderan HI
5/28/2021,202105,54,70,29,12,16,24,70,PM2.5,SEDANG,DKI1 Bunderan HI
5/29/2021,202105,56,76,23,14,17,32,76,PM2.5,SEDANG,DKI1 Bunderan HI
5/30/2021,202105,47,61,24,16,18,29,61,PM2.5,SEDANG,DKI1 Bunderan HI
5/31/2021,202105,55,73,21,15,19,33,73,PM2.5,SEDANG,DKI1 Bunderan HI
6/1/2021,202106,59,83,22,18,19,35,83,PM2.5,SEDANG,DKI1 Bunderan HI
6/2/2021,202106,59,84,21,20,24,38,84,PM2.5,SEDANG,DKI1 Bunderan HI
6/3/2021,202106,54,76,22,20,17,41,76,PM2.5,SEDANG,DKI1 Bunderan HI
6/4/2021,202106,63,87,20,13,14,30,87,PM2.5,SEDANG,DKI1 Bunderan HI
6/5/2021,202106,59,79,23,20,19,38,79,PM2.5,SEDANG,DKI1 Bunderan HI
6/6/2021,202106,59,83,22,15,19,32,83,PM2.5,SEDANG,DKI1 Bunderan HI
6/7/2021,202106,52,72,24,13,28,31,72,PM2.5,SEDANG,DKI1 Bunderan HI
6/8/2021,202106,58,80,26,16,24,38,80,PM2.5,SEDANG,DKI1 Bunderan HI
6/9/2021,202106,58,77,24,14,23,34,77,PM2.5,SEDANG,DKI1 Bunderan HI
6/10/2021,202106,66,89,23,23,18,47,89,PM2.5,SEDANG,DKI1 Bunderan HI
6/11/2021,202106,59,77,22,15,23,40,77,PM2.5,SEDANG,DKI1 Bunderan HI
6/12/2021,202106,57,77,24,17,27,35,77,PM2.5,SEDANG,DKI1 Bunderan HI
6/13/2021,202106,51,70,23,14,25,25,70,PM2.5,SEDANG,DKI1 Bunderan HI
6/14/2021,202106,58,82,25,13,22,26,82,PM2.5,SEDANG,DKI1 Bunderan HI
6/15/2021,202106,62,86,31,13,17,29,86,PM2.5,SEDANG,DKI1 Bunderan HI
6/16/2021,202106,56,74,39,18,13,35,74,PM2.5,SEDANG,DKI1 Bunderan HI
6/17/2021,202106,56,80,28,25,17,39,80,PM2.5,SEDANG,DKI1 Bunderan HI
6/18/2021,202106,64,84,29,17,16,34,84,PM2.5,SEDANG,DKI1 Bunderan HI
6/19/2021,202106,54,68,26,21,13,45,68,PM2.5,SEDANG,DKI1 Bunderan HI
6/20/2021,202106,75,109,33,25,21,44,109,PM2.5,TIDAK SEHAT,DKI1 Bunderan HI
6/21/2021,202106,52,64,24,16,18,31,64,PM2.5,SEDANG,DKI1 Bunderan HI
6/22/2021,202106,44,58,27,15,16,32,58,PM2.5,SEDANG,DKI1 Bunderan HI
6/23/2021,202106,54,79,26,17,24,43,79,PM2.5,SEDANG,DKI1 Bunderan HI
6/24/2021,202106,65,90,31,17,17,39,90,PM2.5,SEDANG,DKI1 Bunderan HI
6/25/2021,202106,59,82,36,14,17,32,82,PM2.5,SEDANG,DKI1 Bunderan HI
6/26/2021,202106,54,66,31,10,21,23,66,PM2.5,SEDANG,DKI1 Bunderan HI
6/27/2021,202106,65,94,27,18,22,32,94,PM2.5,SEDANG,DKI1 Bunderan HI
6/28/2021,202106,55,79,24,18,26,38,79,PM2.5,SEDANG,DKI1 Bunderan HI
6/29/2021,202106,66,94,30,15,20,28,94,PM2.5,SEDANG,DKI1 Bunderan HI
6/30/2021,202106,65,94,26,19,19,38,94,PM2.5,SEDANG,DKI1 Bunderan HI
7/1/2021,202107,55,76,27,14,20,31,76,PM2.5,SEDANG,DKI1 Bunderan HI
7/2/2021,202107,55,70,33,16,14,30,70,PM2.5,SEDANG,DKI1 Bunderan HI
7/3/2021,202107,58,81,33,12,19,25,81,PM2.5,SEDANG,DKI1 Bunderan HI
7/4/2021,202107,68,102,27,11,27,22,102,PM2.5,TIDAK SEHAT,DKI1 Bunderan HI
7/5/2021,202107,71,106,28,12,34,25,106,PM2.5,TIDAK SEHAT,DKI1 Bunderan HI
7/6/2021,202107,56,74,26,9,29,29,74,PM2.5,SEDANG,DKI1 Bunderan HI
7/7/2021,202107,64,86,34,10,22,27,86,PM2.5,SEDANG,DKI1 Bunderan HI
7/8/2021,202107,68,94,32,10,26,26,94,PM2.5,SEDANG,DKI1 Bunderan HI
7/9/2021,202107,70,101,33,9,28,25,101,PM2.5,TIDAK SEHAT,DKI1 Bunderan HI
7/10/2021,202107,64,83,35,7,24,23,83,PM2.5,SEDANG,DKI1 Bunderan HI
7/11/2021,202107,54,71,32,6,21,15,71,PM2.5,SEDANG,DKI1 Bunderan HI
7/12/2021,202107,46,59,29,5,18,13,59,PM2.5,SEDANG,DKI1 Bunderan HI
7/13/2021,202107,63,89,33,10,18,24,89,PM2.5,SEDANG,DKI1 Bunderan HI
7/14/2021,202107,53,69,28,10,17,23,69,PM2.5,SEDANG,DKI1 Bunderan HI
7/15/2021,202107,66,95,31,12,24,30,95,PM2.5,SEDANG,DKI1 Bunderan HI
7/16/2021,202107,71,97,30,11,24,29,97,PM2.5,SEDANG,DKI1 Bunderan HI
7/17/2021,202107,63,80,29,8,28,20,80,PM2.5,SEDANG,DKI1 Bunderan HI
7/18/2021,202107,63,89,31,8,32,19,89,PM2.5,SEDANG,DKI1 Bunderan HI
7/19/2021,202107,66,95,26,10,32,28,95,PM2.5,SEDANG,DKI1 Bunderan HI
7/20/2021,202107,74,100,27,15,24,24,100,PM2.5,SEDANG,DKI1 Bunderan HI
7/21/2021,202107,48,66,27,7,26,17,66,PM2.5,SEDANG,DKI1 Bunderan HI
7/22/2021,202107,53,76,31,9,24,26,76,PM2.5,SEDANG,DKI1 Bunderan HI
7/23/2021,202107,58,80,26,9,27,28,80,PM2.5,SEDANG,DKI1 Bunderan HI
7/24/2021,202107,53,79,26,13,21,34,79,PM2.5,SEDANG,DKI1 Bunderan HI
7/25/2021,202107,70,108,25,23,28,38,108,PM2.5,TIDAK SEHAT,DKI1 Bunderan HI
7/26/2021,202107,65,95,27,14,17,32,95,PM2.5,SEDANG,DKI1 Bunderan HI
7/27/2021,202107,61,91,29,10,23,28,91,PM2.5,SEDANG,DKI1 Bunderan HI
7/28/2021,202107,68,102,31,13,20,30,102,PM2.5,TIDAK SEHAT,DKI1 Bunderan HI
7/29/2021,202107,59,85,28,13,24,32,85,PM2.5,SEDANG,DKI1 Bunderan HI
7/30/2021,202107,73,105,29,12,39,35,105,PM2.5,TIDAK SEHAT,DKI1 Bunderan HI
7/31/2021,202107,54,72,26,7,27,24,72,PM2.5,SEDANG,DKI1 Bunderan HI
8/1/2021,202108,51,68,25,8,29,22,68,PM2.5,SEDANG,DKI1 Bunderan HI
8/2/2021,202108,47,63,24,10,25,28,63,PM2.5,SEDANG,DKI1 Bunderan HI
8/3/2021,202108,50,68,26,11,19,35,68,PM2.5,SEDANG,DKI1 Bunderan HI
8/4/2021,202108,52,70,29,8,24,26,70,PM2.5,SEDANG,DKI1 Bunderan HI
8/5/2021,202108,52,66,29,9,21,27,66,PM2.5,SEDANG,DKI1 Bunderan HI
8/6/2021,202108,56,73,28,15,11,28,73,PM2.5,SEDANG,DKI1 Bunderan HI
8/7/2021,202108,55,71,31,7,18,18,71,PM2.5,SEDANG,DKI1 Bunderan HI
8/8/2021,202108,53,69,33,6,23,16,69,PM2.5,SEDANG,DKI1 Bunderan HI
8/9/2021,202108,52,60,30,6,25,15,60,PM2.5,SEDANG,DKI1 Bunderan HI
8/10/2021,202108,32,50,25,7,29,16,50,PM2.5,BAIK,DKI1 Bunderan HI
8/11/2021,202108,55,73,25,10,24,25,73,PM2.5,SEDANG,DKI1 Bunderan HI
8/12/2021,202108,55,70,28,8,20,19,70,PM2.5,SEDANG,DKI1 Bunderan HI
8/13/2021,202108,56,75,28,10,17,28,75,PM2.5,SEDANG,DKI1 Bunderan HI
8/14/2021,202108,65,92,30,15,24,36,92,PM2.5,SEDANG,DKI1 Bunderan HI
8/15/2021,202108,56,72,31,8,17,20,72,PM2.5,SEDANG,DKI1 Bunderan HI
8/16/2021,202108,53,70,30,8,17,19,70,PM2.5,SEDANG,DKI1 Bunderan HI
8/17/2021,202108,56,77,28,13,26,22,77,PM2.5,SEDANG,DKI1 Bunderan HI
8/18/2021,202108,59,78,25,11,27,26,78,PM2.5,SEDANG,DKI1 Bunderan HI
8/19/2021,202108,60,89,31,15,24,35,89,PM2.5,SEDANG,DKI1 Bunderan HI
8/20/2021,202108,58,84,29,11,32,34,84,PM2.5,SEDANG,DKI1 Bunderan HI
8/21/2021,202108,59,80,25,13,26,35,80,PM2.5,SEDANG,DKI1 Bunderan HI
8/22/2021,202108,59,81,28,14,25,28,81,PM2.5,SEDANG,DKI1 Bunderan HI
8/23/2021,202108,56,77,28,10,25,27,77,PM2.5,SEDANG,DKI1 Bunderan HI
8/24/2021,202108,59,87,27,12,32,30,87,PM2.5,SEDANG,DKI1 Bunderan HI
8/25/2021,202108,62,89,26,12,34,34,89,PM2.5,SEDANG,DKI1 Bunderan HI
8/26/2021,202108,56,77,27,10,22,33,77,PM2.5,SEDANG,DKI1 Bunderan HI
8/27/2021,202108,62,89,30,11,25,31,89,PM2.5,SEDANG,DKI1 Bunderan HI
8/28/2021,202108,65,93,26,11,40,27,93,PM2.5,SEDANG,DKI1 Bunderan HI
8/29/2021,202108,65,96,28,12,30,29,96,PM2.5,SEDANG,DKI1 Bunderan HI
8/30/2021,202108,79,112,27,17,39,41,112,PM2.5,TIDAK SEHAT,DKI1 Bunderan HI
8/31/2021,202108,64,86,27,12,35,33,86,PM2.5,SEDANG,DKI1 Bunderan HI
9/1/2021,202109,63,88,29,15,24,38,88,PM2.5,SEDANG,DKI1 Bunderan HI
9/2/2021,202109,60,83,29,11,30,28,83,PM2.5,SEDANG,DKI1 Bunderan HI
9/3/2021,202109,60,82,27,11,37,30,82,PM2.5,SEDANG,DKI1 Bunderan HI
9/4/2021,202109,58,77,26,10,31,28,77,PM2.5,SEDANG,DKI1 Bunderan HI
9/5/2021,202109,63,85,27,11,28,28,85,PM2.5,SEDANG,DKI1 Bunderan HI
9/6/2021,202109,68,92,31,11,26,24,92,PM2.5,SEDANG,DKI1 Bunderan HI
9/7/2021,202109,52,65,28,9,19,24,65,PM2.5,SEDANG,DKI1 Bunderan HI
9/8/2021,202109,53,76,25,16,23,34,76,PM2.5,SEDANG,DKI1 Bunderan HI
9/9/2021,202109,45,62,25,12,27,31,62,PM2.5,SEDANG,DKI1 Bunderan HI
9/10/2021,202109,51,66,27,10,25,32,66,PM2.5,SEDANG,DKI1 Bunderan HI
9/11/2021,202109,66,93,32,12,34,41,93,PM2.5,SEDANG,DKI1 Bunderan HI
9/12/2021,202109,61,80,26,10,28,27,80,PM2.5,SEDANG,DKI1 Bunderan HI
9/13/2021,202109,51,64,29,8,23,21,64,PM2.5,SEDANG,DKI1 Bunderan HI
9/14/2021,202109,31,42,24,8,20,19,42,PM2.5,BAIK,DKI1 Bunderan HI
9/15/2021,202109,54,81,29,20,20,45,81,PM2.5,SEDANG,DKI1 Bunderan HI
9/16/2021,202109,48,65,29,9,23,24,65,PM2.5,SEDANG,DKI1 Bunderan HI
9/17/2021,202109,42,66,29,7,26,20,66,PM2.5,SEDANG,DKI1 Bunderan HI
9/18/2021,202109,50,73,29,8,23,22,73,PM2.5,SEDANG,DKI1 Bunderan HI
9/19/2021,202109,53,78,26,8,33,19,78,PM2.5,SEDANG,DKI1 Bunderan HI
9/20/2021,202109,51,69,27,10,25,34,69,PM2.5,SEDANG,DKI1 Bunderan HI
9/21/2021,202109,55,81,28,11,29,36,81,PM2.5,SEDANG,DKI1 Bunderan HI
9/22/2021,202109,57,80,29,11,24,32,80,PM2.5,SEDANG,DKI1 Bunderan HI
9/23/2021,202109,54,80,29,8,27,22,80,PM2.5,SEDANG,DKI1 Bunderan HI
9/24/2021,202109,57,74,34,8,20,26,74,PM2.5,SEDANG,DKI1 Bunderan HI
9/25/2021,202109,49,67,31,7,24,20,67,PM2.5,SEDANG,DKI1 Bunderan HI
9/26/2021,202109,52,72,28,6,28,19,72,PM2.5,SEDANG,DKI1 Bunderan HI
9/27/2021,202109,51,72,27,12,22,33,72,PM2.5,SEDANG,DKI1 Bunderan HI
9/28/2021,202109,45,63,25,9,24,28,63,PM2.5,SEDANG,DKI1 Bunderan HI
9/29/2021,202109,54,76,26,12,29,38,76,PM2.5,SEDANG,DKI1 Bunderan HI
9/30/2021,202109,63,94,27,13,38,37,94,PM2.5,SEDANG,DKI1 Bunderan HI
10/1/2021,202110,57,81,30,11,32,38,81,PM2.5,SEDANG,DKI1 Bunderan HI
10/2/2021,202110,67,99,32,11,30,35,99,PM2.5,SEDANG,DKI1 Bunderan HI
10/3/2021,202110,70,85,29,10,28,28,85,PM2.5,SEDANG,DKI1 Bunderan HI
10/4/2021,202110,58,82,30,11,34,29,82,PM2.5,SEDANG,DKI1 Bunderan HI
10/5/2021,202110,55,76,29,11,30,33,76,PM2.5,SEDANG,DKI1 Bunderan HI
10/6/2021,202110,60,83,38,10,26,35,83,PM2.5,SEDANG,DKI1 Bunderan HI
10/7/2021,202110,45,62,29,9,21,28,62,PM2.5,SEDANG,DKI1 Bunderan HI
10/8/2021,202110,54,77,33,11,24,35,77,PM2.5,SEDANG,DKI1 Bunderan HI
10/9/2021,202110,52,69,27,9,32,29,69,PM2.5,SEDANG,DKI1 Bunderan HI
10/10/2021,202110,58,83,26,9,38,26,83,PM2.5,SEDANG,DKI1 Bunderan HI
10/11/2021,202110,59,80,29,10,35,30,80,PM2.5,SEDANG,DKI1 Bunderan HI
10/12/2021,202110,56,76,37,9,23,35,76,PM2.5,SEDANG,DKI1 Bunderan HI
10/13/2021,202110,52,67,28,8,25,31,67,PM2.5,SEDANG,DKI1 Bunderan HI
10/14/2021,202110,64,90,33,11,35,35,90,PM2.5,SEDANG,DKI1 Bunderan HI
10/15/2021,202110,75,106,29,12,34,37,106,PM2.5,TIDAK SEHAT,DKI1 Bunderan HI
10/16/2021,202110,66,95,28,15,32,44,95,PM2.5,SEDANG,DKI1 Bunderan HI
10/17/2021,202110,65,93,34,11,36,30,93,PM2.5,SEDANG,DKI1 Bunderan HI
10/18/2021,202110,44,55,25,9,19,26,55,PM2.5,SEDANG,DKI1 Bunderan HI
10/19/2021,202110,41,58,29,14,15,30,58,PM2.5,SEDANG,DKI1 Bunderan HI
10/20/2021,202110,33,53,29,10,21,27,53,PM2.5,SEDANG,DKI1 Bunderan HI
10/21/2021,202110,45,65,25,9,28,32,65,PM2.5,SEDANG,DKI1 Bunderan HI
10/22/2021,202110,64,95,31,18,19,48,95,PM2.5,SEDANG,DKI1 Bunderan HI
10/23/2021,202110,57,83,29,10,20,36,83,PM2.5,SEDANG,DKI1 Bunderan HI
10/24/2021,202110,58,85,27,11,28,36,85,PM2.5,SEDANG,DKI1 Bunderan HI
10/25/2021,202110,62,95,27,14,33,37,95,PM2.5,SEDANG,DKI1 Bunderan HI
10/26/2021,202110,55,78,29,14,23,43,78,PM2.5,SEDANG,DKI1 Bunderan HI
10/27/2021,202110,55,76,29,15,22,39,76,PM2.5,SEDANG,DKI1 Bunderan HI
10/28/2021,202110,51,69,28,16,22,39,69,PM2.5,SEDANG,DKI1 Bunderan HI
10/29/2021,202110,50,64,31,19,18,35,64,PM2.5,SEDANG,DKI1 Bunderan HI
10/30/2021,202110,48,68,31,12,25,40,68,PM2.5,SEDANG,DKI1 Bunderan HI
10/31/2021,202110,53,70,27,11,32,32,70,PM2.5,SEDANG,DKI1 Bunderan HI
11/1/2021,202111,58,85,32,16,22,41,85,PM2.5,SEDANG,DKI1 Bunderan HI
11/2/2021,202111,50,63,29,14,22,35,63,PM2.5,SEDANG,DKI1 Bunderan HI
11/3/2021,202111,49,63,33,13,21,38,63,PM2.5,SEDANG,DKI1 Bunderan HI
11/4/2021,202111,57,83,30,17,34,47,83,PM2.5,SEDANG,DKI1 Bunderan HI
11/5/2021,202111,56,75,31,19,18,46,75,PM2.5,SEDANG,DKI1 Bunderan HI
11/6/2021,202111,55,72,30,13,22,40,72,PM2.5,SEDANG,DKI1 Bunderan HI
11/7/2021,202111,38,56,27,8,23,25,56,PM2.5,SEDANG,DKI1 Bunderan HI
11/8/2021,202111,38,55,29,18,15,32,55,PM2.5,SEDANG,DKI1 Bunderan HI
11/9/2021,202111,55,73,32,14,17,38,73,PM2.5,SEDANG,DKI1 Bunderan HI
11/10/2021,202111,38,55,28,10,16,25,55,PM2.5,SEDANG,DKI1 Bunderan HI
11/11/2021,202111,41,55,48,12,13,15,55,PM2.5,SEDANG,DKI1 Bunderan HI
11/12/2021,202111,32,49,31,10,16,9,49,PM2.5,BAIK,DKI1 Bunderan HI
11/13/2021,202111,51,70,36,16,27,12,70,PM2.5,SEDANG,DKI1 Bunderan HI
11/14/2021,202111,42,53,29,11,18,7,53,PM2.5,SEDANG,DKI1 Bunderan HI
11/15/2021,202111,27,39,30,8,16,7,39,PM2.5,BAIK,DKI1 Bunderan HI
11/16/2021,202111,31,47,31,8,11,6,47,PM2.5,BAIK,DKI1 Bunderan HI
11/17/2021,202111,55,71,50,13,15,9,71,PM2.5,SEDANG,DKI1 Bunderan HI
11/18/2021,202111,55,75,43,18,19,13,75,PM2.5,SEDANG,DKI1 Bunderan HI
11/19/2021,202111,28,40,31,7,16,5,40,PM2.5,BAIK,DKI1 Bunderan HI
11/20/2021,202111,28,44,33,7,13,6,44,PM2.5,BAIK,DKI1 Bunderan HI
11/21/2021,202111,41,54,33,15,16,6,54,PM2.5,SEDANG,DKI1 Bunderan HI
11/22/2021,202111,27,33,32,7,14,5,33,PM2.5,BAIK,DKI1 Bunderan HI
11/23/2021,202111,20,30,32,7,13,5,32,SO2,BAIK,DKI1 Bunderan HI
11/24/2021,202111,23,35,30,8,12,6,35,PM2.5,BAIK,DKI1 Bunderan HI
11/25/2021,202111,39,57,34,10,11,7,57,PM2.5,SEDANG,DKI1 Bunderan HI
11/26/2021,202111,34,56,32,12,9,7,56,PM2.5,SEDANG,DKI1 Bunderan HI
11/27/2021,202111,30,37,30,10,8,5,37,PM2.5,BAIK,DKI1 Bunderan HI
11/28/2021,202111,19,20,29,5,14,4,29,SO2,BAIK,DKI1 Bunderan HI
11/29/2021,202111,23,28,30,7,12,5,30,SO2,BAIK,DKI1 Bunderan HI
11/30/2021,202111,29,50,31,9,18,7,50,PM2.5,BAIK,DKI1 Bunderan HI
12/1/2021,202112,49,65,33,13,15,12,65,PM2.5,SEDANG,DKI1 Bunderan HI
12/2/2021,202112,28,34,31,7,15,5,34,PM2.5,BAIK,DKI1 Bunderan HI
12/4/2021,202112,39,52,35,13,15,9,52,PM2.5,SEDANG,DKI1 Bunderan HI
12/5/2021,202112,41,57,39,15,15,9,57,PM2.5,SEDANG,DKI1 Bunderan HI
12/6/2021,202112,60,81,55,23,18,11,81,PM2.5,SEDANG,DKI1 Bunderan HI
12/7/2021,202112,30,31,34,12,16,9,34,SO2,BAIK,DKI1 Bunderan HI
12/8/2021,202112,45,60,33,17,18,10,60,PM2.5,SEDANG,DKI1 Bunderan HI
12/9/2021,202112,33,50,36,10,21,11,50,PM2.5,BAIK,DKI1 Bunderan HI
12/10/2021,202112,46,59,43,14,19,12,59,PM2.5,SEDANG,DKI1 Bunderan HI
12/11/2021,202112,28,43,33,8,24,9,43,PM2.5,BAIK,DKI1 Bunderan HI
12/12/2021,202112,44,57,32,17,15,7,57,PM2.5,SEDANG,DKI1 Bunderan HI
12/13/2021,202112,31,46,34,10,13,6,46,PM2.5,BAIK,DKI1 Bunderan HI
12/14/2021,202112,46,61,46,15,16,10,61,PM2.5,SEDANG,DKI1 Bunderan HI
12/15/2021,202112,58,75,43,19,20,14,75,PM2.5,SEDANG,DKI1 Bunderan HI
12/16/2021,202112,56,74,39,20,24,16,74,PM2.5,SEDANG,DKI1 Bunderan HI
12/17/2021,202112,53,71,42,18,24,15,71,PM2.5,SEDANG,DKI1 Bunderan HI
12/18/2021,202112,51,63,39,18,22,10,63,PM2.5,SEDANG,DKI1 Bunderan HI
12/19/2021,202112,58,81,38,24,33,15,81,PM2.5,SEDANG,DKI1 Bunderan HI
12/20/2021,202112,52,63,39,13,23,11,63,PM2.5,SEDANG,DKI1 Bunderan HI
12/21/2021,202112,52,74,41,19,22,17,74,PM2.5,SEDANG,DKI1 Bunderan HI
12/22/2021,202112,63,85,56,28,25,19,85,PM2.5,SEDANG,DKI1 Bunderan HI
12/23/2021,202112,56,77,57,18,20,18,77,PM2.5,SEDANG,DKI1 Bunderan HI
12/24/2021,202112,34,52,53,15,17,11,53,SO2,SEDANG,DKI1 Bunderan HI
12/25/2021,202112,53,68,56,17,17,9,68,PM2.5,SEDANG,DKI1 Bunderan HI
12/26/2021,202112,35,53,51,11,22,10,53,PM2.5,SEDANG,DKI1 Bunderan HI
12/27/2021,202112,52,71,61,15,20,15,71,PM2.5,SEDANG,DKI1 Bunderan HI
12/28/2021,202112,51,65,53,15,18,13,65,PM2.5,SEDANG,DKI1 Bunderan HI
12/29/2021,202112,31,49,54,10,24,11,54,SO2,SEDANG,DKI1 Bunderan HI
12/30/2021,202112,55,71,53,16,23,14,71,PM2.5,SEDANG,DKI1 Bunderan HI
12/31/2021,202112,62,85,52,23,20,14,85,PM2.5,SEDANG,DKI1 Bunderan HI
9/13/2022,202209,59,81,52,18,45,32,81,PM2.5,SEDANG,DKI1 Bunderan HI
10/7/2022,202210,51,66,53,17,35,34,66,PM2.5,SEDANG,DKI1 Bunderan HI
10/18/2022,202210,59,79,50,16,45,35,79,PM2.5,SEDANG,DKI1 Bunderan HI
12/1/2022,202212,54,73,36,12,22,13,73,PM2.5,SEDANG,DKI1 Bunderan HI
12/2/2022,202212,53,67,39,11,14,12,67,PM2.5,SEDANG,DKI1 Bunderan HI
12/3/2022,202212,60,76,38,10,22,12,76,PM2.5,SEDANG,DKI1 Bunderan HI
12/4/2022,202212,58,76,35,13,20,12,76,PM2.5,SEDANG,DKI1 Bunderan HI
12/5/2022,202212,54,74,35,10,20,12,74,PM2.5,SEDANG,DKI1 Bunderan HI
12/6/2022,202212,58,79,35,14,13,13,79,PM2.5,SEDANG,DKI1 Bunderan HI
12/7/2022,202212,48,68,34,11,18,12,68,PM2.5,SEDANG,DKI1 Bunderan HI
12/8/2022,202212,51,62,33,9,24,11,62,PM2.5,SEDANG,DKI1 Bunderan HI
12/9/2022,202212,58,73,34,12,18,14,73,PM2.5,SEDANG,DKI1 Bunderan HI
12/10/2022,202212,28,42,30,9,13,7,42,PM2.5,BAIK,DKI1 Bunderan HI
12/11/2022,202212,43,61,31,14,23,8,61,PM2.5,SEDANG,DKI1 Bunderan HI
12/12/2022,202212,25,43,30,6,16,6,43,PM2.5,BAIK,DKI1 Bunderan HI
12/13/2022,202212,29,35,30,7,13,5,35,PM2.5,BAIK,DKI1 Bunderan HI
12/14/2022,202212,27,32,31,6,12,5,32,PM2.5,BAIK,DKI1 Bunderan HI
12/15/2022,202212,27,39,32,5,21,5,39,PM2.5,BAIK,DKI1 Bunderan HI
12/16/2022,202212,46,63,36,8,14,7,63,PM2.5,SEDANG,DKI1 Bunderan HI
12/17/2022,202212,59,78,30,19,29,9,78,PM2.5,SEDANG,DKI1 Bunderan HI
12/18/2022,202212,64,86,30,16,33,12,86,PM2.5,SEDANG,DKI1 Bunderan HI
12/19/2022,202212,58,85,32,16,23,13,85,PM2.5,SEDANG,DKI1 Bunderan HI
12/20/2022,202212,65,95,53,14.5,24,12,95,PM2.5,SEDANG,DKI1 Bunderan HI
12/21/2022,202212,53,71,57,13,26,13,71,PM2.5,SEDANG,DKI1 Bunderan HI
12/22/2022,202212,39,59,52,11.5,15,9,59,PM2.5,SEDANG,DKI1 Bunderan HI
12/23/2022,202212,31,39,48,10,24,7,48,SO2,BAIK,DKI1 Bunderan HI
12/24/2022,202212,56,75,51,11,25,13,75,PM2.5,SEDANG,DKI1 Bunderan HI
12/25/2022,202212,38,52,48,10,25,9,52,PM2.5,SEDANG,DKI1 Bunderan HI
12/26/2022,202212,41,56,51,10,25,11,56,PM2.5,SEDANG,DKI1 Bunderan HI
12/27/2022,202212,36,35,49,8,20,7,49,SO2,BAIK,DKI1 Bunderan HI
12/28/2022,202212,33,51,50,11,8,7,51,PM2.5,SEDANG,DKI1 Bunderan HI
12/29/2022,202212,23,27,50,10,13,7,50,SO2,BAIK,DKI1 Bunderan HI
12/30/2022,202212,38,53,51,11,13,9,53,PM2.5,SEDANG,DKI1 Bunderan HI
12/31/2022,202212,54,68,49,11,19,12,68,PM2.5,SEDANG,DKI1 Bunderan HI
1/1/2023,202301,44,55,47,10,24,9,55,PM2.5,SEDANG,DKI1 Bunderan HI
1/2/2023,202301,32,43,52,9,24,8,52,SO2,SEDANG,DKI1 Bunderan HI
1/3/2023,202301,31,35,49,9,12,7,49,SO2,BAIK,DKI1 Bunderan HI
1/4/2023,202301,30,47,53,11,15,9,53,SO2,SEDANG,DKI1 Bunderan HI
1/5/2023,202301,38,50,50,13,26,11,50,PM2.5,BAIK,DKI1 Bunderan HI
1/6/2023,202301,31,48,45,10,13,7,48,PM2.5,BAIK,DKI1 Bunderan HI
1/7/2023,202301,25,42,44,10,9,5,44,SO2,BAIK,DKI1 Bunderan HI
1/8/2023,202301,28,49,47,11,9,4,49,PM2.5,BAIK,DKI1 Bunderan HI
1/9/2023,202301,25,39,48,10,12,5,48,SO2,BAIK,DKI1 Bunderan HI
1/10/2023,202301,37,44,45,11,21,8,45,SO2,BAIK,DKI1 Bunderan HI
1/11/2023,202301,42,65,47,13,25,10,65,PM2.5,SEDANG,DKI1 Bunderan HI
1/12/2023,202301,53,69,49,12,28,13,69,PM2.5,SEDANG,DKI1 Bunderan HI
1/13/2023,202301,57,78,47,11,26,18,78,PM2.5,SEDANG,DKI1 Bunderan HI
1/14/2023,202301,51,70,45,11,31,14,70,PM2.5,SEDANG,DKI1 Bunderan HI
1/15/2023,202301,46,57,44,11,24,7,57,PM2.5,SEDANG,DKI1 Bunderan HI
1/16/2023,202301,34,40,42,11,11,6,42,SO2,BAIK,DKI1 Bunderan HI
1/17/2023,202301,40,52,45,12,9,6,52,PM2.5,SEDANG,DKI1 Bunderan HI
1/18/2023,202301,55,71,55,12,10,11,71,PM2.5,SEDANG,DKI1 Bunderan HI
1/19/2023,202301,53,63,53,11,9,10,63,PM2.5,SEDANG,DKI1 Bunderan HI
1/20/2023,202301,42,57,51,10,12,9,57,PM2.5,SEDANG,DKI1 Bunderan HI
1/21/2023,202301,42,59,52,9,10,20,59,PM2.5,SEDANG,DKI1 Bunderan HI
1/22/2023,202301,37,46,53,7,11,17,46,PM2.5,BAIK,DKI1 Bunderan HI
1/23/2023,202301,21,32,54,6,13,12,32,PM2.5,BAIK,DKI1 Bunderan HI
1/24/2023,202301,29,39,55,7,10,20,39,PM2.5,BAIK,DKI1 Bunderan HI
1/25/2023,202301,30,50,56,6,10,16,56,SO2,SEDANG,DKI1 Bunderan HI
1/26/2023,202301,41,45,45,8,11,20,45,PM2.5,BAIK,DKI1 Bunderan HI
1/27/2023,202301,47,56,44,11,21,25,56,PM2.5,SEDANG,DKI1 Bunderan HI
1/28/2023,202301,33,45,41,8,14,27,45,PM2.5,BAIK,DKI1 Bunderan HI
1/29/2023,202301,50,60,43,10,20,26,60,PM2.5,SEDANG,DKI1 Bunderan HI
1/30/2023,202301,37,56,44,9,21,27,56,PM2.5,SEDANG,DKI1 Bunderan HI
1/31/2023,202301,50,65,55,9,16,30,65,PM2.5,SEDANG,DKI1 Bunderan HI
2/1/2023,202302,46,57,51,9,23,32,57,PM2.5,SEDANG,DKI1 Bunderan HI
2/2/2023,202302,49,61,43,9,26,29,61,PM2.5,SEDANG,DKI1 Bunderan HI
2/3/2023,202302,28,42,50,5,21,24,50,SO2,BAIK,DKI1 Bunderan HI
2/4/2023,202302,55,71,53,8,25,27,71,PM2.5,SEDANG,DKI1 Bunderan HI
2/5/2023,202302,45,59,45,6,27,17,59,PM2.5,SEDANG,DKI1 Bunderan HI
2/6/2023,202302,34,51,52,6,15,12,52,SO2,SEDANG,DKI1 Bunderan HI
2/7/2023,202302,41,52,50,7,14,22,52,PM2.5,SEDANG,DKI1 Bunderan HI
2/8/2023,202302,30,38,40,8,31,24,40,SO2,BAIK,DKI1 Bunderan HI
2/9/2023,202302,31,43,38,6,11,17,43,PM2.5,BAIK,DKI1 Bunderan HI
2/10/2023,202302,25,30,37,6,19,15,37,SO2,BAIK,DKI1 Bunderan HI
2/11/2023,202302,34,34,35,8,21,19,35,SO2,BAIK,DKI1 Bunderan HI
2/12/2023,202302,20,16,34,5,23,16,34,SO2,BAIK,DKI1 Bunderan HI
2/13/2023,202302,28,26,34,5,23,13,34,SO2,BAIK,DKI1 Bunderan HI
2/14/2023,202302,23,18,34,5,23,11,34,SO2,BAIK,DKI1 Bunderan HI
2/15/2023,202302,21,21,34,6,17,11,34,SO2,BAIK,DKI1 Bunderan HI
2/16/2023,202302,29,30,35,6,20,15,35,SO2,BAIK,DKI1 Bunderan HI
2/17/2023,202302,33,43,39,7,18,21,43,PM2.5,BAIK,DKI1 Bunderan HI
2/18/2023,202302,54,70,43,11,22,26,70,PM2.5,SEDANG,DKI1 Bunderan HI
2/19/2023,202302,56,73,39,8,27,25,73,PM2.5,SEDANG,DKI1 Bunderan HI
2/20/2023,202302,38,50,39,7,23,14,50,PM2.5,BAIK,DKI1 Bunderan HI
2/21/2023,202302,24,32,39,8,21,16,39,SO2,BAIK,DKI1 Bunderan HI
2/22/2023,202302,29,31,40,8,23,19,40,SO2,BAIK,DKI1 Bunderan HI
2/23/2023,202302,36,47,40,9,23,23,47,PM2.5,BAIK,DKI1 Bunderan HI
2/24/2023,202302,28,33,44,10,22,28,44,SO2,BAIK,DKI1 Bunderan HI
2/25/2023,202302,36,45,44,9,27,29,45,PM2.5,BAIK,DKI1 Bunderan HI
2/26/2023,202302,34,44,44,10,26,23,44,PM2.5,BAIK,DKI1 Bunderan HI
2/27/2023,202302,32,32,43,10,30,24,43,SO2,BAIK,DKI1 Bunderan HI
2/28/2023,202302,43,54,52,10,19,32,54,PM2.5,SEDANG,DKI1 Bunderan HI
3/1/2023,202303,38,44,50,8,19,27,50,3,BAIK,DKI1 Bunderan HI
3/2/2023,202303,29,33,47,11,21,27,47,3,BAIK,DKI1 Bunderan HI
3/3/2023,202303,38,46,49,9,16,25,49,3,BAIK,DKI1 Bunderan HI
3/4/2023,202303,31,40,50,10,18,21,50,3,BAIK,DKI1 Bunderan HI
3/5/2023,202303,33,41,47,11,21,22,47,3,BAIK,DKI1 Bunderan HI
3/6/2023,202303,31,44,46,9,20,19,46,3,BAIK,DKI1 Bunderan HI
3/7/2023,202303,37,54,50,11,17,19,54,2,SEDANG,DKI1 Bunderan HI
3/8/2023,202303,42,54,51,12,17,23,54,2,SEDANG,DKI1 Bunderan HI
3/9/2023,202303,47,58,46,13,22,33,58,2,SEDANG,DKI1 Bunderan HI
3/10/2023,202303,45,61,46,12,14,28,61,2,SEDANG,DKI1 Bunderan HI
3/11/2023,202303,44,62,45,12,18,35,62,2,SEDANG,DKI1 Bunderan HI
3/12/2023,202303,61,83,47,13,17,39,83,2,SEDANG,DKI1 Bunderan HI
3/13/2023,202303,53,72,48,12,21,33,72,2,SEDANG,DKI1 Bunderan HI
3/14/2023,202303,51,61,47,12,15,30,61,2,SEDANG,DKI1 Bunderan HI
3/15/2023,202303,29,42,43,11,23,31,43,3,BAIK,DKI1 Bunderan HI
3/16/2023,202303,64,84,46,15,21,44,84,2,SEDANG,DKI1 Bunderan HI
3/17/2023,202303,49,59,44,11,21,28,59,2,SEDANG,DKI1 Bunderan HI
3/18/2023,202303,44,60,45,12,20,34,60,2,SEDANG,DKI1 Bunderan HI
3/19/2023,202303,53,67,46,12,24,29,67,2,SEDANG,DKI1 Bunderan HI
3/20/2023,202303,54,76,47,13,28,33,76,2,SEDANG,DKI1 Bunderan HI
3/21/2023,202303,54,71,47,14,20,45,71,2,SEDANG,DKI1 Bunderan HI
3/25/2023,202303,53,69,46,11,29,25,69,2,SEDANG,DKI1 Bunderan HI
3/26/2023,202303,45,64,45,13,25,25,64,2,SEDANG,DKI1 Bunderan HI
3/27/2023,202303,35,52,45,13,27,25,52,2,SEDANG,DKI1 Bunderan HI
3/28/2023,202303,55,72,46,17,19,34,72,2,SEDANG,DKI1 Bunderan HI
3/29/2023,202303,56,74,46,16,21,33,74,2,SEDANG,DKI1 Bunderan HI
3/30/2023,202303,49,66,52,15,22,32,66,2,SEDANG,DKI1 Bunderan HI
3/31/2023,202303,45,57,49,13,22,29,57,2,SEDANG,DKI1 Bunderan HI
4/1/2023,202304,34,44,51,11,20,19,51,SO2,SEDANG,DKI1 Bunderan HI
4/2/2023,202304,29,46,49,12,24,17,49,SO2,BAIK,DKI1 Bunderan HI
4/3/2023,202304,53,71,52,13,19,29,71,PM2.5,SEDANG,DKI1 Bunderan HI
4/4/2023,202304,46,61,51,13,12,24,61,PM2.5,SEDANG,DKI1 Bunderan HI
4/5/2023,202304,44,68,51,14,22,29,68,PM2.5,SEDANG,DKI1 Bunderan HI
4/6/2023,202304,47,63,49,13,14,31,63,PM2.5,SEDANG,DKI1 Bunderan HI
4/7/2023,202304,43,65,52,12,21,23,65,PM2.5,SEDANG,DKI1 Bunderan HI
4/8/2023,202304,59,82,51,12,35,26,82,PM2.5,SEDANG,DKI1 Bunderan HI
4/9/2023,202304,57,79,52,13,23,27,79,PM2.5,SEDANG,DKI1 Bunderan HI
4/10/2023,202304,38,53,48,11,17,18,53,PM2.5,SEDANG,DKI1 Bunderan HI
4/11/2023,202304,27,51,47,12,14,17,51,PM2.5,SEDANG,DKI1 Bunderan HI
4/12/2023,202304,31,51,46,11,9,14,51,PM2.5,SEDANG,DKI1 Bunderan HI
4/13/2023,202304,27,49,45,10,11,14,49,PM2.5,BAIK,DKI1 Bunderan HI
4/14/2023,202304,33,57,48,12,14,26,57,PM2.5,SEDANG,DKI1 Bunderan HI
4/15/2023,202304,65,94,52,12,27,53,94,PM2.5,SEDANG,DKI1 Bunderan HI
4/16/2023,202304,48,63,50,11,21,22,63,PM2.5,SEDANG,DKI1 Bunderan HI
4/17/2023,202304,42,58,48,11,18,24,58,PM2.5,SEDANG,DKI1 Bunderan HI
4/18/2023,202304,51,72,52,9,27,26,72,PM2.5,SEDANG,DKI1 Bunderan HI
4/19/2023,202304,51,75,50,9,33,27,75,PM2.5,SEDANG,DKI1 Bunderan HI
4/20/2023,202304,43,60,45,11,35,27,60,PM2.5,SEDANG,DKI1 Bunderan HI
4/21/2023,202304,49,71,46,9,36,23,71,PM2.5,SEDANG,DKI1 Bunderan HI
4/22/2023,202304,45,66,46,11,32,18,66,PM2.5,SEDANG,DKI1 Bunderan HI
4/23/2023,202304,45,64,50,8,38,12,64,PM2.5,SEDANG,DKI1 Bunderan HI
4/24/2023,202304,42,64,47,9,32,21,64,PM2.5,SEDANG,DKI1 Bunderan HI
4/25/2023,202304,33,48,45,9,25,19,48,PM2.5,BAIK,DKI1 Bunderan HI
4/26/2023,202304,35,53,46,11,23,21,53,PM2.5,SEDANG,DKI1 Bunderan HI
4/27/2023,202304,50,68,45,11,30,31,68,PM2.5,SEDANG,DKI1 Bunderan HI
4/28/2023,202304,34,51,45,8,29,21,51,PM2.5,SEDANG,DKI1 Bunderan HI
4/29/2023,202304,52,81,46,13,36,31,81,PM2.5,SEDANG,DKI1 Bunderan HI
4/30/2023,202304,61,87,50,10,42,26,87,PM2.5,SEDANG,DKI1 Bunderan HI
5/1/2023,202305,49,69,47,9,34,21,69,PM2.5,SEDANG,DKI1 Bunderan HI
5/2/2023,202305,64,98,50,11,34,32,98,PM2.5,SEDANG,DKI1 Bunderan HI
5/3/2023,202305,52,68,50,9,32,29,68,PM2.5,SEDANG,DKI1 Bunderan HI
5/4/2023,202305,35,51,46,10,29,31,51,PM2.5,SEDANG,DKI1 Bunderan HI
5/5/2023,202305,45,63,46,12,38,35,63,PM2.5,SEDANG,DKI1 Bunderan HI
5/6/2023,202305,49,66,45,9,41,31,66,PM2.5,SEDANG,DKI1 Bunderan HI
5/7/2023,202305,54,80,49,12,33,34,80,PM2.5,SEDANG,DKI1 Bunderan HI
5/8/2023,202305,51,69,48,11,40,30,69,PM2.5,SEDANG,DKI1 Bunderan HI
5/9/2023,202305,48,71,50,11,25,34,71,PM2.5,SEDANG,DKI1 Bunderan HI
5/10/2023,202305,65,92,52,10,34,30,92,PM2.5,SEDANG,DKI1 Bunderan HI
5/11/2023,202305,61,84,53,10,33,25,84,PM2.5,SEDANG,DKI1 Bunderan HI
5/12/2023,202305,31,41,52,9,15,16,52,SO2,SEDANG,DKI1 Bunderan HI
5/13/2023,202305,39,63,52,10,28,24,63,PM2.5,SEDANG,DKI1 Bunderan HI
5/14/2023,202305,37,63,50,9,30,29,63,PM2.5,SEDANG,DKI1 Bunderan HI
5/15/2023,202305,46,71,51,12,21,32,71,PM2.5,SEDANG,DKI1 Bunderan HI
5/16/2023,202305,56,77,51,12,21,35,77,PM2.5,SEDANG,DKI1 Bunderan HI
5/17/2023,202305,61,81,52,11,18,32,81,PM2.5,SEDANG,DKI1 Bunderan HI
5/18/2023,202305,57,84,53,10,25,25,84,PM2.5,SEDANG,DKI1 Bunderan HI
5/19/2023,202305,60,91,52,12,24,34,91,PM2.5,SEDANG,DKI1 Bunderan HI
5/20/2023,202305,63,93,53,10,23,28,93,PM2.5,SEDANG,DKI1 Bunderan HI
5/21/2023,202305,66,99,52,10,27,27,99,PM2.5,SEDANG,DKI1 Bunderan HI
5/22/2023,202305,60,86,47,11,37,36,86,PM2.5,SEDANG,DKI1 Bunderan HI
5/23/2023,202305,68,96,51,10,21,35,96,PM2.5,SEDANG,DKI1 Bunderan HI
5/24/2023,202305,66,101,52,11,16,38,101,PM2.5,TIDAK SEHAT,DKI1 Bunderan HI
5/25/2023,202305,64,93,52,14,25,32,93,PM2.5,SEDANG,DKI1 Bunderan HI
5/26/2023,202305,66,99,39,15,30,32,99,PM2.5,SEDANG,DKI1 Bunderan HI
5/27/2023,202305,67,98,41,11,32,26,98,PM2.5,SEDANG,DKI1 Bunderan HI
5/28/2023,202305,57,89,38,10,32,29,89,PM2.5,SEDANG,DKI1 Bunderan HI
5/29/2023,202305,65,98,38,11,26,30,98,PM2.5,SEDANG,DKI1 Bunderan HI
5/30/2023,202305,62,93,39,10,31,27,93,PM2.5,SEDANG,DKI1 Bunderan HI
5/31/2023,202305,60,89,37,10,31,36,89,PM2.5,SEDANG,DKI1 Bunderan HI
6/1/2023,202306,58,84,40,11,29,28,84,PM2.5,SEDANG,DKI1 Bunderan HI
6/2/2023,202306,62,91,41,10,31,19,91,PM2.5,SEDANG,DKI1 Bunderan HI
6/3/2023,202306,60,86,40,10,26,19,86,PM2.5,SEDANG,DKI1 Bunderan HI
6/4/2023,202306,59,89,37,10,25,22,89,PM2.5,SEDANG,DKI1 Bunderan HI
6/5/2023,202306,54,75,36,12,29,24,75,PM2.5,SEDANG,DKI1 Bunderan HI
6/6/2023,202306,59,76,35,12,21,27,76,PM2.5,SEDANG,DKI1 Bunderan HI
6/7/2023,202306,54,78,38,12,20,31,78,PM2.5,SEDANG,DKI1 Bunderan HI
6/8/2023,202306,54,81,44,11,21,22,81,PM2.5,SEDANG,DKI1 Bunderan HI
6/9/2023,202306,56,75,43,13,15,23,75,PM2.5,SEDANG,DKI1 Bunderan HI
6/10/2023,202306,48,74,38,11,31,25,74,PM2.5,SEDANG,DKI1 Bunderan HI
6/11/2023,202306,63,92,42,11,32,23,92,PM2.5,SEDANG,DKI1 Bunderan HI
6/12/2023,202306,60,89,38,12,23,24,89,PM2.5,SEDANG,DKI1 Bunderan HI
6/13/2023,202306,57,80,44,10,19,26,80,PM2.5,SEDANG,DKI1 Bunderan HI
6/14/2023,202306,56,81,39,11,24,26,81,PM2.5,SEDANG,DKI1 Bunderan HI
6/15/2023,202306,60,92,40,11,20,32,92,PM2.5,SEDANG,DKI1 Bunderan HI
6/16/2023,202306,56,75,36,11,28,25,75,PM2.5,SEDANG,DKI1 Bunderan HI
6/17/2023,202306,57,85,46,13,23,28,85,PM2.5,SEDANG,DKI1 Bunderan HI
6/18/2023,202306,58,87,44,10,21,27,87,PM2.5,SEDANG,DKI1 Bunderan HI
6/19/2023,202306,42,64,36,11,31,25,64,PM2.5,SEDANG,DKI1 Bunderan HI
6/20/2023,202306,56,75,41,14,25,28,75,PM2.5,SEDANG,DKI1 Bunderan HI
6/21/2023,202306,55,87,41,10,36,26,87,PM2.5,SEDANG,DKI1 Bunderan HI
6/22/2023,202306,63,98,37,13,33,35,98,PM2.5,SEDANG,DKI1 Bunderan HI
6/23/2023,202306,55,78,39,10,28,24,78,PM2.5,SEDANG,DKI1 Bunderan HI
6/24/2023,202306,51,74,37,10,34,29,74,PM2.5,SEDANG,DKI1 Bunderan HI
6/25/2023,202306,55,83,36,10,39,24,83,PM2.5,SEDANG,DKI1 Bunderan HI
6/26/2023,202306,54,77,37,12,33,29,77,PM2.5,SEDANG,DKI1 Bunderan HI
6/27/2023,202306,64,94,42,11,28,30,94,PM2.5,SEDANG,DKI1 Bunderan HI
6/28/2023,202306,43,67,38,11,25,25,67,PM2.5,SEDANG,DKI1 Bunderan HI
6/29/2023,202306,36,56,37,9,24,16,56,PM2.5,SEDANG,DKI1 Bunderan HI
6/30/2023,202306,38,65,36,10,28,18,65,PM2.5,SEDANG,DKI1 Bunderan HI
7/1/2023,202307,55,83,38,12,20,28,83,PM2.5,SEDANG,DKI1 Bunderan HI
7/2/2023,202307,55,83,37,11,26,27,83,PM2.5,SEDANG,DKI1 Bunderan HI
7/3/2023,202307,55,81,40,10,24,28,81,PM2.5,SEDANG,DKI1 Bunderan HI
7/4/2023,202307,53,76,38,12,25,31,76,PM2.5,SEDANG,DKI1 Bunderan HI
7/5/2023,202307,62,95,43,11,23,35,95,PM2.5,SEDANG,DKI1 Bunderan HI
7/6/2023,202307,66,101,39,11,22,35,101,PM2.5,TIDAK SEHAT,DKI1 Bunderan HI
7/7/2023,202307,65,97,45,11,32,35,97,PM2.5,SEDANG,DKI1 Bunderan HI
7/8/2023,202307,54,69,38,11,21,29,69,PM2.5,SEDANG,DKI1 Bunderan HI
7/9/2023,202307,42,67,38,12,15,23,67,PM2.5,SEDANG,DKI1 Bunderan HI
7/10/2023,202307,42,62,40,10,17,17,62,PM2.5,SEDANG,DKI1 Bunderan HI
7/11/2023,202307,52,73,42,11,13,27,73,PM2.5,SEDANG,DKI1 Bunderan HI
7/12/2023,202307,57,89,40,12,25,32,89,PM2.5,SEDANG,DKI1 Bunderan HI
7/13/2023,202307,63,92,40,12,36,33,92,PM2.5,SEDANG,DKI1 Bunderan HI
7/14/2023,202307,59,90,39,12,36,35,90,PM2.5,SEDANG,DKI1 Bunderan HI
7/15/2023,202307,56,82,40,11,21,28,82,PM2.5,SEDANG,DKI1 Bunderan HI
7/16/2023,202307,55,82,41,11,21,25,82,PM2.5,SEDANG,DKI1 Bunderan HI
7/17/2023,202307,52,76,38,12,24,22,76,PM2.5,SEDANG,DKI1 Bunderan HI
7/18/2023,202307,60,87,40,11,21,24,87,PM2.5,SEDANG,DKI1 Bunderan HI
7/19/2023,202307,56,84,39,11,23,22,84,PM2.5,SEDANG,DKI1 Bunderan HI
7/20/2023,202307,52,80,39,14,27,25,80,PM2.5,SEDANG,DKI1 Bunderan HI
7/21/2023,202307,62,94,41,16,24,38,94,PM2.5,SEDANG,DKI1 Bunderan HI
7/22/2023,202307,74,114,42,13,30,35,114,PM2.5,TIDAK SEHAT,DKI1 Bunderan HI
7/23/2023,202307,58,84,41,12,23,25,84,PM2.5,SEDANG,DKI1 Bunderan HI
7/24/2023,202307,57,77,38,11,33,23,77,PM2.5,SEDANG,DKI1 Bunderan HI
7/25/2023,202307,63,97,42,11,36,34,97,PM2.5,SEDANG,DKI1 Bunderan HI
7/26/2023,202307,63,92,38,11,25,33,92,PM2.5,SEDANG,DKI1 Bunderan HI
7/27/2023,202307,71,109,41,13,26,43,109,PM2.5,TIDAK SEHAT,DKI1 Bunderan HI
7/28/2023,202307,67,94,44,11,24,32,94,PM2.5,SEDANG,DKI1 Bunderan HI
7/29/2023,202307,63,93,42,11,27,27,93,PM2.5,SEDANG,DKI1 Bunderan HI
7/30/2023,202307,62,93,42,11,32,20,93,PM2.5,SEDANG,DKI1 Bunderan HI
7/31/2023,202307,60,83,39,12,26,20,83,PM2.5,SEDANG,DKI1 Bunderan HI
8/1/2023,202308,56,79,41,10,19,24,79,PM2.5,SEDANG,DKI1 Bunderan HI
8/2/2023,202308,51,74,42,9,22,24,74,PM2.5,SEDANG,DKI1 Bunderan HI
8/3/2023,202308,60,82,40,9,32,29,82,PM2.5,SEDANG,DKI1 Bunderan HI
8/4/2023,202308,62,91,38,11,39,24,91,PM2.5,SEDANG,DKI1 Bunderan HI
8/5/2023,202308,57,91,39,8,33,22,91,PM2.5,SEDANG,DKI1 Bunderan HI
8/6/2023,202308,58,97,39,11,30,22,97,PM2.5,SEDANG,DKI1 Bunderan HI
8/7/2023,202308,72,114,40,13,28,39,114,PM2.5,TIDAK SEHAT,DKI1 Bunderan HI
8/8/2023,202308,67,90,41,10,19,29,90,PM2.5,SEDANG,DKI1 Bunderan HI
8/9/2023,202308,58,79,39,9,24,24,79,PM2.5,SEDANG,DKI1 Bunderan HI
8/10/2023,202308,58,87,41,10,27,31,87,PM2.5,SEDANG,DKI1 Bunderan HI
8/11/2023,202308,66,96,40,10,29,29,96,PM2.5,SEDANG,DKI1 Bunderan HI
8/12/2023,202308,66,98,42,12,28,28,98,PM2.5,SEDANG,DKI1 Bunderan HI
8/13/2023,202308,59,87,43,12,27,24,87,PM2.5,SEDANG,DKI1 Bunderan HI
8/14/2023,202308,56,82,42,12,30,25,82,PM2.5,SEDANG,DKI1 Bunderan HI
8/15/2023,202308,61,90,46,11,26,33,90,PM2.5,SEDANG,DKI1 Bunderan HI
8/16/2023,202308,63,93,42,12,28,35,93,PM2.5,SEDANG,DKI1 Bunderan HI
8/17/2023,202308,61,87,42,11,21,29,87,PM2.5,SEDANG,DKI1 Bunderan HI
8/18/2023,202308,46,67,40,12,24,22,67,PM2.5,SEDANG,DKI1 Bunderan HI
8/19/2023,202308,56,84,41,12,28,28,84,PM2.5,SEDANG,DKI1 Bunderan HI
8/20/2023,202308,59,86,42,13,30,20,86,PM2.5,SEDANG,DKI1 Bunderan HI
8/21/2023,202308,57,82,40,13,28,21,82,PM2.5,SEDANG,DKI1 Bunderan HI
8/22/2023,202308,59,88,42,14,25,30,88,PM2.5,SEDANG,DKI1 Bunderan HI
8/23/2023,202308,64,96,41,14,29,37,96,PM2.5,SEDANG,DKI1 Bunderan HI
8/24/2023,202308,64,89,45,12,26,27,89,PM2.5,SEDANG,DKI1 Bunderan HI
8/25/2023,202308,60,90,45,13,40,35,90,PM2.5,SEDANG,DKI1 Bunderan HI
8/26/2023,202308,77,84,42,8,30,23,84,PM2.5,SEDANG,DKI1 Bunderan HI
8/27/2023,202308,64,94,40,12,42,23,94,PM2.5,SEDANG,DKI1 Bunderan HI
8/28/2023,202308,62,85,41,13,28,30,85,PM2.5,SEDANG,DKI1 Bunderan HI
8/29/2023,202308,63,90,45,14,23,30,90,PM2.5,SEDANG,DKI1 Bunderan HI
8/30/2023,202308,64,90,44,13,32,32,90,PM2.5,SEDANG,DKI1 Bunderan HI
8/31/2023,202308,68,104,44,13,39,34,104,PM2.5,TIDAK SEHAT,DKI1 Bunderan HI
9/1/2023,202309,71,101,42,12,35,37,101,PM2.5,TIDAK SEHAT,DKI1 Bunderan HI
9/2/2023,202309,74,108,43,11,34,33,108,PM2.5,TIDAK SEHAT,DKI1 Bunderan HI
9/3/2023,202309,63,93,43,11,42,20,93,PM2.5,SEDANG,DKI1 Bunderan HI
9/4/2023,202309,62,89,45,11,31,29,89,PM2.5,SEDANG,DKI1 Bunderan HI
9/5/2023,202309,66,99,46,16,27,36,99,PM2.5,SEDANG,DKI1 Bunderan HI
9/6/2023,202309,60,93,47,16,32,35,93,PM2.5,SEDANG,DKI1 Bunderan HI
9/7/2023,202309,62,95,47,15,33,30,95,PM2.5,SEDANG,DKI1 Bunderan HI
9/8/2023,202309,66,102,49,14,24,34,102,PM2.5,TIDAK SEHAT,DKI1 Bunderan HI
9/9/2023,202309,46,88,54,13,26,27,88,PM2.5,SEDANG,DKI1 Bunderan HI
9/10/2023,202309,58,82,41,11,29,23,82,PM2.5,SEDANG,DKI1 Bunderan HI
9/11/2023,202309,62,91,41,10,35,29,91,PM2.5,SEDANG,DKI1 Bunderan HI
9/12/2023,202309,56,82,41,10,18,24,82,PM2.5,SEDANG,DKI1 Bunderan HI
9/13/2023,202309,55,86,41,10,31,26,86,PM2.5,SEDANG,DKI1 Bunderan HI
9/14/2023,202309,55,73,42,9,29,29,73,PM2.5,SEDANG,DKI1 Bunderan HI
9/15/2023,202309,58,82,44,8,29,27,82,PM2.5,SEDANG,DKI1 Bunderan HI
9/16/2023,202309,60,88,46,7,33,26,88,PM2.5,SEDANG,DKI1 Bunderan HI
9/17/2023,202309,57,76,43,6,33,20,76,PM2.5,SEDANG,DKI1 Bunderan HI
9/18/2023,202309,53,76,42,6,32,20,76,PM2.5,SEDANG,DKI1 Bunderan HI
9/19/2023,202309,60,88,41,9,33,30,88,PM2.5,SEDANG,DKI1 Bunderan HI
9/20/2023,202309,62,84,43,8,21,33,84,PM2.5,SEDANG,DKI1 Bunderan HI
9/21/2023,202309,61,84,44,8,29,32,84,PM2.5,SEDANG,DKI1 Bunderan HI
9/22/2023,202309,60,87,44,9,29,30,87,PM2.5,SEDANG,DKI1 Bunderan HI
9/23/2023,202309,57,86,45,8,33,31,86,PM2.5,SEDANG,DKI1 Bunderan HI
9/24/2023,202309,55,78,44,7,30,23,78,PM2.5,SEDANG,DKI1 Bunderan HI
9/25/2023,202309,59,84,46,9,35,30,84,PM2.5,SEDANG,DKI1 Bunderan HI
9/26/2023,202309,58,89,45,8,27,34,89,PM2.5,SEDANG,DKI1 Bunderan HI
9/27/2023,202309,57,88,46,9,23,33,88,PM2.5,SEDANG,DKI1 Bunderan HI
9/28/2023,202309,58,99,46,8,29,23,99,PM2.5,SEDANG,DKI1 Bunderan HI
9/29/2023,202309,58,88,47,8,29,22,88,PM2.5,SEDANG,DKI1 Bunderan HI
10/1/2023,202310,75,122,43,5,37,29,122,PM2.5,TIDAK SEHAT,DKI1 Bunderan HI
10/2/2023,202310,76,122,43,8,35,31,122,PM2.5,TIDAK SEHAT,DKI1 Bunderan HI
10/3/2023,202310,58,86,41,7,36,26,86,PM2.5,SEDANG,DKI1 Bunderan HI
10/4/2023,202310,65,95,43,7,30,33,95,PM2.5,SEDANG,DKI1 Bunderan HI
10/5/2023,202310,62,89,46,5,27,26,89,PM2.5,SEDANG,DKI1 Bunderan HI
10/6/2023,202310,59,86,46,5,39,26,86,PM2.5,SEDANG,DKI1 Bunderan HI
10/7/2023,202310,72,107,46,5,30,38,107,PM2.5,TIDAK SEHAT,DKI1 Bunderan HI
10/8/2023,202310,64,92,49,4,29,27,92,PM2.5,SEDANG,DKI1 Bunderan HI
10/9/2023,202310,58,85,48,5,25,23,85,PM2.5,SEDANG,DKI1 Bunderan HI
10/10/2023,202310,59,78,50,5,36,26,78,PM2.5,SEDANG,DKI1 Bunderan HI
10/11/2023,202310,53,74,48,4,31,26,74,PM2.5,SEDANG,DKI1 Bunderan HI
10/12/2023,202310,62,93,47,4,34,33,93,PM2.5,SEDANG,DKI1 Bunderan HI
10/13/2023,202310,63,89,47,3,41,26,89,PM2.5,SEDANG,DKI1 Bunderan HI
10/14/2023,202310,65,102,47,4.2,24,32,102,PM2.5,TIDAK SEHAT,DKI1 Bunderan HI
10/15/2023,202310,62,98,48,5.4,25,22,98,PM2.5,SEDANG,DKI1 Bunderan HI
10/16/2023,202310,59,96,50,6.6,31,24,96,PM2.5,SEDANG,DKI1 Bunderan HI
10/17/2023,202310,61,93,49,7.8,43,25,93,PM2.5,SEDANG,DKI1 Bunderan HI
10/18/2023,202310,64,108,50,9,29,34,108,PM2.5,TIDAK SEHAT,DKI1 Bunderan HI
10/19/2023,202310,65,93,51,9,25,30,93,PM2.5,SEDANG,DKI1 Bunderan HI
10/20/2023,202310,62,78,50,6,29,23,78,PM2.5,SEDANG,DKI1 Bunderan HI
10/21/2023,202310,63,88,49,6,24,33,88,PM2.5,SEDANG,DKI1 Bunderan HI
10/22/2023,202310,60,91,47,4,37,25,91,PM2.5,SEDANG,DKI1 Bunderan HI
10/23/2023,202310,62,86,48,6,37,27,86,PM2.5,SEDANG,DKI1 Bunderan HI
10/24/2023,202310,63,96,47,5,21,35,96,PM2.5,SEDANG,DKI1 Bunderan HI
10/25/2023,202310,58,81,44,5,31,32,81,PM2.5,SEDANG,DKI1 Bunderan HI
10/26/2023,202310,65,99,46,8,31,37,99,PM2.5,SEDANG,DKI1 Bunderan HI
10/27/2023,202310,67,102,47,8,29,36,102,PM2.5,TIDAK SEHAT,DKI1 Bunderan HI
10/28/2023,202310,66,97,47,6,34,36,97,PM2.5,SEDANG,DKI1 Bunderan HI
10/29/2023,202310,65,94,47,7,36,26,94,PM2.5,SEDANG,DKI1 Bunderan HI
10/30/2023,202310,59,83,45,6,40,29,83,PM2.5,SEDANG,DKI1 Bunderan HI
10/31/2023,202310,67,95,45,5,48,33,95,PM2.5,SEDANG,DKI1 Bunderan HI
11/1/2023,202311,61,86,42,8,38,41,86,PM2.5,SEDANG,DKI1 Bunderan HI
11/2/2023,202311,58,84,42,6,35,38,84,PM2.5,SEDANG,DKI1 Bunderan HI
11/3/2023,202311,64,89,43,9,39,37,89,PM2.5,SEDANG,DKI1 Bunderan HI
11/4/2023,202311,68,97,45,8,33,41,97,PM2.5,SEDANG,DKI1 Bunderan HI
11/5/2023,202311,51,63,44,8,40,29,63,PM2.5,SEDANG,DKI1 Bunderan HI
11/6/2023,202311,53,73,43,8,34,29,73,PM2.5,SEDANG,DKI1 Bunderan HI
11/7/2023,202311,60,85,43,7,37,30,85,PM2.5,SEDANG,DKI1 Bunderan HI
11/8/2023,202311,55,74,41,6,40,25,74,PM2.5,SEDANG,DKI1 Bunderan HI
11/9/2023,202311,61,89,44,6,46,30,89,PM2.5,SEDANG,DKI1 Bunderan HI
11/10/2023,202311,64,107,44,8,41,33,107,PM2.5,TIDAK SEHAT,DKI1 Bunderan HI
11/11/2023,202311,64,89,39,15,35,30,89,PM2.5,SEDANG,DKI1 Bunderan HI
11/12/2023,202311,57,79,42,16,45,25,79,PM2.5,SEDANG,DKI1 Bunderan HI
11/13/2023,202311,58,81,43,18,36,29,81,PM2.5,SEDANG,DKI1 Bunderan HI
11/14/2023,202311,57,79,43,16,34,26,79,PM2.5,SEDANG,DKI1 Bunderan HI
11/15/2023,202311,47,66,40,16,38,30,66,PM2.5,SEDANG,DKI1 Bunderan HI
11/16/2023,202311,57,81,42,16,41,37,81,PM2.5,SEDANG,DKI1 Bunderan HI
11/17/2023,202311,52,75,41,16,40,36,75,PM2.5,SEDANG,DKI1 Bunderan HI
11/18/2023,202311,53,120,41,14,34,31,120,PM2.5,TIDAK SEHAT,DKI1 Bunderan HI
11/19/2023,202311,54,80,43,16,32,24,80,PM2.5,SEDANG,DKI1 Bunderan HI
11/20/2023,202311,52,75,43,15,39,24,75,PM2.5,SEDANG,DKI1 Bunderan HI
11/21/2023,202311,57,87,44,15,36,30,87,PM2.5,SEDANG,DKI1 Bunderan HI
11/22/2023,202311,50,69,42,13,43,30,69,PM2.5,SEDANG,DKI1 Bunderan HI
11/23/2023,202311,56,93,44,11,38,30,93,PM2.5,SEDANG,DKI1 Bunderan HI
11/24/2023,202311,70,101,44,11,33,38,101,PM2.5,TIDAK SEHAT,DKI1 Bunderan HI
11/25/2023,202311,65,83,43,14,4,29,83,PM2.5,SEDANG,DKI1 Bunderan HI
11/26/2023,202311,55,75,43,15,15,25,75,PM2.5,SEDANG,DKI1 Bunderan HI
11/27/2023,202311,58,76,43,14,31,26,76,PM2.5,SEDANG,DKI1 Bunderan HI
11/28/2023,202311,62,96,45,15,29,34,96,PM2.5,SEDANG,DKI1 Bunderan HI
11/29/2023,202311,58,82,44,11,31,26,82,PM2.5,SEDANG,DKI1 Bunderan HI
11/30/2023,202311,38,67,43,12,34,34,67,PM2.5,SEDANG,DKI1 Bunderan HI
11/4/2010,201011,27,,8,22,45,10,45,O3,BAIK,DKI2 Kelapa Gading
11/5/2010,201011,13,,1,22,54,11,54,O3,SEDANG,DKI2 Kelapa Gading
11/6/2010,201011,27,,6,25,36,16,36,O3,BAIK,DKI2 Kelapa Gading
11/7/2010,201011,24,,2,23,36,14,36,O3,BAIK,DKI2 Kelapa Gading
11/8/2010,201011,18,,1,13,22,8,22,O3,BAIK,DKI2 Kelapa Gading
11/9/2010,201011,14,,1,17,78,11,78,O3,SEDANG,DKI2 Kelapa Gading
11/10/2010,201011,27,,5,26,71,18,71,O3,SEDANG,DKI2 Kelapa Gading
11/11/2010,201011,17,,2,10,55,8,55,O3,SEDANG,DKI2 Kelapa Gading
11/12/2010,201011,18,,3,19,25,9,25,O3,BAIK,DKI2 Kelapa Gading
11/13/2010,201011,16,,3,15,123,14,123,O3,TIDAK SEHAT,DKI2 Kelapa Gading
11/14/2010,201011,30,,6,36,57,21,57,O3,SEDANG,DKI2 Kelapa Gading
11/15/2010,201011,24,,7,17,43,17,43,O3,BAIK,DKI2 Kelapa Gading
11/16/2010,201011,26,,5,21,45,20,45,O3,BAIK,DKI2 Kelapa Gading
11/17/2010,201011,30,,3,42,68,19.25,68,O3,SEDANG,DKI2 Kelapa Gading
11/20/2010,201011,28.875,,5,26,74,17,74,O3,SEDANG,DKI2 Kelapa Gading
11/21/2010,201011,28.5,,3,36,90,22,90,O3,SEDANG,DKI2 Kelapa Gading
11/22/2010,201011,28.125,,5,30,83,17,83,O3,SEDANG,DKI2 Kelapa Gading
11/23/2010,201011,27.75,,5,23,76,20,76,O3,SEDANG,DKI2 Kelapa Gading
11/24/2010,201011,27.375,,9,23,70,19,70,O3,SEDANG,DKI2 Kelapa Gading
11/25/2010,201011,27,,2,17,76,19,76,O3,SEDANG,DKI2 Kelapa Gading
11/26/2010,201011,24,,5,23,137,17,137,O3,TIDAK SEHAT,DKI2 Kelapa Gading
11/27/2010,201011,22,,3,32,116,23,116,O3,TIDAK SEHAT,DKI2 Kelapa Gading
11/28/2010,201011,25,,3,43,92,23,92,O3,SEDANG,DKI2 Kelapa Gading
11/29/2010,201011,28,,6,21,74,20,74,O3,SEDANG,DKI2 Kelapa Gading
11/30/2010,201011,31,,2,16,36,19,36,O3,BAIK,DKI2 Kelapa Gading
12/1/2010,201012,10,,4.333333333,17.33333333,43,16.66666667,10,PM10,BAIK,DKI2 Kelapa Gading
12/2/2010,201012,11,,6.666666667,18.66666667,50,14.33333333,11,PM10,BAIK,DKI2 Kelapa Gading
12/3/2010,201012,18,,9,20,57,12,57,O3,SEDANG,DKI2 Kelapa Gading
12/4/2010,201012,16,,8,17,25,18,25,O3,BAIK,DKI2 Kelapa Gading
12/5/2010,201012,14,,4,24,30,8,30,O3,BAIK,DKI2 Kelapa Gading
12/6/2010,201012,13,,3,16,31,9,31,O3,BAIK,DKI2 Kelapa Gading
12/7/2010,201012,12,,3,22,22,7,22,CO,BAIK,DKI2 Kelapa Gading
12/8/2010,201012,12,,2,14,20,9,20,O3,BAIK,DKI2 Kelapa Gading
12/9/2010,201012,15,,3,18,21,14,21,O3,BAIK,DKI2 Kelapa Gading
12/10/2010,201012,14,,3,16,23,9,23,O3,BAIK,DKI2 Kelapa Gading
12/11/2010,201012,10,,2,18,18,12,18,CO,BAIK,DKI2 Kelapa Gading
12/12/2010,201012,12,,4,21,43,15,43,O3,BAIK,DKI2 Kelapa Gading
12/13/2010,201012,14,,6,14,24,15,24,O3,BAIK,DKI2 Kelapa Gading
12/14/2010,201012,17,,9,18,21,15,21,O3,BAIK,DKI2 Kelapa Gading
12/15/2010,201012,20,,10,24,21,19,24,CO,BAIK,DKI2 Kelapa Gading
12/16/2010,201012,17,,7,16,22,15,22,O3,BAIK,DKI2 Kelapa Gading
12/17/2010,201012,13,,7,14,21,9,21,O3,BAIK,DKI2 Kelapa Gading
12/18/2010,201012,14,,3,27,33,11,33,O3,BAIK,DKI2 Kelapa Gading
12/19/2010,201012,15,,3,17,27,9,27,O3,BAIK,DKI2 Kelapa Gading
12/20/2010,201012,17,,5,17,33,9,33,O3,BAIK,DKI2 Kelapa Gading
12/21/2010,201012,15,,5,14,31,11,31,O3,BAIK,DKI2 Kelapa Gading
12/22/2010,201012,12,,3,15,33,8,33,O3,BAIK,DKI2 Kelapa Gading
12/23/2010,201012,18,,8,20,30,13,30,O3,BAIK,DKI2 Kelapa Gading
12/24/2010,201012,20,,6,24,104,15,104,O3,TIDAK SEHAT,DKI2 Kelapa Gading
12/25/2010,201012,26,,15,16,33,15,33,O3,BAIK,DKI2 Kelapa Gading
12/26/2010,201012,17,,5,15,24,12,24,O3,BAIK,DKI2 Kelapa Gading
12/27/2010,201012,12,,5,12,26,14,26,O3,BAIK,DKI2 Kelapa Gading
12/28/2010,201012,15,,9,13,43,17,43,O3,BAIK,DKI2 Kelapa Gading
12/29/2010,201012,20,,5,25,35,14,35,O3,BAIK,DKI2 Kelapa Gading
12/30/2010,201012,17,,7,16,29,15,29,O3,BAIK,DKI2 Kelapa Gading
12/31/2010,201012,17,,6,13,34,15,34,O3,BAIK,DKI2 Kelapa Gading
3/1/2011,201103,40,,14,26,42,8,42,O3,BAIK,DKI2 Kelapa Gading
3/12/2011,201103,54,,17,26,60,28,60,O3,SEDANG,DKI2 Kelapa Gading
3/15/2011,201103,71,,16,25,72,17,72,O3,SEDANG,DKI2 Kelapa Gading
3/16/2011,201103,59,,19,35,96,18,96,O3,SEDANG,DKI2 Kelapa Gading
4/10/2011,201104,39,,16,23,49,19,49,O3,BAIK,DKI2 Kelapa Gading
4/12/2011,201104,72,,22,35,90,19,90,O3,SEDANG,DKI2 Kelapa Gading
4/14/2011,201104,65,,22,35,74,26,74,O3,SEDANG,DKI2 Kelapa Gading
4/17/2011,201104,77,,14,51,126,19,126,O3,TIDAK SEHAT,DKI2 Kelapa Gading
4/20/2011,201104,77,,23,30,89,19,89,O3,SEDANG,DKI2 Kelapa Gading
4/23/2011,201104,62,,15,18,127,22,127,O3,TIDAK SEHAT,DKI2 Kelapa Gading
5/6/2011,201105,58,,22,36,65,23,65,O3,SEDANG,DKI2 Kelapa Gading
5/31/2011,201105,81,,21,35,93,26,93,O3,SEDANG,DKI2 Kelapa Gading
6/15/2011,201106,104,,23,41,137,23,137,O3,TIDAK SEHAT,DKI2 Kelapa Gading
6/28/2011,201106,72,,10,28,122,20,122,O3,TIDAK SEHAT,DKI2 Kelapa Gading
6/30/2011,201106,80,,16,33,127,22,127,O3,TIDAK SEHAT,DKI2 Kelapa Gading
7/15/2011,201107,104,,14,30,174,19,174,O3,TIDAK SEHAT,DKI2 Kelapa Gading
7/29/2011,201107,70,,16,27,136,24,136,O3,TIDAK SEHAT,DKI2 Kelapa Gading
7/30/2011,201107,87,,15,27,129,23,129,O3,TIDAK SEHAT,DKI2 Kelapa Gading
8/3/2011,201108,110,,15,28,165,20,165,O3,TIDAK SEHAT,DKI2 Kelapa Gading
8/5/2011,201108,89,,16,29,168,22,168,O3,TIDAK SEHAT,DKI2 Kelapa Gading
8/25/2011,201108,83,,19,28,152,18,152,O3,TIDAK SEHAT,DKI2 Kelapa Gading
8/30/2011,201108,86,,12,21,93,11,93,O3,SEDANG,DKI2 Kelapa Gading
8/31/2011,201108,83,,14,36,95,14,95,O3,SEDANG,DKI2 Kelapa Gading
9/1/2011,201109,68,,10,13,97,14,97,O3,SEDANG,DKI2 Kelapa Gading
9/8/2011,201109,92,,16,28,159,16,159,O3,TIDAK SEHAT,DKI2 Kelapa Gading
9/10/2011,201109,94,,13,22,117,16,117,O3,TIDAK SEHAT,DKI2 Kelapa Gading
9/19/2011,201109,87,,15,31,104,22,104,O3,TIDAK SEHAT,DKI2 Kelapa Gading
9/20/2011,201109,81,,16,31,125,23,125,O3,TIDAK SEHAT,DKI2 Kelapa Gading
9/23/2011,201109,92,,26,28,201,22,201,O3,SANGAT TIDAK SEHAT,DKI2 Kelapa Gading
9/26/2011,201109,80,,25,24,147,18,147,O3,TIDAK SEHAT,DKI2 Kelapa Gading
9/27/2011,201109,78,,26,27,119,28,119,O3,TIDAK SEHAT,DKI2 Kelapa Gading
10/3/2011,201110,73,,15,27,147,26,147,O3,TIDAK SEHAT,DKI2 Kelapa Gading
10/5/2011,201110,75,,19,30,118,20,118,O3,TIDAK SEHAT,DKI2 Kelapa Gading
10/20/2011,201110,73,,17,32,120,20,120,O3,TIDAK SEHAT,DKI2 Kelapa Gading
10/22/2011,201110,99,,18,30,100,16,100,O3,SEDANG,DKI2 Kelapa Gading
10/23/2011,201110,89,,18,26,140,16,140,O3,TIDAK SEHAT,DKI2 Kelapa Gading
10/26/2011,201110,81,,18,39,138,24,138,O3,TIDAK SEHAT,DKI2 Kelapa Gading
10/27/2011,201110,82,,19,52,93,18,93,O3,SEDANG,DKI2 Kelapa Gading
10/29/2011,201110,79,,15,41,87,16,87,O3,SEDANG,DKI2 Kelapa Gading
10/30/2011,201110,79,,15,31,100,12,100,O3,SEDANG,DKI2 Kelapa Gading
10/31/2011,201110,84,,18,32,154,19,154,O3,TIDAK SEHAT,DKI2 Kelapa Gading
11/2/2011,201111,92,,19,30,89,17,92,PM10,SEDANG,DKI2 Kelapa Gading
11/4/2011,201111,57,,14,30,64,15,64,O3,SEDANG,DKI2 Kelapa Gading
11/5/2011,201111,57,,19,21,106,31,106,O3,TIDAK SEHAT,DKI2 Kelapa Gading
11/6/2011,201111,51,,14,21,71,15,71,O3,SEDANG,DKI2 Kelapa Gading
11/7/2011,201111,58,,17,25,175,16,175,O3,TIDAK SEHAT,DKI2 Kelapa Gading
11/11/2011,201111,73,,20,37,79,18,79,O3,SEDANG,DKI2 Kelapa Gading
11/12/2011,201111,60,,19,20,96,11,96,O3,SEDANG,DKI2 Kelapa Gading
11/13/2011,201111,70,,17,33,94,17,94,O3,SEDANG,DKI2 Kelapa Gading
11/14/2011,201111,82,,22,26,123,21,123,O3,TIDAK SEHAT,DKI2 Kelapa Gading
11/15/2011,201111,81,,22,35,147,19,147,O3,TIDAK SEHAT,DKI2 Kelapa Gading
11/16/2011,201111,86,,31,39,185,36,185,O3,TIDAK SEHAT,DKI2 Kelapa Gading
11/17/2011,201111,96,,33,33,179,28,179,O3,TIDAK SEHAT,DKI2 Kelapa Gading
11/18/2011,201111,76,,19,31,129,20,129,O3,TIDAK SEHAT,DKI2 Kelapa Gading
11/21/2011,201111,65,,25,35,121,21,121,O3,TIDAK SEHAT,DKI2 Kelapa Gading
11/22/2011,201111,69,,32,28,106,21,106,O3,TIDAK SEHAT,DKI2 Kelapa Gading
11/23/2011,201111,91,,26,38,179,21,179,O3,TIDAK SEHAT,DKI2 Kelapa Gading
11/24/2011,201111,67,,33,34,158,22,158,O3,TIDAK SEHAT,DKI2 Kelapa Gading
11/25/2011,201111,58,,18,26,115,16,115,O3,TIDAK SEHAT,DKI2 Kelapa Gading
11/26/2011,201111,79,,19,33,126,15,126,O3,TIDAK SEHAT,DKI2 Kelapa Gading
11/27/2011,201111,74,,12,23,133,13,133,O3,TIDAK SEHAT,DKI2 Kelapa Gading
11/28/2011,201111,134,,27,35,159,26,159,O3,TIDAK SEHAT,DKI2 Kelapa Gading
11/29/2011,201111,91,,23,32,104,19,104,O3,TIDAK SEHAT,DKI2 Kelapa Gading
11/30/2011,201111,75,,20,28,164,20,164,O3,TIDAK SEHAT,DKI2 Kelapa Gading
12/1/2011,201112,76,,18,26,107,16,107,O3,TIDAK SEHAT,DKI2 Kelapa Gading
12/2/2011,201112,54,,19,25,131,15,131,O3,TIDAK SEHAT,DKI2 Kelapa Gading
12/3/2011,201112,44,,17,29,105,13,105,O3,TIDAK SEHAT,DKI2 Kelapa Gading
12/5/2011,201112,59,,18,20,81,15,81,O3,SEDANG,DKI2 Kelapa Gading
12/6/2011,201112,66,,24,37,85,18,85,O3,SEDANG,DKI2 Kelapa Gading
12/10/2011,201112,82,,25,48,100,25,100,O3,SEDANG,DKI2 Kelapa Gading
12/11/2011,201112,53,,14,37,151,15,151,O3,TIDAK SEHAT,DKI2 Kelapa Gading
12/12/2011,201112,54,,21,26,171,13,171,O3,TIDAK SEHAT,DKI2 Kelapa Gading
12/14/2011,201112,66,,21,37,106,17,106,O3,TIDAK SEHAT,DKI2 Kelapa Gading
12/15/2011,201112,53,,17,23,117,12,117,O3,TIDAK SEHAT,DKI2 Kelapa Gading
12/22/2011,201112,51,,17,23,199,16,199,O3,TIDAK SEHAT,DKI2 Kelapa Gading
12/23/2011,201112,50,,19,25,201,13,201,O3,SANGAT TIDAK SEHAT,DKI2 Kelapa Gading
12/24/2011,201112,63,,21,69,206,10,206,O3,SANGAT TIDAK SEHAT,DKI2 Kelapa Gading
12/25/2011,201112,57,,18,39,190,13,190,O3,TIDAK SEHAT,DKI2 Kelapa Gading
12/27/2011,201112,46,,15,35,90,12,90,O3,SEDANG,DKI2 Kelapa Gading
12/28/2011,201112,60,,21,32,101,15,101,O3,TIDAK SEHAT,DKI2 Kelapa Gading
12/29/2011,201112,58,,28,29,76,14,76,O3,SEDANG,DKI2 Kelapa Gading
12/30/2011,201112,55,,22,33,81,10,81,O3,SEDANG,DKI2 Kelapa Gading
12/31/2011,201112,37,,19,22,81,9,81,O3,SEDANG,DKI2 Kelapa Gading
1/1/2012,201201,36,,3,16,63,6,63,O3,SEDANG,DKI2 Kelapa Gading
1/2/2012,201201,36,,6,17,55,6,55,O3,SEDANG,DKI2 Kelapa Gading
1/3/2012,201201,50,,4,17,77,11,77,O3,SEDANG,DKI2 Kelapa Gading
1/4/2012,201201,56,,5,20,76,20,76,O3,SEDANG,DKI2 Kelapa Gading
1/5/2012,201201,67,,6,27,157,24,157,O3,TIDAK SEHAT,DKI2 Kelapa Gading
1/6/2012,201201,46,,7,36,68,10,68,O3,SEDANG,DKI2 Kelapa Gading
1/7/2012,201201,44,,3,27,73,13,73,O3,SEDANG,DKI2 Kelapa Gading
1/8/2012,201201,38,,3,31,90,10,90,O3,SEDANG,DKI2 Kelapa Gading
1/9/2012,201201,52,,4,33,69,21,69,O3,SEDANG,DKI2 Kelapa Gading
1/10/2012,201201,31,,4,22,69,13,69,O3,SEDANG,DKI2 Kelapa Gading
1/11/2012,201201,32,,3,22,75,14,75,O3,SEDANG,DKI2 Kelapa Gading
1/12/2012,201201,33,,5,27,52,13,52,O3,SEDANG,DKI2 Kelapa Gading
1/13/2012,201201,39,,5,24,55,13,55,O3,SEDANG,DKI2 Kelapa Gading
1/14/2012,201201,32,,5,23,54,7,54,O3,SEDANG,DKI2 Kelapa Gading
1/15/2012,201201,31,,4,18,89,10,89,O3,SEDANG,DKI2 Kelapa Gading
1/16/2012,201201,38,,5,21,86,16,86,O3,SEDANG,DKI2 Kelapa Gading
1/17/2012,201201,60,,11,16,94,15,94,O3,SEDANG,DKI2 Kelapa Gading
1/18/2012,201201,42,,10,18,98,19,98,O3,SEDANG,DKI2 Kelapa Gading
1/19/2012,201201,52,,5,34,65,16,65,O3,SEDANG,DKI2 Kelapa Gading
1/20/2012,201201,44,,4,18,73,12,73,O3,SEDANG,DKI2 Kelapa Gading
1/21/2012,201201,40,,6,16,74,21,74,O3,SEDANG,DKI2 Kelapa Gading
1/22/2012,201201,50,,5,23,95,14,95,O3,SEDANG,DKI2 Kelapa Gading
1/23/2012,201201,35,,4,12,78,9,78,O3,SEDANG,DKI2 Kelapa Gading
1/24/2012,201201,35,,9,11,29,11,35,PM10,BAIK,DKI2 Kelapa Gading
1/25/2012,201201,40,,8,10,61,15,61,O3,SEDANG,DKI2 Kelapa Gading
1/26/2012,201201,49,,8,20,81,11,81,O3,SEDANG,DKI2 Kelapa Gading
1/27/2012,201201,42,,5,11,96,14,96,O3,SEDANG,DKI2 Kelapa Gading
1/28/2012,201201,44,,8,14,75,17,75,O3,SEDANG,DKI2 Kelapa Gading
1/29/2012,201201,33,,4,15,75,6,75,O3,SEDANG,DKI2 Kelapa Gading
1/30/2012,201201,36,,5,17,130,7,130,O3,TIDAK SEHAT,DKI2 Kelapa Gading
1/31/2012,201201,31,,3,24,61,10,61,O3,SEDANG,DKI2 Kelapa Gading
2/1/2012,201202,67,,8,57,105,19,105,O3,TIDAK SEHAT,DKI2 Kelapa Gading
2/2/2012,201202,48,,12,15,70,17,70,O3,SEDANG,DKI2 Kelapa Gading
2/3/2012,201202,52,,10,35,37,14,52,PM10,SEDANG,DKI2 Kelapa Gading
2/4/2012,201202,43,,9,27,57,11,57,O3,SEDANG,DKI2 Kelapa Gading
2/5/2012,201202,49,,5,23,90,15,90,O3,SEDANG,DKI2 Kelapa Gading
2/6/2012,201202,45,,7,18,70,10,70,O3,SEDANG,DKI2 Kelapa Gading
2/7/2012,201202,50,,7,20,52,17,52,O3,SEDANG,DKI2 Kelapa Gading
2/8/2012,201202,55,,9,21,3,14,55,PM10,SEDANG,DKI2 Kelapa Gading
2/10/2012,201202,49,,13,14,112,13,112,O3,TIDAK SEHAT,DKI2 Kelapa Gading
2/11/2012,201202,64,,17,37,134,13,134,O3,TIDAK SEHAT,DKI2 Kelapa Gading
2/12/2012,201202,37,,10,16,91,12,91,O3,SEDANG,DKI2 Kelapa Gading
2/13/2012,201202,40,,11,21,171,14,171,O3,TIDAK SEHAT,DKI2 Kelapa Gading
2/14/2012,201202,80,,17,40,100,22,100,O3,SEDANG,DKI2 Kelapa Gading
2/15/2012,201202,59,,16,17,157,15,157,O3,TIDAK SEHAT,DKI2 Kelapa Gading
2/16/2012,201202,62,,16,20,93,18,93,O3,SEDANG,DKI2 Kelapa Gading
2/17/2012,201202,75,,14,31,154,26,154,O3,TIDAK SEHAT,DKI2 Kelapa Gading
2/18/2012,201202,55,,14,19,96,14,96,O3,SEDANG,DKI2 Kelapa Gading
2/19/2012,201202,53,,13,21,87,17,87,O3,SEDANG,DKI2 Kelapa Gading
2/20/2012,201202,59,,22,22,70,25,70,O3,SEDANG,DKI2 Kelapa Gading
2/21/2012,201202,68,,19,21,175,18,175,O3,TIDAK SEHAT,DKI2 Kelapa Gading
2/22/2012,201202,66,,16,19.5,161,15.5,66,PM10,SEDANG,DKI2 Kelapa Gading
2/23/2012,201202,60,,13,18,147,13,147,O3,TIDAK SEHAT,DKI2 Kelapa Gading
2/24/2012,201202,61,,16,20,151,15,151,O3,TIDAK SEHAT,DKI2 Kelapa Gading
2/25/2012,201202,60,,12,18,160,10,160,O3,TIDAK SEHAT,DKI2 Kelapa Gading
2/26/2012,201202,60,,14,19,162,14,162,O3,TIDAK SEHAT,DKI2 Kelapa Gading
2/27/2012,201202,50,,12,22,114,16,114,O3,TIDAK SEHAT,DKI2 Kelapa Gading
2/28/2012,201202,77,,18,33,232,17,232,O3,SANGAT TIDAK SEHAT,DKI2 Kelapa Gading
2/29/2012,201202,65,,14,25,170,15,170,O3,TIDAK SEHAT,DKI2 Kelapa Gading
3/1/2012,201203,66,,18,44,137,15,137,O3,TIDAK SEHAT,DKI2 Kelapa Gading
3/2/2012,201203,46,,17,21,136,16,136,O3,TIDAK SEHAT,DKI2 Kelapa Gading
3/3/2012,201203,56,,14,44,73,17,73,O3,SEDANG,DKI2 Kelapa Gading
3/4/2012,201203,36,,14,16,94,6,94,O3,SEDANG,DKI2 Kelapa Gading
3/5/2012,201203,51,,13,24,140,13,140,O3,TIDAK SEHAT,DKI2 Kelapa Gading
3/6/2012,201203,42,,14,24,83,14,83,O3,SEDANG,DKI2 Kelapa Gading
3/7/2012,201203,62,,17,20,99,18,99,O3,SEDANG,DKI2 Kelapa Gading
3/8/2012,201203,35,,11,19,95,11,95,O3,SEDANG,DKI2 Kelapa Gading
3/9/2012,201203,38,,12,17,88,12,88,O3,SEDANG,DKI2 Kelapa Gading
3/10/2012,201203,50,,12,21,115,15,115,O3,TIDAK SEHAT,DKI2 Kelapa Gading
3/11/2012,201203,43,,12,20,100,17,100,O3,SEDANG,DKI2 Kelapa Gading
3/12/2012,201203,45,,11,15,177,11,177,O3,TIDAK SEHAT,DKI2 Kelapa Gading
3/13/2012,201203,48.5,,12,19,96,12,96,O3,SEDANG,DKI2 Kelapa Gading
3/14/2012,201203,52,,13,18,143,10,143,O3,TIDAK SEHAT,DKI2 Kelapa Gading
3/15/2012,201203,42,,12,16,78,11,78,O3,SEDANG,DKI2 Kelapa Gading
3/16/2012,201203,41,,11,25,131,12,131,O3,TIDAK SEHAT,DKI2 Kelapa Gading
3/17/2012,201203,52,,14,16,90,15,90,O3,SEDANG,DKI2 Kelapa Gading
3/18/2012,201203,46,,11,15,99,8,99,O3,SEDANG,DKI2 Kelapa Gading
3/19/2012,201203,37,,13,18,92,8,92,O3,SEDANG,DKI2 Kelapa Gading
3/20/2012,201203,30,,10,17,26,7,30,PM10,BAIK,DKI2 Kelapa Gading
3/21/2012,201203,34,,9,12,36,4,36,O3,BAIK,DKI2 Kelapa Gading
3/22/2012,201203,31,,9,12,48,4,48,O3,BAIK,DKI2 Kelapa Gading
3/24/2012,201203,35,,9,13,122,6,122,O3,TIDAK SEHAT,DKI2 Kelapa Gading
3/25/2012,201203,43,,10,16,125,8,125,O3,TIDAK SEHAT,DKI2 Kelapa Gading
3/26/2012,201203,67,,25,18,98,16,98,O3,SEDANG,DKI2 Kelapa Gading
3/27/2012,201203,74,,18,33,136,29,136,O3,TIDAK SEHAT,DKI2 Kelapa Gading
3/28/2012,201203,75,,15,41,95,15,95,O3,SEDANG,DKI2 Kelapa Gading
3/29/2012,201203,53,,14,23,142,11,142,O3,TIDAK SEHAT,DKI2 Kelapa Gading
3/30/2012,201203,41,,13,21,112,12,112,O3,TIDAK SEHAT,DKI2 Kelapa Gading
3/31/2012,201203,51,,16,17,204,12,204,O3,SANGAT TIDAK SEHAT,DKI2 Kelapa Gading
4/1/2012,201204,65,,15,31,207,16,207,O3,SANGAT TIDAK SEHAT,DKI2 Kelapa Gading
4/2/2012,201204,67,,15,38,191,20,191,O3,TIDAK SEHAT,DKI2 Kelapa Gading
4/3/2012,201204,52,,12,24,208,26,208,O3,SANGAT TIDAK SEHAT,DKI2 Kelapa Gading
4/4/2012,201204,46,,13,16,101,14,101,O3,TIDAK SEHAT,DKI2 Kelapa Gading
4/5/2012,201204,54,,13,23,99,21,99,O3,SEDANG,DKI2 Kelapa Gading
4/6/2012,201204,67,,22,25,80,14,80,O3,SEDANG,DKI2 Kelapa Gading
4/7/2012,201204,66,,20,20,92,11,92,O3,SEDANG,DKI2 Kelapa Gading
4/8/2012,201204,62,,16,21,133,9,133,O3,TIDAK SEHAT,DKI2 Kelapa Gading
4/9/2012,201204,73,,19,37,151,18,151,O3,TIDAK SEHAT,DKI2 Kelapa Gading
4/10/2012,201204,64,,18,22,89,16,89,O3,SEDANG,DKI2 Kelapa Gading
4/11/2012,201204,82,,19,38,110,20,110,O3,TIDAK SEHAT,DKI2 Kelapa Gading
4/12/2012,201204,68,,19,20,147,19,147,O3,TIDAK SEHAT,DKI2 Kelapa Gading
4/13/2012,201204,65,,17,21,126,16,126,O3,TIDAK SEHAT,DKI2 Kelapa Gading
4/14/2012,201204,71,,20,13,141,11,141,O3,TIDAK SEHAT,DKI2 Kelapa Gading
4/15/2012,201204,56,,14,17,194,10,194,O3,TIDAK SEHAT,DKI2 Kelapa Gading
4/16/2012,201204,68,,16,18,167,13,167,O3,TIDAK SEHAT,DKI2 Kelapa Gading
4/17/2012,201204,62,,16,17,210,11,210,O3,SANGAT TIDAK SEHAT,DKI2 Kelapa Gading
4/18/2012,201204,86,,20,41,144,16,144,O3,TIDAK SEHAT,DKI2 Kelapa Gading
4/19/2012,201204,58,,16,18,211,14,211,O3,SANGAT TIDAK SEHAT,DKI2 Kelapa Gading
4/20/2012,201204,66,,12,38,212,20,212,O3,SANGAT TIDAK SEHAT,DKI2 Kelapa Gading
4/21/2012,201204,79,,16,31,214,16,214,O3,SANGAT TIDAK SEHAT,DKI2 Kelapa Gading
4/22/2012,201204,64,,16,45,200,20,200,O3,SANGAT TIDAK SEHAT,DKI2 Kelapa Gading
4/23/2012,201204,82,,16,21,187,13,187,O3,TIDAK SEHAT,DKI2 Kelapa Gading
4/24/2012,201204,79,,17,22,150,12,150,O3,TIDAK SEHAT,DKI2 Kelapa Gading
4/25/2012,201204,69,,20,23,215,12,215,O3,SANGAT TIDAK SEHAT,DKI2 Kelapa Gading
4/26/2012,201204,61,,13,17,220,13,220,O3,SANGAT TIDAK SEHAT,DKI2 Kelapa Gading
4/27/2012,201204,55,,16,16,111,21,111,O3,TIDAK SEHAT,DKI2 Kelapa Gading
4/28/2012,201204,78,,19,23,164,18,164,O3,TIDAK SEHAT,DKI2 Kelapa Gading
4/29/2012,201204,66,,13,14,199,11,199,O3,TIDAK SEHAT,DKI2 Kelapa Gading
4/30/2012,201204,62,,15,31,135,20,135,O3,TIDAK SEHAT,DKI2 Kelapa Gading
5/1/2012,201205,59,,18,32,100,12,100,O3,SEDANG,DKI2 Kelapa Gading
5/2/2012,201205,66,,15,24,236,15,236,O3,SANGAT TIDAK SEHAT,DKI2 Kelapa Gading
5/3/2012,201205,64,,19,27,226,17,226,O3,SANGAT TIDAK SEHAT,DKI2 Kelapa Gading
5/4/2012,201205,72,,21,24,226,17,226,O3,SANGAT TIDAK SEHAT,DKI2 Kelapa Gading
5/5/2012,201205,77,,20,16,116,11,116,O3,TIDAK SEHAT,DKI2 Kelapa Gading
5/6/2012,201205,62,,15,23,180,13,180,O3,TIDAK SEHAT,DKI2 Kelapa Gading
5/7/2012,201205,43,,12,16,147,15,147,O3,TIDAK SEHAT,DKI2 Kelapa Gading
5/8/2012,201205,75,,20,50,115,25,115,O3,TIDAK SEHAT,DKI2 Kelapa Gading
5/9/2012,201205,74,,18,42,164,19,164,O3,TIDAK SEHAT,DKI2 Kelapa Gading
5/10/2012,201205,81,,18,21,170,16,170,O3,TIDAK SEHAT,DKI2 Kelapa Gading
5/11/2012,201205,66,,16,20,173,18,173,O3,TIDAK SEHAT,DKI2 Kelapa Gading
5/12/2012,201205,70,,16,21,164,17,164,O3,TIDAK SEHAT,DKI2 Kelapa Gading
5/13/2012,201205,82,,22,23,207,14,207,O3,SANGAT TIDAK SEHAT,DKI2 Kelapa Gading
5/14/2012,201205,57,,20,19,144,13,144,O3,TIDAK SEHAT,DKI2 Kelapa Gading
5/15/2012,201205,68,,22,25,164,16,164,O3,TIDAK SEHAT,DKI2 Kelapa Gading
5/16/2012,201205,77,,19,19,196,13,196,O3,TIDAK SEHAT,DKI2 Kelapa Gading
5/17/2012,201205,71,,25,34,178,13,178,O3,TIDAK SEHAT,DKI2 Kelapa Gading
5/18/2012,201205,58,,17,18,165,14,165,O3,TIDAK SEHAT,DKI2 Kelapa Gading
5/19/2012,201205,78,,23,28,146,20,146,O3,TIDAK SEHAT,DKI2 Kelapa Gading
5/20/2012,201205,60,,17,14,213,9,213,O3,SANGAT TIDAK SEHAT,DKI2 Kelapa Gading
5/21/2012,201205,60,,15,24,164,18,164,O3,TIDAK SEHAT,DKI2 Kelapa Gading
5/22/2012,201205,60,,14,23,165,17,165,O3,TIDAK SEHAT,DKI2 Kelapa Gading
5/23/2012,201205,80,,15,22,140,19,140,O3,TIDAK SEHAT,DKI2 Kelapa Gading
5/24/2012,201205,64,,16,13,89,14,89,O3,SEDANG,DKI2 Kelapa Gading
5/25/2012,201205,67,,18,19,80,22,80,O3,SEDANG,DKI2 Kelapa Gading
5/26/2012,201205,81,,20,14,72,9,81,PM10,SEDANG,DKI2 Kelapa Gading
5/27/2012,201205,65,,19,12,41,15,65,PM10,SEDANG,DKI2 Kelapa Gading
5/28/2012,201205,73,,18,15,164,13,164,O3,TIDAK SEHAT,DKI2 Kelapa Gading
5/29/2012,201205,75,,15,17,187,14,187,O3,TIDAK SEHAT,DKI2 Kelapa Gading
5/31/2012,201205,88,,22,18,76,16,88,PM10,SEDANG,DKI2 Kelapa Gading
6/1/2012,201206,77,,19,49,107,26,107,O3,TIDAK SEHAT,DKI2 Kelapa Gading
6/2/2012,201206,69,,20,20,140,25,140,O3,TIDAK SEHAT,DKI2 Kelapa Gading
6/3/2012,201206,72,,22,21,129,15,129,O3,TIDAK SEHAT,DKI2 Kelapa Gading
6/4/2012,201206,69,,21,16,93,11,93,O3,SEDANG,DKI2 Kelapa Gading
6/5/2012,201206,60,,14,16,169,10,169,O3,TIDAK SEHAT,DKI2 Kelapa Gading
6/6/2012,201206,63,,15,15,201,12,201,O3,SANGAT TIDAK SEHAT,DKI2 Kelapa Gading
6/7/2012,201206,58,,16,16,137,11,137,O3,TIDAK SEHAT,DKI2 Kelapa Gading
6/8/2012,201206,72,,20,20,141,11,141,O3,TIDAK SEHAT,DKI2 Kelapa Gading
6/9/2012,201206,66,,22,22,215,18,215,O3,SANGAT TIDAK SEHAT,DKI2 Kelapa Gading
6/10/2012,201206,67,,16,29,208,11,208,O3,SANGAT TIDAK SEHAT,DKI2 Kelapa Gading
6/11/2012,201206,75,,17,26,204,17,204,O3,SANGAT TIDAK SEHAT,DKI2 Kelapa Gading
6/12/2012,201206,77,,21,34,168,19,168,O3,TIDAK SEHAT,DKI2 Kelapa Gading
6/13/2012,201206,67,,19,17,138,12,138,O3,TIDAK SEHAT,DKI2 Kelapa Gading
6/14/2012,201206,78,,18,16,155,12,155,O3,TIDAK SEHAT,DKI2 Kelapa Gading
6/15/2012,201206,67,,15,18,216,15,216,O3,SANGAT TIDAK SEHAT,DKI2 Kelapa Gading
6/16/2012,201206,86,,26,28,209,15,209,O3,SANGAT TIDAK SEHAT,DKI2 Kelapa Gading
6/17/2012,201206,62,,16,12,83,10,83,O3,SEDANG,DKI2 Kelapa Gading
6/18/2012,201206,74,,20,13,50,11,74,PM10,SEDANG,DKI2 Kelapa Gading
6/19/2012,201206,66,,19,14,41,12,66,PM10,SEDANG,DKI2 Kelapa Gading
6/20/2012,201206,69,,21,16,43,15,69,PM10,SEDANG,DKI2 Kelapa Gading
6/21/2012,201206,68,,21,22,83,23,83,O3,SEDANG,DKI2 Kelapa Gading
6/22/2012,201206,69.28571429,,17,15,123,10,123,O3,TIDAK SEHAT,DKI2 Kelapa Gading
6/23/2012,201206,70.57142857,,16,13,96,12,96,O3,SEDANG,DKI2 Kelapa Gading
6/24/2012,201206,71.85714286,,21,17,187,11,187,O3,TIDAK SEHAT,DKI2 Kelapa Gading
6/25/2012,201206,73.14285714,,20,17,74,14,74,O3,SEDANG,DKI2 Kelapa Gading
6/26/2012,201206,74.42857143,,20,14,46,15,46,O3,BAIK,DKI2 Kelapa Gading
6/27/2012,201206,75.71428571,,20,17,98,17,98,O3,SEDANG,DKI2 Kelapa Gading
6/28/2012,201206,77,,18,22,95,17,95,O3,SEDANG,DKI2 Kelapa Gading
6/29/2012,201206,71,,17,23,83,15,83,O3,SEDANG,DKI2 Kelapa Gading
6/30/2012,201206,67,,17,18,58,13,67,PM10,SEDANG,DKI2 Kelapa Gading
7/1/2012,201207,63,,18,19,58,13,63,PM10,SEDANG,DKI2 Kelapa Gading
7/2/2012,201207,70,,17,20,52,18,70,PM10,SEDANG,DKI2 Kelapa Gading
7/3/2012,201207,69,,17,22,62,17,69,PM10,SEDANG,DKI2 Kelapa Gading
7/4/2012,201207,73,,15,23,51,23,73,PM10,SEDANG,DKI2 Kelapa Gading
7/5/2012,201207,67,,15,18,47,16,67,PM10,SEDANG,DKI2 Kelapa Gading
7/6/2012,201207,73,,19,22,71,19,73,PM10,SEDANG,DKI2 Kelapa Gading
7/7/2012,201207,90,,20,23,101,18,101,O3,TIDAK SEHAT,DKI2 Kelapa Gading
7/8/2012,201207,73,,19,26,78,17,78,O3,SEDANG,DKI2 Kelapa Gading
7/9/2012,201207,79,,18,32,80,19,80,O3,SEDANG,DKI2 Kelapa Gading
7/10/2012,201207,81,,20,22,73,16,81,PM10,SEDANG,DKI2 Kelapa Gading
7/11/2012,201207,74,,15,21,78,16,78,O3,SEDANG,DKI2 Kelapa Gading
7/12/2012,201207,68,,18,19,131,18,131,O3,TIDAK SEHAT,DKI2 Kelapa Gading
7/13/2012,201207,70,,14,31,126,19,126,O3,TIDAK SEHAT,DKI2 Kelapa Gading
7/14/2012,201207,88,,19,29,118,23,118,O3,TIDAK SEHAT,DKI2 Kelapa Gading
7/15/2012,201207,79,,19,29,53,18,79,PM10,SEDANG,DKI2 Kelapa Gading
7/16/2012,201207,74,,20,19,58,18,74,PM10,SEDANG,DKI2 Kelapa Gading
7/17/2012,201207,62,,16,18,126,17,126,O3,TIDAK SEHAT,DKI2 Kelapa Gading
7/18/2012,201207,70,,16,16,128,24,128,O3,TIDAK SEHAT,DKI2 Kelapa Gading
7/19/2012,201207,110,,27,40,81,26,110,PM10,TIDAK SEHAT,DKI2 Kelapa Gading
7/20/2012,201207,67,,18,14,42,14,67,PM10,SEDANG,DKI2 Kelapa Gading
7/21/2012,201207,65,,17,14,57,13,65,PM10,SEDANG,DKI2 Kelapa Gading
7/22/2012,201207,67,,17,13,58,10,67,PM10,SEDANG,DKI2 Kelapa Gading
7/23/2012,201207,77,,19,17,123,20,123,O3,TIDAK SEHAT,DKI2 Kelapa Gading
7/24/2012,201207,90,,20,25,108,29,108,O3,TIDAK SEHAT,DKI2 Kelapa Gading
7/25/2012,201207,78,,18,21,290,21,290,O3,SANGAT TIDAK SEHAT,DKI2 Kelapa Gading
7/26/2012,201207,91,,14,25,283,18,283,O3,SANGAT TIDAK SEHAT,DKI2 Kelapa Gading
7/27/2012,201207,89,,20,28,276,16,276,O3,SANGAT TIDAK SEHAT,DKI2 Kelapa Gading
7/28/2012,201207,82,,18,17,288,13,288,O3,SANGAT TIDAK SEHAT,DKI2 Kelapa Gading
7/29/2012,201207,68,,16,14,234,12,234,O3,SANGAT TIDAK SEHAT,DKI2 Kelapa Gading
7/30/2012,201207,72,,15,23,215,20,215,O3,SANGAT TIDAK SEHAT,DKI2 Kelapa Gading
7/31/2012,201207,68,,13,21,221,19,221,O3,SANGAT TIDAK SEHAT,DKI2 Kelapa Gading
8/1/2012,201208,93,,24,25,236,20,236,O3,SANGAT TIDAK SEHAT,DKI2 Kelapa Gading
8/2/2012,201208,72,,16,21,244,18,244,O3,SANGAT TIDAK SEHAT,DKI2 Kelapa Gading
8/3/2012,201208,77,,19,17,216,20,216,O3,SANGAT TIDAK SEHAT,DKI2 Kelapa Gading
8/4/2012,201208,81,,23,17,51,15,81,PM10,SEDANG,DKI2 Kelapa Gading
8/5/2012,201208,80,,21,16,52,15,80,PM10,SEDANG,DKI2 Kelapa Gading
8/6/2012,201208,76,,26,15,92,13,92,O3,SEDANG,DKI2 Kelapa Gading
8/7/2012,201208,73,,17,22,116,15,116,O3,TIDAK SEHAT,DKI2 Kelapa Gading
8/8/2012,201208,79,,19,14,68,13,79,PM10,SEDANG,DKI2 Kelapa Gading
8/9/2012,201208,86,,23,19,47,19,86,PM10,SEDANG,DKI2 Kelapa Gading
8/10/2012,201208,98,,27,18,48,22,98,PM10,SEDANG,DKI2 Kelapa Gading
8/11/2012,201208,81,,28,14,48,15,81,PM10,SEDANG,DKI2 Kelapa Gading
8/12/2012,201208,79,,25,16,61,13,79,PM10,SEDANG,DKI2 Kelapa Gading
8/13/2012,201208,77,,18,20,66,15,77,PM10,SEDANG,DKI2 Kelapa Gading
8/14/2012,201208,69,,15,15,67,15,69,PM10,SEDANG,DKI2 Kelapa Gading
8/15/2012,201208,66,,15,14,45,12,66,PM10,SEDANG,DKI2 Kelapa Gading
8/16/2012,201208,72,,16,16,51.5,16,72,PM10,SEDANG,DKI2 Kelapa Gading
8/17/2012,201208,70,,19,17,58,15,70,PM10,SEDANG,DKI2 Kelapa Gading
8/18/2012,201208,77,,18,23,54,12,77,PM10,SEDANG,DKI2 Kelapa Gading
8/19/2012,201208,70,,13,17,40,8,70,PM10,SEDANG,DKI2 Kelapa Gading
8/20/2012,201208,56,,17,8,43,6,56,PM10,SEDANG,DKI2 Kelapa Gading
8/21/2012,201208,66,,15,15,40,9,66,PM10,SEDANG,DKI2 Kelapa Gading
8/22/2012,201208,58,,21,9,57,7,58,PM10,SEDANG,DKI2 Kelapa Gading
8/23/2012,201208,61,,14,12,63,11,63,O3,SEDANG,DKI2 Kelapa Gading
8/24/2012,201208,66,,17,11,64,9,66,PM10,SEDANG,DKI2 Kelapa Gading
8/25/2012,201208,64,,15,11,72,9,72,O3,SEDANG,DKI2 Kelapa Gading
8/26/2012,201208,75,,21,15,44,11,75,PM10,SEDANG,DKI2 Kelapa Gading
8/27/2012,201208,58,,15,15,69,12,69,O3,SEDANG,DKI2 Kelapa Gading
8/28/2012,201208,80,,20,20,100,18,100,O3,SEDANG,DKI2 Kelapa Gading
8/29/2012,201208,64,,15,20,99,13,99,O3,SEDANG,DKI2 Kelapa Gading
8/30/2012,201208,74,,17,17,60,15,74,PM10,SEDANG,DKI2 Kelapa Gading
8/31/2012,201208,67,,16,13,72,11,72,O3,SEDANG,DKI2 Kelapa Gading
9/1/2012,201209,76,,31,15,83,19,83,O3,SEDANG,DKI2 Kelapa Gading
9/2/2012,201209,67,,20,25,61,15,67,PM10,SEDANG,DKI2 Kelapa Gading
9/3/2012,201209,69,,15,23,66,20,69,PM10,SEDANG,DKI2 Kelapa Gading
9/4/2012,201209,82,,26,16,71,17,82,PM10,SEDANG,DKI2 Kelapa Gading
9/5/2012,201209,71,,17,19,112,16,112,O3,TIDAK SEHAT,DKI2 Kelapa Gading
9/6/2012,201209,84,,22,25,124,16,124,O3,TIDAK SEHAT,DKI2 Kelapa Gading
9/7/2012,201209,77,,17,21,54,18,77,PM10,SEDANG,DKI2 Kelapa Gading
9/8/2012,201209,69,,17,16,41,12,69,PM10,SEDANG,DKI2 Kelapa Gading
9/9/2012,201209,71,,17,18,54,12,71,PM10,SEDANG,DKI2 Kelapa Gading
9/10/2012,201209,66,,15,13,55,8,66,PM10,SEDANG,DKI2 Kelapa Gading
9/11/2012,201209,78,,20,26,115,16,115,O3,TIDAK SEHAT,DKI2 Kelapa Gading
9/12/2012,201209,82,,26,25,91,21,91,O3,SEDANG,DKI2 Kelapa Gading
9/13/2012,201209,63,,15,17,78,27,78,O3,SEDANG,DKI2 Kelapa Gading
9/14/2012,201209,80,,21,19,100,14,100,O3,SEDANG,DKI2 Kelapa Gading
9/15/2012,201209,84,,18,23,218,18,218,O3,SANGAT TIDAK SEHAT,DKI2 Kelapa Gading
9/16/2012,201209,73,,15,16,219,11,219,O3,SANGAT TIDAK SEHAT,DKI2 Kelapa Gading
9/17/2012,201209,86,,20,23,224,16,224,O3,SANGAT TIDAK SEHAT,DKI2 Kelapa Gading
9/18/2012,201209,70,,14,22,244,16,244,O3,SANGAT TIDAK SEHAT,DKI2 Kelapa Gading
9/19/2012,201209,66,,14.5,17,230,14,66,PM10,SEDANG,DKI2 Kelapa Gading
9/20/2012,201209,56,,15,12,216,12,216,O3,SANGAT TIDAK SEHAT,DKI2 Kelapa Gading
9/21/2012,201209,68,,18,20,258,17,258,O3,SANGAT TIDAK SEHAT,DKI2 Kelapa Gading
9/22/2012,201209,95,,21,45,193,19,193,O3,TIDAK SEHAT,DKI2 Kelapa Gading
9/23/2012,201209,61,,19,14,176,11,176,O3,TIDAK SEHAT,DKI2 Kelapa Gading
9/24/2012,201209,62,,18,15,245,14,245,O3,SANGAT TIDAK SEHAT,DKI2 Kelapa Gading
9/25/2012,201209,65,,14,16,238,12,238,O3,SANGAT TIDAK SEHAT,DKI2 Kelapa Gading
9/26/2012,201209,74,,19,18,221,16,221,O3,SANGAT TIDAK SEHAT,DKI2 Kelapa Gading
9/27/2012,201209,65,,22,17,222,14,222,O3,SANGAT TIDAK SEHAT,DKI2 Kelapa Gading
9/28/2012,201209,71,,19,17,146,15,146,O3,TIDAK SEHAT,DKI2 Kelapa Gading
9/29/2012,201209,70,,20,17,210,15,210,O3,SANGAT TIDAK SEHAT,DKI2 Kelapa Gading
9/30/2012,201209,67,,18,17,215,15,215,O3,SANGAT TIDAK SEHAT,DKI2 Kelapa Gading
10/1/2012,201210,66,,15,14,219,11,219,O3,SANGAT TIDAK SEHAT,DKI2 Kelapa Gading
10/2/2012,201210,54,,13,10,295,10,295,O3,SANGAT TIDAK SEHAT,DKI2 Kelapa Gading
10/3/2012,201210,64.5,,21,38,236,22,236,O3,SANGAT TIDAK SEHAT,DKI2 Kelapa Gading
10/4/2012,201210,75,,20,24,201,19,201,O3,SANGAT TIDAK SEHAT,DKI2 Kelapa Gading
10/5/2012,201210,59,,15,23,238,15,238,O3,SANGAT TIDAK SEHAT,DKI2 Kelapa Gading
10/6/2012,201210,66,,19,23,212,15,212,O3,SANGAT TIDAK SEHAT,DKI2 Kelapa Gading
10/7/2012,201210,58,,20,16,210,15,210,O3,SANGAT TIDAK SEHAT,DKI2 Kelapa Gading
10/8/2012,201210,59,,16,22,238,16,238,O3,SANGAT TIDAK SEHAT,DKI2 Kelapa Gading
10/9/2012,201210,78,,23,29,205,19,205,O3,SANGAT TIDAK SEHAT,DKI2 Kelapa Gading
10/10/2012,201210,63,,17,21,288,16,288,O3,SANGAT TIDAK SEHAT,DKI2 Kelapa Gading
10/11/2012,201210,65,,16,19,261,16,261,O3,SANGAT TIDAK SEHAT,DKI2 Kelapa Gading
10/12/2012,201210,62,,16,15,266,17,266,O3,SANGAT TIDAK SEHAT,DKI2 Kelapa Gading
10/13/2012,201210,84,,23,21,129,15,129,O3,TIDAK SEHAT,DKI2 Kelapa Gading
10/14/2012,201210,74,,19,14,235,9,235,O3,SANGAT TIDAK SEHAT,DKI2 Kelapa Gading
10/15/2012,201210,73,,20,19,228,17,228,O3,SANGAT TIDAK SEHAT,DKI2 Kelapa Gading
10/16/2012,201210,72,,18,24,257,16,257,O3,SANGAT TIDAK SEHAT,DKI2 Kelapa Gading
10/17/2012,201210,72,,19,18,275,15,275,O3,SANGAT TIDAK SEHAT,DKI2 Kelapa Gading
10/18/2012,201210,72,,23,14,249,13,249,O3,SANGAT TIDAK SEHAT,DKI2 Kelapa Gading
10/19/2012,201210,64,,19,17,256.5,12,64,PM10,SEDANG,DKI2 Kelapa Gading
10/20/2012,201210,81,,20,42,264,22,264,O3,SANGAT TIDAK SEHAT,DKI2 Kelapa Gading
10/21/2012,201210,71,,21,20,244,11,244,O3,SANGAT TIDAK SEHAT,DKI2 Kelapa Gading
10/22/2012,201210,53,,15,20,254,12,254,O3,SANGAT TIDAK SEHAT,DKI2 Kelapa Gading
10/23/2012,201210,67,,18,20,225,17,225,O3,SANGAT TIDAK SEHAT,DKI2 Kelapa Gading
10/24/2012,201210,88,,26,19,157,18,157,O3,TIDAK SEHAT,DKI2 Kelapa Gading
10/25/2012,201210,72,,19,14,229,15,229,O3,SANGAT TIDAK SEHAT,DKI2 Kelapa Gading
10/26/2012,201210,70,,18,33,247,17,247,O3,SANGAT TIDAK SEHAT,DKI2 Kelapa Gading
10/27/2012,201210,60,,18,13,241,10,241,O3,SANGAT TIDAK SEHAT,DKI2 Kelapa Gading
10/28/2012,201210,66,,20,30,243,13,243,O3,SANGAT TIDAK SEHAT,DKI2 Kelapa Gading
10/29/2012,201210,73,,18,19,231,13,231,O3,SANGAT TIDAK SEHAT,DKI2 Kelapa Gading
10/30/2012,201210,61,,19,24,268,14,268,O3,SANGAT TIDAK SEHAT,DKI2 Kelapa Gading
10/31/2012,201210,62,,18,25,278,17,278,O3,SANGAT TIDAK SEHAT,DKI2 Kelapa Gading
11/1/2012,201211,65,,22,23,276,23,276,O3,SANGAT TIDAK SEHAT,DKI2 Kelapa Gading
11/2/2012,201211,85,,23,30,270,21,270,O3,SANGAT TIDAK SEHAT,DKI2 Kelapa Gading
11/3/2012,201211,70,,15,27,282,19,282,O3,SANGAT TIDAK SEHAT,DKI2 Kelapa Gading
11/4/2012,201211,73,,15,28,314,16,314,O3,BERBAHAYA,DKI2 Kelapa Gading
11/5/2012,201211,79,,23,38,297,27,297,O3,SANGAT TIDAK SEHAT,DKI2 Kelapa Gading
11/6/2012,201211,67,,20,27,270,22,270,O3,SANGAT TIDAK SEHAT,DKI2 Kelapa Gading
11/7/2012,201211,80,,23,31,243,26,243,O3,SANGAT TIDAK SEHAT,DKI2 Kelapa Gading
11/8/2012,201211,62,,18,27,287,19,287,O3,SANGAT TIDAK SEHAT,DKI2 Kelapa Gading
11/9/2012,201211,53,,16,19,264,13,264,O3,SANGAT TIDAK SEHAT,DKI2 Kelapa Gading
11/10/2012,201211,65,,15,54,271,23,271,O3,SANGAT TIDAK SEHAT,DKI2 Kelapa Gading
11/11/2012,201211,59,,19,17,267,15,267,O3,SANGAT TIDAK SEHAT,DKI2 Kelapa Gading
11/12/2012,201211,59,,17,28,246,16,246,O3,SANGAT TIDAK SEHAT,DKI2 Kelapa Gading
11/13/2012,201211,62,,15,24,270,17,270,O3,SANGAT TIDAK SEHAT,DKI2 Kelapa Gading
11/14/2012,201211,93,,19,53,279,23,279,O3,SANGAT TIDAK SEHAT,DKI2 Kelapa Gading
11/15/2012,201211,69,,18,40,261,17,261,O3,SANGAT TIDAK SEHAT,DKI2 Kelapa Gading
11/16/2012,201211,83,,23,33,263.5,19,83,PM10,SEDANG,DKI2 Kelapa Gading
11/17/2012,201211,79,,26,28,266,20,266,O3,SANGAT TIDAK SEHAT,DKI2 Kelapa Gading
11/18/2012,201211,47,,15,16,243.5,12,47,PM10,BAIK,DKI2 Kelapa Gading
11/19/2012,201211,51,,19,27,221,22,221,O3,SANGAT TIDAK SEHAT,DKI2 Kelapa Gading
11/20/2012,201211,58,,20,38,261,18,261,O3,SANGAT TIDAK SEHAT,DKI2 Kelapa Gading
11/21/2012,201211,75,,24,28,154,22,154,O3,TIDAK SEHAT,DKI2 Kelapa Gading
11/22/2012,201211,71,,23,31,185,18,185,O3,TIDAK SEHAT,DKI2 Kelapa Gading
11/23/2012,201211,69,,20,25,203,16,203,O3,SANGAT TIDAK SEHAT,DKI2 Kelapa Gading
11/24/2012,201211,53,,18,27,200,16,200,O3,SANGAT TIDAK SEHAT,DKI2 Kelapa Gading
11/25/2012,201211,62,,22,24,238,18,238,O3,SANGAT TIDAK SEHAT,DKI2 Kelapa Gading
11/26/2012,201211,58,,23,25,203,9,203,O3,SANGAT TIDAK SEHAT,DKI2 Kelapa Gading
11/27/2012,201211,74,,20,36,215,12,215,O3,SANGAT TIDAK SEHAT,DKI2 Kelapa Gading
11/28/2012,201211,50,,17,25,227,12,227,O3,SANGAT TIDAK SEHAT,DKI2 Kelapa Gading
11/29/2012,201211,69,,23,24,218,22,218,O3,SANGAT TIDAK SEHAT,DKI2 Kelapa Gading
11/30/2012,201211,68,,30,30,137,22,137,O3,TIDAK SEHAT,DKI2 Kelapa Gading
12/1/2012,201212,58,,10,23,106,18,106,O3,TIDAK SEHAT,DKI2 Kelapa Gading
12/2/2012,201212,55,,4,18,222,12,222,O3,SANGAT TIDAK SEHAT,DKI2 Kelapa Gading
12/3/2012,201212,36,,4,18,212,14,212,O3,SANGAT TIDAK SEHAT,DKI2 Kelapa Gading
12/4/2012,201212,39,,4,18,202,11,202,O3,SANGAT TIDAK SEHAT,DKI2 Kelapa Gading
12/5/2012,201212,57,,7,24,77,11,77,O3,SEDANG,DKI2 Kelapa Gading
12/6/2012,201212,63,,8,20,219,15,219,O3,SANGAT TIDAK SEHAT,DKI2 Kelapa Gading
12/7/2012,201212,74,,11,31,179,15,179,O3,TIDAK SEHAT,DKI2 Kelapa Gading
12/8/2012,201212,49,,8,12,210,12,210,O3,SANGAT TIDAK SEHAT,DKI2 Kelapa Gading
12/9/2012,201212,50,,7,34,228,14,228,O3,SANGAT TIDAK SEHAT,DKI2 Kelapa Gading
12/10/2012,201212,53,,3,16,229,16,229,O3,SANGAT TIDAK SEHAT,DKI2 Kelapa Gading
12/11/2012,201212,70,,13,26,185,17,185,O3,TIDAK SEHAT,DKI2 Kelapa Gading
12/12/2012,201212,70,,16,23,163,16,163,O3,TIDAK SEHAT,DKI2 Kelapa Gading
12/13/2012,201212,46,,6,29,135,24,135,O3,TIDAK SEHAT,DKI2 Kelapa Gading
12/14/2012,201212,53,,7,22,223,23,223,O3,SANGAT TIDAK SEHAT,DKI2 Kelapa Gading
12/15/2012,201212,60,,5,57,214,17,214,O3,SANGAT TIDAK SEHAT,DKI2 Kelapa Gading
12/16/2012,201212,53,,8,17,215,18,215,O3,SANGAT TIDAK SEHAT,DKI2 Kelapa Gading
12/17/2012,201212,38,,7,18,124,13,124,O3,TIDAK SEHAT,DKI2 Kelapa Gading
12/18/2012,201212,45,,8,24,107,17,107,O3,TIDAK SEHAT,DKI2 Kelapa Gading
12/19/2012,201212,55,,5,39,168,10,168,O3,TIDAK SEHAT,DKI2 Kelapa Gading
12/20/2012,201212,66,,12,19,155,12,155,O3,TIDAK SEHAT,DKI2 Kelapa Gading
12/21/2012,201212,49,,9,23,185,14,185,O3,TIDAK SEHAT,DKI2 Kelapa Gading
12/22/2012,201212,35,,2,39,217,11,217,O3,SANGAT TIDAK SEHAT,DKI2 Kelapa Gading
12/23/2012,201212,42,,3,35,209,13,209,O3,SANGAT TIDAK SEHAT,DKI2 Kelapa Gading
12/24/2012,201212,34,,9,18,178,8,178,O3,TIDAK SEHAT,DKI2 Kelapa Gading
12/25/2012,201212,26,,4,13,192,6,192,O3,TIDAK SEHAT,DKI2 Kelapa Gading
12/26/2012,201212,23,,2,14,205,16,205,O3,SANGAT TIDAK SEHAT,DKI2 Kelapa Gading
12/27/2012,201212,33,,6,17,218,12,218,O3,SANGAT TIDAK SEHAT,DKI2 Kelapa Gading
12/28/2012,201212,30,,3,15,210,8,210,O3,SANGAT TIDAK SEHAT,DKI2 Kelapa Gading
12/29/2012,201212,29,,4,17,215,10,215,O3,SANGAT TIDAK SEHAT,DKI2 Kelapa Gading
12/30/2012,201212,30,,4,17,215,10,215,O3,SANGAT TIDAK SEHAT,DKI2 Kelapa Gading
12/31/2012,201212,19,,2,12,153,5,153,O3,TIDAK SEHAT,DKI2 Kelapa Gading
1/1/2013,201301,75,,4,27,135,10,135,O3,TIDAK SEHAT,DKI2 Kelapa Gading
1/2/2013,201301,35,,4,26,192,8,192,O3,TIDAK SEHAT,DKI2 Kelapa Gading
1/3/2013,201301,61,,5,36,195,9,195,O3,TIDAK SEHAT,DKI2 Kelapa Gading
1/4/2013,201301,39,,4,13,210,10,210,O3,SANGAT TIDAK SEHAT,DKI2 Kelapa Gading
1/5/2013,201301,53,,5,14,111,8,111,O3,TIDAK SEHAT,DKI2 Kelapa Gading
1/6/2013,201301,32,,3,20,150,9,150,O3,TIDAK SEHAT,DKI2 Kelapa Gading
1/7/2013,201301,28,,4,14,170,11,170,O3,TIDAK SEHAT,DKI2 Kelapa Gading
1/9/2013,201301,21,,2,18,92,7,92,O3,SEDANG,DKI2 Kelapa Gading
1/10/2013,201301,24,,4,16,76,6,76,O3,SEDANG,DKI2 Kelapa Gading
1/11/2013,201301,39,,5,15,53,5,53,O3,SEDANG,DKI2 Kelapa Gading
1/12/2013,201301,38,,7,16,140,6,140,O3,TIDAK SEHAT,DKI2 Kelapa Gading
1/13/2013,201301,37,,3,37,154,11,154,O3,TIDAK SEHAT,DKI2 Kelapa Gading
1/14/2013,201301,49,,4,26,171,13,171,O3,TIDAK SEHAT,DKI2 Kelapa Gading
1/15/2013,201301,53,,3,40,154,22,154,O3,TIDAK SEHAT,DKI2 Kelapa Gading
1/16/2013,201301,54,,6,37,159,20,159,O3,TIDAK SEHAT,DKI2 Kelapa Gading
1/17/2013,201301,59,,8,42,186,18,186,O3,TIDAK SEHAT,DKI2 Kelapa Gading
1/18/2013,201301,49,,3,37,202,27,202,O3,SANGAT TIDAK SEHAT,DKI2 Kelapa Gading
1/19/2013,201301,84,,7,78,110,33,110,O3,TIDAK SEHAT,DKI2 Kelapa Gading
1/20/2013,201301,39,,3,17,152,11,152,O3,TIDAK SEHAT,DKI2 Kelapa Gading
1/21/2013,201301,55,,6,23,170,12,170,O3,TIDAK SEHAT,DKI2 Kelapa Gading
1/22/2013,201301,61,,6,29,195,14,195,O3,TIDAK SEHAT,DKI2 Kelapa Gading
1/23/2013,201301,57,,9,50,139,15,139,O3,TIDAK SEHAT,DKI2 Kelapa Gading
1/24/2013,201301,40,,5,28,135,10,135,O3,TIDAK SEHAT,DKI2 Kelapa Gading
1/25/2013,201301,51,,8,34,155,15,155,O3,TIDAK SEHAT,DKI2 Kelapa Gading
1/26/2013,201301,62,,9,50,144,15,144,O3,TIDAK SEHAT,DKI2 Kelapa Gading
1/27/2013,201301,52,,5,25,122,11,122,O3,TIDAK SEHAT,DKI2 Kelapa Gading
1/28/2013,201301,41,,5,29,195,14,195,O3,TIDAK SEHAT,DKI2 Kelapa Gading
1/29/2013,201301,69,,7,44,184,15,184,O3,TIDAK SEHAT,DKI2 Kelapa Gading
1/30/2013,201301,55,,5,29,151,14,151,O3,TIDAK SEHAT,DKI2 Kelapa Gading
1/31/2013,201301,74,,9,36,195,20,195,O3,TIDAK SEHAT,DKI2 Kelapa Gading
2/1/2013,201302,69,,19,35,158,16,158,O3,TIDAK SEHAT,DKI2 Kelapa Gading
2/2/2013,201302,82,,6,28,209,16,209,O3,SANGAT TIDAK SEHAT,DKI2 Kelapa Gading
2/3/2013,201302,69,,21,63,135,22,135,O3,TIDAK SEHAT,DKI2 Kelapa Gading
2/6/2013,201302,52,,7,28,151,14,151,O3,TIDAK SEHAT,DKI2 Kelapa Gading
2/7/2013,201302,59,,9,57,213,21,213,O3,SANGAT TIDAK SEHAT,DKI2 Kelapa Gading
2/8/2013,201302,65,,12,33,205,22,205,O3,SANGAT TIDAK SEHAT,DKI2 Kelapa Gading
2/9/2013,201302,70,,7,34,180,30,180,O3,TIDAK SEHAT,DKI2 Kelapa Gading
2/10/2013,201302,65,,20,38,185,19,185,O3,TIDAK SEHAT,DKI2 Kelapa Gading
2/11/2013,201302,72,,21,50,164,23,164,O3,TIDAK SEHAT,DKI2 Kelapa Gading
2/12/2013,201302,70,,17,35,158,20,158,O3,TIDAK SEHAT,DKI2 Kelapa Gading
2/13/2013,201302,51,,10,31,213,19,213,O3,SANGAT TIDAK SEHAT,DKI2 Kelapa Gading
2/14/2013,201302,69,,16,38,224,21,224,O3,SANGAT TIDAK SEHAT,DKI2 Kelapa Gading
2/15/2013,201302,59,,11,34,196,17,196,O3,TIDAK SEHAT,DKI2 Kelapa Gading
2/16/2013,201302,49,,7,21,174,11,174,O3,TIDAK SEHAT,DKI2 Kelapa Gading
2/17/2013,201302,33,,5,20,134,10,134,O3,TIDAK SEHAT,DKI2 Kelapa Gading
2/18/2013,201302,45,,8,33,153,15,153,O3,TIDAK SEHAT,DKI2 Kelapa Gading
2/19/2013,201302,44,,7,32,104,14,104,O3,TIDAK SEHAT,DKI2 Kelapa Gading
2/20/2013,201302,58,,8,42,145,13,145,O3,TIDAK SEHAT,DKI2 Kelapa Gading
2/21/2013,201302,54,,7,44,152,19,152,O3,TIDAK SEHAT,DKI2 Kelapa Gading
2/22/2013,201302,50,,6,25,64,11,64,O3,SEDANG,DKI2 Kelapa Gading
2/23/2013,201302,49,,5,25,168,12,168,O3,TIDAK SEHAT,DKI2 Kelapa Gading
2/24/2013,201302,59,,5,50,217,13,217,O3,SANGAT TIDAK SEHAT,DKI2 Kelapa Gading
2/25/2013,201302,52,,6,24,134,15,134,O3,TIDAK SEHAT,DKI2 Kelapa Gading
2/26/2013,201302,57,,5,31,213,14,213,O3,SANGAT TIDAK SEHAT,DKI2 Kelapa Gading
2/27/2013,201302,53,,5,33,230,17,230,O3,SANGAT TIDAK SEHAT,DKI2 Kelapa Gading
2/28/2013,201302,47,,6,21,185,7,185,O3,TIDAK SEHAT,DKI2 Kelapa Gading
3/1/2013,201303,48,,8,24,125,14,125,O3,TIDAK SEHAT,DKI2 Kelapa Gading
3/2/2013,201303,54,,7,26,216,12,216,O3,SANGAT TIDAK SEHAT,DKI2 Kelapa Gading
3/3/2013,201303,63,,7,33,217,14,217,O3,SANGAT TIDAK SEHAT,DKI2 Kelapa Gading
3/4/2013,201303,46,,5,26,217,14,217,O3,SANGAT TIDAK SEHAT,DKI2 Kelapa Gading
3/5/2013,201303,44,,5,38,132,16,132,O3,TIDAK SEHAT,DKI2 Kelapa Gading
3/7/2013,201303,87,,20,90,166,30,166,O3,TIDAK SEHAT,DKI2 Kelapa Gading
3/8/2013,201303,64,,12,34,183,17,183,O3,TIDAK SEHAT,DKI2 Kelapa Gading
3/9/2013,201303,64,,12,48,213,15,213,O3,SANGAT TIDAK SEHAT,DKI2 Kelapa Gading
3/10/2013,201303,58,,7,22,170,8,170,O3,TIDAK SEHAT,DKI2 Kelapa Gading
3/11/2013,201303,51,,7,20,172,16,172,O3,TIDAK SEHAT,DKI2 Kelapa Gading
3/12/2013,201303,75,,32,30,187,37,187,O3,TIDAK SEHAT,DKI2 Kelapa Gading
3/13/2013,201303,58,,9,33,204,16,204,O3,SANGAT TIDAK SEHAT,DKI2 Kelapa Gading
3/14/2013,201303,64,,25,17,207,19,207,O3,SANGAT TIDAK SEHAT,DKI2 Kelapa Gading
3/15/2013,201303,82,,15,38,205,19,205,O3,SANGAT TIDAK SEHAT,DKI2 Kelapa Gading
3/16/2013,201303,67,,13,29,210,18,210,O3,SANGAT TIDAK SEHAT,DKI2 Kelapa Gading
3/17/2013,201303,58,,12,33,212,13,212,O3,SANGAT TIDAK SEHAT,DKI2 Kelapa Gading
3/18/2013,201303,61,,11,30,176,15,176,O3,TIDAK SEHAT,DKI2 Kelapa Gading
3/19/2013,201303,69,,36,37,206,21,206,O3,SANGAT TIDAK SEHAT,DKI2 Kelapa Gading
3/20/2013,201303,68,,14,36,217,20,217,O3,SANGAT TIDAK SEHAT,DKI2 Kelapa Gading
3/21/2013,201303,62,,12,35,178,19,178,O3,TIDAK SEHAT,DKI2 Kelapa Gading
3/22/2013,201303,76,,13,42,204,21,204,O3,SANGAT TIDAK SEHAT,DKI2 Kelapa Gading
3/23/2013,201303,76,,19,37,168,14,168,O3,TIDAK SEHAT,DKI2 Kelapa Gading
3/24/2013,201303,53,,15,33,198,18,198,O3,TIDAK SEHAT,DKI2 Kelapa Gading
3/25/2013,201303,59,,15,18,197,19,197,O3,TIDAK SEHAT,DKI2 Kelapa Gading
3/26/2013,201303,81,,19,44,198,21,198,O3,TIDAK SEHAT,DKI2 Kelapa Gading
3/27/2013,201303,80,,16,37,187,23,187,O3,TIDAK SEHAT,DKI2 Kelapa Gading
3/29/2013,201303,79,,13,37,276,19,276,O3,SANGAT TIDAK SEHAT,DKI2 Kelapa Gading
3/30/2013,201303,61,,18,23,263,18,263,O3,SANGAT TIDAK SEHAT,DKI2 Kelapa Gading
3/31/2013,201303,54,,10,23,267,12,267,O3,SANGAT TIDAK SEHAT,DKI2 Kelapa Gading
4/1/2013,201304,56,,14,40,268,22,268,O3,SANGAT TIDAK SEHAT,DKI2 Kelapa Gading
4/7/2013,201304,70,,9,23,63,15,70,PM10,SEDANG,DKI2 Kelapa Gading
4/13/2013,201304,58,,8,22,38,16,58,PM10,SEDANG,DKI2 Kelapa Gading
4/14/2013,201304,114,,6,15,60,15,114,PM10,TIDAK SEHAT,DKI2 Kelapa Gading
4/15/2013,201304,107,,6,22,93,10,107,PM10,TIDAK SEHAT,DKI2 Kelapa Gading
5/28/2013,201305,70,,23,33,78,25,78,O3,SEDANG,DKI2 Kelapa Gading
6/9/2013,201306,68,,33,42,153,21,153,O3,TIDAK SEHAT,DKI2 Kelapa Gading
6/20/2013,201306,68,,21,45,74,17,74,O3,SEDANG,DKI2 Kelapa Gading
6/24/2013,201306,106,,34,40,114,18,114,O3,TIDAK SEHAT,DKI2 Kelapa Gading
7/4/2013,201307,58,,29,51,43,23,58,PM10,SEDANG,DKI2 Kelapa Gading
7/9/2013,201307,72,,20,36,121,18,121,O3,TIDAK SEHAT,DKI2 Kelapa Gading
7/14/2013,201307,35,,13,32,74,20,74,O3,SEDANG,DKI2 Kelapa Gading
7/16/2013,201307,77,,31,43,66,23,77,PM10,SEDANG,DKI2 Kelapa Gading
7/21/2013,201307,77,,25,56,105,22,105,O3,TIDAK SEHAT,DKI2 Kelapa Gading
7/24/2013,201307,64,,30,46,64,17,64,PM10,SEDANG,DKI2 Kelapa Gading
8/22/2013,201308,79,,26,29,85,14,85,O3,SEDANG,DKI2 Kelapa Gading
9/4/2013,201309,75,,19,33,98,19,98,O3,SEDANG,DKI2 Kelapa Gading
10/5/2013,201310,78,,28,35,107,18,107,O3,TIDAK SEHAT,DKI2 Kelapa Gading
10/21/2013,201310,63,,34,33,105,19,105,O3,TIDAK SEHAT,DKI2 Kelapa Gading
10/27/2013,201310,75,,45,41,85,18,85,O3,SEDANG,DKI2 Kelapa Gading
11/4/2013,201311,66,,25,30,123,21,123,O3,TIDAK SEHAT,DKI2 Kelapa Gading
11/5/2013,201311,79,,23,31,118,18,118,O3,TIDAK SEHAT,DKI2 Kelapa Gading
11/10/2013,201311,75,,30,53,131,16,131,O3,TIDAK SEHAT,DKI2 Kelapa Gading
11/15/2013,201311,62,,28,52,104,26,104,O3,TIDAK SEHAT,DKI2 Kelapa Gading
11/19/2013,201311,48,,23,35,59,9,59,O3,SEDANG,DKI2 Kelapa Gading
11/21/2013,201311,57,,22,28,58,16,58,O3,SEDANG,DKI2 Kelapa Gading
11/22/2013,201311,64,,30,26,128,21,128,O3,TIDAK SEHAT,DKI2 Kelapa Gading
11/27/2013,201311,58,,35,35,112,28,112,O3,TIDAK SEHAT,DKI2 Kelapa Gading
12/12/2013,201312,51,,19,34,53,20,53,O3,SEDANG,DKI2 Kelapa Gading
12/16/2013,201312,58,,6,41,141,21,141,O3,TIDAK SEHAT,DKI2 Kelapa Gading
1/1/2014,201401,56,,2,33,50,13,56,PM10,SEDANG,DKI2 Kelapa Gading
1/2/2014,201401,41,,2,21,47,13,47,O3,BAIK,DKI2 Kelapa Gading
1/3/2014,201401,55,,9,49,49,16,55,PM10,SEDANG,DKI2 Kelapa Gading
1/4/2014,201401,42,,5,17,55,10,55,O3,SEDANG,DKI2 Kelapa Gading
1/5/2014,201401,29,,1,13,37,7,37,O3,BAIK,DKI2 Kelapa Gading
1/6/2014,201401,18,,1,12,39,9,39,O3,BAIK,DKI2 Kelapa Gading
1/7/2014,201401,27,,2,15,45,8,45,O3,BAIK,DKI2 Kelapa Gading
1/8/2014,201401,37,,2,19,48,14,48,O3,BAIK,DKI2 Kelapa Gading
1/9/2014,201401,42,,2,52,34,15,52,CO,SEDANG,DKI2 Kelapa Gading
1/10/2014,201401,29,,1,15,95,15,95,O3,SEDANG,DKI2 Kelapa Gading
1/11/2014,201401,56,,7,29,80,16,80,O3,SEDANG,DKI2 Kelapa Gading
1/12/2014,201401,39,,3,26,70,15,70,O3,SEDANG,DKI2 Kelapa Gading
1/13/2014,201401,28,,4,24,58,20,58,O3,SEDANG,DKI2 Kelapa Gading
1/14/2014,201401,37,,5,22,40,11,40,O3,BAIK,DKI2 Kelapa Gading
1/15/2014,201401,28,,2,16,48,12,48,O3,BAIK,DKI2 Kelapa Gading
1/16/2014,201401,31,,1,41,42,19,42,O3,BAIK,DKI2 Kelapa Gading
1/17/2014,201401,36,,1,18,49,18,49,O3,BAIK,DKI2 Kelapa Gading
1/18/2014,201401,31,,1,10,47,13,47,O3,BAIK,DKI2 Kelapa Gading
1/19/2014,201401,25,,1,12,47,16,47,O3,BAIK,DKI2 Kelapa Gading
1/20/2014,201401,33,,1,21,47,13,47,O3,BAIK,DKI2 Kelapa Gading
1/21/2014,201401,21,,1,10,45,13,45,O3,BAIK,DKI2 Kelapa Gading
1/22/2014,201401,32,,1,23,50,21,50,O3,BAIK,DKI2 Kelapa Gading
1/23/2014,201401,29,,1,15,45,13,45,O3,BAIK,DKI2 Kelapa Gading
1/24/2014,201401,48,,1,30,44,17,48,PM10,BAIK,DKI2 Kelapa Gading
1/25/2014,201401,41,,2,13,44,13,44,O3,BAIK,DKI2 Kelapa Gading
1/26/2014,201401,53,,3,21,55,14,55,O3,SEDANG,DKI2 Kelapa Gading
1/27/2014,201401,36,,1,14,48,12,48,O3,BAIK,DKI2 Kelapa Gading
1/28/2014,201401,34,,1,13,49,10,49,O3,BAIK,DKI2 Kelapa Gading
1/29/2014,201401,31,,1,11,45,11,45,O3,BAIK,DKI2 Kelapa Gading
1/30/2014,201401,32,,1,8,44,9,44,O3,BAIK,DKI2 Kelapa Gading
1/31/2014,201401,36,,1,8,42,9,42,O3,BAIK,DKI2 Kelapa Gading
2/1/2014,201402,51,,1,21,45,11,51,PM10,SEDANG,DKI2 Kelapa Gading
2/2/2014,201402,32,,1,7,50,9,50,O3,BAIK,DKI2 Kelapa Gading
2/3/2014,201402,36,,1,19,45,14,45,O3,BAIK,DKI2 Kelapa Gading
2/4/2014,201402,33,,1,14,54,14,54,O3,SEDANG,DKI2 Kelapa Gading
2/5/2014,201402,43,,1,17,71,19,71,O3,SEDANG,DKI2 Kelapa Gading
2/6/2014,201402,41,,1,20,61,18,61,O3,SEDANG,DKI2 Kelapa Gading
2/7/2014,201402,46,,3,18,56,16,56,O3,SEDANG,DKI2 Kelapa Gading
2/8/2014,201402,39,,3,15,57,14,57,O3,SEDANG,DKI2 Kelapa Gading
2/9/2014,201402,48,,2,35,60,18,60,O3,SEDANG,DKI2 Kelapa Gading
2/10/2014,201402,40,,2,26,54,27,54,O3,SEDANG,DKI2 Kelapa Gading
2/11/2014,201402,53,,2,28,68,25,68,O3,SEDANG,DKI2 Kelapa Gading
2/12/2014,201402,56,,4,16,74,26,74,O3,SEDANG,DKI2 Kelapa Gading
2/13/2014,201402,69,,5,20,65,14,69,PM10,SEDANG,DKI2 Kelapa Gading
2/14/2014,201402,51,,3,13,63,17,63,O3,SEDANG,DKI2 Kelapa Gading
2/15/2014,201402,52,,3,13,63,14,63,O3,SEDANG,DKI2 Kelapa Gading
2/16/2014,201402,65,,4,38,50,17,65,PM10,SEDANG,DKI2 Kelapa Gading
2/17/2014,201402,81,,8,35,59,27,81,PM10,SEDANG,DKI2 Kelapa Gading
2/18/2014,201402,57,,5,25,62,25,62,O3,SEDANG,DKI2 Kelapa Gading
2/19/2014,201402,60,,7,23,58,16,60,PM10,SEDANG,DKI2 Kelapa Gading
2/20/2014,201402,70,,12,26,90,34,90,O3,SEDANG,DKI2 Kelapa Gading
2/21/2014,201402,35,,3,16,67,12,67,O3,SEDANG,DKI2 Kelapa Gading
2/22/2014,201402,50,,5,29,45,13,50,PM10,BAIK,DKI2 Kelapa Gading
2/23/2014,201402,28,,1,34,44,15,44,O3,BAIK,DKI2 Kelapa Gading
2/24/2014,201402,39,,4,24,47,21,47,O3,BAIK,DKI2 Kelapa Gading
2/25/2014,201402,52,,6,24,48,13,52,PM10,SEDANG,DKI2 Kelapa Gading
2/26/2014,201402,52,,8,23,58,18,58,O3,SEDANG,DKI2 Kelapa Gading
2/27/2014,201402,60,,8,41,76,26,76,O3,SEDANG,DKI2 Kelapa Gading
2/28/2014,201402,88,,8,60,54,29,88,PM10,SEDANG,DKI2 Kelapa Gading
3/1/2014,201403,69,,10,25,64,17,69,PM10,SEDANG,DKI2 Kelapa Gading
3/2/2014,201403,50,,5,16,72,20,72,O3,SEDANG,DKI2 Kelapa Gading
3/3/2014,201403,65,,14,19,81,21,81,O3,SEDANG,DKI2 Kelapa Gading
3/4/2014,201403,58,,18,15,66,17,66,O3,SEDANG,DKI2 Kelapa Gading
3/5/2014,201403,51,,5,13,56,21,56,O3,SEDANG,DKI2 Kelapa Gading
3/6/2014,201403,99,,16,34,94,28,99,PM10,SEDANG,DKI2 Kelapa Gading
3/7/2014,201403,77,,14,27,101,24,101,O3,TIDAK SEHAT,DKI2 Kelapa Gading
3/8/2014,201403,70,,8,24,68,17,70,PM10,SEDANG,DKI2 Kelapa Gading
3/9/2014,201403,66,,5,46,70,17,70,O3,SEDANG,DKI2 Kelapa Gading
3/10/2014,201403,53,,2,21,69,23,69,O3,SEDANG,DKI2 Kelapa Gading
3/11/2014,201403,84,,8,53,46,21,84,PM10,SEDANG,DKI2 Kelapa Gading
3/12/2014,201403,59,,6,40,56,16,59,PM10,SEDANG,DKI2 Kelapa Gading
3/13/2014,201403,64,,4,34,59,22,64,PM10,SEDANG,DKI2 Kelapa Gading
3/14/2014,201403,57,,4,22,67,18,67,O3,SEDANG,DKI2 Kelapa Gading
3/15/2014,201403,76,,8,49,68,23,76,PM10,SEDANG,DKI2 Kelapa Gading
3/16/2014,201403,76,,8,45,61,14,76,PM10,SEDANG,DKI2 Kelapa Gading
3/17/2014,201403,75,,10,36,102,24,102,O3,TIDAK SEHAT,DKI2 Kelapa Gading
3/18/2014,201403,77,,10,41,68,27,77,PM10,SEDANG,DKI2 Kelapa Gading
3/19/2014,201403,86,,9,27,76,25,86,PM10,SEDANG,DKI2 Kelapa Gading
3/20/2014,201403,94,,17,37,141,23,141,O3,TIDAK SEHAT,DKI2 Kelapa Gading
3/21/2014,201403,51,,6,24,65,19,65,O3,SEDANG,DKI2 Kelapa Gading
3/22/2014,201403,48,,6,17,49,10,49,O3,BAIK,DKI2 Kelapa Gading
3/23/2014,201403,38,,5,12,70,12,70,O3,SEDANG,DKI2 Kelapa Gading
3/24/2014,201403,72,,10,35,51,19,72,PM10,SEDANG,DKI2 Kelapa Gading
3/25/2014,201403,46,,4,17,53,13,53,O3,SEDANG,DKI2 Kelapa Gading
3/26/2014,201403,40,,4,14,58,13,58,O3,SEDANG,DKI2 Kelapa Gading
3/27/2014,201403,107,,10,56,62,34,107,PM10,TIDAK SEHAT,DKI2 Kelapa Gading
3/28/2014,201403,62,,8,32,163,23,163,O3,TIDAK SEHAT,DKI2 Kelapa Gading
3/29/2014,201403,67,,11,24,114,20,114,O3,TIDAK SEHAT,DKI2 Kelapa Gading
3/30/2014,201403,58,,12,18,58,18,58,PM10,SEDANG,DKI2 Kelapa Gading
3/31/2014,201403,60,,24,19,54,9,60,PM10,SEDANG,DKI2 Kelapa Gading
4/1/2014,201404,72,,9,29,70,15,72,PM10,SEDANG,DKI2 Kelapa Gading
4/2/2014,201404,68,,8,15,63,8,68,PM10,SEDANG,DKI2 Kelapa Gading
4/3/2014,201404,60,,13,29,89,19,89,O3,SEDANG,DKI2 Kelapa Gading
4/4/2014,201404,64,,5,22,89,15,89,O3,SEDANG,DKI2 Kelapa Gading
4/5/2014,201404,74,,13,38,85,21,85,O3,SEDANG,DKI2 Kelapa Gading
4/6/2014,201404,40,,6,13,70,13,70,O3,SEDANG,DKI2 Kelapa Gading
4/7/2014,201404,34,,4,17,64,16,64,O3,SEDANG,DKI2 Kelapa Gading
4/8/2014,201404,59,,9,31,72,16,72,O3,SEDANG,DKI2 Kelapa Gading
4/9/2014,201404,27,,4,13,73,8,73,O3,SEDANG,DKI2 Kelapa Gading
4/10/2014,201404,42,,4,25,53,8,53,O3,SEDANG,DKI2 Kelapa Gading
4/11/2014,201404,47,,5,22,60,16,60,O3,SEDANG,DKI2 Kelapa Gading
4/12/2014,201404,66,,7,26,80,18,80,O3,SEDANG,DKI2 Kelapa Gading
4/13/2014,201404,42,,5,14,56,13,56,O3,SEDANG,DKI2 Kelapa Gading
4/14/2014,201404,28,,4,13,59,11,59,O3,SEDANG,DKI2 Kelapa Gading
4/15/2014,201404,33,,4,22,59,15,59,O3,SEDANG,DKI2 Kelapa Gading
4/16/2014,201404,44,,6,17,82,17,82,O3,SEDANG,DKI2 Kelapa Gading
4/17/2014,201404,68,,9,35,164,26,164,O3,TIDAK SEHAT,DKI2 Kelapa Gading
4/18/2014,201404,70,,13,27,132,17,132,O3,TIDAK SEHAT,DKI2 Kelapa Gading
4/19/2014,201404,64,,12,25,91,15,91,O3,SEDANG,DKI2 Kelapa Gading
4/20/2014,201404,43,,4,42,61,19,61,O3,SEDANG,DKI2 Kelapa Gading
4/21/2014,201404,56,,7,24,57,16,57,O3,SEDANG,DKI2 Kelapa Gading
4/22/2014,201404,31,,4,13,59,18,59,O3,SEDANG,DKI2 Kelapa Gading
4/23/2014,201404,66,,8,32,86,22,86,O3,SEDANG,DKI2 Kelapa Gading
4/24/2014,201404,57,,10,25,95,14,95,O3,SEDANG,DKI2 Kelapa Gading
4/25/2014,201404,46,,8,14,69,20,69,O3,SEDANG,DKI2 Kelapa Gading
4/26/2014,201404,54,,11,18,87,19,87,O3,SEDANG,DKI2 Kelapa Gading
4/27/2014,201404,45,,5,22,97,17,97,O3,SEDANG,DKI2 Kelapa Gading
4/28/2014,201404,52,,5,25,91,29,91,O3,SEDANG,DKI2 Kelapa Gading
4/29/2014,201404,60,,7,22,116,17,116,O3,TIDAK SEHAT,DKI2 Kelapa Gading
4/30/2014,201404,60,,6,23,106,20,106,O3,TIDAK SEHAT,DKI2 Kelapa Gading
5/1/2014,201405,74,,14,30,78,17,78,O3,SEDANG,DKI2 Kelapa Gading
5/2/2014,201405,85,,16,50,71,21,85,PM10,SEDANG,DKI2 Kelapa Gading
5/3/2014,201405,75,,11,22,64,11,75,PM10,SEDANG,DKI2 Kelapa Gading
5/4/2014,201405,59,,12,15,66,11,66,O3,SEDANG,DKI2 Kelapa Gading
5/5/2014,201405,57,,8,13,64,10,64,O3,SEDANG,DKI2 Kelapa Gading
5/6/2014,201405,60,,10,11,71,12,71,O3,SEDANG,DKI2 Kelapa Gading
5/7/2014,201405,60,,6,12,79,14,79,O3,SEDANG,DKI2 Kelapa Gading
5/8/2014,201405,63,,8,31,88,23,88,O3,SEDANG,DKI2 Kelapa Gading
5/9/2014,201405,54,,9,19,98,20,98,O3,SEDANG,DKI2 Kelapa Gading
5/10/2014,201405,70,,11,30,92,19,92,O3,SEDANG,DKI2 Kelapa Gading
5/11/2014,201405,62,,6,21,94,16,94,O3,SEDANG,DKI2 Kelapa Gading
5/12/2014,201405,63,,8,28,85,20,85,O3,SEDANG,DKI2 Kelapa Gading
5/13/2014,201405,71,,9,21,148,19,148,O3,TIDAK SEHAT,DKI2 Kelapa Gading
5/14/2014,201405,57,,10,15,87,19,87,O3,SEDANG,DKI2 Kelapa Gading
5/15/2014,201405,59,,14,19,83,23,83,O3,SEDANG,DKI2 Kelapa Gading
5/16/2014,201405,58,,14,26,65,25,65,O3,SEDANG,DKI2 Kelapa Gading
5/17/2014,201405,55,,12,26,69,16,69,O3,SEDANG,DKI2 Kelapa Gading
5/18/2014,201405,56,,12,22,103,13,103,O3,TIDAK SEHAT,DKI2 Kelapa Gading
5/19/2014,201405,58,,7,26,80,19,80,O3,SEDANG,DKI2 Kelapa Gading
5/20/2014,201405,68,,17,19,74,19,74,O3,SEDANG,DKI2 Kelapa Gading
5/21/2014,201405,68,,10,21,80,18,80,O3,SEDANG,DKI2 Kelapa Gading
5/22/2014,201405,56,,10,14,67,15,67,O3,SEDANG,DKI2 Kelapa Gading
5/23/2014,201405,63,,18,20,71,17,71,O3,SEDANG,DKI2 Kelapa Gading
5/24/2014,201405,84,,20,22,76,16,84,PM10,SEDANG,DKI2 Kelapa Gading
5/26/2014,201405,53,,11,11,61,7,61,O3,SEDANG,DKI2 Kelapa Gading
5/27/2014,201405,81,,20,40,123,16,123,O3,TIDAK SEHAT,DKI2 Kelapa Gading
5/28/2014,201405,57,,17,17,85,15,85,O3,SEDANG,DKI2 Kelapa Gading
5/29/2014,201405,59,,12,14,65,10,65,O3,SEDANG,DKI2 Kelapa Gading
5/30/2014,201405,77,,22,23,68,13,77,PM10,SEDANG,DKI2 Kelapa Gading
5/31/2014,201405,59,,9,24,87,17,87,O3,SEDANG,DKI2 Kelapa Gading
6/1/2014,201406,75,,14,42,87,20,87,O3,SEDANG,DKI2 Kelapa Gading
6/2/2014,201406,67,,15,15,54,13,67,PM10,SEDANG,DKI2 Kelapa Gading
6/3/2014,201406,79,,13,17,58,15,79,PM10,SEDANG,DKI2 Kelapa Gading
6/4/2014,201406,78,,15,16,67,19,78,PM10,SEDANG,DKI2 Kelapa Gading
6/5/2014,201406,78,,12,14,84,18,84,O3,SEDANG,DKI2 Kelapa Gading
6/6/2014,201406,73,,8,34,63,24,73,PM10,SEDANG,DKI2 Kelapa Gading
6/7/2014,201406,83,,15,21,63,14,83,PM10,SEDANG,DKI2 Kelapa Gading
6/8/2014,201406,78,,17,24,59,15,78,PM10,SEDANG,DKI2 Kelapa Gading
6/9/2014,201406,75,,12,19,60,16,75,PM10,SEDANG,DKI2 Kelapa Gading
6/19/2014,201406,56,,15,16,77,24,77,O3,SEDANG,DKI2 Kelapa Gading
6/20/2014,201406,69,,17,25,68,17,69,PM10,SEDANG,DKI2 Kelapa Gading
6/21/2014,201406,60,,15,13,70,13,70,O3,SEDANG,DKI2 Kelapa Gading
6/22/2014,201406,72,,16,41,112,21,112,O3,TIDAK SEHAT,DKI2 Kelapa Gading
6/23/2014,201406,65,,12,25,92,17,92,O3,SEDANG,DKI2 Kelapa Gading
6/24/2014,201406,59,,13,17,70,12,70,O3,SEDANG,DKI2 Kelapa Gading
6/25/2014,201406,61,,15,14,62,11,62,O3,SEDANG,DKI2 Kelapa Gading
6/26/2014,201406,59.90909091,,11,26,58,20,58,O3,SEDANG,DKI2 Kelapa Gading
6/27/2014,201406,58.81818182,,13,42,43,25,43,O3,BAIK,DKI2 Kelapa Gading
6/28/2014,201406,57.72727273,,9,20,83,20,83,O3,SEDANG,DKI2 Kelapa Gading
6/29/2014,201406,56.63636364,,12,15,66,10,66,O3,SEDANG,DKI2 Kelapa Gading
6/30/2014,201406,55.54545455,,11,26,98,15,98,O3,SEDANG,DKI2 Kelapa Gading
7/1/2014,201407,54.45454545,,23,17,50,13,50,O3,BAIK,DKI2 Kelapa Gading
7/2/2014,201407,53.36363636,,19,17,61,16,61,O3,SEDANG,DKI2 Kelapa Gading
7/3/2014,201407,52.27272727,,15,31,51,23,51,O3,SEDANG,DKI2 Kelapa Gading
7/4/2014,201407,51.18181818,,22,24,49,16,49,O3,BAIK,DKI2 Kelapa Gading
7/5/2014,201407,50.09090909,,15,11,42,11,42,O3,BAIK,DKI2 Kelapa Gading
7/6/2014,201407,49,,8,17,48,14,48,O3,BAIK,DKI2 Kelapa Gading
7/7/2014,201407,47.90909091,,16,17,51,18,51,O3,SEDANG,DKI2 Kelapa Gading
7/8/2014,201407,46.81818182,,15,21,50,21,50,O3,BAIK,DKI2 Kelapa Gading
7/9/2014,201407,45.72727273,,12,24,32,18,32,O3,BAIK,DKI2 Kelapa Gading
7/10/2014,201407,44.63636364,,11,15,46,13,46,O3,BAIK,DKI2 Kelapa Gading
7/11/2014,201407,43.54545455,,15,12,40,11,40,O3,BAIK,DKI2 Kelapa Gading
7/12/2014,201407,42.45454545,,17,14,42,12,42,O3,BAIK,DKI2 Kelapa Gading
7/13/2014,201407,41.36363636,,8,42,30,26,42,CO,BAIK,DKI2 Kelapa Gading
7/14/2014,201407,40.27272727,,12,19,140,20,140,O3,TIDAK SEHAT,DKI2 Kelapa Gading
7/15/2014,201407,39.18181818,,23,17,84,17,84,O3,SEDANG,DKI2 Kelapa Gading
7/16/2014,201407,38.09090909,,11,19,58,23,58,O3,SEDANG,DKI2 Kelapa Gading
7/17/2014,201407,37,,19,18,79,21,79,O3,SEDANG,DKI2 Kelapa Gading
7/18/2014,201407,71,,22,27,64,20,71,PM10,SEDANG,DKI2 Kelapa Gading
7/19/2014,201407,63,,13,12,85,13,85,O3,SEDANG,DKI2 Kelapa Gading
7/20/2014,201407,63,,13,18,57,14,63,PM10,SEDANG,DKI2 Kelapa Gading
7/21/2014,201407,58,,14,18,69,19,69,O3,SEDANG,DKI2 Kelapa Gading
7/22/2014,201407,60,,18,19,104,15,104,O3,TIDAK SEHAT,DKI2 Kelapa Gading
7/23/2014,201407,53,,12,14,81,14,81,O3,SEDANG,DKI2 Kelapa Gading
7/24/2014,201407,60,,16,25,70,19,70,O3,SEDANG,DKI2 Kelapa Gading
7/25/2014,201407,67,,13,34,68,16,68,O3,SEDANG,DKI2 Kelapa Gading
7/26/2014,201407,51,,11,20,63,14,63,O3,SEDANG,DKI2 Kelapa Gading
7/27/2014,201407,39,,8,12,53,11,53,O3,SEDANG,DKI2 Kelapa Gading
7/28/2014,201407,56,,10,24,85,12,85,O3,SEDANG,DKI2 Kelapa Gading
7/29/2014,201407,36,,11,9,49,14,49,O3,BAIK,DKI2 Kelapa Gading
7/30/2014,201407,52,,23,10,53,9,53,O3,SEDANG,DKI2 Kelapa Gading
7/31/2014,201407,51,,16,8,84,9,84,O3,SEDANG,DKI2 Kelapa Gading
8/1/2014,201408,54,,12,9,80,8,80,O3,SEDANG,DKI2 Kelapa Gading
8/2/2014,201408,55,,11,11,69,8,69,O3,SEDANG,DKI2 Kelapa Gading
8/3/2014,201408,56,,13,17,70,11,70,O3,SEDANG,DKI2 Kelapa Gading
8/4/2014,201408,55,,20,15,59,10,59,O3,SEDANG,DKI2 Kelapa Gading
8/5/2014,201408,57,,14,11,61,11,61,O3,SEDANG,DKI2 Kelapa Gading
8/6/2014,201408,57,,31,9,51,7,57,PM10,SEDANG,DKI2 Kelapa Gading
8/7/2014,201408,62,,19,10,54,11,62,PM10,SEDANG,DKI2 Kelapa Gading
8/8/2014,201408,70,,21,19,62,13,70,PM10,SEDANG,DKI2 Kelapa Gading
8/9/2014,201408,69,,17,19,73,14,73,O3,SEDANG,DKI2 Kelapa Gading
8/10/2014,201408,70,,19,15,80,10,80,O3,SEDANG,DKI2 Kelapa Gading
8/11/2014,201408,66,,23,11,50,10,66,PM10,SEDANG,DKI2 Kelapa Gading
8/12/2014,201408,66,,19,26,57,18,66,PM10,SEDANG,DKI2 Kelapa Gading
8/13/2014,201408,65,,15,18,49,16,65,PM10,SEDANG,DKI2 Kelapa Gading
8/14/2014,201408,71,,17,13,61,15,71,PM10,SEDANG,DKI2 Kelapa Gading
8/15/2014,201408,70,,17,17,58,18,70,PM10,SEDANG,DKI2 Kelapa Gading
8/16/2014,201408,58,,16,12,55,15,58,PM10,SEDANG,DKI2 Kelapa Gading
8/17/2014,201408,63,,19,17,61,14,63,PM10,SEDANG,DKI2 Kelapa Gading
8/18/2014,201408,69,,26,19,54,16,69,PM10,SEDANG,DKI2 Kelapa Gading
8/19/2014,201408,74,,20,15,54,15,74,PM10,SEDANG,DKI2 Kelapa Gading
8/20/2014,201408,74,,18,17,75,16,75,O3,SEDANG,DKI2 Kelapa Gading
8/21/2014,201408,81,,17,22,59,16,81,PM10,SEDANG,DKI2 Kelapa Gading
8/22/2014,201408,65,,14,13,51,12,65,PM10,SEDANG,DKI2 Kelapa Gading
8/23/2014,201408,66,,13,11,60,11,66,PM10,SEDANG,DKI2 Kelapa Gading
8/24/2014,201408,62,,12,10,63,9,63,O3,SEDANG,DKI2 Kelapa Gading
8/25/2014,201408,65,,15,14,71,14,71,O3,SEDANG,DKI2 Kelapa Gading
8/26/2014,201408,72,,17,15,52,20,72,PM10,SEDANG,DKI2 Kelapa Gading
8/27/2014,201408,84,,15,15,51,13,84,PM10,SEDANG,DKI2 Kelapa Gading
8/28/2014,201408,76,,15,13,54,14,76,PM10,SEDANG,DKI2 Kelapa Gading
8/29/2014,201408,76,,15,13,60,14,76,PM10,SEDANG,DKI2 Kelapa Gading
8/30/2014,201408,77,,15,18,57,22,77,PM10,SEDANG,DKI2 Kelapa Gading
8/31/2014,201408,67,,11,11,56,7,67,PM10,SEDANG,DKI2 Kelapa Gading
9/1/2014,201409,59,,10,9,60,14,60,O3,SEDANG,DKI2 Kelapa Gading
9/2/2014,201409,65,,13,12,65,14,65,PM10,SEDANG,DKI2 Kelapa Gading
9/3/2014,201409,70,,13,14,64,13,70,PM10,SEDANG,DKI2 Kelapa Gading
9/4/2014,201409,74,,12,16,67,13,74,PM10,SEDANG,DKI2 Kelapa Gading
9/5/2014,201409,73,,16,15,62,18,73,PM10,SEDANG,DKI2 Kelapa Gading
9/6/2014,201409,61,,13,14,97,15,97,O3,SEDANG,DKI2 Kelapa Gading
9/7/2014,201409,67,,13,22,87,17,87,O3,SEDANG,DKI2 Kelapa Gading
9/8/2014,201409,77,,16,15,73,18,77,PM10,SEDANG,DKI2 Kelapa Gading
9/9/2014,201409,77,,16,23,51,21,77,PM10,SEDANG,DKI2 Kelapa Gading
9/10/2014,201409,71,,17,15,61,17,71,PM10,SEDANG,DKI2 Kelapa Gading
9/11/2014,201409,75,,19,16,48,17,75,PM10,SEDANG,DKI2 Kelapa Gading
9/12/2014,201409,73,,17,20,84,19,84,O3,SEDANG,DKI2 Kelapa Gading
9/13/2014,201409,69,,15,14,68,18,69,PM10,SEDANG,DKI2 Kelapa Gading
9/14/2014,201409,63,,17,11,59,13,63,PM10,SEDANG,DKI2 Kelapa Gading
9/15/2014,201409,64,,13,16,95,17,95,O3,SEDANG,DKI2 Kelapa Gading
9/16/2014,201409,67,,14,16,59,17,67,PM10,SEDANG,DKI2 Kelapa Gading
9/17/2014,201409,70,,18,16,56,17,70,PM10,SEDANG,DKI2 Kelapa Gading
9/18/2014,201409,73,,20,14,53,18,73,PM10,SEDANG,DKI2 Kelapa Gading
9/19/2014,201409,68,,16,11,69,14,69,O3,SEDANG,DKI2 Kelapa Gading
9/20/2014,201409,59,,13,8,46,9,59,PM10,SEDANG,DKI2 Kelapa Gading
9/21/2014,201409,74,,14,33,76,21,76,O3,SEDANG,DKI2 Kelapa Gading
9/22/2014,201409,72,,14,21,76,19,76,O3,SEDANG,DKI2 Kelapa Gading
9/23/2014,201409,63,,15,13,51,14,63,PM10,SEDANG,DKI2 Kelapa Gading
9/24/2014,201409,67,,21,14,49,14,67,PM10,SEDANG,DKI2 Kelapa Gading
9/25/2014,201409,76,,19,20,124,19,124,O3,TIDAK SEHAT,DKI2 Kelapa Gading
9/26/2014,201409,75,,18,17,78,17,78,O3,SEDANG,DKI2 Kelapa Gading
9/27/2014,201409,71,,21,19,66,21,71,PM10,SEDANG,DKI2 Kelapa Gading
9/28/2014,201409,77,,17,26,64,18,77,PM10,SEDANG,DKI2 Kelapa Gading
9/29/2014,201409,61,,15,16,63,15,63,O3,SEDANG,DKI2 Kelapa Gading
9/30/2014,201409,66,,26,22,77,19,77,O3,SEDANG,DKI2 Kelapa Gading
10/1/2014,201410,64,,15,14,66,13,66,O3,SEDANG,DKI2 Kelapa Gading
10/2/2014,201410,60,,14,12,59,11,60,PM10,SEDANG,DKI2 Kelapa Gading
10/3/2014,201410,55,,14,10,62,14,62,O3,SEDANG,DKI2 Kelapa Gading
10/4/2014,201410,61,,16,18,50,15,61,PM10,SEDANG,DKI2 Kelapa Gading
10/5/2014,201410,61,,13,26,80,17,80,O3,SEDANG,DKI2 Kelapa Gading
10/6/2014,201410,72,,27,22,76,24,76,O3,SEDANG,DKI2 Kelapa Gading
10/7/2014,201410,70,,27,20,61,18,70,PM10,SEDANG,DKI2 Kelapa Gading
10/8/2014,201410,56,,15,17,89,17,89,O3,SEDANG,DKI2 Kelapa Gading
10/9/2014,201410,46,,20,12,65,18,65,O3,SEDANG,DKI2 Kelapa Gading
10/10/2014,201410,75,,16,13,81,14,81,O3,SEDANG,DKI2 Kelapa Gading
10/11/2014,201410,53,,20,22,121,15,121,O3,TIDAK SEHAT,DKI2 Kelapa Gading
10/12/2014,201410,34,,17,24,106,20,106,O3,TIDAK SEHAT,DKI2 Kelapa Gading
10/13/2014,201410,53,,15,16,131,16,131,O3,TIDAK SEHAT,DKI2 Kelapa Gading
10/14/2014,201410,55,,12,19,73,14,73,O3,SEDANG,DKI2 Kelapa Gading
10/15/2014,201410,54,,15,19,80,17,80,O3,SEDANG,DKI2 Kelapa Gading
10/16/2014,201410,48,,19,29,78,18,78,O3,SEDANG,DKI2 Kelapa Gading
10/17/2014,201410,65,,17,14,69,15,69,O3,SEDANG,DKI2 Kelapa Gading
10/18/2014,201410,66,,16,20,70,15,70,O3,SEDANG,DKI2 Kelapa Gading
10/19/2014,201410,66,,20,15,67,13,67,O3,SEDANG,DKI2 Kelapa Gading
10/20/2014,201410,63,,15,14,69,12,69,O3,SEDANG,DKI2 Kelapa Gading
10/21/2014,201410,65,,20,12,63,14,65,PM10,SEDANG,DKI2 Kelapa Gading
10/22/2014,201410,77,,23,12,72,13,77,PM10,SEDANG,DKI2 Kelapa Gading
10/23/2014,201410,86,,18,23,95,16,95,O3,SEDANG,DKI2 Kelapa Gading
10/24/2014,201410,100,,17,14,81,16,100,PM10,SEDANG,DKI2 Kelapa Gading
10/25/2014,201410,116,,21,18,76,14,116,PM10,TIDAK SEHAT,DKI2 Kelapa Gading
10/26/2014,201410,10,,15,16,75,13,75,O3,SEDANG,DKI2 Kelapa Gading
10/27/2014,201410,25,,15,16,78,15,78,O3,SEDANG,DKI2 Kelapa Gading
10/28/2014,201410,54.5,,12,15,112,18,112,O3,TIDAK SEHAT,DKI2 Kelapa Gading
10/29/2014,201410,84,,20,13,70,17,84,PM10,SEDANG,DKI2 Kelapa Gading
10/30/2014,201410,81.16666667,,16,12,61,15,61,O3,SEDANG,DKI2 Kelapa Gading
10/31/2014,201410,78.33333333,,20,15,65,17,65,O3,SEDANG,DKI2 Kelapa Gading
11/1/2014,201411,75.5,,16,12,96,13,96,O3,SEDANG,DKI2 Kelapa Gading
11/2/2014,201411,72.66666667,,16,21,98,17,98,O3,SEDANG,DKI2 Kelapa Gading
11/3/2014,201411,69.83333333,,25,16,93,21,93,O3,SEDANG,DKI2 Kelapa Gading
11/4/2014,201411,67,,20,16,94,15,94,O3,SEDANG,DKI2 Kelapa Gading
11/5/2014,201411,57,,17,9,71,13,71,O3,SEDANG,DKI2 Kelapa Gading
11/6/2014,201411,64,,17,19,72,16,72,O3,SEDANG,DKI2 Kelapa Gading
11/7/2014,201411,78,,16,19,69,13,78,PM10,SEDANG,DKI2 Kelapa Gading
11/8/2014,201411,70,,19,16,93,19,93,O3,SEDANG,DKI2 Kelapa Gading
11/9/2014,201411,64,,15,29,94,24,94,O3,SEDANG,DKI2 Kelapa Gading
11/10/2014,201411,60,,15,16,99,17,99,O3,SEDANG,DKI2 Kelapa Gading
11/11/2014,201411,54,,14,22,103,18,103,O3,TIDAK SEHAT,DKI2 Kelapa Gading
11/12/2014,201411,69,,16,28,83,21,83,O3,SEDANG,DKI2 Kelapa Gading
11/13/2014,201411,67,,25,19,93,25,93,O3,SEDANG,DKI2 Kelapa Gading
11/14/2014,201411,70,,24,23,64,22,70,PM10,SEDANG,DKI2 Kelapa Gading
11/15/2014,201411,79,,23,26,103,27,103,O3,TIDAK SEHAT,DKI2 Kelapa Gading
11/16/2014,201411,67,,19,16,104,17,104,O3,TIDAK SEHAT,DKI2 Kelapa Gading
11/17/2014,201411,65.6,,18,19,58,14,58,O3,SEDANG,DKI2 Kelapa Gading
11/18/2014,201411,64.2,,26,23,57,15,57,O3,SEDANG,DKI2 Kelapa Gading
11/19/2014,201411,62.8,,18,26,94,16,94,O3,SEDANG,DKI2 Kelapa Gading
11/20/2014,201411,61.4,,21,21,90,20,90,O3,SEDANG,DKI2 Kelapa Gading
11/21/2014,201411,60,,15,19,72,13,72,O3,SEDANG,DKI2 Kelapa Gading
11/22/2014,201411,61,,18,31,65,20,65,O3,SEDANG,DKI2 Kelapa Gading
11/23/2014,201411,58,,17,25,58,12,58,PM10,SEDANG,DKI2 Kelapa Gading
11/24/2014,201411,57,,15,19,105,14,105,O3,TIDAK SEHAT,DKI2 Kelapa Gading
11/25/2014,201411,50,,16,17,92,17,92,O3,SEDANG,DKI2 Kelapa Gading
11/26/2014,201411,54,,15,30,91,21,91,O3,SEDANG,DKI2 Kelapa Gading
11/27/2014,201411,69,,19,30,100,22,100,O3,SEDANG,DKI2 Kelapa Gading
11/28/2014,201411,66,,17,24,140,19,140,O3,TIDAK SEHAT,DKI2 Kelapa Gading
11/29/2014,201411,79,,23,35,64,30,79,PM10,SEDANG,DKI2 Kelapa Gading
11/30/2014,201411,37,,13,20,48,14,48,O3,BAIK,DKI2 Kelapa Gading
12/1/2014,201412,33,,14,13,34,12,34,O3,BAIK,DKI2 Kelapa Gading
12/2/2014,201412,43,,16,16,49,13,49,O3,BAIK,DKI2 Kelapa Gading
12/3/2014,201412,33,,13,13,52,11,52,O3,SEDANG,DKI2 Kelapa Gading
12/4/2014,201412,36,,15,17,72,19,72,O3,SEDANG,DKI2 Kelapa Gading
12/5/2014,201412,50,,18,16,103,16,103,O3,TIDAK SEHAT,DKI2 Kelapa Gading
12/6/2014,201412,54,,14,43,53,13,54,PM10,SEDANG,DKI2 Kelapa Gading
12/7/2014,201412,52,,15,39,56,11,56,O3,SEDANG,DKI2 Kelapa Gading
12/8/2014,201412,30,,14,19,52,11,52,O3,SEDANG,DKI2 Kelapa Gading
12/9/2014,201412,41,,15,24,47,12,47,O3,BAIK,DKI2 Kelapa Gading
12/10/2014,201412,38,,17,13,51,11,51,O3,SEDANG,DKI2 Kelapa Gading
12/11/2014,201412,29,,15,9,48,11,48,O3,BAIK,DKI2 Kelapa Gading
12/12/2014,201412,32,,16,11,48,13,48,O3,BAIK,DKI2 Kelapa Gading
12/13/2014,201412,37,,15,15,50,11,50,O3,BAIK,DKI2 Kelapa Gading
12/14/2014,201412,48,,19,16,46,7,48,PM10,BAIK,DKI2 Kelapa Gading
12/15/2014,201412,25,,16,10,41,12,41,O3,BAIK,DKI2 Kelapa Gading
12/16/2014,201412,35,,16,10,56,19,56,O3,SEDANG,DKI2 Kelapa Gading
12/17/2014,201412,29,,14,11,52,11,52,O3,SEDANG,DKI2 Kelapa Gading
12/18/2014,201412,31,,29,23,37,10,37,O3,BAIK,DKI2 Kelapa Gading
12/19/2014,201412,60,,34,30,13,13,60,PM10,SEDANG,DKI2 Kelapa Gading
12/20/2014,201412,37,,30,30,11,13,37,PM10,BAIK,DKI2 Kelapa Gading
12/21/2014,201412,67,,34,43,23,13,67,PM10,SEDANG,DKI2 Kelapa Gading
12/22/2014,201412,42,,25,30,79,19,79,O3,SEDANG,DKI2 Kelapa Gading
12/23/2014,201412,39,,3,37,55,18,55,O3,SEDANG,DKI2 Kelapa Gading
12/24/2014,201412,69,,11,43,137,19,137,O3,TIDAK SEHAT,DKI2 Kelapa Gading
12/25/2014,201412,58,,7,37,130,16,130,O3,TIDAK SEHAT,DKI2 Kelapa Gading
12/26/2014,201412,52,,11,29,71,14,71,O3,SEDANG,DKI2 Kelapa Gading
12/27/2014,201412,24,,2,32,40,14,40,O3,BAIK,DKI2 Kelapa Gading
12/28/2014,201412,40,,3,41,31,20,41,CO,BAIK,DKI2 Kelapa Gading
12/29/2014,201412,28,,2,25,30,6,30,O3,BAIK,DKI2 Kelapa Gading
12/30/2014,201412,35,,2,28,26,9,35,PM10,BAIK,DKI2 Kelapa Gading
12/31/2014,201412,23,,2,25,36,5,36,O3,BAIK,DKI2 Kelapa Gading
1/2/2015,201501,28,,9,26,48,10,48,O3,BAIK,DKI2 Kelapa Gading
1/3/2015,201501,27,,10,28,44,10,44,O3,BAIK,DKI2 Kelapa Gading
1/4/2015,201501,22,,9,28,42,12,42,O3,BAIK,DKI2 Kelapa Gading
1/5/2015,201501,25,,9,25,32,7,32,O3,BAIK,DKI2 Kelapa Gading
1/6/2015,201501,29,,9,26,37,11,37,O3,BAIK,DKI2 Kelapa Gading
1/10/2015,201501,25,,10,24,43,8,43,O3,BAIK,DKI2 Kelapa Gading
1/14/2015,201501,41,,11,44,40,17,44,CO,BAIK,DKI2 Kelapa Gading
1/15/2015,201501,39,,10,34,47,20,47,O3,BAIK,DKI2 Kelapa Gading
1/17/2015,201501,39,,11,30,43,15,43,O3,BAIK,DKI2 Kelapa Gading
1/20/2015,201501,70,,13,72,51,24,72,CO,SEDANG,DKI2 Kelapa Gading
1/21/2015,201501,56,,12,61,40,16,61,CO,SEDANG,DKI2 Kelapa Gading
1/23/2015,201501,49,,10,50,41,23,50,CO,BAIK,DKI2 Kelapa Gading
3/18/2015,201503,75,,22,35,104,25,104,O3,TIDAK SEHAT,DKI2 Kelapa Gading
3/20/2015,201503,57,,15,30,127,30,127,O3,TIDAK SEHAT,DKI2 Kelapa Gading
3/26/2015,201503,66,,15,43,62,21,66,PM10,SEDANG,DKI2 Kelapa Gading
4/1/2015,201504,65,,19,37,80,21,80,O3,SEDANG,DKI2 Kelapa Gading
4/2/2015,201504,67,,13,45,88,22,88,O3,SEDANG,DKI2 Kelapa Gading
4/4/2015,201504,75,,18,52,108,21,108,O3,TIDAK SEHAT,DKI2 Kelapa Gading
4/8/2015,201504,65,,15,46,86,19,86,O3,SEDANG,DKI2 Kelapa Gading
4/9/2015,201504,69,,14,42,86,23,86,O3,SEDANG,DKI2 Kelapa Gading
4/11/2015,201504,59,,17,36,62,15,62,O3,SEDANG,DKI2 Kelapa Gading
4/17/2015,201504,64,,18,37,54,16,64,PM10,SEDANG,DKI2 Kelapa Gading
4/19/2015,201504,83,,18,48,111,21,111,O3,TIDAK SEHAT,DKI2 Kelapa Gading
4/26/2015,201504,53,,16,39,43,16,53,PM10,SEDANG,DKI2 Kelapa Gading
4/30/2015,201504,40,,15,28,51,16,51,O3,SEDANG,DKI2 Kelapa Gading
5/1/2015,201505,57,,17,33,105,20,105,O3,TIDAK SEHAT,DKI2 Kelapa Gading
5/2/2015,201505,82,,19,53,99,16,99,O3,SEDANG,DKI2 Kelapa Gading
5/5/2015,201505,73,,22,61,62,23,73,PM10,SEDANG,DKI2 Kelapa Gading
5/6/2015,201505,79,,19,45,48,22,79,PM10,SEDANG,DKI2 Kelapa Gading
5/9/2015,201505,83,,15,40,83,16,83,PM10,SEDANG,DKI2 Kelapa Gading
5/10/2015,201505,57,,19,28,76,19,76,O3,SEDANG,DKI2 Kelapa Gading
5/12/2015,201505,77,,20,42,57,16,77,PM10,SEDANG,DKI2 Kelapa Gading
5/30/2015,201505,74,,20,36,70,18,74,PM10,SEDANG,DKI2 Kelapa Gading
6/1/2015,201506,74,,20,35,53,17,74,PM10,SEDANG,DKI2 Kelapa Gading
6/12/2015,201506,86,,24,43,107,19,107,O3,TIDAK SEHAT,DKI2 Kelapa Gading
6/19/2015,201506,79,,32,30,87,28,87,O3,SEDANG,DKI2 Kelapa Gading
6/21/2015,201506,92,,31,28,99,17,99,O3,SEDANG,DKI2 Kelapa Gading
6/28/2015,201506,72,,26,26,84,15,84,O3,SEDANG,DKI2 Kelapa Gading
8/31/2015,201508,69,,31,19,105,24,105,O3,TIDAK SEHAT,DKI2 Kelapa Gading
9/13/2015,201509,62,,29,20,87,13,87,O3,SEDANG,DKI2 Kelapa Gading
9/14/2015,201509,70,,33,17,114,24,114,O3,TIDAK SEHAT,DKI2 Kelapa Gading
11/2/2015,201511,84,,28,40,91,24,91,O3,SEDANG,DKI2 Kelapa Gading
11/11/2015,201511,90,,30,31,91,25,91,O3,SEDANG,DKI2 Kelapa Gading
11/15/2015,201511,73,,28,37,64,15,73,PM10,SEDANG,DKI2 Kelapa Gading
11/16/2015,201511,58,,28,22,89,15,89,O3,SEDANG,DKI2 Kelapa Gading
11/17/2015,201511,56,,30,23,87,23,87,O3,SEDANG,DKI2 Kelapa Gading
11/21/2015,201511,75,,30,41,86,24,86,O3,SEDANG,DKI2 Kelapa Gading
11/22/2015,201511,81,,29,40,88,18,88,O3,SEDANG,DKI2 Kelapa Gading
11/23/2015,201511,70,,29,30,79,19,79,O3,SEDANG,DKI2 Kelapa Gading
11/24/2015,201511,72,,29,33,77,16,77,O3,SEDANG,DKI2 Kelapa Gading
11/27/2015,201511,72,,29,28,85,22,85,O3,SEDANG,DKI2 Kelapa Gading
11/29/2015,201511,73,,29,27,98,17,98,O3,SEDANG,DKI2 Kelapa Gading
11/30/2015,201511,79,,29,45,105,21,105,O3,TIDAK SEHAT,DKI2 Kelapa Gading
12/2/2015,201512,72,,20,25,111,20,111,O3,TIDAK SEHAT,DKI2 Kelapa Gading
12/8/2015,201512,70,,32,25,57,21,70,PM10,SEDANG,DKI2 Kelapa Gading
12/9/2015,201512,62,,31,31,65,20,65,O3,SEDANG,DKI2 Kelapa Gading
12/11/2015,201512,66,,27,31,85,23,85,O3,SEDANG,DKI2 Kelapa Gading
12/12/2015,201512,61,,25,27,90,19,90,O3,SEDANG,DKI2 Kelapa Gading
12/13/2015,201512,61,,25,49,61,17,61,PM10,SEDANG,DKI2 Kelapa Gading
12/14/2015,201512,35,,21,24,40,9,40,O3,BAIK,DKI2 Kelapa Gading
12/15/2015,201512,37,,22,19,42,8,42,O3,BAIK,DKI2 Kelapa Gading
12/16/2015,201512,36,,19,19,44,11,44,O3,BAIK,DKI2 Kelapa Gading
12/25/2015,201512,41,,19,25,52,12,52,O3,SEDANG,DKI2 Kelapa Gading
12/31/2015,201512,43,,19,29,51,9,51,O3,SEDANG,DKI2 Kelapa Gading
1/1/2016,201601,69,,19,42,40,10,69,PM10,SEDANG,DKI2 Kelapa Gading
1/2/2016,201601,40,,20,15,44,12,44,O3,BAIK,DKI2 Kelapa Gading
1/3/2016,201601,32,,18,24,43,18,43,O3,BAIK,DKI2 Kelapa Gading
1/4/2016,201601,61,,27,21,103,24,103,O3,TIDAK SEHAT,DKI2 Kelapa Gading
1/5/2016,201601,61,,21,31,67,22,67,O3,SEDANG,DKI2 Kelapa Gading
1/6/2016,201601,64,,24,25,55,17,64,PM10,SEDANG,DKI2 Kelapa Gading
1/7/2016,201601,57,,30,21,70,13,70,O3,SEDANG,DKI2 Kelapa Gading
1/8/2016,201601,50,,22,10,62,9,62,O3,SEDANG,DKI2 Kelapa Gading
1/9/2016,201601,51,,23,12,68,8,68,O3,SEDANG,DKI2 Kelapa Gading
1/10/2016,201601,57,,32,16,86,15,86,O3,SEDANG,DKI2 Kelapa Gading
1/11/2016,201601,59,,24,26,93,14,93,O3,SEDANG,DKI2 Kelapa Gading
1/12/2016,201601,59,,28,15,60,13,60,O3,SEDANG,DKI2 Kelapa Gading
1/12/2016,201612,52,,25,35,38,16,52,PM10,SEDANG,DKI2 Kelapa Gading
1/13/2016,201601,55,,26,17,57,16,57,O3,SEDANG,DKI2 Kelapa Gading
1/14/2016,201601,59,,27,17,53,18,59,PM10,SEDANG,DKI2 Kelapa Gading
1/15/2016,201601,55,,27,13,60,11,60,O3,SEDANG,DKI2 Kelapa Gading
1/16/2016,201601,54,,23,20,78,13,78,O3,SEDANG,DKI2 Kelapa Gading
1/17/2016,201601,61,,23.25,14,146,17,146,O3,TIDAK SEHAT,DKI2 Kelapa Gading
1/18/2016,201601,79,,23.5,29,107,21,107,O3,TIDAK SEHAT,DKI2 Kelapa Gading
1/19/2016,201601,62,,23.75,20,74,18,74,O3,SEDANG,DKI2 Kelapa Gading
1/20/2016,201601,61,,24,27,66,18,66,O3,SEDANG,DKI2 Kelapa Gading
1/21/2016,201601,54,,13,23,39,14,54,PM10,SEDANG,DKI2 Kelapa Gading
1/22/2016,201601,60,,2,37,32,15,60,PM10,SEDANG,DKI2 Kelapa Gading
1/23/2016,201601,49,,4,23,40,14,49,PM10,BAIK,DKI2 Kelapa Gading
1/24/2016,201601,45,,1,42,38,14,45,PM10,BAIK,DKI2 Kelapa Gading
1/25/2016,201601,30,,5,29,43,13,43,O3,BAIK,DKI2 Kelapa Gading
1/26/2016,201601,58,,10,47,40,16,58,PM10,SEDANG,DKI2 Kelapa Gading
1/27/2016,201601,75,,4,41,49,21,75,PM10,SEDANG,DKI2 Kelapa Gading
1/28/2016,201601,61,,12,22,49,12,61,PM10,SEDANG,DKI2 Kelapa Gading
1/29/2016,201601,55,,4,29,83,16,83,O3,SEDANG,DKI2 Kelapa Gading
1/30/2016,201601,46,,5,24,62,14,62,O3,SEDANG,DKI2 Kelapa Gading
1/31/2016,201601,35,,2,25,44,12,44,O3,BAIK,DKI2 Kelapa Gading
2/1/2016,201602,33,,1,22,38,11,38,O3,BAIK,DKI2 Kelapa Gading
2/2/2016,201602,34,,1,29,43,17,43,O3,BAIK,DKI2 Kelapa Gading
2/3/2016,201602,36,,2,27,57,15,57,O3,SEDANG,DKI2 Kelapa Gading
2/4/2016,201602,52,,5,25,55,18,55,O3,SEDANG,DKI2 Kelapa Gading
2/5/2016,201602,51,,3,25,43,17,51,PM10,SEDANG,DKI2 Kelapa Gading
2/6/2016,201602,63,,8,28,87,17,87,O3,SEDANG,DKI2 Kelapa Gading
2/7/2016,201602,50,,6,32,41,11,50,PM10,BAIK,DKI2 Kelapa Gading
2/8/2016,201602,38,,4,27,40,10,40,O3,BAIK,DKI2 Kelapa Gading
2/9/2016,201602,22,,2,18,48,7,48,O3,BAIK,DKI2 Kelapa Gading
2/10/2016,201602,29,,2,30,38,10,38,O3,BAIK,DKI2 Kelapa Gading
2/11/2016,201602,44,,3,32,48,11,48,O3,BAIK,DKI2 Kelapa Gading
2/12/2016,201602,41,,3,24,35,15,41,PM10,BAIK,DKI2 Kelapa Gading
2/12/2016,201612,23,,22,17,43,5,43,O3,BAIK,DKI2 Kelapa Gading
2/13/2016,201602,73,,16,47,72,23,73,PM10,SEDANG,DKI2 Kelapa Gading
2/14/2016,201602,62,,21,24,86,15,86,O3,SEDANG,DKI2 Kelapa Gading
2/15/2016,201602,55,,9,29,63,12,63,O3,SEDANG,DKI2 Kelapa Gading
2/16/2016,201602,50,,6,22,31,14,50,PM10,BAIK,DKI2 Kelapa Gading
2/17/2016,201602,44,,8,27,42,11,44,PM10,BAIK,DKI2 Kelapa Gading
2/18/2016,201602,56,,4,45,37,16,56,PM10,SEDANG,DKI2 Kelapa Gading
2/19/2016,201602,78,,14,49,44,16,78,PM10,SEDANG,DKI2 Kelapa Gading
2/20/2016,201602,62,,4,37,37,15,62,PM10,SEDANG,DKI2 Kelapa Gading
2/21/2016,201602,52,,4,29,41,14,52,PM10,SEDANG,DKI2 Kelapa Gading
2/22/2016,201602,44,,4,28,40,13,44,PM10,BAIK,DKI2 Kelapa Gading
2/23/2016,201602,62,,6,27,67,21,67,O3,SEDANG,DKI2 Kelapa Gading
2/24/2016,201602,58,,3,32,36,14,58,PM10,SEDANG,DKI2 Kelapa Gading
2/25/2016,201602,29,,2,25,41,15,41,O3,BAIK,DKI2 Kelapa Gading
2/26/2016,201602,24,,2,26,39,18,39,O3,BAIK,DKI2 Kelapa Gading
2/27/2016,201602,50,,3,29,35,12,50,PM10,BAIK,DKI2 Kelapa Gading
2/28/2016,201602,41,,2,20,53,12,53,O3,SEDANG,DKI2 Kelapa Gading
2/29/2016,201602,44,,3,24,49,15,49,O3,BAIK,DKI2 Kelapa Gading
3/1/2016,201603,27,,2,23,37,11,37,O3,BAIK,DKI2 Kelapa Gading
3/2/2016,201603,33,,3,27,31,14,33,PM10,BAIK,DKI2 Kelapa Gading
3/3/2016,201603,49,,4,31,41,16,49,PM10,BAIK,DKI2 Kelapa Gading
3/4/2016,201603,39,,3,24,34,12,39,PM10,BAIK,DKI2 Kelapa Gading
3/5/2016,201603,26,,3,20,40,12,40,O3,BAIK,DKI2 Kelapa Gading
3/6/2016,201603,53,,4,29,43,16,53,PM10,SEDANG,DKI2 Kelapa Gading
3/7/2016,201603,54,,4,25,59,14,59,O3,SEDANG,DKI2 Kelapa Gading
3/8/2016,201603,52,,4,23,53,11,53,O3,SEDANG,DKI2 Kelapa Gading
3/9/2016,201603,65,,5,31,65,18,65,PM10,SEDANG,DKI2 Kelapa Gading
3/10/2016,201603,58,,4,25,101,25,101,O3,TIDAK SEHAT,DKI2 Kelapa Gading
3/11/2016,201603,56,,5,33,89,20,89,O3,SEDANG,DKI2 Kelapa Gading
3/12/2016,201603,59,,11,33,109,24,109,O3,TIDAK SEHAT,DKI2 Kelapa Gading
3/12/2016,201612,22,,22,21,34,8,34,O3,BAIK,DKI2 Kelapa Gading
3/13/2016,201603,49,,7,24,70,15,70,O3,SEDANG,DKI2 Kelapa Gading
3/14/2016,201603,55,,5,29,66,21,66,O3,SEDANG,DKI2 Kelapa Gading
3/15/2016,201603,71,,14,31,173,16,173,O3,TIDAK SEHAT,DKI2 Kelapa Gading
3/16/2016,201603,60,,9,40,119,19,119,O3,TIDAK SEHAT,DKI2 Kelapa Gading
3/17/2016,201603,54,,10,24,120,16,120,O3,TIDAK SEHAT,DKI2 Kelapa Gading
3/18/2016,201603,36,,7,20,36,15,36,PM10,BAIK,DKI2 Kelapa Gading
3/19/2016,201603,53,,10,25,91,14,91,O3,SEDANG,DKI2 Kelapa Gading
3/20/2016,201603,50,,7,23,91,11,91,O3,SEDANG,DKI2 Kelapa Gading
3/21/2016,201603,46,,4,28,54,14,54,O3,SEDANG,DKI2 Kelapa Gading
3/22/2016,201603,62,,11,43,74,21,74,O3,SEDANG,DKI2 Kelapa Gading
3/23/2016,201603,30,,6,21,74,10,74,O3,SEDANG,DKI2 Kelapa Gading
3/24/2016,201603,49,,6,27,122,14,122,O3,TIDAK SEHAT,DKI2 Kelapa Gading
3/25/2016,201603,72,,23,28,136,15,136,O3,TIDAK SEHAT,DKI2 Kelapa Gading
3/26/2016,201603,61,,20,29,48,16,61,PM10,SEDANG,DKI2 Kelapa Gading
3/27/2016,201603,61,,23,30,52,20,61,PM10,SEDANG,DKI2 Kelapa Gading
3/28/2016,201603,31,,5,22,38,11,38,O3,BAIK,DKI2 Kelapa Gading
3/29/2016,201603,35,,5,21,35,12,35,PM10,BAIK,DKI2 Kelapa Gading
3/30/2016,201603,66,,24,36,39,20,66,PM10,SEDANG,DKI2 Kelapa Gading
3/31/2016,201603,68,,13,28,40,12,68,PM10,SEDANG,DKI2 Kelapa Gading
4/1/2016,201604,69,,14,39,57,16,69,PM10,SEDANG,DKI2 Kelapa Gading
4/2/2016,201604,42,,9,23,64,13,64,O3,SEDANG,DKI2 Kelapa Gading
4/3/2016,201604,52,,27,33,53,15,53,O3,SEDANG,DKI2 Kelapa Gading
4/4/2016,201604,38,,16,19,50,11,50,O3,BAIK,DKI2 Kelapa Gading
4/5/2016,201604,48,,21,26,38,11,48,PM10,BAIK,DKI2 Kelapa Gading
4/6/2016,201604,51.5,,24,23,58,12,58,O3,SEDANG,DKI2 Kelapa Gading
4/7/2016,201604,55,,20,27,47,16,55,PM10,SEDANG,DKI2 Kelapa Gading
4/8/2016,201604,55,,13,21,40,10,55,PM10,SEDANG,DKI2 Kelapa Gading
4/9/2016,201604,46,,7,23,94,22,94,O3,SEDANG,DKI2 Kelapa Gading
4/10/2016,201604,57,,20,25,66,16,66,O3,SEDANG,DKI2 Kelapa Gading
4/11/2016,201604,70,,16,24,77,12,77,O3,SEDANG,DKI2 Kelapa Gading
4/12/2016,201604,63,,15,29,36,15,63,PM10,SEDANG,DKI2 Kelapa Gading
4/12/2016,201612,30,,22,19,35,5,35,O3,BAIK,DKI2 Kelapa Gading
4/13/2016,201604,54,,10,25,47,20,54,PM10,SEDANG,DKI2 Kelapa Gading
4/14/2016,201604,73,,16,39,123,18,123,O3,TIDAK SEHAT,DKI2 Kelapa Gading
4/15/2016,201604,57,,12,33,117,20,117,O3,TIDAK SEHAT,DKI2 Kelapa Gading
4/16/2016,201604,60,,14,22,55,12,60,PM10,SEDANG,DKI2 Kelapa Gading
4/17/2016,201604,45,,7,18,52,9,52,O3,SEDANG,DKI2 Kelapa Gading
4/18/2016,201604,47,,16,31,58,17,58,O3,SEDANG,DKI2 Kelapa Gading
4/19/2016,201604,53,,13,25,50,16,53,PM10,SEDANG,DKI2 Kelapa Gading
4/20/2016,201604,49,,14,19,66,12,66,O3,SEDANG,DKI2 Kelapa Gading
4/21/2016,201604,45,,13,30,91,20,91,O3,SEDANG,DKI2 Kelapa Gading
4/22/2016,201604,53,,12,28,50,17,53,PM10,SEDANG,DKI2 Kelapa Gading
4/23/2016,201604,50,,19,16,46,8,50,PM10,BAIK,DKI2 Kelapa Gading
4/24/2016,201604,63,,17,20,42,11,63,PM10,SEDANG,DKI2 Kelapa Gading
4/25/2016,201604,65,,22,20,47,12,65,PM10,SEDANG,DKI2 Kelapa Gading
4/26/2016,201604,51,,10,24,37,13,51,PM10,SEDANG,DKI2 Kelapa Gading
4/27/2016,201604,62,,18,27,62,15,62,PM10,SEDANG,DKI2 Kelapa Gading
4/28/2016,201604,60,,21,26,61,19,61,O3,SEDANG,DKI2 Kelapa Gading
4/29/2016,201604,44,,10,18,50,10,50,O3,BAIK,DKI2 Kelapa Gading
4/30/2016,201604,63,,17,25,42,15,63,PM10,SEDANG,DKI2 Kelapa Gading
5/1/2016,201605,46,,13,33,48,16,48,O3,BAIK,DKI2 Kelapa Gading
5/2/2016,201605,54,,14,23,53,12,54,PM10,SEDANG,DKI2 Kelapa Gading
5/3/2016,201605,62,,12,21,36,10,62,PM10,SEDANG,DKI2 Kelapa Gading
5/4/2016,201605,56,,11,19,35,8,56,PM10,SEDANG,DKI2 Kelapa Gading
5/5/2016,201605,56,,5,21,27,9,56,PM10,SEDANG,DKI2 Kelapa Gading
5/6/2016,201605,76,,12,46,95,16,95,O3,SEDANG,DKI2 Kelapa Gading
5/7/2016,201605,62,,10,27,93,11,93,O3,SEDANG,DKI2 Kelapa Gading
5/8/2016,201605,74,,16,44,84,22,84,O3,SEDANG,DKI2 Kelapa Gading
5/9/2016,201605,63,,13,30,145,13,145,O3,TIDAK SEHAT,DKI2 Kelapa Gading
5/10/2016,201605,76,,27,31,54,19,76,PM10,SEDANG,DKI2 Kelapa Gading
5/11/2016,201605,71,,13,26,41,10,71,PM10,SEDANG,DKI2 Kelapa Gading
5/12/2016,201605,71,,16,26,87,11,87,O3,SEDANG,DKI2 Kelapa Gading
5/12/2016,201612,16,,22,19,36,6,36,O3,BAIK,DKI2 Kelapa Gading
5/13/2016,201605,63,,19,23,50,13,63,PM10,SEDANG,DKI2 Kelapa Gading
5/14/2016,201605,54,,7,29,62,17,62,O3,SEDANG,DKI2 Kelapa Gading
5/15/2016,201605,62,,17,24,37,8,62,PM10,SEDANG,DKI2 Kelapa Gading
5/16/2016,201605,43,,12,21,61,21,61,O3,SEDANG,DKI2 Kelapa Gading
5/17/2016,201605,78,,14,29,83,21,83,O3,SEDANG,DKI2 Kelapa Gading
5/18/2016,201605,78,,15,34,42,17,78,PM10,SEDANG,DKI2 Kelapa Gading
5/19/2016,201605,69,,12,29,68,12,69,PM10,SEDANG,DKI2 Kelapa Gading
5/20/2016,201605,72,,20,31,81,19,81,O3,SEDANG,DKI2 Kelapa Gading
5/21/2016,201605,54,,11,17,73,12,73,O3,SEDANG,DKI2 Kelapa Gading
5/22/2016,201605,65,,22,30,90,15,90,O3,SEDANG,DKI2 Kelapa Gading
5/23/2016,201605,56,,13,24,92,20,92,O3,SEDANG,DKI2 Kelapa Gading
5/24/2016,201605,63,,12,35,78,20,78,O3,SEDANG,DKI2 Kelapa Gading
5/25/2016,201605,62,,17,25,41,18,62,PM10,SEDANG,DKI2 Kelapa Gading
5/26/2016,201605,91,,38,27,47,17,91,PM10,SEDANG,DKI2 Kelapa Gading
5/27/2016,201605,89,,28,31,61,29,89,PM10,SEDANG,DKI2 Kelapa Gading
5/28/2016,201605,94,,20,39,77,18,94,PM10,SEDANG,DKI2 Kelapa Gading
5/29/2016,201605,57,,26,19,37,13,57,PM10,SEDANG,DKI2 Kelapa Gading
5/30/2016,201605,63,,23,37,52,27,63,PM10,SEDANG,DKI2 Kelapa Gading
5/31/2016,201605,60,,15,26,100,14,100,O3,SEDANG,DKI2 Kelapa Gading
6/1/2016,201606,75,,15,28,119,14,119,O3,TIDAK SEHAT,DKI2 Kelapa Gading
6/2/2016,201606,57,,13,19,42,14,57,PM10,SEDANG,DKI2 Kelapa Gading
6/3/2016,201606,48,,10,22,140,18,140,O3,TIDAK SEHAT,DKI2 Kelapa Gading
6/4/2016,201606,88,,16,36,81,18,88,PM10,SEDANG,DKI2 Kelapa Gading
6/5/2016,201606,74,,13,52,57,19,74,PM10,SEDANG,DKI2 Kelapa Gading
6/6/2016,201606,83,,17,46,99,19,99,O3,SEDANG,DKI2 Kelapa Gading
6/7/2016,201606,77,,30,41,46,20,77,PM10,SEDANG,DKI2 Kelapa Gading
6/8/2016,201606,54,,21,19,46,14,54,PM10,SEDANG,DKI2 Kelapa Gading
6/9/2016,201606,51,,11,26,59,17,59,O3,SEDANG,DKI2 Kelapa Gading
6/10/2016,201606,72,,18,27,45,20,72,PM10,SEDANG,DKI2 Kelapa Gading
6/11/2016,201606,38,,12,33,47,13,47,O3,BAIK,DKI2 Kelapa Gading
6/12/2016,201606,63,,13,35,89,14,89,O3,SEDANG,DKI2 Kelapa Gading
6/12/2016,201612,25,,23,19,33,7,33,O3,BAIK,DKI2 Kelapa Gading
6/13/2016,201606,52,,15,31,62,17,62,O3,SEDANG,DKI2 Kelapa Gading
6/14/2016,201606,73,,13,30,83,15,83,O3,SEDANG,DKI2 Kelapa Gading
6/15/2016,201606,63,,18,28,54,21,63,PM10,SEDANG,DKI2 Kelapa Gading
6/16/2016,201606,44,,22,31,36,15,44,PM10,BAIK,DKI2 Kelapa Gading
6/17/2016,201606,66,,17,20,32,11,66,PM10,SEDANG,DKI2 Kelapa Gading
6/18/2016,201606,40,,9,23,25,12,40,PM10,BAIK,DKI2 Kelapa Gading
6/19/2016,201606,60,,13,53,88,13,88,O3,SEDANG,DKI2 Kelapa Gading
6/20/2016,201606,77,,26,37,79,16,79,O3,SEDANG,DKI2 Kelapa Gading
6/21/2016,201606,85,,25,48,109,22,109,O3,TIDAK SEHAT,DKI2 Kelapa Gading
6/22/2016,201606,67,,21,26,126,20,126,O3,TIDAK SEHAT,DKI2 Kelapa Gading
6/23/2016,201606,71,,23,24,108,16,108,O3,TIDAK SEHAT,DKI2 Kelapa Gading
6/24/2016,201606,71,,30,23,90,15,90,O3,SEDANG,DKI2 Kelapa Gading
6/25/2016,201606,73,,29,36,73,17,73,PM10,SEDANG,DKI2 Kelapa Gading
6/26/2016,201606,73,,13,40,74,18,74,O3,SEDANG,DKI2 Kelapa Gading
6/27/2016,201606,63,,19,28,73,14,73,O3,SEDANG,DKI2 Kelapa Gading
6/28/2016,201606,72,,20,32,69,16,72,PM10,SEDANG,DKI2 Kelapa Gading
6/29/2016,201606,68,,18,38,84,24,84,O3,SEDANG,DKI2 Kelapa Gading
6/30/2016,201606,56,,15,27,59,16,59,O3,SEDANG,DKI2 Kelapa Gading
7/1/2016,201607,52,,14,23,58,21,58,O3,SEDANG,DKI2 Kelapa Gading
7/2/2016,201607,68,,15,32,104,15,104,O3,TIDAK SEHAT,DKI2 Kelapa Gading
7/3/2016,201607,55,,20,23,46,7,55,PM10,SEDANG,DKI2 Kelapa Gading
7/4/2016,201607,36,,26,21,40,11,40,O3,BAIK,DKI2 Kelapa Gading
7/5/2016,201607,49,,17,25,44,10,49,PM10,BAIK,DKI2 Kelapa Gading
7/6/2016,201607,55,,19,37,46,14,55,PM10,SEDANG,DKI2 Kelapa Gading
7/7/2016,201607,47,,23,15,44,5,47,PM10,BAIK,DKI2 Kelapa Gading
7/8/2016,201607,39,,11,17,52,7,52,O3,SEDANG,DKI2 Kelapa Gading
7/9/2016,201607,55,,12,21,53,9,55,PM10,SEDANG,DKI2 Kelapa Gading
7/10/2016,201607,56,,14,20,57,10,57,O3,SEDANG,DKI2 Kelapa Gading
7/11/2016,201607,58,,13,34,36,14,58,PM10,SEDANG,DKI2 Kelapa Gading
7/12/2016,201607,32,,11,19,76,9,76,O3,SEDANG,DKI2 Kelapa Gading
7/12/2016,201612,32,,24,19,56,7,56,O3,SEDANG,DKI2 Kelapa Gading
7/13/2016,201607,67,,36,36,64,15,67,PM10,SEDANG,DKI2 Kelapa Gading
7/14/2016,201607,65,,24,43,41,20,65,PM10,SEDANG,DKI2 Kelapa Gading
7/15/2016,201607,56,,19,20,32,10,56,PM10,SEDANG,DKI2 Kelapa Gading
7/16/2016,201607,51,,20,19,34,9,51,PM10,SEDANG,DKI2 Kelapa Gading
7/17/2016,201607,58,,34,39,45,14,58,PM10,SEDANG,DKI2 Kelapa Gading
7/18/2016,201607,46,,20,33,109,16,109,O3,TIDAK SEHAT,DKI2 Kelapa Gading
7/19/2016,201607,58,,24,26,74,19,74,O3,SEDANG,DKI2 Kelapa Gading
7/20/2016,201607,48,,18,29,76,16,76,O3,SEDANG,DKI2 Kelapa Gading
7/21/2016,201607,58,,19,30,60,22,60,O3,SEDANG,DKI2 Kelapa Gading
7/22/2016,201607,73,,25,25,49,14,73,PM10,SEDANG,DKI2 Kelapa Gading
7/23/2016,201607,58,,16,28,56,15,58,PM10,SEDANG,DKI2 Kelapa Gading
7/24/2016,201607,58,,26,38,77,14,77,O3,SEDANG,DKI2 Kelapa Gading
7/25/2016,201607,32,,14,23,90,11,90,O3,SEDANG,DKI2 Kelapa Gading
7/26/2016,201607,53,,14,31,173,14,173,O3,TIDAK SEHAT,DKI2 Kelapa Gading
7/27/2016,201607,57,,24,24,113,18,113,O3,TIDAK SEHAT,DKI2 Kelapa Gading
7/28/2016,201607,61,,19,20,50,15,61,PM10,SEDANG,DKI2 Kelapa Gading
7/29/2016,201607,66,,27,22,57,13,66,PM10,SEDANG,DKI2 Kelapa Gading
7/30/2016,201607,53,,16,25,94,20,94,O3,SEDANG,DKI2 Kelapa Gading
7/31/2016,201607,58,,22,20,65,11,65,O3,SEDANG,DKI2 Kelapa Gading
8/1/2016,201609,56,,17,30,66,23,66,O3,SEDANG,DKI2 Kelapa Gading
8/1/2016,201608,60,,18,21,70,11,70,O3,SEDANG,DKI2 Kelapa Gading
8/2/2016,201609,67,,17,35,73,19,73,O3,SEDANG,DKI2 Kelapa Gading
8/2/2016,201608,41,,13,22,131,14,131,O3,TIDAK SEHAT,DKI2 Kelapa Gading
8/3/2016,201609,66,,21,32,65,15,66,PM10,SEDANG,DKI2 Kelapa Gading
8/3/2016,201608,54,,15,32,110,21,110,O3,TIDAK SEHAT,DKI2 Kelapa Gading
8/4/2016,201609,67,,42,23,53,18,67,PM10,SEDANG,DKI2 Kelapa Gading
8/4/2016,201608,59,,15,29,133,15,133,O3,TIDAK SEHAT,DKI2 Kelapa Gading
8/5/2016,201609,39,,19,16,48,10,48,O3,BAIK,DKI2 Kelapa Gading
8/5/2016,201608,72,,30,34,65,21,72,PM10,SEDANG,DKI2 Kelapa Gading
8/6/2016,201609,56,,19,27,56,11,56,PM10,SEDANG,DKI2 Kelapa Gading
8/6/2016,201608,53,,14,22,83,11,83,O3,SEDANG,DKI2 Kelapa Gading
8/7/2016,201609,48,,17,22,47,15,48,PM10,BAIK,DKI2 Kelapa Gading
8/7/2016,201608,54,,19,22,119,11,119,O3,TIDAK SEHAT,DKI2 Kelapa Gading
8/8/2016,201609,52,,16,28,91,15,91,O3,SEDANG,DKI2 Kelapa Gading
8/8/2016,201608,36,,14,18,65,11,65,O3,SEDANG,DKI2 Kelapa Gading
8/9/2016,201609,77,,30,34,82,22,82,O3,SEDANG,DKI2 Kelapa Gading
8/9/2016,201608,56,,26,30,41,16,56,PM10,SEDANG,DKI2 Kelapa Gading
8/10/2016,201609,66,,31,30,55,12,66,PM10,SEDANG,DKI2 Kelapa Gading
8/10/2016,201608,50,,19,29,46,16,50,PM10,BAIK,DKI2 Kelapa Gading
8/11/2016,201609,54,,25,22,71,11,71,O3,SEDANG,DKI2 Kelapa Gading
8/11/2016,201608,51,,14,22,52,18,52,O3,SEDANG,DKI2 Kelapa Gading
8/12/2016,201609,49,,17,22,85,14,85,O3,SEDANG,DKI2 Kelapa Gading
8/12/2016,201608,54,,24,23,82,18,82,O3,SEDANG,DKI2 Kelapa Gading
8/13/2016,201609,49,,21,17,67,14,67,O3,SEDANG,DKI2 Kelapa Gading
8/13/2016,201608,57,,16,22,66,16,66,O3,SEDANG,DKI2 Kelapa Gading
8/14/2016,201609,56,,27,20,60,10,60,O3,SEDANG,DKI2 Kelapa Gading
8/14/2016,201608,42,,15,26,57,15,57,O3,SEDANG,DKI2 Kelapa Gading
8/15/2016,201609,46,,19,21,146,13,146,O3,TIDAK SEHAT,DKI2 Kelapa Gading
8/15/2016,201608,33,,15,23,93,19,93,O3,SEDANG,DKI2 Kelapa Gading
8/16/2016,201609,86,,40,34,67,23,86,PM10,SEDANG,DKI2 Kelapa Gading
8/16/2016,201608,56,,19,19,69,12,69,O3,SEDANG,DKI2 Kelapa Gading
8/17/2016,201609,50,,17,23,69,17,69,O3,SEDANG,DKI2 Kelapa Gading
8/17/2016,201608,63,,33,30,36,12,63,PM10,SEDANG,DKI2 Kelapa Gading
8/18/2016,201609,46,,17,24,96,13,96,O3,SEDANG,DKI2 Kelapa Gading
8/18/2016,201608,37,,21,21,45,12,45,O3,BAIK,DKI2 Kelapa Gading
8/19/2016,201609,62,,33,27,52,13,62,PM10,SEDANG,DKI2 Kelapa Gading
8/19/2016,201608,58,,12,27,52,15,58,PM10,SEDANG,DKI2 Kelapa Gading
8/20/2016,201609,59,,18,36,87,18,87,O3,SEDANG,DKI2 Kelapa Gading
8/20/2016,201608,55,,24,21,60,16,60,O3,SEDANG,DKI2 Kelapa Gading
8/21/2016,201609,22,,16,23,67,10,67,O3,SEDANG,DKI2 Kelapa Gading
8/21/2016,201608,57,,18,21,64,12,64,O3,SEDANG,DKI2 Kelapa Gading
8/22/2016,201609,35,,17,27,56,18,56,O3,SEDANG,DKI2 Kelapa Gading
8/22/2016,201608,51,,26,17,58,11,58,O3,SEDANG,DKI2 Kelapa Gading
8/23/2016,201609,36,,19,21,55,17,55,O3,SEDANG,DKI2 Kelapa Gading
8/23/2016,201608,48,,15,22,176,13,176,O3,TIDAK SEHAT,DKI2 Kelapa Gading
8/24/2016,201609,52,,23,31,48,12,52,PM10,SEDANG,DKI2 Kelapa Gading
8/24/2016,201608,36,,14,19,101,9,101,O3,TIDAK SEHAT,DKI2 Kelapa Gading
8/25/2016,201609,55,,30,31,71,12,71,O3,SEDANG,DKI2 Kelapa Gading
8/25/2016,201608,70,,34,26,133,21,133,O3,TIDAK SEHAT,DKI2 Kelapa Gading
8/26/2016,201609,42,,21,22,69,9,69,O3,SEDANG,DKI2 Kelapa Gading
8/26/2016,201608,66,,30,30,68,17,68,O3,SEDANG,DKI2 Kelapa Gading
8/27/2016,201609,59,,24,28,95,18,95,O3,SEDANG,DKI2 Kelapa Gading
8/27/2016,201608,70,,29,25,65,12,70,PM10,SEDANG,DKI2 Kelapa Gading
8/28/2016,201609,55,,24,26,55,19,55,PM10,SEDANG,DKI2 Kelapa Gading
8/28/2016,201608,56,,25,28,43,11,56,PM10,SEDANG,DKI2 Kelapa Gading
8/29/2016,201609,42,,24,19,70,13,70,O3,SEDANG,DKI2 Kelapa Gading
8/29/2016,201608,61,,29,24,56,12,61,PM10,SEDANG,DKI2 Kelapa Gading
8/30/2016,201609,54,,27,23,38,14,54,PM10,SEDANG,DKI2 Kelapa Gading
8/30/2016,201608,65,,14,30,65,21,65,PM10,SEDANG,DKI2 Kelapa Gading
8/31/2016,201608,73,,14,52,42,26,73,PM10,SEDANG,DKI2 Kelapa Gading
9/12/2016,201612,31,,15,21,54,10,54,O3,SEDANG,DKI2 Kelapa Gading
10/1/2016,201610,51,,20,28,62,16,62,O3,SEDANG,DKI2 Kelapa Gading
10/2/2016,201610,25,,17,21,41,7,41,O3,BAIK,DKI2 Kelapa Gading
10/3/2016,201610,34,,19,20,107,11,107,O3,TIDAK SEHAT,DKI2 Kelapa Gading
10/4/2016,201610,62,,30,27,86,21,86,O3,SEDANG,DKI2 Kelapa Gading
10/5/2016,201610,59,,24,45,203,22,203,O3,SANGAT TIDAK SEHAT,DKI2 Kelapa Gading
10/6/2016,201610,51,,21,27,157,20,157,O3,TIDAK SEHAT,DKI2 Kelapa Gading
10/7/2016,201610,60,,23,29,136,15,136,O3,TIDAK SEHAT,DKI2 Kelapa Gading
10/9/2016,201610,52,,22,31,100,13,100,O3,SEDANG,DKI2 Kelapa Gading
10/10/2016,201610,47,,18,26,82,18,82,O3,SEDANG,DKI2 Kelapa Gading
10/10/2016,201610,62,,34,32,100,22,100,O3,SEDANG,DKI2 Kelapa Gading
10/11/2016,201610,62,,30,34,66,24,66,O3,SEDANG,DKI2 Kelapa Gading
10/12/2016,201610,61,,29,38,42,16,61,PM10,SEDANG,DKI2 Kelapa Gading
10/12/2016,201612,29,,15,17,36,14,36,O3,BAIK,DKI2 Kelapa Gading
10/13/2016,201610,61,,26,35,28,12,61,PM10,SEDANG,DKI2 Kelapa Gading
10/14/2016,201610,44,,27.33333333,32,35.66666667,12,44,PM10,BAIK,DKI2 Kelapa Gading
10/15/2016,201610,50,,28.66666667,29,43.33333333,12,50,PM10,BAIK,DKI2 Kelapa Gading
10/16/2016,201610,50,,30,26,51,12,51,O3,SEDANG,DKI2 Kelapa Gading
10/17/2016,201610,61,,38,23,94,11.5,94,O3,SEDANG,DKI2 Kelapa Gading
10/18/2016,201610,57,,22,20,84,11,84,O3,SEDANG,DKI2 Kelapa Gading
10/19/2016,201610,58,,27,18,62,11,62,O3,SEDANG,DKI2 Kelapa Gading
10/20/2016,201610,59,,21,24,82,25,82,O3,SEDANG,DKI2 Kelapa Gading
10/21/2016,201610,65,,25,28,105,17,105,O3,TIDAK SEHAT,DKI2 Kelapa Gading
10/22/2016,201610,79,,24,50,63,26,79,PM10,SEDANG,DKI2 Kelapa Gading
10/23/2016,201610,29,,23,17,46,8,46,O3,BAIK,DKI2 Kelapa Gading
10/24/2016,201610,55,,31,37,102,15,102,O3,TIDAK SEHAT,DKI2 Kelapa Gading
10/25/2016,201610,64,,51,34,60,23,64,PM10,SEDANG,DKI2 Kelapa Gading
10/26/2016,201610,44,,22,18,50,10,50,O3,BAIK,DKI2 Kelapa Gading
10/27/2016,201610,53,,28,17,61,14,61,O3,SEDANG,DKI2 Kelapa Gading
10/28/2016,201610,53,,22,29,120,13,120,O3,TIDAK SEHAT,DKI2 Kelapa Gading
10/29/2016,201610,53,,35,36,85,20,85,O3,SEDANG,DKI2 Kelapa Gading
10/30/2016,201610,52,,34,34,101,10,101,O3,TIDAK SEHAT,DKI2 Kelapa Gading
10/31/2016,201610,39,,22,22,119,17,119,O3,TIDAK SEHAT,DKI2 Kelapa Gading
11/1/2016,201611,34,,20,26,53,16,53,O3,SEDANG,DKI2 Kelapa Gading
11/2/2016,201611,35,,19,25,49,10,49,O3,BAIK,DKI2 Kelapa Gading
11/3/2016,201611,37,,21,21,73,12,73,O3,SEDANG,DKI2 Kelapa Gading
11/4/2016,201611,61,,29,27,126,16,126,O3,TIDAK SEHAT,DKI2 Kelapa Gading
11/5/2016,201611,69,,25,28,150,18,150,O3,TIDAK SEHAT,DKI2 Kelapa Gading
11/6/2016,201611,103,,33,40,137,21,137,O3,TIDAK SEHAT,DKI2 Kelapa Gading
11/7/2016,201611,78,,49,30,128,22,128,O3,TIDAK SEHAT,DKI2 Kelapa Gading
11/10/2016,201611,56,,28,22,116,17,116,O3,TIDAK SEHAT,DKI2 Kelapa Gading
11/11/2016,201611,65,,23,25,75,25,75,O3,SEDANG,DKI2 Kelapa Gading
11/11/2016,201611,58,,25,22,143,14,143,O3,TIDAK SEHAT,DKI2 Kelapa Gading
11/11/2016,201611,70,,34,28,123,25,123,O3,TIDAK SEHAT,DKI2 Kelapa Gading
11/12/2016,201611,59,,43,29,93,16,93,O3,SEDANG,DKI2 Kelapa Gading
11/12/2016,201612,26,,14,9,39,8,39,O3,BAIK,DKI2 Kelapa Gading
11/13/2016,201611,35,,21,30,65,20,65,O3,SEDANG,DKI2 Kelapa Gading
11/14/2016,201611,51,,30,29,105,14,105,O3,TIDAK SEHAT,DKI2 Kelapa Gading
11/15/2016,201611,40,,21,28,77,11,77,O3,SEDANG,DKI2 Kelapa Gading
11/16/2016,201611,46,,24,28,116,19,116,O3,TIDAK SEHAT,DKI2 Kelapa Gading
11/17/2016,201611,61,,30,24,70,18,70,O3,SEDANG,DKI2 Kelapa Gading
11/18/2016,201611,62,,39,33,72,15,72,O3,SEDANG,DKI2 Kelapa Gading
11/19/2016,201611,54,,24,35,80,18,80,O3,SEDANG,DKI2 Kelapa Gading
11/20/2016,201611,53,,25,37,58,14,58,O3,SEDANG,DKI2 Kelapa Gading
11/21/2016,201611,50,,29,25,65,15,65,O3,SEDANG,DKI2 Kelapa Gading
11/22/2016,201611,66,,29,31,119,29,119,O3,TIDAK SEHAT,DKI2 Kelapa Gading
11/23/2016,201611,63,,26,32,148,21,148,O3,TIDAK SEHAT,DKI2 Kelapa Gading
11/24/2016,201611,65,,29,33,82,17,82,O3,SEDANG,DKI2 Kelapa Gading
11/25/2016,201611,28,,22,20,41,7,41,O3,BAIK,DKI2 Kelapa Gading
11/26/2016,201611,61,,26,27,73,11,73,O3,SEDANG,DKI2 Kelapa Gading
11/27/2016,201611,84,,42,42,60,18,84,PM10,SEDANG,DKI2 Kelapa Gading
11/28/2016,201611,70,,37,33,58,18,70,PM10,SEDANG,DKI2 Kelapa Gading
11/29/2016,201611,28,,30,19,62,12,62,O3,SEDANG,DKI2 Kelapa Gading
11/30/2016,201611,50,,27,22,50,20,50,PM10,BAIK,DKI2 Kelapa Gading
12/12/2016,201612,50,,17,15,54,9,50,PM10,BAIK,DKI2 Kelapa Gading
12/12/2016,201612,28,,17,15,54,9,54,O3,SEDANG,DKI2 Kelapa Gading
1/1/2017,201701,52,,21,11,61,11,61,O3,SEDANG,DKI2 Kelapa Gading
1/2/2017,201701,27,,18,5,40,15,40,O3,BAIK,DKI2 Kelapa Gading
1/3/2017,201701,32,,18,7,55,10,55,O3,SEDANG,DKI2 Kelapa Gading
1/4/2017,201701,23,,19,6.5,61,15,61,O3,SEDANG,DKI2 Kelapa Gading
1/5/2017,201701,28,,16,6,57,12,57,O3,SEDANG,DKI2 Kelapa Gading
1/6/2017,201701,29,,17,11,62,13,62,O3,SEDANG,DKI2 Kelapa Gading
1/7/2017,201701,31,,18,11,55,20,55,O3,SEDANG,DKI2 Kelapa Gading
1/8/2017,201701,28,,19,7,52,14,52,O3,SEDANG,DKI2 Kelapa Gading
1/9/2017,201701,25,,18,6,48,11,48,O3,BAIK,DKI2 Kelapa Gading
1/10/2017,201701,42,,23,11,83,16,83,O3,SEDANG,DKI2 Kelapa Gading
1/11/2017,201701,33,,18,11,65,20,65,O3,SEDANG,DKI2 Kelapa Gading
1/12/2017,201701,29,,18,12,65,19,65,O3,SEDANG,DKI2 Kelapa Gading
1/13/2017,201701,25,,17,8,29,5,29,O3,BAIK,DKI2 Kelapa Gading
1/14/2017,201701,21,,16,8,29,6,29,O3,BAIK,DKI2 Kelapa Gading
1/15/2017,201701,13,,17,8,42,7,42,O3,BAIK,DKI2 Kelapa Gading
1/16/2017,201701,17,,17,7,34,6,34,O3,BAIK,DKI2 Kelapa Gading
1/17/2017,201701,18,,18,30,48,14,48,O3,BAIK,DKI2 Kelapa Gading
1/20/2017,201701,22,,18,5,30,6,30,O3,BAIK,DKI2 Kelapa Gading
1/21/2017,201701,40,,23,9,39,10,40,PM10,BAIK,DKI2 Kelapa Gading
1/22/2017,201701,37,,18,7,32,11,37,PM10,BAIK,DKI2 Kelapa Gading
1/23/2017,201701,31,,20,7,51,12,51,O3,SEDANG,DKI2 Kelapa Gading
1/24/2017,201701,32,,22,7,34,15,34,O3,BAIK,DKI2 Kelapa Gading
1/25/2017,201701,26,,20,7,34,15,34,O3,BAIK,DKI2 Kelapa Gading
1/26/2017,201701,25,,21,8.5,47,13,47,O3,BAIK,DKI2 Kelapa Gading
1/27/2017,201701,34,,22,10,49,14,49,O3,BAIK,DKI2 Kelapa Gading
1/28/2017,201701,26,,22,9,49,10,49,O3,BAIK,DKI2 Kelapa Gading
1/29/2017,201701,31,,20,5,48,10,48,O3,BAIK,DKI2 Kelapa Gading
1/30/2017,201701,22,,21,11,38,9,38,O3,BAIK,DKI2 Kelapa Gading
1/31/2017,201701,32,,21,11,32,18,32,PM10,BAIK,DKI2 Kelapa Gading
2/1/2017,201702,27,,21,13,36,12,36,O3,BAIK,DKI2 Kelapa Gading
2/2/2017,201702,37,,22,18,36,16,37,PM10,BAIK,DKI2 Kelapa Gading
2/3/2017,201702,37,,21,19,45,13,45,O3,BAIK,DKI2 Kelapa Gading
2/4/2017,201702,20,,20,9,38,7,38,O3,BAIK,DKI2 Kelapa Gading
2/5/2017,201702,21,,18,5,37,5,37,O3,BAIK,DKI2 Kelapa Gading
2/6/2017,201702,22,,18,6,34,7,34,O3,BAIK,DKI2 Kelapa Gading
2/7/2017,201702,25,,19,6,33,8,33,O3,BAIK,DKI2 Kelapa Gading
2/8/2017,201702,25,,19,8.5,28,12,28,O3,BAIK,DKI2 Kelapa Gading
2/9/2017,201702,35,,18,11,41,14,41,O3,BAIK,DKI2 Kelapa Gading
2/10/2017,201702,28,,17,11,44,12,44,O3,BAIK,DKI2 Kelapa Gading
2/11/2017,201702,30,,18,14,43,11,43,O3,BAIK,DKI2 Kelapa Gading
2/12/2017,201702,25,,16,5,44,12,44,O3,BAIK,DKI2 Kelapa Gading
2/13/2017,201702,33,,18,11,53,12,53,O3,SEDANG,DKI2 Kelapa Gading
2/14/2017,201702,37,,18,17,47,14,47,O3,BAIK,DKI2 Kelapa Gading
2/15/2017,201702,21,,18,10,46,12,46,O3,BAIK,DKI2 Kelapa Gading
2/16/2017,201702,22,,18,11,46,11,46,O3,BAIK,DKI2 Kelapa Gading
2/17/2017,201702,29,,21,18,50,15,50,O3,BAIK,DKI2 Kelapa Gading
2/18/2017,201702,51,,20,14,36,13,51,PM10,SEDANG,DKI2 Kelapa Gading
2/19/2017,201702,54,,19,25,36,11,54,PM10,SEDANG,DKI2 Kelapa Gading
2/20/2017,201702,35,,17,16,31,11,35,PM10,BAIK,DKI2 Kelapa Gading
2/21/2017,201702,57,,25,31,65,17,65,O3,SEDANG,DKI2 Kelapa Gading
2/22/2017,201702,47,,27,13,130,21,130,O3,TIDAK SEHAT,DKI2 Kelapa Gading
2/23/2017,201702,53,,26,22,96,16,96,O3,SEDANG,DKI2 Kelapa Gading
2/24/2017,201702,74,,40,22,70,21,74,PM10,SEDANG,DKI2 Kelapa Gading
2/25/2017,201702,39,,19,15,90,26,90,O3,SEDANG,DKI2 Kelapa Gading
2/26/2017,201702,59,,27,15,67,13,67,O3,SEDANG,DKI2 Kelapa Gading
2/27/2017,201702,29,,21,12,50,13,50,O3,BAIK,DKI2 Kelapa Gading
2/28/2017,201702,46,,21,22,48,15,48,O3,BAIK,DKI2 Kelapa Gading
3/1/2017,201703,52,,18,17,67,18,67,O3,SEDANG,DKI2 Kelapa Gading
3/2/2017,201703,55,,20,22,65.6,18,55,PM10,SEDANG,DKI2 Kelapa Gading
3/3/2017,201703,47,,17,20,64.2,19,47,PM10,BAIK,DKI2 Kelapa Gading
3/4/2017,201703,30,,17,13,62.8,9,30,PM10,BAIK,DKI2 Kelapa Gading
3/5/2017,201703,47,,18,19,61.4,16,47,PM10,BAIK,DKI2 Kelapa Gading
3/6/2017,201703,30,,15,10,60,12,60,O3,SEDANG,DKI2 Kelapa Gading
3/7/2017,201703,31,,18,9,55,12,55,O3,SEDANG,DKI2 Kelapa Gading
3/8/2017,201703,30,,18,16,67,26,67,O3,SEDANG,DKI2 Kelapa Gading
3/9/2017,201703,51,,24,12,119,16,119,O3,TIDAK SEHAT,DKI2 Kelapa Gading
3/10/2017,201703,77,,52,20,41,17,77,PM10,SEDANG,DKI2 Kelapa Gading
3/11/2017,201703,66,,32,15,60,17,66,PM10,SEDANG,DKI2 Kelapa Gading
3/12/2017,201703,53,,19,19,54,17,54,O3,SEDANG,DKI2 Kelapa Gading
3/13/2017,201703,51,,18,15,81,24,81,O3,SEDANG,DKI2 Kelapa Gading
3/14/2017,201703,66,,25,13,74,25,74,O3,SEDANG,DKI2 Kelapa Gading
3/15/2017,201703,41,,17,11,30,17,41,PM10,BAIK,DKI2 Kelapa Gading
3/16/2017,201703,45,,20,10,136,12,136,O3,TIDAK SEHAT,DKI2 Kelapa Gading
3/17/2017,201703,80,,38,23,83,24,83,O3,SEDANG,DKI2 Kelapa Gading
3/18/2017,201703,50,,20,20,64,23,64,O3,SEDANG,DKI2 Kelapa Gading
3/19/2017,201703,47,,23,16,84,20,84,O3,SEDANG,DKI2 Kelapa Gading
3/20/2017,201703,32,,15,11,48,7,48,O3,BAIK,DKI2 Kelapa Gading
3/21/2017,201703,41,,17,17,22,12,41,PM10,BAIK,DKI2 Kelapa Gading
3/22/2017,201703,41,,21,13,37,14,41,PM10,BAIK,DKI2 Kelapa Gading
3/23/2017,201703,48,,28,16,29,19,48,PM10,BAIK,DKI2 Kelapa Gading
3/24/2017,201703,74,,19,54,123,19,123,O3,TIDAK SEHAT,DKI2 Kelapa Gading
3/25/2017,201703,52,,18,16,56,13,56,O3,SEDANG,DKI2 Kelapa Gading
3/26/2017,201703,46,,14,17,46,10,46,PM10,BAIK,DKI2 Kelapa Gading
3/27/2017,201703,49,,25,13,37,20,49,PM10,BAIK,DKI2 Kelapa Gading
3/28/2017,201703,68,,23,18,85,16,85,O3,SEDANG,DKI2 Kelapa Gading
3/29/2017,201703,54,,23,21,77,11,77,O3,SEDANG,DKI2 Kelapa Gading
3/30/2017,201703,38,,16,12,47,17,47,O3,BAIK,DKI2 Kelapa Gading
3/31/2017,201703,24,,16,8,26,8,26,O3,BAIK,DKI2 Kelapa Gading
4/1/2017,201704,39,,17,12,110,10,110,O3,TIDAK SEHAT,DKI2 Kelapa Gading
4/2/2017,201704,51,,19,20,96,15,96,O3,SEDANG,DKI2 Kelapa Gading
4/3/2017,201704,33,,16,14,59,24,59,O3,SEDANG,DKI2 Kelapa Gading
4/4/2017,201704,40,,17,24,150,19,150,O3,TIDAK SEHAT,DKI2 Kelapa Gading
4/5/2017,201704,36,,15,18,51,15,51,O3,SEDANG,DKI2 Kelapa Gading
4/6/2017,201704,23,,15,7,25,6,25,O3,BAIK,DKI2 Kelapa Gading
4/7/2017,201704,27,,17,8,45,14,45,O3,BAIK,DKI2 Kelapa Gading
4/8/2017,201704,23,,15,6,24,6,24,O3,BAIK,DKI2 Kelapa Gading
4/9/2017,201704,22,,15,4,29,13,29,O3,BAIK,DKI2 Kelapa Gading
4/10/2017,201704,65,,23,18,113,21,113,O3,TIDAK SEHAT,DKI2 Kelapa Gading
4/11/2017,201704,66,,29,14,132,29,132,O3,TIDAK SEHAT,DKI2 Kelapa Gading
4/12/2017,201704,52,,29,12,89,17,89,O3,SEDANG,DKI2 Kelapa Gading
4/13/2017,201704,48,,24,10,65,14,65,O3,SEDANG,DKI2 Kelapa Gading
4/14/2017,201704,50,,19,9,44,16,50,PM10,BAIK,DKI2 Kelapa Gading
4/15/2017,201704,59,,37,16,40,10,59,PM10,SEDANG,DKI2 Kelapa Gading
4/16/2017,201704,58,,26,21,77,26,77,O3,SEDANG,DKI2 Kelapa Gading
4/17/2017,201704,76,,54,24,68,15,76,PM10,SEDANG,DKI2 Kelapa Gading
4/18/2017,201704,69,,26,13,113,17,113,O3,TIDAK SEHAT,DKI2 Kelapa Gading
4/19/2017,201704,73,,38,19,124,15,124,O3,TIDAK SEHAT,DKI2 Kelapa Gading
4/20/2017,201704,59,,45,21,140,20,140,O3,TIDAK SEHAT,DKI2 Kelapa Gading
4/21/2017,201704,58,,17,16,102,14,102,O3,TIDAK SEHAT,DKI2 Kelapa Gading
4/22/2017,201704,63,,17,17,50,20,63,PM10,SEDANG,DKI2 Kelapa Gading
4/23/2017,201704,46,,20,16,55,15,55,O3,SEDANG,DKI2 Kelapa Gading
4/24/2017,201704,63,,28,17,53,19,63,PM10,SEDANG,DKI2 Kelapa Gading
4/25/2017,201704,67,,38,27,32,16,67,PM10,SEDANG,DKI2 Kelapa Gading
4/26/2017,201704,41,,20,7,37,10,41,PM10,BAIK,DKI2 Kelapa Gading
4/27/2017,201704,54,,19,24,64,25,64,O3,SEDANG,DKI2 Kelapa Gading
4/28/2017,201704,52,,26,16,88,24,88,O3,SEDANG,DKI2 Kelapa Gading
4/29/2017,201704,51,,30,14,48,14,51,PM10,SEDANG,DKI2 Kelapa Gading
4/30/2017,201704,56,,23,17,139,14,139,O3,TIDAK SEHAT,DKI2 Kelapa Gading
5/1/2017,201705,63,,33,16,74,17,74,O3,SEDANG,DKI2 Kelapa Gading
5/2/2017,201705,53,,27,19,76,31,76,O3,SEDANG,DKI2 Kelapa Gading
5/3/2017,201705,62,,30,29,67,18,67,O3,SEDANG,DKI2 Kelapa Gading
5/4/2017,201705,51,,21,17,67,23,67,O3,SEDANG,DKI2 Kelapa Gading
5/5/2017,201705,49,,23,15,58,16,58,O3,SEDANG,DKI2 Kelapa Gading
5/6/2017,201705,56,,48,15,44,20,56,PM10,SEDANG,DKI2 Kelapa Gading
5/7/2017,201705,49,,21,21,56,14,56,O3,SEDANG,DKI2 Kelapa Gading
5/8/2017,201705,53,,20,20,47,13,53,PM10,SEDANG,DKI2 Kelapa Gading
5/9/2017,201705,68,,37,19,44,17,68,PM10,SEDANG,DKI2 Kelapa Gading
5/10/2017,201705,67,,25,15,42,15,67,PM10,SEDANG,DKI2 Kelapa Gading
5/11/2017,201705,68,,22,24,125,17,125,O3,TIDAK SEHAT,DKI2 Kelapa Gading
5/12/2017,201705,75,,29,11,115,18,115,O3,TIDAK SEHAT,DKI2 Kelapa Gading
5/13/2017,201705,59,,24,13,70,12,70,O3,SEDANG,DKI2 Kelapa Gading
5/14/2017,201705,53,,20,8,73,22,73,O3,SEDANG,DKI2 Kelapa Gading
5/15/2017,201705,75,,43,10,61,16,75,PM10,SEDANG,DKI2 Kelapa Gading
5/16/2017,201705,73,,26,10,67,15,73,PM10,SEDANG,DKI2 Kelapa Gading
5/17/2017,201705,69,,22,9,80,15,80,O3,SEDANG,DKI2 Kelapa Gading
5/18/2017,201705,66,,19,8,73,12,73,O3,SEDANG,DKI2 Kelapa Gading
5/19/2017,201705,67,,19,15,89,14,89,O3,SEDANG,DKI2 Kelapa Gading
5/20/2017,201705,76,,34,10,65,16,76,PM10,SEDANG,DKI2 Kelapa Gading
5/21/2017,201705,58,,23,12,60,13,60,O3,SEDANG,DKI2 Kelapa Gading
5/22/2017,201705,59,,22,7,69,12,69,O3,SEDANG,DKI2 Kelapa Gading
5/23/2017,201705,64,,25,13,92,16,92,O3,SEDANG,DKI2 Kelapa Gading
5/24/2017,201705,73,,33,13,85,15,85,O3,SEDANG,DKI2 Kelapa Gading
5/25/2017,201705,74,,28,10,69,15,74,PM10,SEDANG,DKI2 Kelapa Gading
5/26/2017,201705,72,,35,15,151,12,151,O3,TIDAK SEHAT,DKI2 Kelapa Gading
5/27/2017,201705,78,,31,11,105,16,105,O3,TIDAK SEHAT,DKI2 Kelapa Gading
5/28/2017,201705,59,,27,6,51,11,59,PM10,SEDANG,DKI2 Kelapa Gading
5/29/2017,201705,53,,37,8,30,7,53,PM10,SEDANG,DKI2 Kelapa Gading
5/30/2017,201705,56,,27,18,39,15,56,PM10,SEDANG,DKI2 Kelapa Gading
5/31/2017,201705,51,,26,12,31,12,51,PM10,SEDANG,DKI2 Kelapa Gading
6/1/2017,201706,24,,20,11,25,11,25,O3,BAIK,DKI2 Kelapa Gading
6/2/2017,201706,61,,32,15,42,15,61,PM10,SEDANG,DKI2 Kelapa Gading
6/3/2017,201706,61,,25,9,53,10,61,PM10,SEDANG,DKI2 Kelapa Gading
6/4/2017,201706,61,,31,25,72,17,72,O3,SEDANG,DKI2 Kelapa Gading
6/5/2017,201706,74,,50,15,61,17,74,PM10,SEDANG,DKI2 Kelapa Gading
6/6/2017,201706,50,,37.5,11,51.5,15.5,50,PM10,BAIK,DKI2 Kelapa Gading
6/7/2017,201706,54,,25,7,42,14,54,PM10,SEDANG,DKI2 Kelapa Gading
6/8/2017,201706,62,,27,7,34,12,62,PM10,SEDANG,DKI2 Kelapa Gading
6/9/2017,201706,64,,32,9,39,12,64,PM10,SEDANG,DKI2 Kelapa Gading
6/10/2017,201706,66,,33,8,55,13,66,PM10,SEDANG,DKI2 Kelapa Gading
6/11/2017,201706,63,,34,14,78,16,78,O3,SEDANG,DKI2 Kelapa Gading
6/12/2017,201706,56,,28,9,53,14,56,PM10,SEDANG,DKI2 Kelapa Gading
6/13/2017,201706,69,,38,15,54,13,69,PM10,SEDANG,DKI2 Kelapa Gading
6/14/2017,201706,53,,26,16,87,19,87,O3,SEDANG,DKI2 Kelapa Gading
6/15/2017,201706,67,,26,11,54,14,67,PM10,SEDANG,DKI2 Kelapa Gading
6/16/2017,201706,57,,25,7,44,9,57,PM10,SEDANG,DKI2 Kelapa Gading
6/17/2017,201706,59,,26,6,48,13,59,PM10,SEDANG,DKI2 Kelapa Gading
6/18/2017,201706,50,,23,12,93,12,93,O3,SEDANG,DKI2 Kelapa Gading
6/19/2017,201706,55,,33,10,120,12,120,O3,TIDAK SEHAT,DKI2 Kelapa Gading
6/20/2017,201706,54,,29,6,140,11,140,O3,TIDAK SEHAT,DKI2 Kelapa Gading
6/21/2017,201706,67,,35,12,51,15,67,PM10,SEDANG,DKI2 Kelapa Gading
6/22/2017,201706,68,,27,15,49,14,68,PM10,SEDANG,DKI2 Kelapa Gading
6/23/2017,201706,76,,34,17,38,12,76,PM10,SEDANG,DKI2 Kelapa Gading
6/24/2017,201706,56,,30,6,36,7,56,PM10,SEDANG,DKI2 Kelapa Gading
6/25/2017,201706,46,,30,17,34,10,46,PM10,BAIK,DKI2 Kelapa Gading
6/26/2017,201706,21,,23,11,34,4,34,O3,BAIK,DKI2 Kelapa Gading
6/27/2017,201706,18,,28,5,34,4,34,O3,BAIK,DKI2 Kelapa Gading
6/28/2017,201706,44,,28,21,36,10,44,PM10,BAIK,DKI2 Kelapa Gading
6/29/2017,201706,29,,30,10,46,8,46,O3,BAIK,DKI2 Kelapa Gading
6/30/2017,201706,24,,24,8,63,6,63,O3,SEDANG,DKI2 Kelapa Gading
7/1/2017,201707,38,,27,11,47,9,47,O3,BAIK,DKI2 Kelapa Gading
7/2/2017,201707,50,,25,5,46,10,50,PM10,BAIK,DKI2 Kelapa Gading
7/3/2017,201707,45,,26,5,54,10,54,O3,SEDANG,DKI2 Kelapa Gading
7/4/2017,201707,58,,28,6,45,11,58,PM10,SEDANG,DKI2 Kelapa Gading
7/5/2017,201707,64,,25,8,82,11,82,O3,SEDANG,DKI2 Kelapa Gading
7/6/2017,201707,57,,30,8,87,18,87,O3,SEDANG,DKI2 Kelapa Gading
7/7/2017,201707,76,,30,13,143,14,143,O3,TIDAK SEHAT,DKI2 Kelapa Gading
7/8/2017,201707,83,,29,25,108,22,108,O3,TIDAK SEHAT,DKI2 Kelapa Gading
7/9/2017,201707,55,,27,6,63,9,63,O3,SEDANG,DKI2 Kelapa Gading
7/10/2017,201707,35,,26,12,73,11,73,O3,SEDANG,DKI2 Kelapa Gading
7/11/2017,201707,50,,30,15,69,17,69,O3,SEDANG,DKI2 Kelapa Gading
7/12/2017,201707,50,,28,10,92,16,92,O3,SEDANG,DKI2 Kelapa Gading
7/13/2017,201707,55,,29,12,94,12,94,O3,SEDANG,DKI2 Kelapa Gading
7/14/2017,201707,68,,30,14,79,15,79,O3,SEDANG,DKI2 Kelapa Gading
7/15/2017,201707,73,,30,18,47,16,73,PM10,SEDANG,DKI2 Kelapa Gading
7/16/2017,201707,67,,31,16,90,16,90,O3,SEDANG,DKI2 Kelapa Gading
7/17/2017,201707,58,,35,11,120,14,120,O3,TIDAK SEHAT,DKI2 Kelapa Gading
7/18/2017,201707,76,,33,20,80,21,80,O3,SEDANG,DKI2 Kelapa Gading
7/19/2017,201707,87,,37,16,95,19,95,O3,SEDANG,DKI2 Kelapa Gading
7/20/2017,201707,67,,39,12,62,12,67,PM10,SEDANG,DKI2 Kelapa Gading
7/21/2017,201707,58,,32,11,145,21,145,O3,TIDAK SEHAT,DKI2 Kelapa Gading
7/22/2017,201707,67,,36,11,94,16,94,O3,SEDANG,DKI2 Kelapa Gading
7/23/2017,201707,57,,31,11,51,13,57,PM10,SEDANG,DKI2 Kelapa Gading
7/24/2017,201707,68,,38,21,70,19,70,O3,SEDANG,DKI2 Kelapa Gading
7/25/2017,201707,58,,32,9,65,11,65,O3,SEDANG,DKI2 Kelapa Gading
7/26/2017,201707,68,,44,10,61,11,68,PM10,SEDANG,DKI2 Kelapa Gading
7/27/2017,201707,65,,34,9,112,15,112,O3,TIDAK SEHAT,DKI2 Kelapa Gading
7/28/2017,201707,58,,32,7,84,15,84,O3,SEDANG,DKI2 Kelapa Gading
7/29/2017,201707,44,,30,13.5,45,12,45,O3,BAIK,DKI2 Kelapa Gading
7/30/2017,201707,61,,37,20,66,17,66,O3,SEDANG,DKI2 Kelapa Gading
7/31/2017,201707,51,,30,14.5,123,12,123,O3,TIDAK SEHAT,DKI2 Kelapa Gading
8/1/2017,201708,57,,33,9,76,16,76,O3,SEDANG,DKI2 Kelapa Gading
8/2/2017,201708,58,,37,10,60,15,60,O3,SEDANG,DKI2 Kelapa Gading
8/3/2017,201708,47,,32,8,86,11,86,O3,SEDANG,DKI2 Kelapa Gading
8/4/2017,201708,54,,35,9,66,14,66,O3,SEDANG,DKI2 Kelapa Gading
8/5/2017,201708,62,,39,12,88,15,88,O3,SEDANG,DKI2 Kelapa Gading
8/6/2017,201708,67,,39,10,84,13,84,O3,SEDANG,DKI2 Kelapa Gading
8/7/2017,201708,71,,34,9,60,15,71,PM10,SEDANG,DKI2 Kelapa Gading
8/8/2017,201708,74,,40,8,74,14,74,PM10,SEDANG,DKI2 Kelapa Gading
8/9/2017,201708,68,,34,19,153,17,153,O3,TIDAK SEHAT,DKI2 Kelapa Gading
8/10/2017,201708,58,,34,10,96,18,96,O3,SEDANG,DKI2 Kelapa Gading
8/11/2017,201708,61,,33,12,86,14,86,O3,SEDANG,DKI2 Kelapa Gading
8/12/2017,201708,58,,34,6,87,13,87,O3,SEDANG,DKI2 Kelapa Gading
8/13/2017,201708,60,,34,9,67,9,67,O3,SEDANG,DKI2 Kelapa Gading
8/14/2017,201708,66,,34,15,112,18,112,O3,TIDAK SEHAT,DKI2 Kelapa Gading
8/15/2017,201708,88,,46,20,100,23,100,O3,SEDANG,DKI2 Kelapa Gading
8/16/2017,201708,63,,37,10,76,16,76,O3,SEDANG,DKI2 Kelapa Gading
8/17/2017,201708,64,,38,11,101,15,101,O3,TIDAK SEHAT,DKI2 Kelapa Gading
8/18/2017,201708,65,,39,6,58,10,65,PM10,SEDANG,DKI2 Kelapa Gading
8/19/2017,201708,59,,36,6,57,11,59,PM10,SEDANG,DKI2 Kelapa Gading
8/20/2017,201708,50,,33,7,69,6,69,O3,SEDANG,DKI2 Kelapa Gading
8/21/2017,201708,52.5,,43,8.5,66,6.333333333,43,SO2,BAIK,DKI2 Kelapa Gading
8/22/2017,201708,55,,45,10,63,6.666666667,45,SO2,BAIK,DKI2 Kelapa Gading
8/23/2017,201708,57.5,,47,11.5,60,7,47,SO2,BAIK,DKI2 Kelapa Gading
8/24/2017,201708,60,,37,13,57,7.333333333,60,PM10,SEDANG,DKI2 Kelapa Gading
8/25/2017,201708,70,,43,10,59,7.666666667,70,PM10,SEDANG,DKI2 Kelapa Gading
8/26/2017,201708,62,,38,7,61,8,62,PM10,SEDANG,DKI2 Kelapa Gading
8/27/2017,201708,64,,47,11,52,8.333333333,64,PM10,SEDANG,DKI2 Kelapa Gading
8/28/2017,201708,64,,42,10,44,8.666666667,64,PM10,SEDANG,DKI2 Kelapa Gading
8/29/2017,201708,70,,51,11,91,9,91,O3,SEDANG,DKI2 Kelapa Gading
8/30/2017,201708,54,,38,8,45,9.333333333,54,PM10,SEDANG,DKI2 Kelapa Gading
8/31/2017,201708,58,,39,8,81,9.666666667,81,O3,SEDANG,DKI2 Kelapa Gading
9/1/2017,201709,54,,36,4,55,10,55,O3,SEDANG,DKI2 Kelapa Gading
9/2/2017,201709,57,,39,7,65,12,65,O3,SEDANG,DKI2 Kelapa Gading
9/3/2017,201709,65,,37,11,55,13,65,PM10,SEDANG,DKI2 Kelapa Gading
9/4/2017,201709,65,,40,11,151,15,151,O3,TIDAK SEHAT,DKI2 Kelapa Gading
9/5/2017,201709,57,,37,8,92,12,92,O3,SEDANG,DKI2 Kelapa Gading
9/6/2017,201709,60,,37,11,56,19,60,PM10,SEDANG,DKI2 Kelapa Gading
9/7/2017,201709,59,,40,5,59,16,59,PM10,SEDANG,DKI2 Kelapa Gading
9/8/2017,201709,69,,49,5,59,15,69,PM10,SEDANG,DKI2 Kelapa Gading
9/9/2017,201709,56,,43,5,52,13,56,PM10,SEDANG,DKI2 Kelapa Gading
9/10/2017,201709,53,,40,9,99,12,99,O3,SEDANG,DKI2 Kelapa Gading
9/11/2017,201709,65,,45,15,85,18,85,O3,SEDANG,DKI2 Kelapa Gading
9/12/2017,201709,59,,40,10,58,18,59,PM10,SEDANG,DKI2 Kelapa Gading
9/13/2017,201709,59,,46,17,145,21,145,O3,TIDAK SEHAT,DKI2 Kelapa Gading
9/14/2017,201709,64,,46,12,95,17,95,O3,SEDANG,DKI2 Kelapa Gading
9/15/2017,201709,69,,48,17,85,23,85,O3,SEDANG,DKI2 Kelapa Gading
9/16/2017,201709,56,,47.75,10,66,11,66,O3,SEDANG,DKI2 Kelapa Gading
9/17/2017,201709,54,,47.5,6,76,13,76,O3,SEDANG,DKI2 Kelapa Gading
9/18/2017,201709,53,,47.25,5,48,11,53,PM10,SEDANG,DKI2 Kelapa Gading
9/19/2017,201709,52,,47,5,68,10,68,O3,SEDANG,DKI2 Kelapa Gading
9/20/2017,201709,53,,46.75,4,68,8,68,O3,SEDANG,DKI2 Kelapa Gading
9/21/2017,201709,58,,46.5,7,66,18,66,O3,SEDANG,DKI2 Kelapa Gading
9/22/2017,201709,61,,46.25,10,109,11,109,O3,TIDAK SEHAT,DKI2 Kelapa Gading
9/23/2017,201709,70,,46,16,128,19,128,O3,TIDAK SEHAT,DKI2 Kelapa Gading
9/24/2017,201709,59,,42,10,103,16,103,O3,TIDAK SEHAT,DKI2 Kelapa Gading
9/25/2017,201709,63,,43,15,100,18,100,O3,SEDANG,DKI2 Kelapa Gading
9/26/2017,201709,65,,51,16,71,17,71,O3,SEDANG,DKI2 Kelapa Gading
9/27/2017,201709,44,,40,10,30,15,44,PM10,BAIK,DKI2 Kelapa Gading
9/28/2017,201709,62,,45,34,121,18,121,O3,TIDAK SEHAT,DKI2 Kelapa Gading
9/29/2017,201709,58,,44,10,124,14,124,O3,TIDAK SEHAT,DKI2 Kelapa Gading
9/30/2017,201709,56,,52,14,44,17,56,PM10,SEDANG,DKI2 Kelapa Gading
10/1/2017,201710,49,,42,13,81,12,81,O3,SEDANG,DKI2 Kelapa Gading
10/2/2017,201710,57,,51,18,39,15,57,PM10,SEDANG,DKI2 Kelapa Gading
10/3/2017,201710,58,,52,23,65,20,65,O3,SEDANG,DKI2 Kelapa Gading
10/4/2017,201710,53,,50,12,60,22,60,O3,SEDANG,DKI2 Kelapa Gading
10/5/2017,201710,69,,51,12,50,17,69,PM10,SEDANG,DKI2 Kelapa Gading
10/6/2017,201710,55,,46,6,41,13,55,PM10,SEDANG,DKI2 Kelapa Gading
10/7/2017,201710,55,,43,14,81,14,81,O3,SEDANG,DKI2 Kelapa Gading
10/8/2017,201710,43,,44,10,56,14,56,O3,SEDANG,DKI2 Kelapa Gading
10/9/2017,201710,54,,46,16,66,15,66,O3,SEDANG,DKI2 Kelapa Gading
10/10/2017,201710,60,,43,24,72,24,72,O3,SEDANG,DKI2 Kelapa Gading
10/11/2017,201710,58,,48,13,80,19,80,O3,SEDANG,DKI2 Kelapa Gading
10/12/2017,201710,57,,49,17,79,23,79,O3,SEDANG,DKI2 Kelapa Gading
10/13/2017,201710,57,,45,21,110,24,110,O3,TIDAK SEHAT,DKI2 Kelapa Gading
10/14/2017,201710,50,,45,10,93,19,93,O3,SEDANG,DKI2 Kelapa Gading
10/15/2017,201710,52,,47,4,90,11,90,O3,SEDANG,DKI2 Kelapa Gading
10/16/2017,201710,41,,46,8,84,18,84,O3,SEDANG,DKI2 Kelapa Gading
10/17/2017,201710,42,,48,10,134,18,134,O3,TIDAK SEHAT,DKI2 Kelapa Gading
10/18/2017,201710,51,,49,7,98,16,98,O3,SEDANG,DKI2 Kelapa Gading
10/19/2017,201710,53,,51,16,40,20,53,PM10,SEDANG,DKI2 Kelapa Gading
10/20/2017,201710,49,,47,20,94,22,94,O3,SEDANG,DKI2 Kelapa Gading
10/21/2017,201710,49.5,,50,40,78,27,78,O3,SEDANG,DKI2 Kelapa Gading
10/22/2017,201710,50,,50,15,59,14,59,O3,SEDANG,DKI2 Kelapa Gading
10/23/2017,201710,50.5,,52,12,67,15,67,O3,SEDANG,DKI2 Kelapa Gading
10/24/2017,201710,51,,50,13,93,28,93,O3,SEDANG,DKI2 Kelapa Gading
10/25/2017,201710,51.5,,51,12,60,19,60,O3,SEDANG,DKI2 Kelapa Gading
10/26/2017,201710,52,,50,12,68,17,68,O3,SEDANG,DKI2 Kelapa Gading
10/27/2017,201710,34,,47,11,72,13,72,O3,SEDANG,DKI2 Kelapa Gading
10/28/2017,201710,60,,52,17,74,19,74,O3,SEDANG,DKI2 Kelapa Gading
10/29/2017,201710,61,,51,36,67,20,67,O3,SEDANG,DKI2 Kelapa Gading
10/30/2017,201710,53,,48,19,66,20,66,O3,SEDANG,DKI2 Kelapa Gading
10/31/2017,201710,50,,46,12,83,16,83,O3,SEDANG,DKI2 Kelapa Gading
11/1/2017,201711,59,,50,11,80,15,80,O3,SEDANG,DKI2 Kelapa Gading
11/2/2017,201711,70,,51,15,138,18,138,O3,TIDAK SEHAT,DKI2 Kelapa Gading
11/3/2017,201711,60,,50,10,108,12,108,O3,TIDAK SEHAT,DKI2 Kelapa Gading
11/4/2017,201711,55,,50,10,73,14,73,O3,SEDANG,DKI2 Kelapa Gading
11/5/2017,201711,67,,52,18,52,18,67,PM10,SEDANG,DKI2 Kelapa Gading
11/6/2017,201711,43,,50,8,39,12,50,SO2,BAIK,DKI2 Kelapa Gading
11/7/2017,201711,36,,52,9,25,9,52,SO2,SEDANG,DKI2 Kelapa Gading
11/8/2017,201711,57,,52,22,39,20,57,PM10,SEDANG,DKI2 Kelapa Gading
11/9/2017,201711,45,,49,11,75,16,75,O3,SEDANG,DKI2 Kelapa Gading
11/10/2017,201711,51,,51,15,69,18,69,O3,SEDANG,DKI2 Kelapa Gading
11/11/2017,201711,50.33333333,,50,14,68,19,19,NO2,BAIK,DKI2 Kelapa Gading
11/13/2017,201711,49,,48,12,66,19,66,O3,SEDANG,DKI2 Kelapa Gading
11/14/2017,201711,53,,53,18,61,22,61,O3,SEDANG,DKI2 Kelapa Gading
11/15/2017,201711,40,,53,12,79,29,79,O3,SEDANG,DKI2 Kelapa Gading
11/16/2017,201711,59,,54,11,101,19,101,O3,TIDAK SEHAT,DKI2 Kelapa Gading
11/17/2017,201711,55,,54,15,90,26,90,O3,SEDANG,DKI2 Kelapa Gading
11/18/2017,201711,60,,55,19,66,16,66,O3,SEDANG,DKI2 Kelapa Gading
11/19/2017,201711,47,,53,16,76,16,76,O3,SEDANG,DKI2 Kelapa Gading
11/20/2017,201711,55,,54,11,105,11,105,O3,TIDAK SEHAT,DKI2 Kelapa Gading
11/21/2017,201711,43,,53,8,106,14,106,O3,TIDAK SEHAT,DKI2 Kelapa Gading
11/22/2017,201711,56,,54,12,32,23,56,PM10,SEDANG,DKI2 Kelapa Gading
11/23/2017,201711,70,,55,16,71,20,71,O3,SEDANG,DKI2 Kelapa Gading
11/24/2017,201711,32,,53,6,32,18,53,SO2,SEDANG,DKI2 Kelapa Gading
11/25/2017,201711,29,,53,7,29,7,53,SO2,SEDANG,DKI2 Kelapa Gading
11/26/2017,201711,25,,53,6,27,6,53,SO2,SEDANG,DKI2 Kelapa Gading
11/27/2017,201711,19,,53,7,18,7,53,SO2,SEDANG,DKI2 Kelapa Gading
11/28/2017,201711,18,,53,8,18,7,53,SO2,SEDANG,DKI2 Kelapa Gading
11/29/2017,201711,24,,53,7,37,15,53,SO2,SEDANG,DKI2 Kelapa Gading
11/30/2017,201711,27,,53,13,23,13,53,SO2,SEDANG,DKI2 Kelapa Gading
12/1/2017,201712,17,,49,8,17,8,49,SO2,BAIK,DKI2 Kelapa Gading
12/2/2017,201712,34,,49,11,16,7,49,SO2,BAIK,DKI2 Kelapa Gading
12/3/2017,201712,31,,49,9,29,7,49,SO2,BAIK,DKI2 Kelapa Gading
12/4/2017,201712,22,,50,6,29,5,50,SO2,BAIK,DKI2 Kelapa Gading
12/5/2017,201712,25,,50,8,38,7,50,SO2,BAIK,DKI2 Kelapa Gading
12/6/2017,201712,37,,51,10,95,21,95,O3,SEDANG,DKI2 Kelapa Gading
12/7/2017,201712,43,,51,10,54,21,54,O3,SEDANG,DKI2 Kelapa Gading
12/8/2017,201712,30,,51,7,30,19,51,SO2,SEDANG,DKI2 Kelapa Gading
12/9/2017,201712,22,,51,11,32,14,51,SO2,SEDANG,DKI2 Kelapa Gading
12/10/2017,201712,24,,51,6,25,6,51,SO2,SEDANG,DKI2 Kelapa Gading
12/11/2017,201712,29,,51,9,30,11,51,SO2,SEDANG,DKI2 Kelapa Gading
12/13/2017,201712,21,,51,23,19,7,51,SO2,SEDANG,DKI2 Kelapa Gading
12/14/2017,201712,27,,51,11,58,23,58,O3,SEDANG,DKI2 Kelapa Gading
12/15/2017,201712,34,,51,9,31,18,51,SO2,SEDANG,DKI2 Kelapa Gading
12/16/2017,201712,46,,51,15,19,18,51,SO2,SEDANG,DKI2 Kelapa Gading
12/17/2017,201712,25,,51,11,25,7,51,SO2,SEDANG,DKI2 Kelapa Gading
12/18/2017,201712,24,,52,8,25,7,52,SO2,SEDANG,DKI2 Kelapa Gading
12/19/2017,201712,22,,52,7,33,11,52,SO2,SEDANG,DKI2 Kelapa Gading
12/20/2017,201712,26,,52,7,30,12,52,SO2,SEDANG,DKI2 Kelapa Gading
12/21/2017,201712,31,,52,19,33,15,52,SO2,SEDANG,DKI2 Kelapa Gading
12/22/2017,201712,29,,52,19,30,12,52,SO2,SEDANG,DKI2 Kelapa Gading
12/23/2017,201712,30,,52,11,56,9,56,O3,SEDANG,DKI2 Kelapa Gading
12/24/2017,201712,28,,49.5,10,43,7,43,O3,BAIK,DKI2 Kelapa Gading
12/25/2017,201712,19,,47,5,31,4,31,O3,BAIK,DKI2 Kelapa Gading
12/26/2017,201712,22,,44.5,4,30,5,30,O3,BAIK,DKI2 Kelapa Gading
12/27/2017,201712,25,,42,6,34,11,34,O3,BAIK,DKI2 Kelapa Gading
12/28/2017,201712,27,,39.5,5,30,18,30,O3,BAIK,DKI2 Kelapa Gading
12/29/2017,201712,55,,37,15,34,16,55,PM10,SEDANG,DKI2 Kelapa Gading
12/30/2017,201712,50,,34.5,12,42,15,50,PM10,BAIK,DKI2 Kelapa Gading
12/31/2017,201712,47,,32,14,43,14,47,PM10,BAIK,DKI2 Kelapa Gading
1/11/2018,201811,74,,27,35,95,16,95,O3,SEDANG,DKI2 Kelapa Gading
2/3/2018,201803,51,,29,34,146,17,146,O3,TIDAK SEHAT,DKI2 Kelapa Gading
2/12/2018,201812,73,,36,22,132,21,132,O3,TIDAK SEHAT,DKI2 Kelapa Gading
3/7/2018,201807,79,,29,23,166,16,166,O3,TIDAK SEHAT,DKI2 Kelapa Gading
3/8/2018,201808,68,,32,16,211,17,211,O3,SANGAT TIDAK SEHAT,DKI2 Kelapa Gading
3/11/2018,201811,76,,29,24,173,14,173,O3,TIDAK SEHAT,DKI2 Kelapa Gading
3/12/2018,201812,65,,31,21,97,20,97,O3,SEDANG,DKI2 Kelapa Gading
4/7/2018,201807,104,,31,24,209,19,209,O3,SANGAT TIDAK SEHAT,DKI2 Kelapa Gading
5/8/2018,201808,65,,35,14,203,16,203,O3,SANGAT TIDAK SEHAT,DKI2 Kelapa Gading
6/8/2018,201808,71,,34,13,202,23,202,O3,SANGAT TIDAK SEHAT,DKI2 Kelapa Gading
6/11/2018,201811,53,,28,20,122,12,122,O3,TIDAK SEHAT,DKI2 Kelapa Gading
8/7/2018,201807,95,,29,32,111,22,111,O3,TIDAK SEHAT,DKI2 Kelapa Gading
8/12/2018,201812,68,,25,30,134,27,134,O3,TIDAK SEHAT,DKI2 Kelapa Gading
9/12/2018,201812,60,,25,25,104,19,104,O3,TIDAK SEHAT,DKI2 Kelapa Gading
10/6/2018,201806,75,,27,28,203,17,203,O3,SANGAT TIDAK SEHAT,DKI2 Kelapa Gading
10/7/2018,201807,87,,29,19,124,16,124,O3,TIDAK SEHAT,DKI2 Kelapa Gading
10/8/2018,201808,65,,33,18,165,17,165,O3,TIDAK SEHAT,DKI2 Kelapa Gading
10/12/2018,201812,68,,24,32,137,19,137,O3,TIDAK SEHAT,DKI2 Kelapa Gading
11/6/2018,201806,74,,27,14,169,14,169,O3,TIDAK SEHAT,DKI2 Kelapa Gading
11/7/2018,201807,73,,32,17,129,20,129,O3,TIDAK SEHAT,DKI2 Kelapa Gading
11/12/2018,201812,82,,26,50,123,34,123,O3,TIDAK SEHAT,DKI2 Kelapa Gading
12/4/2018,201804,69,,58,16,57,14,69,PM10,SEDANG,DKI2 Kelapa Gading
12/6/2018,201806,67,,26,18,161,13,161,O3,TIDAK SEHAT,DKI2 Kelapa Gading
12/9/2018,201809,61,,32,16,164,13,164,O3,TIDAK SEHAT,DKI2 Kelapa Gading
12/11/2018,201811,66,,24,31,144,15,144,O3,TIDAK SEHAT,DKI2 Kelapa Gading
12/12/2018,201812,58,,26,31,214,22,214,O3,SANGAT TIDAK SEHAT,DKI2 Kelapa Gading
1/1/2019,201901,29,,15,7,71,13,71,O3,SEDANG,DKI2 Kelapa Gading
1/2/2019,201901,24,,17,6,79,6,79,O3,SEDANG,DKI2 Kelapa Gading
1/3/2019,201901,23,,16,6,65,4,65,O3,SEDANG,DKI2 Kelapa Gading
1/4/2019,201901,42,,18,10,64,11,64,O3,SEDANG,DKI2 Kelapa Gading
1/6/2019,201901,69,,34,30,105,27,105,O3,TIDAK SEHAT,DKI2 Kelapa Gading
2/7/2019,201902,70,,39,34,65,19,70,PM10,SEDANG,DKI2 Kelapa Gading
3/10/2019,201903,60,,26,23,164,19,164,O3,TIDAK SEHAT,DKI2 Kelapa Gading
3/11/2019,201903,55,,23,20,55,18,55,PM10,SEDANG,DKI2 Kelapa Gading
4/12/2019,201904,55,,22,38,78,10,78,O3,SEDANG,DKI2 Kelapa Gading
4/13/2019,201904,55,,21,42,62,10,62,O3,SEDANG,DKI2 Kelapa Gading
5/10/2019,201905,57,,22,26,87,16,87,O3,SEDANG,DKI2 Kelapa Gading
6/1/2019,201906,63,,23,19,104,15,104,O3,TIDAK SEHAT,DKI2 Kelapa Gading
6/2/2019,201906,70,,23,23,106,14,106,O3,TIDAK SEHAT,DKI2 Kelapa Gading
6/8/2019,201906,50,,22,13,105,9,105,O3,TIDAK SEHAT,DKI2 Kelapa Gading
6/25/2019,201906,89,,26,25,89,14,89,PM10,SEDANG,DKI2 Kelapa Gading
6/26/2019,201906,84,,27,21,80,15,84,PM10,SEDANG,DKI2 Kelapa Gading
6/29/2019,201906,69,,29,26,173,17,173,O3,TIDAK SEHAT,DKI2 Kelapa Gading
7/4/2019,201907,77,,25,20,78,16,78,O3,SEDANG,DKI2 Kelapa Gading
7/5/2019,201907,67,,26,23,91,13,91,O3,SEDANG,DKI2 Kelapa Gading
7/9/2019,201907,69,,26,22,111,18,111,O3,TIDAK SEHAT,DKI2 Kelapa Gading
7/19/2019,201907,68,,28,26,58,18,68,PM10,SEDANG,DKI2 Kelapa Gading
7/21/2019,201907,79,,27,18,91,12,91,O3,SEDANG,DKI2 Kelapa Gading
7/23/2019,201907,83,,28,23,78,15,83,PM10,SEDANG,DKI2 Kelapa Gading
7/30/2019,201907,83,,27,26,99,15,99,O3,SEDANG,DKI2 Kelapa Gading
8/13/2019,201908,70,,29,21,57,10,70,PM10,SEDANG,DKI2 Kelapa Gading
11/1/2019,201911,55,,34,16,120,14,120,O3,TIDAK SEHAT,DKI2 Kelapa Gading
11/2/2019,201911,59,,32,17,87,13,87,O3,SEDANG,DKI2 Kelapa Gading
11/4/2019,201911,57,,34,16,137,12,137,O3,TIDAK SEHAT,DKI2 Kelapa Gading
11/14/2019,201911,76,,34,32,60,15,76,PM10,SEDANG,DKI2 Kelapa Gading
11/21/2019,201911,72,,36,21,103,14,103,O3,TIDAK SEHAT,DKI2 Kelapa Gading
11/22/2019,201911,60,,35,27,112,17,112,O3,TIDAK SEHAT,DKI2 Kelapa Gading
12/28/2019,201912,64,,37,34,61,11,64,PM10,SEDANG,DKI2 Kelapa Gading
12/30/2019,201912,77,,37,55,89,9,89,O3,SEDANG,DKI2 Kelapa Gading
1/1/2020,202001,31,,7,8,41,5,41,O3,BAIK,DKI2 Kelapa Gading
1/2/2020,202001,23,,7,9,35,6,35,O3,BAIK,DKI2 Kelapa Gading
1/3/2020,202001,47,,7,16,45,8,47,PM10,BAIK,DKI2 Kelapa Gading
1/4/2020,202001,45,,7,10,44,8,45,PM10,BAIK,DKI2 Kelapa Gading
1/5/2020,202001,41,,7,11,44,6,44,O3,BAIK,DKI2 Kelapa Gading
1/6/2020,202001,54,,7,16,41,8,54,PM10,SEDANG,DKI2 Kelapa Gading
1/7/2020,202001,46,,7,30,45,8,46,PM10,BAIK,DKI2 Kelapa Gading
1/8/2020,202001,51,,8,17,48,8,51,PM10,SEDANG,DKI2 Kelapa Gading
1/9/2020,202001,64,,7,24,45,10,64,PM10,SEDANG,DKI2 Kelapa Gading
1/10/2020,202001,43,,8,19,32,9,43,PM10,BAIK,DKI2 Kelapa Gading
1/11/2020,202001,44,,8,20,35,9,44,PM10,BAIK,DKI2 Kelapa Gading
1/11/2020,202011,56,,76,23,14,59,14,PM2.5,SEDANG,DKI2 Kelapa Gading
1/12/2020,202001,34,,7,11,34,5,34,PM10,BAIK,DKI2 Kelapa Gading
1/13/2020,202001,37,,8,9,35,7,37,PM10,BAIK,DKI2 Kelapa Gading
1/14/2020,202001,32,,8,7,35,9,35,O3,BAIK,DKI2 Kelapa Gading
1/15/2020,202001,33,,7,11,37,9,37,O3,BAIK,DKI2 Kelapa Gading
1/16/2020,202001,51,,7,16,39,10,51,PM10,SEDANG,DKI2 Kelapa Gading
1/17/2020,202001,86,,14,26,81,11,86,PM10,SEDANG,DKI2 Kelapa Gading
1/18/2020,202001,41,,7,10,44,7,44,O3,BAIK,DKI2 Kelapa Gading
1/19/2020,202001,73,,10,50,92,15,92,O3,SEDANG,DKI2 Kelapa Gading
1/20/2020,202001,53,,8,13,35,6,53,PM10,SEDANG,DKI2 Kelapa Gading
1/21/2020,202001,34,,7,11,30,8,34,PM10,BAIK,DKI2 Kelapa Gading
1/22/2020,202001,62,,10,15,44,7,62,PM10,SEDANG,DKI2 Kelapa Gading
1/23/2020,202001,39,,8,12,26,8,39,PM10,BAIK,DKI2 Kelapa Gading
1/24/2020,202001,55,,10,21,25,7,55,PM10,SEDANG,DKI2 Kelapa Gading
1/25/2020,202001,30,,7,24,28,8,30,PM10,BAIK,DKI2 Kelapa Gading
1/26/2020,202001,58,,12,30,75,7,75,O3,SEDANG,DKI2 Kelapa Gading
1/27/2020,202001,48,,11,10,83,7,83,O3,SEDANG,DKI2 Kelapa Gading
1/28/2020,202001,50,,13,24,43,8,43,O3,BAIK,DKI2 Kelapa Gading
1/29/2020,202001,52,,8,19,67,6,67,O3,SEDANG,DKI2 Kelapa Gading
1/30/2020,202001,34,,7,9,40,7,40,O3,BAIK,DKI2 Kelapa Gading
1/31/2020,202001,53,,7,15,35,7,53,PM10,SEDANG,DKI2 Kelapa Gading
2/1/2020,202002,50,,9,14,30,6,50,PM10,BAIK,DKI2 Kelapa Gading
2/2/2020,202002,36,,9,19,33,6,36,PM10,BAIK,DKI2 Kelapa Gading
2/3/2020,202002,49,,9,37,27,9,49,PM10,BAIK,DKI2 Kelapa Gading
2/4/2020,202002,36,,7,12,31,7,36,PM10,BAIK,DKI2 Kelapa Gading
2/5/2020,202002,49.5,,8,20,38,6,38,O3,BAIK,DKI2 Kelapa Gading
2/6/2020,202002,63,,9,19,42,8,63,PM10,SEDANG,DKI2 Kelapa Gading
2/7/2020,202002,54,,9,22,45,8,54,PM10,SEDANG,DKI2 Kelapa Gading
2/7/2020,202202,40,60,48,13,67,22,67,O3,SEDANG,DKI2 Kelapa Gading
2/8/2020,202002,20,55.66666667,7,11,45,7,45,O3,BAIK,DKI2 Kelapa Gading
2/9/2020,202002,37,51.33333333,8,18,43,7,43,O3,BAIK,DKI2 Kelapa Gading
2/10/2020,202002,43,47,7,20,91,13,91,O3,SEDANG,DKI2 Kelapa Gading
2/10/2020,202202,24,47,41,12,49,23,49,O3,BAIK,DKI2 Kelapa Gading
2/11/2020,202002,75,50.85714286,12,19,67,9,75,PM10,SEDANG,DKI2 Kelapa Gading
2/11/2020,202011,22,50.85714286,37,19,6,63,5,O3,SEDANG,DKI2 Kelapa Gading
2/12/2020,202002,65,54.71428571,9,14,76,9,76,O3,SEDANG,DKI2 Kelapa Gading
2/13/2020,202002,63,58.57142857,13,10,80,7,80,O3,SEDANG,DKI2 Kelapa Gading
2/15/2020,202002,64,66.28571429,8,37,34,12,64,PM10,SEDANG,DKI2 Kelapa Gading
2/16/2020,202002,70,70.14285714,13,23,51,7,70,PM10,SEDANG,DKI2 Kelapa Gading
2/17/2020,202002,26,74,7,13,51,5,51,O3,SEDANG,DKI2 Kelapa Gading
2/17/2020,202202,53,74,45,19,86,29,86,O3,SEDANG,DKI2 Kelapa Gading
2/18/2020,202002,46,73.94984326,10,25,30,9,46,PM10,BAIK,DKI2 Kelapa Gading
2/19/2020,202002,33,73.89968652,8,15,29,6,33,PM10,BAIK,DKI2 Kelapa Gading
2/20/2020,202002,25,73.84952978,7,11,32,5,32,O3,BAIK,DKI2 Kelapa Gading
2/21/2020,202002,30,73.79937304,8,15,29,7,30,PM10,BAIK,DKI2 Kelapa Gading
2/22/2020,202002,48,73.7492163,8,11,32,6,48,PM10,BAIK,DKI2 Kelapa Gading
2/23/2020,202002,20,73.69905956,7,7,34,3,34,O3,BAIK,DKI2 Kelapa Gading
2/24/2020,202002,28,73.64890282,7,4,35,3,35,O3,BAIK,DKI2 Kelapa Gading
2/25/2020,202002,26,73.59874608,7,7,31,5,31,O3,BAIK,DKI2 Kelapa Gading
2/26/2020,202002,34,73.54858934,8,14,32,8,34,PM10,BAIK,DKI2 Kelapa Gading
2/27/2020,202002,43,73.4984326,8,13,30,8,43,PM10,BAIK,DKI2 Kelapa Gading
2/28/2020,202002,42,73.44827586,8,12,26,8,42,PM10,BAIK,DKI2 Kelapa Gading
2/29/2020,202002,60,73.39811912,11,32,28,10,60,PM10,SEDANG,DKI2 Kelapa Gading
3/11/2020,202011,54,72.84639498,77,23,12,84,11,O3,SEDANG,DKI2 Kelapa Gading
4/1/2020,202004,43,71.79310345,12,14,90,5,90,O3,SEDANG,DKI2 Kelapa Gading
4/2/2020,202004,34,71.74294671,9,5,57,2,57,O3,SEDANG,DKI2 Kelapa Gading
4/3/2020,202004,32,71.69278997,10,7,62,2,62,O3,SEDANG,DKI2 Kelapa Gading
4/4/2020,202004,48,71.64263323,13,11,83,3,83,O3,SEDANG,DKI2 Kelapa Gading
4/5/2020,202004,56,71.59247649,12,9,82,2,82,O3,SEDANG,DKI2 Kelapa Gading
4/6/2020,202004,48,71.54231975,9,11,55,3,55,O3,SEDANG,DKI2 Kelapa Gading
4/7/2020,202004,35,71.49216301,9,14,47,3,47,O3,BAIK,DKI2 Kelapa Gading
4/8/2020,202004,28,71.44200627,9,5,55,2,55,O3,SEDANG,DKI2 Kelapa Gading
4/9/2020,202004,56,71.39184953,4,10,44,10,56,PM10,SEDANG,DKI2 Kelapa Gading
4/10/2020,202004,53,71.34169279,4,11,86,12,86,O3,SEDANG,DKI2 Kelapa Gading
4/11/2020,202004,53,71.29153605,7,9,124,4,124,O3,TIDAK SEHAT,DKI2 Kelapa Gading
4/11/2020,202011,51,71.29153605,72,24,9,76,9,O3,SEDANG,DKI2 Kelapa Gading
4/12/2020,202004,64,71.24137931,4,19,95,6,95,O3,SEDANG,DKI2 Kelapa Gading
4/13/2020,202004,42,71.19122257,2.5,6,63,8,63,O3,SEDANG,DKI2 Kelapa Gading
4/14/2020,202004,47,71.14106583,1,8,68,10,68,O3,SEDANG,DKI2 Kelapa Gading
4/15/2020,202004,48,71.09090909,3,10,52,7,52,O3,SEDANG,DKI2 Kelapa Gading
4/16/2020,202004,52,71.04075235,7,12,52,13,52,PM10,SEDANG,DKI2 Kelapa Gading
4/17/2020,202004,54,70.99059561,8,14,68,11,68,O3,SEDANG,DKI2 Kelapa Gading
4/18/2020,202004,45,70.94043887,9,11,91,9,91,O3,SEDANG,DKI2 Kelapa Gading
4/19/2020,202004,66,70.89028213,6,15,97,7,97,O3,SEDANG,DKI2 Kelapa Gading
4/20/2020,202004,64,70.84012539,3,9,76,7,76,O3,SEDANG,DKI2 Kelapa Gading
4/21/2020,202004,58,70.78996865,7,11,57,7,58,PM10,SEDANG,DKI2 Kelapa Gading
4/22/2020,202004,77,70.73981191,8,17,53,9,77,PM10,SEDANG,DKI2 Kelapa Gading
4/23/2020,202004,53,70.68965517,21,7,51,7,53,PM10,SEDANG,DKI2 Kelapa Gading
4/24/2020,202004,56,70.63949843,16,7,47,7,56,PM10,SEDANG,DKI2 Kelapa Gading
4/25/2020,202004,58,70.58934169,26,17,51,9,58,PM10,SEDANG,DKI2 Kelapa Gading
4/26/2020,202004,62,70.53918495,25,12,55,4,62,PM10,SEDANG,DKI2 Kelapa Gading
4/27/2020,202004,43,70.48902821,18,9,84,4,84,O3,SEDANG,DKI2 Kelapa Gading
4/28/2020,202004,53,70.43887147,16,13,72,7,72,O3,SEDANG,DKI2 Kelapa Gading
4/29/2020,202004,61,70.38871473,25,14,64,8,64,O3,SEDANG,DKI2 Kelapa Gading
4/30/2020,202004,64,70.33855799,21,23,49,9,64,PM10,SEDANG,DKI2 Kelapa Gading
5/1/2020,202005,55,70.28840125,26,12,53,5,55,PM10,SEDANG,DKI2 Kelapa Gading
5/2/2020,202005,36,70.23824451,17,7,48,5,48,O3,BAIK,DKI2 Kelapa Gading
5/3/2020,202005,60,70.18808777,34,17,47,5,60,PM10,SEDANG,DKI2 Kelapa Gading
5/4/2020,202005,53,70.13793103,20,7,48,6,53,PM10,SEDANG,DKI2 Kelapa Gading
5/5/2020,202005,53,70.08777429,21,10,42,8,53,PM10,SEDANG,DKI2 Kelapa Gading
5/6/2020,202005,52,70.03761755,18,9,45,5,52,PM10,SEDANG,DKI2 Kelapa Gading
5/7/2020,202005,56,69.98746082,24,12,60,7,60,O3,SEDANG,DKI2 Kelapa Gading
5/8/2020,202005,62,69.93730408,20,9,64,9,64,O3,SEDANG,DKI2 Kelapa Gading
5/9/2020,202005,51,69.88714734,15,8,49,6,51,PM10,SEDANG,DKI2 Kelapa Gading
5/10/2020,202005,59,69.8369906,17,14,57,11,59,PM10,SEDANG,DKI2 Kelapa Gading
5/11/2020,202005,50,69.78683386,24,11,62,7,62,O3,SEDANG,DKI2 Kelapa Gading
5/11/2020,202011,55,69.78683386,78,21,16,67,23,PM2.5,SEDANG,DKI2 Kelapa Gading
5/12/2020,202005,54,69.73667712,21,14,55,10,55,O3,SEDANG,DKI2 Kelapa Gading
5/13/2020,202005,55,69.68652038,16,8,55,7,55,PM10,SEDANG,DKI2 Kelapa Gading
5/14/2020,202005,61,69.63636364,23,8,56,12,61,PM10,SEDANG,DKI2 Kelapa Gading
5/15/2020,202005,66,69.5862069,20,9,57,9,66,PM10,SEDANG,DKI2 Kelapa Gading
5/16/2020,202005,59,69.53605016,19,8,62,8,62,O3,SEDANG,DKI2 Kelapa Gading
5/17/2020,202005,68,69.48589342,20,11,74,9,74,O3,SEDANG,DKI2 Kelapa Gading
5/18/2020,202005,62,69.43573668,19,11,64,9,64,O3,SEDANG,DKI2 Kelapa Gading
5/19/2020,202005,42,69.38557994,21,14,56,9,56,O3,SEDANG,DKI2 Kelapa Gading
5/20/2020,202005,54,69.3354232,17,9,57,9,57,O3,SEDANG,DKI2 Kelapa Gading
5/21/2020,202005,33,69.28526646,23,9,79,12,79,O3,SEDANG,DKI2 Kelapa Gading
5/22/2020,202005,56,69.23510972,18,16,62,17,62,O3,SEDANG,DKI2 Kelapa Gading
5/23/2020,202005,33,69.18495298,22,8,68,6,68,O3,SEDANG,DKI2 Kelapa Gading
5/24/2020,202005,50,69.13479624,18,17,65,11,65,O3,SEDANG,DKI2 Kelapa Gading
5/25/2020,202005,40,69.0846395,25,12,44,9,44,O3,BAIK,DKI2 Kelapa Gading
5/26/2020,202005,43,69.03448276,42,12,45,8,45,O3,BAIK,DKI2 Kelapa Gading
5/27/2020,202005,28,68.98432602,16,7,76,10,76,O3,SEDANG,DKI2 Kelapa Gading
5/28/2020,202005,56,68.93416928,35,14,113,12,113,O3,TIDAK SEHAT,DKI2 Kelapa Gading
5/29/2020,202005,57,68.88401254,27,11,68,10,68,O3,SEDANG,DKI2 Kelapa Gading
5/30/2020,202005,57,68.8338558,38,15,57,11,57,PM10,SEDANG,DKI2 Kelapa Gading
5/31/2020,202005,45,68.78369906,32,12,56,9,56,O3,SEDANG,DKI2 Kelapa Gading
6/6/2020,202006,53,68.48275862,23,17,52,10,53,PM10,SEDANG,DKI2 Kelapa Gading
6/6/2020,202006,41,68.48275862,21,10,46,8,46,O3,BAIK,DKI2 Kelapa Gading
6/6/2020,202006,43,68.48275862,21,12,45,11,45,O3,BAIK,DKI2 Kelapa Gading
6/6/2020,202006,53,68.48275862,31,11,39,11,53,PM10,SEDANG,DKI2 Kelapa Gading
6/6/2020,202006,62,68.48275862,21,12,87,12,87,O3,SEDANG,DKI2 Kelapa Gading
6/6/2020,202006,67,68.48275862,22,16,84,14,84,O3,SEDANG,DKI2 Kelapa Gading
6/6/2020,202006,60,68.48275862,18,10,63,11,63,O3,SEDANG,DKI2 Kelapa Gading
6/6/2020,202006,66,68.48275862,18,11,51,12,66,PM10,SEDANG,DKI2 Kelapa Gading
6/6/2020,202006,65,68.48275862,21,9,57,13,65,PM10,SEDANG,DKI2 Kelapa Gading
6/6/2020,202006,65,68.48275862,21,11,56,14,65,PM10,SEDANG,DKI2 Kelapa Gading
6/6/2020,202006,63,68.48275862,17,8,61,8,63,PM10,SEDANG,DKI2 Kelapa Gading
6/6/2020,202006,55,68.48275862,22,10,76,12,76,O3,SEDANG,DKI2 Kelapa Gading
6/6/2020,202006,68,68.48275862,24,10,80,12,80,O3,SEDANG,DKI2 Kelapa Gading
6/6/2020,202006,64,68.48275862,30,11,63,11,64,PM10,SEDANG,DKI2 Kelapa Gading
6/6/2020,202006,71,68.48275862,19,13,81,12,81,O3,SEDANG,DKI2 Kelapa Gading
6/6/2020,202006,73,68.48275862,19,11,56,10,73,PM10,SEDANG,DKI2 Kelapa Gading
6/6/2020,202006,74,68.48275862,23,12,53,12,74,PM10,SEDANG,DKI2 Kelapa Gading
6/6/2020,202006,67,68.48275862,18,13,75,9,75,O3,SEDANG,DKI2 Kelapa Gading
6/6/2020,202006,54,68.48275862,18,10,63,10,63,O3,SEDANG,DKI2 Kelapa Gading
6/6/2020,202006,73,68.48275862,21,18,72,15,73,PM10,SEDANG,DKI2 Kelapa Gading
6/6/2020,202006,67,68.48275862,18,11,67,7,67,PM10,SEDANG,DKI2 Kelapa Gading
6/6/2020,202006,68,68.48275862,22,12,69,10,69,O3,SEDANG,DKI2 Kelapa Gading
6/6/2020,202006,58,68.48275862,22,10,70,11,70,O3,SEDANG,DKI2 Kelapa Gading
6/6/2020,202006,58,68.48275862,18,11,124,19,124,O3,TIDAK SEHAT,DKI2 Kelapa Gading
6/6/2020,202006,80,68.48275862,25,29,79,19,80,PM10,SEDANG,DKI2 Kelapa Gading
6/6/2020,202006,78,68.48275862,21,22,81,18,81,O3,SEDANG,DKI2 Kelapa Gading
6/6/2020,202006,75,68.48275862,22,11,64,11,75,PM10,SEDANG,DKI2 Kelapa Gading
6/6/2020,202006,75,68.48275862,25,11,64,10,75,PM10,SEDANG,DKI2 Kelapa Gading
6/6/2020,202006,76,68.48275862,23,11,66,15,76,PM10,SEDANG,DKI2 Kelapa Gading
6/6/2020,202006,78,68.48275862,24,13,69,12,78,PM10,SEDANG,DKI2 Kelapa Gading
6/11/2020,202011,74,68.23197492,101,21,13,67,17,PM2.5,TIDAK SEHAT,DKI2 Kelapa Gading
7/1/2020,202007,74,67.22884013,29,10,69,14,74,PM10,SEDANG,DKI2 Kelapa Gading
7/2/2020,202007,79,67.17868339,24,14,64,13,79,PM10,SEDANG,DKI2 Kelapa Gading
7/3/2020,202007,58,67.12852665,27,9,54,10,58,PM10,SEDANG,DKI2 Kelapa Gading
7/4/2020,202007,62,67.07836991,20,14,67,14,67,O3,SEDANG,DKI2 Kelapa Gading
7/5/2020,202007,65,67.02821317,24,8,57,12,65,PM10,SEDANG,DKI2 Kelapa Gading
7/6/2020,202007,75,66.97805643,39,12,53,16,75,PM10,SEDANG,DKI2 Kelapa Gading
7/7/2020,202007,57,66.92789969,30,9,47,16,57,PM10,SEDANG,DKI2 Kelapa Gading
7/8/2020,202007,69,66.87774295,28,9,84,12,84,O3,SEDANG,DKI2 Kelapa Gading
7/9/2020,202007,60,66.82758621,18,12,102,11,102,O3,TIDAK SEHAT,DKI2 Kelapa Gading
7/10/2020,202007,70,66.77742947,24,14,87,19,87,O3,SEDANG,DKI2 Kelapa Gading
7/11/2020,202007,73,66.72727273,23,13,78,13,78,O3,SEDANG,DKI2 Kelapa Gading
7/11/2020,202011,65,66.72727273,87,23,17,65,17,PM2.5,SEDANG,DKI2 Kelapa Gading
7/12/2020,202007,68,66.67711599,20,12,61,9,68,PM10,SEDANG,DKI2 Kelapa Gading
7/13/2020,202007,68,66.62695925,21,9,54,12,68,PM10,SEDANG,DKI2 Kelapa Gading
7/14/2020,202007,69,66.57680251,23,9,71,10,71,O3,SEDANG,DKI2 Kelapa Gading
7/15/2020,202007,61,66.52664577,18,8,43,9,61,PM10,SEDANG,DKI2 Kelapa Gading
7/16/2020,202007,55,66.47648903,20,7,44,11,55,PM10,SEDANG,DKI2 Kelapa Gading
7/17/2020,202007,62,66.42633229,31,10,54,13,62,PM10,SEDANG,DKI2 Kelapa Gading
7/18/2020,202007,56,66.37617555,25,8,72,11,72,O3,SEDANG,DKI2 Kelapa Gading
7/19/2020,202007,71,66.32601881,25,12,81,10,81,O3,SEDANG,DKI2 Kelapa Gading
7/20/2020,202007,67,66.27586207,20,13,68,9,20,SO2,BAIK,DKI2 Kelapa Gading
7/21/2020,202007,63,66.22570533,22,10,55,14,63,PM10,SEDANG,DKI2 Kelapa Gading
7/22/2020,202007,60,66.17554859,17,9,62,10,62,O3,SEDANG,DKI2 Kelapa Gading
7/23/2020,202007,61,66.12539185,17,9,71,8,71,O3,SEDANG,DKI2 Kelapa Gading
7/24/2020,202007,64,66.07523511,21,10,73,13,73,O3,SEDANG,DKI2 Kelapa Gading
7/25/2020,202007,69,66.02507837,19,9,70,10,70,O3,SEDANG,DKI2 Kelapa Gading
7/26/2020,202007,62,65.97492163,20,8,56,6,62,PM10,SEDANG,DKI2 Kelapa Gading
7/27/2020,202007,67,65.92476489,31,9,62,12,67,PM10,SEDANG,DKI2 Kelapa Gading
7/28/2020,202007,71,65.87460815,24,13,115,14,115,O3,TIDAK SEHAT,DKI2 Kelapa Gading
7/29/2020,202007,65,65.82445141,21,9,112,11,112,O3,TIDAK SEHAT,DKI2 Kelapa Gading
7/30/2020,202007,64,65.77429467,20,13,101,14,101,O3,TIDAK SEHAT,DKI2 Kelapa Gading
7/31/2020,202007,59,65.72413793,20,8,115,10,115,O3,TIDAK SEHAT,DKI2 Kelapa Gading
8/1/2020,202008,69,65.67398119,22,16,90,14,90,O3,SEDANG,DKI2 Kelapa Gading
8/2/2020,202008,78,65.62382445,21,23,102,16,102,O3,TIDAK SEHAT,DKI2 Kelapa Gading
8/3/2020,202008,76,65.57366771,22,16,88,16,88,O3,SEDANG,DKI2 Kelapa Gading
8/4/2020,202008,67,65.52351097,18,8,73,12,73,O3,SEDANG,DKI2 Kelapa Gading
8/5/2020,202008,71,65.47335423,20,11,81,15,81,O3,SEDANG,DKI2 Kelapa Gading
8/6/2020,202008,72,65.42319749,20,10,65,13,72,PM10,SEDANG,DKI2 Kelapa Gading
8/7/2020,202008,65,65.37304075,18,8,69,14,69,O3,SEDANG,DKI2 Kelapa Gading
8/8/2020,202008,63,65.32288401,17,7,61,9,63,PM10,SEDANG,DKI2 Kelapa Gading
8/9/2020,202008,54,65.27272727,17,6,58,7,58,O3,SEDANG,DKI2 Kelapa Gading
8/10/2020,202008,58,65.22257053,17,7,58,12,58,PM10,SEDANG,DKI2 Kelapa Gading
8/11/2020,202008,61,65.17241379,21,8,58,12,61,PM10,SEDANG,DKI2 Kelapa Gading
8/11/2020,202011,66,65.17241379,90,27,24,57,15,PM2.5,SEDANG,DKI2 Kelapa Gading
8/12/2020,202008,72,65.12225705,24,25,58,18,72,PM10,SEDANG,DKI2 Kelapa Gading
8/13/2020,202008,50,65.07210031,17,7,51,13,51,O3,SEDANG,DKI2 Kelapa Gading
8/14/2020,202008,30,65.02194357,18,14,49,17,49,O3,BAIK,DKI2 Kelapa Gading
8/15/2020,202008,41,64.97178683,22,16,48,14,48,O3,BAIK,DKI2 Kelapa Gading
8/16/2020,202008,52,64.92163009,24,6,57,9,57,O3,SEDANG,DKI2 Kelapa Gading
8/17/2020,202008,56,64.87147335,20,13,52,9,56,PM10,SEDANG,DKI2 Kelapa Gading
8/18/2020,202008,54,64.82131661,25,15,69,14,69,O3,SEDANG,DKI2 Kelapa Gading
8/19/2020,202008,69,64.77115987,33,18,51,17,69,PM10,SEDANG,DKI2 Kelapa Gading
8/20/2020,202008,51,64.72100313,18,5,54,6,54,O3,SEDANG,DKI2 Kelapa Gading
8/21/2020,202008,53,64.67084639,22,5,54,10,54,O3,SEDANG,DKI2 Kelapa Gading
8/22/2020,202008,63,64.62068966,25,11,57,16,63,PM10,SEDANG,DKI2 Kelapa Gading
8/23/2020,202008,69,64.57053292,33,16,61,14,69,PM10,SEDANG,DKI2 Kelapa Gading
8/24/2020,202008,60,64.52037618,21,9,68,14,68,O3,SEDANG,DKI2 Kelapa Gading
8/25/2020,202008,66,64.47021944,26,9,59,17,66,PM10,SEDANG,DKI2 Kelapa Gading
8/26/2020,202008,63,64.4200627,27,7,67,11,67,O3,SEDANG,DKI2 Kelapa Gading
8/27/2020,202008,57,64.36990596,20,7,65,9,65,O3,SEDANG,DKI2 Kelapa Gading
8/28/2020,202008,74,64.31974922,23,13,56,15,74,PM10,SEDANG,DKI2 Kelapa Gading
8/29/2020,202008,62,64.26959248,25,8,59,12,62,PM10,SEDANG,DKI2 Kelapa Gading
8/30/2020,202008,61,64.21943574,22,7,70,9,70,O3,SEDANG,DKI2 Kelapa Gading
8/31/2020,202008,65,64.169279,22,9,84,12,84,O3,SEDANG,DKI2 Kelapa Gading
9/1/2020,202009,69,64.11912226,25,8,70,13,96,PM2.5,SEDANG,DKI2 Kelapa Gading
9/2/2020,202009,72,64.06896552,21,10,122,11,122,O3,TIDAK SEHAT,DKI2 Kelapa Gading
9/3/2020,202009,80,64.01880878,21,12,94,12,94,O3,SEDANG,DKI2 Kelapa Gading
9/4/2020,202009,56,63.96865204,21,6,51,9,73,PM2.5,SEDANG,DKI2 Kelapa Gading
9/5/2020,202009,54,63.9184953,22,6,118,7,118,O3,TIDAK SEHAT,DKI2 Kelapa Gading
9/6/2020,202009,67,63.86833856,21,12,121,11,121,O3,TIDAK SEHAT,DKI2 Kelapa Gading
9/7/2020,202009,69,63.81818182,26,8,84,13,101,PM2.5,TIDAK SEHAT,DKI2 Kelapa Gading
9/8/2020,202009,64,63.76802508,25,6,59,11,90,PM2.5,SEDANG,DKI2 Kelapa Gading
9/9/2020,202009,62,63.71786834,23,7,55,10,89,PM2.5,SEDANG,DKI2 Kelapa Gading
9/10/2020,202009,56,63.6677116,21,6,95,7,95,O3,SEDANG,DKI2 Kelapa Gading
9/11/2020,202009,69,63.61755486,22,10,104,9,104,O3,TIDAK SEHAT,DKI2 Kelapa Gading
9/11/2020,202011,72,63.61755486,103,30,24,64,17,PM2.5,TIDAK SEHAT,DKI2 Kelapa Gading
9/12/2020,202009,60,63.56739812,20,7,132,8,132,O3,TIDAK SEHAT,DKI2 Kelapa Gading
9/13/2020,202009,66,63.51724138,20,7,130,6,130,O3,TIDAK SEHAT,DKI2 Kelapa Gading
9/14/2020,202009,72,63.46708464,26,7,89,11,102,PM2.5,TIDAK SEHAT,DKI2 Kelapa Gading
9/15/2020,202009,57,63.4169279,36,7,74,13,80,PM2.5,SEDANG,DKI2 Kelapa Gading
9/16/2020,202009,63,63.36677116,25,12,70,15,89,PM2.5,SEDANG,DKI2 Kelapa Gading
9/17/2020,202009,56,63.31661442,29,6,57,15,72,PM2.5,SEDANG,DKI2 Kelapa Gading
9/18/2020,202009,61,63.26645768,23,6,57,11,77,PM2.5,SEDANG,DKI2 Kelapa Gading
9/19/2020,202009,69,63.21630094,42,8,66,13,93,PM2.5,SEDANG,DKI2 Kelapa Gading
9/20/2020,202009,53,63.1661442,20,5,41,5,60,PM2.5,SEDANG,DKI2 Kelapa Gading
9/21/2020,202009,48,63.11598746,23,16,84,10,84,O3,SEDANG,DKI2 Kelapa Gading
9/22/2020,202009,36,63.06583072,19,10,83,14,83,O3,SEDANG,DKI2 Kelapa Gading
9/23/2020,202009,72,63.01567398,33,15,84,14,101,PM2.5,TIDAK SEHAT,DKI2 Kelapa Gading
9/24/2020,202009,56,62.96551724,20,11,106,11,106,O3,TIDAK SEHAT,DKI2 Kelapa Gading
9/25/2020,202009,63,62.9153605,21,10,82,11,95,PM2.5,SEDANG,DKI2 Kelapa Gading
9/26/2020,202009,64,62.86520376,23,12,99,13,99,O3,SEDANG,DKI2 Kelapa Gading
9/27/2020,202009,57,62.81504702,20,12,93,13,93,O3,SEDANG,DKI2 Kelapa Gading
9/28/2020,202009,55,62.76489028,26,9,79,12,79,O3,SEDANG,DKI2 Kelapa Gading
9/30/2020,202009,57,62.6645768,31,9,63,11,78,PM2.5,SEDANG,DKI2 Kelapa Gading
10/1/2020,202010,59,62.61442006,22,6,62,10,77,PM2.5,SEDANG,DKI2 Kelapa Gading
10/2/2020,202010,64,62.56426332,25,8,79,11,83,PM2.5,SEDANG,DKI2 Kelapa Gading
10/3/2020,202010,55,62.51410658,29,15,89,16,89,O3,SEDANG,DKI2 Kelapa Gading
10/4/2020,202010,59,62.46394984,22,12,95,9,95,O3,SEDANG,DKI2 Kelapa Gading
10/5/2020,202010,44,62.4137931,22,7,128,8,128,O3,TIDAK SEHAT,DKI2 Kelapa Gading
10/6/2020,202010,51,62.36363636,21,6,110,8,110,O3,TIDAK SEHAT,DKI2 Kelapa Gading
10/7/2020,202010,57,62.31347962,30,9,92,12,92,O3,SEDANG,DKI2 Kelapa Gading
10/8/2020,202010,55,62.26332288,23,7,109,11,109,O3,TIDAK SEHAT,DKI2 Kelapa Gading
10/9/2020,202010,55,62.21316614,21,6,82,9,82,O3,SEDANG,DKI2 Kelapa Gading
10/10/2020,202010,50,62.1630094,21,10,63,9,74,PM2.5,SEDANG,DKI2 Kelapa Gading
10/11/2020,202010,51,62.11285266,20,8,95,7,95,O3,SEDANG,DKI2 Kelapa Gading
10/11/2020,202011,67,62.11285266,94,24,10,70,14,PM2.5,SEDANG,DKI2 Kelapa Gading
10/12/2020,202010,57,62.06269592,22,11,116,8,116,O3,TIDAK SEHAT,DKI2 Kelapa Gading
10/13/2020,202010,63,62.01253918,24,14,94,13,94,O3,SEDANG,DKI2 Kelapa Gading
10/14/2020,202010,65,61.96238245,21,12,88,12,88,O3,SEDANG,DKI2 Kelapa Gading
10/15/2020,202010,62,61.91222571,23,9,95,13,95,O3,SEDANG,DKI2 Kelapa Gading
10/16/2020,202010,61,61.86206897,24,10,110,16,110,O3,TIDAK SEHAT,DKI2 Kelapa Gading
10/17/2020,202010,64,61.81191223,25,17,99,18,99,O3,SEDANG,DKI2 Kelapa Gading
10/18/2020,202010,60,61.76175549,23,12,71,14,82,PM2.5,SEDANG,DKI2 Kelapa Gading
10/19/2020,202010,62,61.71159875,22,13,71,12,89,PM2.5,SEDANG,DKI2 Kelapa Gading
10/20/2020,202010,63,61.66144201,24,13,68,14,86,PM2.5,SEDANG,DKI2 Kelapa Gading
10/22/2020,202010,53,61.56112853,23,12,68,14,82,PM2.5,SEDANG,DKI2 Kelapa Gading
10/23/2020,202010,26,61.51097179,19,5,43,5,48,PM2.5,BAIK,DKI2 Kelapa Gading
10/24/2020,202010,56,61.46081505,25,10,97,12,97,O3,SEDANG,DKI2 Kelapa Gading
10/25/2020,202010,46,61.41065831,22,10,83,12,83,O3,SEDANG,DKI2 Kelapa Gading
10/26/2020,202010,53,61.36050157,23,11,99,10,99,O3,SEDANG,DKI2 Kelapa Gading
10/27/2020,202010,52,61.31034483,22,14,98,23,98,O3,SEDANG,DKI2 Kelapa Gading
10/28/2020,202010,66,61.26018809,27,18,82,16,86,PM2.5,SEDANG,DKI2 Kelapa Gading
10/29/2020,202010,57,61.21003135,26,13,60,16,78,PM2.5,SEDANG,DKI2 Kelapa Gading
10/30/2020,202010,59,61.15987461,23,8,58,11,86,PM2.5,SEDANG,DKI2 Kelapa Gading
10/31/2020,202010,44,61.10971787,29,6,67,10,67,O3,SEDANG,DKI2 Kelapa Gading
11/11/2020,202011,69,60.55799373,100,31,13,99,15,PM2.5,SEDANG,DKI2 Kelapa Gading
12/1/2020,202012,22,59.55485893,20,5,45,4,45,O3,BAIK,DKI2 Kelapa Gading
12/2/2020,202012,32,59.50470219,21,6,48,13,53,PM2.5,SEDANG,DKI2 Kelapa Gading
12/3/2020,202012,32,59.45454545,20,9,68,18,68,O3,SEDANG,DKI2 Kelapa Gading
12/4/2020,202012,41,59.40438871,23,9,45,20,57,PM2.5,SEDANG,DKI2 Kelapa Gading
12/5/2020,202012,31,59.35423197,22,8,34,12,41,PM2.5,BAIK,DKI2 Kelapa Gading
12/6/2020,202012,35,59.30407524,23,8,34,7,52,PM2.5,SEDANG,DKI2 Kelapa Gading
12/7/2020,202012,23,59.2539185,22,6,38,8,38,O3,BAIK,DKI2 Kelapa Gading
12/8/2020,202012,35,59.20376176,24,11,39,8,44,PM2.5,BAIK,DKI2 Kelapa Gading
12/9/2020,202012,34,59.15360502,22,5,42,5,44,PM2.5,BAIK,DKI2 Kelapa Gading
12/10/2020,202012,33,59.10344828,26,4,32,15,33,PM10,BAIK,DKI2 Kelapa Gading
12/11/2020,202011,59,59.05329154,77,22,8,61,9,PM2.5,SEDANG,DKI2 Kelapa Gading
12/11/2020,202012,30,59.05329154,26,8,43,13,43,O3,BAIK,DKI2 Kelapa Gading
12/12/2020,202012,23,59.0031348,21,7,46,13,46,O3,BAIK,DKI2 Kelapa Gading
12/13/2020,202012,29,58.95297806,23,7,40,12,46,PM2.5,BAIK,DKI2 Kelapa Gading
12/14/2020,202012,27,58.90282132,22,7,54,9,54,O3,SEDANG,DKI2 Kelapa Gading
12/15/2020,202012,28,58.85266458,21,7,47,6,50,PM2.5,BAIK,DKI2 Kelapa Gading
12/16/2020,202012,25,58.80250784,21,7,43,6,43,O3,BAIK,DKI2 Kelapa Gading
12/17/2020,202012,25,58.7523511,22,6,45,14,46,PM2.5,BAIK,DKI2 Kelapa Gading
12/18/2020,202012,26,58.70219436,22,5,46,5,46,O3,BAIK,DKI2 Kelapa Gading
12/19/2020,202012,28,58.65203762,22,6,39,6,48,PM2.5,BAIK,DKI2 Kelapa Gading
12/20/2020,202012,38,58.60188088,23,8,39,6,55,PM2.5,SEDANG,DKI2 Kelapa Gading
12/21/2020,202012,14,58.55172414,21,5,33,4,33,O3,BAIK,DKI2 Kelapa Gading
12/22/2020,202012,23,58.5015674,22,7,45,13,46,PM2.5,BAIK,DKI2 Kelapa Gading
12/23/2020,202012,42,58.45141066,22,11,53,13,59,PM2.5,SEDANG,DKI2 Kelapa Gading
12/24/2020,202012,49,58.40125392,28,9,62,11,63,PM2.5,SEDANG,DKI2 Kelapa Gading
12/25/2020,202012,24,58.35109718,21,6,31,4,38,PM2.5,BAIK,DKI2 Kelapa Gading
12/26/2020,202012,20,58.30094044,22,5,46,3,46,O3,BAIK,DKI2 Kelapa Gading
12/27/2020,202012,22,58.2507837,23,5,33,8,39,PM2.5,BAIK,DKI2 Kelapa Gading
12/28/2020,202012,27,58.20062696,23,4,42,17,44,PM2.5,BAIK,DKI2 Kelapa Gading
12/29/2020,202012,26,58.15047022,23,4,45,19,45,PM2.5,BAIK,DKI2 Kelapa Gading
12/30/2020,202012,25,58.10031348,19.5,6,54,4,54,O3,SEDANG,DKI2 Kelapa Gading
12/31/2020,202012,33,58.05015674,16,11,64,9,64,O3,SEDANG,DKI2 Kelapa Gading
1/1/2021,202101,38,58,2,11,65,6,65,O3,SEDANG,DKI2 Kelapa Gading
1/2/2021,202101,29,46,3.25,12,80,12,80,O3,SEDANG,DKI2 Kelapa Gading
1/3/2021,202101,37,59,4.5,10,86,13,86,O3,SEDANG,DKI2 Kelapa Gading
1/4/2021,202101,30,49,5.75,9,77,7,77,O3,SEDANG,DKI2 Kelapa Gading
1/5/2021,202101,35,52,7,8,77,7,77,O3,SEDANG,DKI2 Kelapa Gading
1/6/2021,202101,48,60,8.25,12,85,14,85,O3,SEDANG,DKI2 Kelapa Gading
1/7/2021,202101,35,50,9.5,9,72,15,72,O3,SEDANG,DKI2 Kelapa Gading
1/8/2021,202101,38,55,10.75,11,71,9,71,O3,SEDANG,DKI2 Kelapa Gading
1/9/2021,202101,51,67,12,27,80,12,80,O3,SEDANG,DKI2 Kelapa Gading
1/10/2021,202101,24,39,13,10,59,14,59,O3,SEDANG,DKI2 Kelapa Gading
1/11/2021,202101,35,54,13,12,68,13,68,O3,SEDANG,DKI2 Kelapa Gading
1/12/2021,202101,27,51,15,7,77,15,77,O3,SEDANG,DKI2 Kelapa Gading
1/13/2021,202101,33,44,13,10,68,7,68,O3,SEDANG,DKI2 Kelapa Gading
1/14/2021,202101,28,49,11,6,65,11,65,O3,SEDANG,DKI2 Kelapa Gading
1/15/2021,202101,42,60,11,14,65,12,65,O3,SEDANG,DKI2 Kelapa Gading
1/16/2021,202101,49,71,13,10,67,9,71,PM2.5,SEDANG,DKI2 Kelapa Gading
1/17/2021,202101,55,75,16,10,93,10,93,O3,SEDANG,DKI2 Kelapa Gading
1/18/2021,202101,35,49,13,5,78,9,78,O3,SEDANG,DKI2 Kelapa Gading
1/19/2021,202101,31,42,11,6,58,9,58,O3,SEDANG,DKI2 Kelapa Gading
1/20/2021,202101,42,45,11,6,72,6,72,O3,SEDANG,DKI2 Kelapa Gading
1/21/2021,202101,46,44,12,9,67,13,67,O3,SEDANG,DKI2 Kelapa Gading
1/22/2021,202101,51,60,12,8,67,16,67,O3,SEDANG,DKI2 Kelapa Gading
1/23/2021,202101,73,108,14,43,104,19,108,PM2.5,TIDAK SEHAT,DKI2 Kelapa Gading
1/24/2021,202101,51,59,12,9,75,7,75,O3,SEDANG,DKI2 Kelapa Gading
1/25/2021,202101,62,86,14,26,134,14,134,O3,TIDAK SEHAT,DKI2 Kelapa Gading
1/26/2021,202101,54,76,26,14,71,12,76,PM2.5,SEDANG,DKI2 Kelapa Gading
1/27/2021,202101,21,29,25,7,63,5,63,O3,SEDANG,DKI2 Kelapa Gading
1/28/2021,202101,28,49,25,10,53,7,53,O3,SEDANG,DKI2 Kelapa Gading
1/29/2021,202101,28,49,26,7,65,9,65,O3,SEDANG,DKI2 Kelapa Gading
1/30/2021,202101,27,39,25,10,64,8,64,O3,SEDANG,DKI2 Kelapa Gading
1/31/2021,202101,38,55,24,11,68,7,68,O3,SEDANG,DKI2 Kelapa Gading
2/1/2021,202102,64,87,38,16,46,25,87,PM2.5,SEDANG,DKI2 Kelapa Gading
2/2/2021,202102,30,42,38,4,55,15,55,O3,SEDANG,DKI2 Kelapa Gading
2/3/2021,202102,24,35,38,4,42,15,42,O3,BAIK,DKI2 Kelapa Gading
2/4/2021,202102,33,50,39,7,47,15,50,PM2.5,BAIK,DKI2 Kelapa Gading
2/5/2021,202102,25,35,39,5,45,13,45,O3,BAIK,DKI2 Kelapa Gading
2/6/2021,202102,30,38,37,5.25,57,9,57,O3,SEDANG,DKI2 Kelapa Gading
2/7/2021,202102,28,30,37,5.5,57,5,57,O3,SEDANG,DKI2 Kelapa Gading
2/8/2021,202102,26,31,37,5.75,54,12,54,O3,SEDANG,DKI2 Kelapa Gading
2/9/2021,202102,33,50,39,6,47,16,50,PM2.5,BAIK,DKI2 Kelapa Gading
2/10/2021,202102,34,46,39,4,49,10,49,O3,BAIK,DKI2 Kelapa Gading
2/11/2021,202102,33,49,43,6,35,11,49,PM2.5,BAIK,DKI2 Kelapa Gading
2/12/2021,202102,43,62,43,14,33,11,62,PM2.5,SEDANG,DKI2 Kelapa Gading
2/13/2021,202102,27,47,38,8,40,11,47,PM2.5,BAIK,DKI2 Kelapa Gading
2/14/2021,202102,34,53,40,11,42,14,53,PM2.5,SEDANG,DKI2 Kelapa Gading
2/15/2021,202102,36,52,39,13,37,17,52,PM2.5,SEDANG,DKI2 Kelapa Gading
2/16/2021,202102,28,41,38,11,42,15,42,O3,BAIK,DKI2 Kelapa Gading
2/17/2021,202102,41,61,40,25,41,27,61,PM2.5,SEDANG,DKI2 Kelapa Gading
2/18/2021,202102,40,55,44,10,41,16,55,PM2.5,SEDANG,DKI2 Kelapa Gading
2/19/2021,202102,32,51,42,16,41,20,51,PM2.5,SEDANG,DKI2 Kelapa Gading
2/20/2021,202102,31,34,38,8,53,9,53,O3,SEDANG,DKI2 Kelapa Gading
2/21/2021,202102,36,40,39,9,48,9,48,O3,BAIK,DKI2 Kelapa Gading
2/22/2021,202102,60,69,42,15,41,19,69,PM2.5,SEDANG,DKI2 Kelapa Gading
2/23/2021,202102,48,61,40,9,54,17,61,PM2.5,SEDANG,DKI2 Kelapa Gading
2/24/2021,202102,30,39,40,10,33,10,40,SO2,BAIK,DKI2 Kelapa Gading
2/25/2021,202102,30,45,43,12,45,12,45,PM2.5,BAIK,DKI2 Kelapa Gading
2/26/2021,202102,45,54,43,13,47.5,19,54,PM2.5,SEDANG,DKI2 Kelapa Gading
2/27/2021,202102,59,71,44,15,50,20,71,PM2.5,SEDANG,DKI2 Kelapa Gading
2/28/2021,202102,66,76,40,14,60,18,76,PM2.5,SEDANG,DKI2 Kelapa Gading
3/1/2021,202103,48,66,45,13,38,18,66,PM2.5,SEDANG,DKI2 Kelapa Gading
3/2/2021,202103,55,61,50,12,53,21,61,PM2.5,SEDANG,DKI2 Kelapa Gading
3/3/2021,202103,59,76,46,19,50,30,76,PM2.5,SEDANG,DKI2 Kelapa Gading
3/4/2021,202103,56,79,45,16,49,28,79,PM2.5,SEDANG,DKI2 Kelapa Gading
3/5/2021,202103,65,81,54,16,59,26,81,PM2.5,SEDANG,DKI2 Kelapa Gading
3/6/2021,202103,71,89,59,23,52,31,89,PM2.5,SEDANG,DKI2 Kelapa Gading
3/7/2021,202103,60,84,29,23,51,27,84,PM2.5,SEDANG,DKI2 Kelapa Gading
3/8/2021,202103,52,65,28,16,41,15,65,PM2.5,SEDANG,DKI2 Kelapa Gading
3/9/2021,202103,51,55,27,13,33,15,55,PM2.5,SEDANG,DKI2 Kelapa Gading
3/10/2021,202103,56,81,42,21,42,26,81,PM2.5,SEDANG,DKI2 Kelapa Gading
3/11/2021,202103,38,50,26,9,43,9,50,PM2.5,BAIK,DKI2 Kelapa Gading
3/12/2021,202103,51,60,27,12,45,19,60,PM2.5,SEDANG,DKI2 Kelapa Gading
3/13/2021,202103,40,58,29,11,41,16,58,PM2.5,SEDANG,DKI2 Kelapa Gading
3/14/2021,202103,50,62,27,12,37,15,62,PM2.5,SEDANG,DKI2 Kelapa Gading
3/15/2021,202103,51,72,33,15,49,19,72,PM2.5,SEDANG,DKI2 Kelapa Gading
3/16/2021,202103,67,89,41,13,57,25,89,PM2.5,SEDANG,DKI2 Kelapa Gading
3/17/2021,202103,78,107,55,20,53,41,107,PM2.5,TIDAK SEHAT,DKI2 Kelapa Gading
3/18/2021,202103,78,115,43,14,74,23,115,PM2.5,TIDAK SEHAT,DKI2 Kelapa Gading
3/19/2021,202103,73,93,39,13,59,26,93,PM2.5,SEDANG,DKI2 Kelapa Gading
3/20/2021,202103,61,94,41,15,56,24,94,PM2.5,SEDANG,DKI2 Kelapa Gading
3/21/2021,202103,47,58,29,11,51,14,58,PM2.5,SEDANG,DKI2 Kelapa Gading
3/22/2021,202103,45,67,30,13,43,17,67,PM2.5,SEDANG,DKI2 Kelapa Gading
3/23/2021,202103,48,55,30,9,44,11,55,PM2.5,SEDANG,DKI2 Kelapa Gading
3/24/2021,202103,33,57,27,11,37,8,57,PM2.5,SEDANG,DKI2 Kelapa Gading
3/25/2021,202103,36,53,29,9,41,13,53,PM2.5,SEDANG,DKI2 Kelapa Gading
3/26/2021,202103,57,77,35,18,53,21,77,PM2.5,SEDANG,DKI2 Kelapa Gading
3/27/2021,202103,62,83,49,12,63,19,83,PM2.5,SEDANG,DKI2 Kelapa Gading
3/28/2021,202103,57,76,43,15,71,18,76,PM2.5,SEDANG,DKI2 Kelapa Gading
3/29/2021,202103,65,88,48,18,67,25,88,PM2.5,SEDANG,DKI2 Kelapa Gading
3/30/2021,202103,53,68,34,13,55,17,68,PM2.5,SEDANG,DKI2 Kelapa Gading
3/31/2021,202103,39,58,30,12,48,18,58,PM2.5,SEDANG,DKI2 Kelapa Gading
4/1/2021,202104,22,38,28,9,43,10,43,O3,BAIK,DKI2 Kelapa Gading
4/2/2021,202104,39,57,34,11,42,13,57,PM2.5,SEDANG,DKI2 Kelapa Gading
4/3/2021,202104,23,51,33,9,57,10,57,O3,SEDANG,DKI2 Kelapa Gading
4/4/2021,202104,63,80,40,17,49,23,80,PM2.5,SEDANG,DKI2 Kelapa Gading
4/5/2021,202104,54,69,30,13,59,18,69,PM2.5,SEDANG,DKI2 Kelapa Gading
4/6/2021,202104,43,61,32,10,36,15,61,PM2.5,SEDANG,DKI2 Kelapa Gading
4/7/2021,202104,30,52,33,9,43,8,52,PM2.5,SEDANG,DKI2 Kelapa Gading
4/8/2021,202104,39,57,34,10,40,14,57,PM2.5,SEDANG,DKI2 Kelapa Gading
4/9/2021,202104,53,64,32,10,49,25,64,PM2.5,SEDANG,DKI2 Kelapa Gading
4/10/2021,202104,44,61,34,9,50,19,61,PM2.5,SEDANG,DKI2 Kelapa Gading
4/11/2021,202104,54,72,42,12,60,22,72,PM2.5,SEDANG,DKI2 Kelapa Gading
4/12/2021,202104,69,93,51,20,54,23,93,PM2.5,SEDANG,DKI2 Kelapa Gading
4/13/2021,202104,70,82,63,14,64,21,82,PM2.5,SEDANG,DKI2 Kelapa Gading
4/14/2021,202104,65,81,55,16,65,22,81,PM2.5,SEDANG,DKI2 Kelapa Gading
4/15/2021,202104,67,85,55,21,50,34,85,PM2.5,SEDANG,DKI2 Kelapa Gading
4/16/2021,202104,69,94,55,17,50,28,94,PM2.5,SEDANG,DKI2 Kelapa Gading
4/19/2021,202104,65.25,107,52,16.4,41,22,107,PM2.5,TIDAK SEHAT,DKI2 Kelapa Gading
4/20/2021,202104,64,94,52,16.2,55,18,94,PM2.5,SEDANG,DKI2 Kelapa Gading
4/21/2021,202104,76,101,56,16,50,22,101,PM2.5,TIDAK SEHAT,DKI2 Kelapa Gading
4/22/2021,202104,63,92,52,11,60,14,92,PM2.5,SEDANG,DKI2 Kelapa Gading
4/23/2021,202104,75,101,51,15,65,20,101,PM2.5,TIDAK SEHAT,DKI2 Kelapa Gading
4/24/2021,202104,88,115,61,17,73,25,115,PM2.5,TIDAK SEHAT,DKI2 Kelapa Gading
4/25/2021,202104,74,101,55,15,58,20,101,PM2.5,TIDAK SEHAT,DKI2 Kelapa Gading
4/26/2021,202104,64,87,52,10,59,14,87,PM2.5,SEDANG,DKI2 Kelapa Gading
4/27/2021,202104,74,97,51,11,65,17,97,PM2.5,SEDANG,DKI2 Kelapa Gading
4/28/2021,202104,61,81,51,13,56,18,81,PM2.5,SEDANG,DKI2 Kelapa Gading
4/29/2021,202104,69,85,60,15,44,26,85,PM2.5,SEDANG,DKI2 Kelapa Gading
4/30/2021,202104,71,91,57,14,55,21,91,PM2.5,SEDANG,DKI2 Kelapa Gading
5/1/2021,202105,62,74,51,10,57,14,74,PM2.5,SEDANG,DKI2 Kelapa Gading
5/2/2021,202105,55,73,47,9,53,12.5,73,PM2.5,SEDANG,DKI2 Kelapa Gading
5/3/2021,202105,59,74,50,9,51,11,74,PM2.5,SEDANG,DKI2 Kelapa Gading
5/4/2021,202105,68,82,54,12,39,17,82,PM2.5,SEDANG,DKI2 Kelapa Gading
5/5/2021,202105,64,83,53,14,45,20,83,PM2.5,SEDANG,DKI2 Kelapa Gading
5/6/2021,202105,57,72,53,13,66,21,72,PM2.5,SEDANG,DKI2 Kelapa Gading
5/7/2021,202105,67,83,61,20,46,33,83,PM2.5,SEDANG,DKI2 Kelapa Gading
5/8/2021,202105,60,79,53,11,54,17,79,PM2.5,SEDANG,DKI2 Kelapa Gading
5/9/2021,202105,46,59,46,9,61,7,61,O3,SEDANG,DKI2 Kelapa Gading
5/10/2021,202105,55,73,51,10,58,8,73,PM2.5,SEDANG,DKI2 Kelapa Gading
5/11/2021,202105,69,87,50,11,57,12,87,PM2.5,SEDANG,DKI2 Kelapa Gading
5/12/2021,202105,67,87,52,10,63,8,87,PM2.5,SEDANG,DKI2 Kelapa Gading
5/13/2021,202105,81,112,49,13,48,9,112,PM2.5,TIDAK SEHAT,DKI2 Kelapa Gading
5/14/2021,202105,56,70,51,9,52,10,70,PM2.5,SEDANG,DKI2 Kelapa Gading
5/15/2021,202105,54,67,54,10,40,11,67,PM2.5,SEDANG,DKI2 Kelapa Gading
5/16/2021,202105,52,68.5,50,9,52,12,52,PM10,SEDANG,DKI2 Kelapa Gading
5/17/2021,202105,54,70,55,11,51,13,70,PM2.5,SEDANG,DKI2 Kelapa Gading
5/18/2021,202105,41,55,48,8,49,10,55,PM2.5,SEDANG,DKI2 Kelapa Gading
5/19/2021,202105,56,77,52,13,55,21,77,PM2.5,SEDANG,DKI2 Kelapa Gading
5/20/2021,202105,66,87,53,12,56,17,87,PM2.5,SEDANG,DKI2 Kelapa Gading
5/21/2021,202105,60,81,58,13,65,21,81,PM2.5,SEDANG,DKI2 Kelapa Gading
5/22/2021,202105,64,90,62,15,66,28,90,PM2.5,SEDANG,DKI2 Kelapa Gading
5/23/2021,202105,73,97,64,18,57,34,97,PM2.5,SEDANG,DKI2 Kelapa Gading
5/24/2021,202105,86,116,74,19,72,30,116,PM2.5,TIDAK SEHAT,DKI2 Kelapa Gading
5/25/2021,202105,56,64,52,12,66,19,66,O3,SEDANG,DKI2 Kelapa Gading
5/26/2021,202105,62,83,52,12,64,20,83,PM2.5,SEDANG,DKI2 Kelapa Gading
5/27/2021,202105,60,73,52,10,62,13,73,PM2.5,SEDANG,DKI2 Kelapa Gading
5/28/2021,202105,66,81,53,11,63,16,81,PM2.5,SEDANG,DKI2 Kelapa Gading
5/29/2021,202105,60,76,46,13,66,21,76,PM2.5,SEDANG,DKI2 Kelapa Gading
5/30/2021,202105,53,65,55,17,51,28,65,PM2.5,SEDANG,DKI2 Kelapa Gading
5/31/2021,202105,62,81,49,14,71,20,81,PM2.5,SEDANG,DKI2 Kelapa Gading
6/1/2021,202106,60,82,50,16,64,26,82,PM2.5,SEDANG,DKI2 Kelapa Gading
6/2/2021,202106,68,92,54,16,76,28,92,PM2.5,SEDANG,DKI2 Kelapa Gading
6/3/2021,202106,68,93,57,16,61,32,93,PM2.5,SEDANG,DKI2 Kelapa Gading
6/4/2021,202106,66,86,46,12,76,13,86,PM2.5,SEDANG,DKI2 Kelapa Gading
6/5/2021,202106,64,84,51,16,65,25,84,PM2.5,SEDANG,DKI2 Kelapa Gading
6/6/2021,202106,61,80,50,11,72,14,80,PM2.5,SEDANG,DKI2 Kelapa Gading
6/7/2021,202106,61,83,52,15,68,24,83,PM2.5,SEDANG,DKI2 Kelapa Gading
6/8/2021,202106,70,99,53,14,72,23,99,PM2.5,SEDANG,DKI2 Kelapa Gading
6/9/2021,202106,68,87,54,13,67,22,87,PM2.5,SEDANG,DKI2 Kelapa Gading
6/10/2021,202106,71,99,56,15,48,32,99,PM2.5,SEDANG,DKI2 Kelapa Gading
6/11/2021,202106,65,90,51,12,61,25,90,PM2.5,SEDANG,DKI2 Kelapa Gading
6/12/2021,202106,67,91,54,12,57,25,91,PM2.5,SEDANG,DKI2 Kelapa Gading
6/13/2021,202106,55,73,52,11,58,17,73,PM2.5,SEDANG,DKI2 Kelapa Gading
6/14/2021,202106,69,91,53,12,58,20,91,PM2.5,SEDANG,DKI2 Kelapa Gading
6/15/2021,202106,69,90,52,11,44,16,90,PM2.5,SEDANG,DKI2 Kelapa Gading
6/16/2021,202106,67,85,66,17,43,28,85,PM2.5,SEDANG,DKI2 Kelapa Gading
6/17/2021,202106,61,84,51,20,44,33,84,PM2.5,SEDANG,DKI2 Kelapa Gading
6/18/2021,202106,77,98,59,15,49,27,98,PM2.5,SEDANG,DKI2 Kelapa Gading
6/19/2021,202106,64,77,59,16,41,43,77,PM2.5,SEDANG,DKI2 Kelapa Gading
6/20/2021,202106,81,108,66,18,44,35,108,PM2.5,TIDAK SEHAT,DKI2 Kelapa Gading
6/21/2021,202106,62,75,55,14,44,28,75,PM2.5,SEDANG,DKI2 Kelapa Gading
6/22/2021,202106,59,72,54,14,38,27,72,PM2.5,SEDANG,DKI2 Kelapa Gading
6/23/2021,202106,66,91,51,13,51,28,91,PM2.5,SEDANG,DKI2 Kelapa Gading
6/24/2021,202106,80,99,54,14,42,28,99,PM2.5,SEDANG,DKI2 Kelapa Gading
6/25/2021,202106,70,84,58,12,40,23,84,PM2.5,SEDANG,DKI2 Kelapa Gading
6/26/2021,202106,62,79,53,9,53,17,79,PM2.5,SEDANG,DKI2 Kelapa Gading
6/27/2021,202106,67,94,57,11,57,18,94,PM2.5,SEDANG,DKI2 Kelapa Gading
6/28/2021,202106,65,93,53,16,61,28,93,PM2.5,SEDANG,DKI2 Kelapa Gading
6/29/2021,202106,75,102,52,12,51,18,102,PM2.5,TIDAK SEHAT,DKI2 Kelapa Gading
6/30/2021,202106,79,105,57,14,55,28,105,PM2.5,TIDAK SEHAT,DKI2 Kelapa Gading
7/1/2021,202107,64,81,53,12,48,28,81,PM2.5,SEDANG,DKI2 Kelapa Gading
7/2/2021,202107,68,81,56,14,40,27,81,PM2.5,SEDANG,DKI2 Kelapa Gading
7/3/2021,202107,72,100,54,11,44,23,100,PM2.5,SEDANG,DKI2 Kelapa Gading
7/4/2021,202107,94,129,51,15,50,23,129,PM2.5,TIDAK SEHAT,DKI2 Kelapa Gading
7/5/2021,202107,77,111,56,12,62,20,111,PM2.5,TIDAK SEHAT,DKI2 Kelapa Gading
7/6/2021,202107,64,79,51,10,55,17,79,PM2.5,SEDANG,DKI2 Kelapa Gading
7/7/2021,202107,84,108,54,11,51,23,108,PM2.5,TIDAK SEHAT,DKI2 Kelapa Gading
7/8/2021,202107,83,111,56,11,50,24,111,PM2.5,TIDAK SEHAT,DKI2 Kelapa Gading
7/9/2021,202107,92,120,59,11,56,26,120,PM2.5,TIDAK SEHAT,DKI2 Kelapa Gading
7/10/2021,202107,78,104,54,10,63,17,104,PM2.5,TIDAK SEHAT,DKI2 Kelapa Gading
7/11/2021,202107,71,109,54,10,54,13,54,SO2,SEDANG,DKI2 Kelapa Gading
7/12/2021,202107,64,114,52,9,44,13,64,PM10,SEDANG,DKI2 Kelapa Gading
7/13/2021,202107,78,119,54,11,43,23,119,PM2.5,TIDAK SEHAT,DKI2 Kelapa Gading
7/14/2021,202107,56,75,51,12,50,23,75,PM2.5,SEDANG,DKI2 Kelapa Gading
7/15/2021,202107,79,111,62,11,56,26,111,PM2.5,TIDAK SEHAT,DKI2 Kelapa Gading
7/16/2021,202107,85,115,53,11,53,19,115,PM2.5,TIDAK SEHAT,DKI2 Kelapa Gading
7/17/2021,202107,74,99,55,10,58,20,99,PM2.5,SEDANG,DKI2 Kelapa Gading
7/18/2021,202107,82,114,55,11,58,17,114,PM2.5,TIDAK SEHAT,DKI2 Kelapa Gading
7/19/2021,202107,74,100,51,10,77,13,100,PM2.5,SEDANG,DKI2 Kelapa Gading
7/20/2021,202107,86,113,51,14,60,19,113,PM2.5,TIDAK SEHAT,DKI2 Kelapa Gading
7/21/2021,202107,54,72,52,9,58,13,72,PM2.5,SEDANG,DKI2 Kelapa Gading
7/22/2021,202107,60,82,53,11,54,22,82,PM2.5,SEDANG,DKI2 Kelapa Gading
7/23/2021,202107,61,88.5,52,9,59,20,61,PM10,SEDANG,DKI2 Kelapa Gading
7/24/2021,202107,66,95,54,13,51,30,95,PM2.5,SEDANG,DKI2 Kelapa Gading
7/25/2021,202107,81,112,55,16,54,28,112,PM2.5,TIDAK SEHAT,DKI2 Kelapa Gading
7/26/2021,202107,79,109,54,12,46,22,109,PM2.5,TIDAK SEHAT,DKI2 Kelapa Gading
7/27/2021,202107,82,112,56,12,41,27,112,PM2.5,TIDAK SEHAT,DKI2 Kelapa Gading
7/28/2021,202107,82,113,53,13,40,28,113,PM2.5,TIDAK SEHAT,DKI2 Kelapa Gading
7/29/2021,202107,69,97,52,12,53,24,97,PM2.5,SEDANG,DKI2 Kelapa Gading
7/30/2021,202107,90,117,54,12,81,29,117,PM2.5,TIDAK SEHAT,DKI2 Kelapa Gading
7/31/2021,202107,63,96,50,8,65,18,65,O3,SEDANG,DKI2 Kelapa Gading
8/1/2021,202108,55,75,50,9,67,13,75,PM2.5,SEDANG,DKI2 Kelapa Gading
8/2/2021,202108,52,69,50,10,59,16,69,PM2.5,SEDANG,DKI2 Kelapa Gading
8/3/2021,202108,61,85,53,12,47,25,85,PM2.5,SEDANG,DKI2 Kelapa Gading
8/4/2021,202108,64,89,53,9,50,14,89,PM2.5,SEDANG,DKI2 Kelapa Gading
8/5/2021,202108,61,79,55,9,58,18,79,PM2.5,SEDANG,DKI2 Kelapa Gading
8/6/2021,202108,76,100,58,17,38,31,100,PM2.5,SEDANG,DKI2 Kelapa Gading
8/7/2021,202108,63,79,53,8,48,16,79,PM2.5,SEDANG,DKI2 Kelapa Gading
8/8/2021,202108,60,78,53,9,57,12,78,PM2.5,SEDANG,DKI2 Kelapa Gading
8/9/2021,202108,56,67,52,8,57,10,67,PM2.5,SEDANG,DKI2 Kelapa Gading
8/10/2021,202108,36,53,48,8,55,9,55,O3,SEDANG,DKI2 Kelapa Gading
8/11/2021,202108,58,83,50,10,59,17,83,PM2.5,SEDANG,DKI2 Kelapa Gading
8/12/2021,202108,65,88,52,10,47,18,88,PM2.5,SEDANG,DKI2 Kelapa Gading
8/13/2021,202108,58,79,51,10,49,19,79,PM2.5,SEDANG,DKI2 Kelapa Gading
8/14/2021,202108,69,94,53,11,53,21,94,PM2.5,SEDANG,DKI2 Kelapa Gading
8/15/2021,202108,63,84,53,9,46,16,84,PM2.5,SEDANG,DKI2 Kelapa Gading
8/16/2021,202108,60,80,54,9,42,17,80,PM2.5,SEDANG,DKI2 Kelapa Gading
8/17/2021,202108,62,84,51,9,40,14,84,PM2.5,SEDANG,DKI2 Kelapa Gading
8/18/2021,202108,59,83,51,9,42,17,83,PM2.5,SEDANG,DKI2 Kelapa Gading
8/19/2021,202108,72,101,55,13,26,36,101,PM2.5,TIDAK SEHAT,DKI2 Kelapa Gading
8/20/2021,202108,73,97,55,12,34,30,97,PM2.5,SEDANG,DKI2 Kelapa Gading
8/21/2021,202108,60,87,51,10,29,21,87,PM2.5,SEDANG,DKI2 Kelapa Gading
8/22/2021,202108,71,100,52,13,25,26,100,PM2.5,SEDANG,DKI2 Kelapa Gading
8/23/2021,202108,63,86,52,9,33,13,86,PM2.5,SEDANG,DKI2 Kelapa Gading
8/24/2021,202108,69,101,52,9,41,18,101,PM2.5,TIDAK SEHAT,DKI2 Kelapa Gading
8/25/2021,202108,69,98,51,11,38,24,98,PM2.5,SEDANG,DKI2 Kelapa Gading
8/26/2021,202108,61,84,51,9,26,18,84,PM2.5,SEDANG,DKI2 Kelapa Gading
8/27/2021,202108,63,90,52,10,32,21,90,PM2.5,SEDANG,DKI2 Kelapa Gading
8/28/2021,202108,76,104,51,10,41,22,104,PM2.5,TIDAK SEHAT,DKI2 Kelapa Gading
8/29/2021,202108,68,97,52,10,30,16,97,PM2.5,SEDANG,DKI2 Kelapa Gading
8/30/2021,202108,79,110,52,12,38,29,110,PM2.5,TIDAK SEHAT,DKI2 Kelapa Gading
8/31/2021,202108,74,96,51,10,48,19,96,PM2.5,SEDANG,DKI2 Kelapa Gading
9/1/2021,202109,79,102,55,14,30,29,102,PM2.5,TIDAK SEHAT,DKI2 Kelapa Gading
9/2/2021,202109,66,89,52,10,39,19,89,PM2.5,SEDANG,DKI2 Kelapa Gading
9/3/2021,202109,66,87,51,9,39,18,87,PM2.5,SEDANG,DKI2 Kelapa Gading
9/4/2021,202109,62,79,50,9,37,18,79,PM2.5,SEDANG,DKI2 Kelapa Gading
9/5/2021,202109,74,100,52,12,35,22,100,PM2.5,SEDANG,DKI2 Kelapa Gading
9/6/2021,202109,66,87,51,10,34,13,87,PM2.5,SEDANG,DKI2 Kelapa Gading
9/7/2021,202109,58,72,51,9,27,16,72,PM2.5,SEDANG,DKI2 Kelapa Gading
9/8/2021,202109,64,87,52,13,27,31,87,PM2.5,SEDANG,DKI2 Kelapa Gading
9/9/2021,202109,68,88,54,12,35,29,88,PM2.5,SEDANG,DKI2 Kelapa Gading
9/10/2021,202109,58,77,53,9,32,20,77,PM2.5,SEDANG,DKI2 Kelapa Gading
9/11/2021,202109,70,99,53,11,46,22,99,PM2.5,SEDANG,DKI2 Kelapa Gading
9/12/2021,202109,66,82,51,9,36,12,82,PM2.5,SEDANG,DKI2 Kelapa Gading
9/13/2021,202109,56,71,52,9,27,14,71,PM2.5,SEDANG,DKI2 Kelapa Gading
9/14/2021,202109,36,47,50,8,47,15,50,SO2,BAIK,DKI2 Kelapa Gading
9/15/2021,202109,69,95,54,17,45,35,95,PM2.5,SEDANG,DKI2 Kelapa Gading
9/16/2021,202109,52,66,52,8,52,15,66,PM2.5,SEDANG,DKI2 Kelapa Gading
9/17/2021,202109,46,66,51,7,53,9,66,PM2.5,SEDANG,DKI2 Kelapa Gading
9/18/2021,202109,56,79,53,8,51,15,79,PM2.5,SEDANG,DKI2 Kelapa Gading
9/19/2021,202109,52,73,50,8,68,10,73,PM2.5,SEDANG,DKI2 Kelapa Gading
9/20/2021,202109,58,81,52,11,54,25,81,PM2.5,SEDANG,DKI2 Kelapa Gading
9/21/2021,202109,61,85,52,10,58,19,85,PM2.5,SEDANG,DKI2 Kelapa Gading
9/22/2021,202109,64,82,54,10,48,22,82,PM2.5,SEDANG,DKI2 Kelapa Gading
9/23/2021,202109,61,85,53,8,53,13,85,PM2.5,SEDANG,DKI2 Kelapa Gading
9/24/2021,202109,57,76,53,8,47,13,76,PM2.5,SEDANG,DKI2 Kelapa Gading
9/25/2021,202109,55,81,52,8,50,13,81,PM2.5,SEDANG,DKI2 Kelapa Gading
9/26/2021,202109,56,74,53.25,7,54,6,74,PM2.5,SEDANG,DKI2 Kelapa Gading
9/27/2021,202109,53,77,54.5,11,47,17,77,PM2.5,SEDANG,DKI2 Kelapa Gading
9/28/2021,202109,49,71,55.75,8,49,13,71,PM2.5,SEDANG,DKI2 Kelapa Gading
9/29/2021,202109,54,81,57,10,63,16,81,PM2.5,SEDANG,DKI2 Kelapa Gading
9/30/2021,202109,71,105,63,12,63,24,105,PM2.5,TIDAK SEHAT,DKI2 Kelapa Gading
10/1/2021,202110,57,84,59,10,65,16,84,PM2.5,SEDANG,DKI2 Kelapa Gading
10/2/2021,202110,70,103,61,10,58,17,103,PM2.5,TIDAK SEHAT,DKI2 Kelapa Gading
10/3/2021,202110,64,86,62,11,53,18,86,PM2.5,SEDANG,DKI2 Kelapa Gading
10/4/2021,202110,62,95,60,11,64,24,95,PM2.5,SEDANG,DKI2 Kelapa Gading
10/5/2021,202110,65,90,67,11,54,27,90,PM2.5,SEDANG,DKI2 Kelapa Gading
10/6/2021,202110,65,91,66,9,58,23,91,PM2.5,SEDANG,DKI2 Kelapa Gading
10/7/2021,202110,49,64,60,9,50,20,64,PM2.5,SEDANG,DKI2 Kelapa Gading
10/8/2021,202110,60,85,64,10,54,20,85,PM2.5,SEDANG,DKI2 Kelapa Gading
10/9/2021,202110,53,77,62,9,60,19,77,PM2.5,SEDANG,DKI2 Kelapa Gading
10/10/2021,202110,60,83,61,9,72,12,83,PM2.5,SEDANG,DKI2 Kelapa Gading
10/11/2021,202110,68,100,64,12,66,26,100,PM2.5,SEDANG,DKI2 Kelapa Gading
10/12/2021,202110,77,105,76,12,49,31,105,PM2.5,TIDAK SEHAT,DKI2 Kelapa Gading
10/13/2021,202110,57,76,63,9,58,18,76,PM2.5,SEDANG,DKI2 Kelapa Gading
10/14/2021,202110,73,105,65,12,70,28,105,PM2.5,TIDAK SEHAT,DKI2 Kelapa Gading
10/15/2021,202110,82,108,64,13,64,27,108,PM2.5,TIDAK SEHAT,DKI2 Kelapa Gading
10/16/2021,202110,64,95,63,13,63,28,95,PM2.5,SEDANG,DKI2 Kelapa Gading
10/17/2021,202110,71,77.5,63,12,65,22,71,PM10,SEDANG,DKI2 Kelapa Gading
10/18/2021,202110,50,60,58,9,45,13,60,PM2.5,SEDANG,DKI2 Kelapa Gading
10/19/2021,202110,46,63,60,16,42,29,63,PM2.5,SEDANG,DKI2 Kelapa Gading
10/20/2021,202110,50,67,73,11,50,26,73,SO2,SEDANG,DKI2 Kelapa Gading
10/21/2021,202110,52,68,61,9,57,24,68,PM2.5,SEDANG,DKI2 Kelapa Gading
10/22/2021,202110,73,115,82,14,46,38,115,PM2.5,TIDAK SEHAT,DKI2 Kelapa Gading
10/23/2021,202110,67,95,81,10,53,28,95,PM2.5,SEDANG,DKI2 Kelapa Gading
10/24/2021,202110,62,96,60,12,62,21,96,PM2.5,SEDANG,DKI2 Kelapa Gading
10/25/2021,202110,65,100,62,12,70,27,100,PM2.5,SEDANG,DKI2 Kelapa Gading
10/26/2021,202110,63,83,67,13,50,32,83,PM2.5,SEDANG,DKI2 Kelapa Gading
10/27/2021,202110,62,86,64,10,49,21,86,PM2.5,SEDANG,DKI2 Kelapa Gading
10/28/2021,202110,51,70,67,12,49,30,70,PM2.5,SEDANG,DKI2 Kelapa Gading
10/29/2021,202110,54,74,80,14,49,26,80,SO2,SEDANG,DKI2 Kelapa Gading
10/30/2021,202110,64,90,81,13,56,32,90,PM2.5,SEDANG,DKI2 Kelapa Gading
10/31/2021,202110,56,79,63,12,56,28,79,PM2.5,SEDANG,DKI2 Kelapa Gading
11/1/2021,202111,64,88,77,12,48,28,88,PM2.5,SEDANG,DKI2 Kelapa Gading
11/2/2021,202111,51,70,13,14,49,34,70,PM2.5,SEDANG,DKI2 Kelapa Gading
11/3/2021,202111,52,82.5,14,13.5,41,27,52,PM10,SEDANG,DKI2 Kelapa Gading
11/4/2021,202111,63,95,20,13,63,42,95,PM2.5,SEDANG,DKI2 Kelapa Gading
11/5/2021,202111,64,84,26,14,46,34,84,PM2.5,SEDANG,DKI2 Kelapa Gading
11/6/2021,202111,51,73,13,11,52,26,73,PM2.5,SEDANG,DKI2 Kelapa Gading
11/7/2021,202111,39,62,7,10,55,17,62,PM2.5,SEDANG,DKI2 Kelapa Gading
11/8/2021,202111,53,73,12.25,14,39,26,73,PM2.5,SEDANG,DKI2 Kelapa Gading
11/9/2021,202111,61,86,17.5,11,47,28,86,PM2.5,SEDANG,DKI2 Kelapa Gading
11/10/2021,202111,32,59,22.75,9,36,21,59,PM2.5,SEDANG,DKI2 Kelapa Gading
11/11/2021,202111,37,58,28,11,36,21,58,PM2.5,SEDANG,DKI2 Kelapa Gading
11/12/2021,202111,34,54,18,9,38,19,54,PM2.5,SEDANG,DKI2 Kelapa Gading
11/13/2021,202111,32.5,78,14.75,16,52,25,78,PM2.5,SEDANG,DKI2 Kelapa Gading
11/14/2021,202111,31,59,11.5,13,46,19,59,PM2.5,SEDANG,DKI2 Kelapa Gading
11/15/2021,202111,29.5,57,8.25,9,36,17,57,PM2.5,SEDANG,DKI2 Kelapa Gading
11/16/2021,202111,28,53,5,8,41,14,53,PM2.5,SEDANG,DKI2 Kelapa Gading
11/17/2021,202111,60,80,21,11,45,27,80,PM2.5,SEDANG,DKI2 Kelapa Gading
11/18/2021,202111,58,81,14,10,56,24,81,PM2.5,SEDANG,DKI2 Kelapa Gading
11/19/2021,202111,32,45,5,7,42,12,45,PM2.5,BAIK,DKI2 Kelapa Gading
11/20/2021,202111,29,50,7,8,41,16,50,PM2.5,BAIK,DKI2 Kelapa Gading
11/21/2021,202111,40,58,7,15,45,18,58,PM2.5,SEDANG,DKI2 Kelapa Gading
11/22/2021,202111,25,44,8,7,41,12,44,PM2.5,BAIK,DKI2 Kelapa Gading
11/23/2021,202111,25,55,5,7,41,9,55,PM2.5,SEDANG,DKI2 Kelapa Gading
11/24/2021,202111,21,45,4,7,37,12,45,PM2.5,BAIK,DKI2 Kelapa Gading
11/25/2021,202111,39,58,7,9,40,21,58,PM2.5,SEDANG,DKI2 Kelapa Gading
11/26/2021,202111,48,68,11,11,39,31,68,PM2.5,SEDANG,DKI2 Kelapa Gading
11/27/2021,202111,34,65,7,8,45,15,45,O3,BAIK,DKI2 Kelapa Gading
11/28/2021,202111,18,62,3,7,47,9,47,O3,BAIK,DKI2 Kelapa Gading
11/29/2021,202111,22,59,4,8,42,12,42,O3,BAIK,DKI2 Kelapa Gading
11/30/2021,202111,30,56,5,8,44,17,44,O3,BAIK,DKI2 Kelapa Gading
12/1/2021,202112,53,53,8,12,41,30,53,PM10,SEDANG,DKI2 Kelapa Gading
12/2/2021,202112,32,50,40,7,40,14,50,PM2.5,BAIK,DKI2 Kelapa Gading
12/3/2021,202112,34,55,41,9,48,17,55,PM2.5,SEDANG,DKI2 Kelapa Gading
12/4/2021,202112,40,63,43,8,43,16,63,PM2.5,SEDANG,DKI2 Kelapa Gading
12/5/2021,202112,46,65,44,14,39,24,65,PM2.5,SEDANG,DKI2 Kelapa Gading
12/6/2021,202112,61,88,51,18,45,31,88,PM2.5,SEDANG,DKI2 Kelapa Gading
12/7/2021,202112,33,58,42,11,43,19,58,PM2.5,SEDANG,DKI2 Kelapa Gading
12/8/2021,202112,49,71,31,15,51,30,71,PM2.5,SEDANG,DKI2 Kelapa Gading
12/9/2021,202112,31,52,32,8,50,20,52,PM2.5,SEDANG,DKI2 Kelapa Gading
12/10/2021,202112,33,54,34,9,41,24,54,PM2.5,SEDANG,DKI2 Kelapa Gading
12/11/2021,202112,33,50,33,8,51,22,51,O3,SEDANG,DKI2 Kelapa Gading
12/12/2021,202112,49,62,40,13,42,22,62,PM2.5,SEDANG,DKI2 Kelapa Gading
12/13/2021,202112,31,53,34,9,34,23,53,PM2.5,SEDANG,DKI2 Kelapa Gading
12/14/2021,202112,51,65,43,9,35,26,65,PM2.5,SEDANG,DKI2 Kelapa Gading
12/15/2021,202112,62,86,44,11,50,30,86,PM2.5,SEDANG,DKI2 Kelapa Gading
12/17/2021,202112,58,75,35,15,57,32,75,PM2.5,SEDANG,DKI2 Kelapa Gading
12/18/2021,202112,44,64,35,13,54,24,64,PM2.5,SEDANG,DKI2 Kelapa Gading
12/19/2021,202112,65,96,40,21,78,33,96,PM2.5,SEDANG,DKI2 Kelapa Gading
12/20/2021,202112,53,67,32,11,58,20,67,PM2.5,SEDANG,DKI2 Kelapa Gading
12/21/2021,202112,55,74,40,15,56,33,74,PM2.5,SEDANG,DKI2 Kelapa Gading
12/22/2021,202112,65,94,36,21,54,49,94,PM2.5,SEDANG,DKI2 Kelapa Gading
12/23/2021,202112,70,99,46,19,42,42,99,PM2.5,SEDANG,DKI2 Kelapa Gading
12/24/2021,202112,36,56,35,15,36,27,56,PM2.5,SEDANG,DKI2 Kelapa Gading
12/25/2021,202112,53,70,38,19,35,30,70,PM2.5,SEDANG,DKI2 Kelapa Gading
12/26/2021,202112,41,55,38,15,37,24,55,PM2.5,SEDANG,DKI2 Kelapa Gading
12/27/2021,202112,50,66,35,14,40,24,66,PM2.5,SEDANG,DKI2 Kelapa Gading
12/28/2021,202112,53,68,38,16,34,33,68,PM2.5,SEDANG,DKI2 Kelapa Gading
12/29/2021,202112,28,66,32,12,37,29,37,O3,BAIK,DKI2 Kelapa Gading
12/30/2021,202112,47,64,38,13,38,35,64,PM2.5,SEDANG,DKI2 Kelapa Gading
12/31/2021,202112,61,85,33,23,37,44,85,PM2.5,SEDANG,DKI2 Kelapa Gading
1/13/2022,202201,38,62,52,15,63,32,63,O3,SEDANG,DKI2 Kelapa Gading
1/14/2022,202201,46,63,48,15,63,32,63,PM2.5,SEDANG,DKI2 Kelapa Gading
1/19/2022,202201,45,61,45,15,69,22,69,O3,SEDANG,DKI2 Kelapa Gading
1/20/2022,202201,40,57,55,14,68,24,68,O3,SEDANG,DKI2 Kelapa Gading
1/26/2022,202201,38,56,45,14,57,24,57,O3,SEDANG,DKI2 Kelapa Gading
3/2/2022,202203,32,51,46,15,24,15,51,PM2.5,SEDANG,DKI2 Kelapa Gading
4/13/2022,202204,78,116,42,21,118,40,118,O3,TIDAK SEHAT,DKI2 Kelapa Gading
4/14/2022,202204,66,104,44,14,111,25,111,O3,TIDAK SEHAT,DKI2 Kelapa Gading
4/19/2022,202204,52,78,41,13,84,29,84,O3,SEDANG,DKI2 Kelapa Gading
4/30/2022,202204,39,53,38,16,17,6,53,PM2.5,SEDANG,DKI2 Kelapa Gading
5/3/2022,202205,36,58,40,13,58,23,58,PM2.5,SEDANG,DKI2 Kelapa Gading
5/11/2022,202205,54,75,41,12,81,26,81,O3,SEDANG,DKI2 Kelapa Gading
5/13/2022,202205,34,55,44,8,65,20,65,O3,SEDANG,DKI2 Kelapa Gading
6/3/2022,202206,51,68,44,20,72,36,72,O3,SEDANG,DKI2 Kelapa Gading
6/28/2022,202206,57,82,46,16,82,29,82,PM2.5,SEDANG,DKI2 Kelapa Gading
7/3/2022,202207,78,126,48,17,126,25,126,PM2.5,TIDAK SEHAT,DKI2 Kelapa Gading
7/8/2022,202207,55,80,48,17,95,25,95,O3,SEDANG,DKI2 Kelapa Gading
7/9/2022,202207,61,93,48,13,107,25,107,O3,TIDAK SEHAT,DKI2 Kelapa Gading
7/21/2022,202207,75,110,50,15,114,28,114,O3,TIDAK SEHAT,DKI2 Kelapa Gading
7/24/2022,202207,54,82,47,14,94,21,94,O3,SEDANG,DKI2 Kelapa Gading
7/25/2022,202207,56,87,46,16,91,24,91,O3,SEDANG,DKI2 Kelapa Gading
7/27/2022,202207,70,116,50,14,118,24,118,O3,TIDAK SEHAT,DKI2 Kelapa Gading
8/8/2022,202208,60,84,48,18,97,27,97,O3,SEDANG,DKI2 Kelapa Gading
8/9/2022,202208,61,88,50,14,103,21,103,O3,TIDAK SEHAT,DKI2 Kelapa Gading
8/12/2022,202208,65,94,49,17,97,25,97,O3,SEDANG,DKI2 Kelapa Gading
8/16/2022,202208,61,89,51,15,181,33,181,O3,TIDAK SEHAT,DKI2 Kelapa Gading
8/17/2022,202208,55,78,48,17,108,25,108,O3,TIDAK SEHAT,DKI2 Kelapa Gading
8/22/2022,202208,57,78,49,13,79,22,79,O3,SEDANG,DKI2 Kelapa Gading
9/23/2022,202209,73,97,50,24,50,45,97,PM2.5,SEDANG,DKI2 Kelapa Gading
10/25/2022,202210,27,53,51,9,30,19,53,PM2.5,SEDANG,DKI2 Kelapa Gading
11/18/2022,202211,42,53,53,16,29,27,53,PM2.5,SEDANG,DKI2 Kelapa Gading
12/1/2022,202212,59,74,46,15,50,31,74,PM2.5,SEDANG,DKI2 Kelapa Gading
12/2/2022,202212,55,67,51,14,42,30,67,PM2.5,SEDANG,DKI2 Kelapa Gading
12/3/2022,202212,56,73,50,15,49,31,73,PM2.5,SEDANG,DKI2 Kelapa Gading
12/4/2022,202212,58,70,50,19,45,34,70,PM2.5,SEDANG,DKI2 Kelapa Gading
12/5/2022,202212,61,81,52,19,48,33,81,PM2.5,SEDANG,DKI2 Kelapa Gading
12/6/2022,202212,66,86,49,24,41,44,86,PM2.5,SEDANG,DKI2 Kelapa Gading
12/7/2022,202212,51,68,49,21,37,40,68,PM2.5,SEDANG,DKI2 Kelapa Gading
12/8/2022,202212,40,63,43,16,47,35,63,PM2.5,SEDANG,DKI2 Kelapa Gading
12/9/2022,202212,54,69,51,18,31,41,69,PM2.5,SEDANG,DKI2 Kelapa Gading
12/10/2022,202212,48.5,61,50,27,29,35,61,PM2.5,SEDANG,DKI2 Kelapa Gading
12/11/2022,202212,43,61,44,20,31,32,61,PM2.5,SEDANG,DKI2 Kelapa Gading
12/12/2022,202212,24,38,41,10,32,22,41,SO2,BAIK,DKI2 Kelapa Gading
12/13/2022,202212,26,37,43,13,28,23,43,SO2,BAIK,DKI2 Kelapa Gading
12/14/2022,202212,25,36,41,10,30,17,41,SO2,BAIK,DKI2 Kelapa Gading
12/15/2022,202212,28,44,45,10,29,23,45,SO2,BAIK,DKI2 Kelapa Gading
12/16/2022,202212,49,61,52,12,28,30,61,PM2.5,SEDANG,DKI2 Kelapa Gading
12/17/2022,202212,46,84,52,29,38,45,84,PM2.5,SEDANG,DKI2 Kelapa Gading
12/18/2022,202212,43,89,49,21,46,45,89,PM2.5,SEDANG,DKI2 Kelapa Gading
12/19/2022,202212,40,97,57,27,39,48,97,PM2.5,SEDANG,DKI2 Kelapa Gading
12/20/2022,202212,37,96,54,22,29,47,96,PM2.5,SEDANG,DKI2 Kelapa Gading
12/21/2022,202212,34,59,62,45,25,32,62,SO2,SEDANG,DKI2 Kelapa Gading
12/22/2022,202212,31,57,59,49,23,24,59,SO2,SEDANG,DKI2 Kelapa Gading
12/23/2022,202212,31,40,57,38,24,18,57,SO2,SEDANG,DKI2 Kelapa Gading
12/23/2022,202212,26,40,57,38,21,18,57,SO2,SEDANG,DKI2 Kelapa Gading
12/24/2022,202212,46,68,57,55,26,24,68,PM2.5,SEDANG,DKI2 Kelapa Gading
12/25/2022,202212,42,56,57,45,25,18,57,SO2,SEDANG,DKI2 Kelapa Gading
12/25/2022,202212,36,51,57,45,20,18,57,SO2,SEDANG,DKI2 Kelapa Gading
12/26/2022,202212,43,62,58,54,25,27,62,PM2.5,SEDANG,DKI2 Kelapa Gading
12/26/2022,202212,43,62,58,54,21,27,62,PM2.5,SEDANG,DKI2 Kelapa Gading
12/27/2022,202212,36,47,58,42,20,18,58,SO2,SEDANG,DKI2 Kelapa Gading
12/27/2022,202212,29,42,58,42,15,18,58,SO2,SEDANG,DKI2 Kelapa Gading
12/28/2022,202212,35,51,57,41,15,19,57,SO2,SEDANG,DKI2 Kelapa Gading
12/29/2022,202212,23,50,57,12,16,15,57,SO2,SEDANG,DKI2 Kelapa Gading
12/29/2022,202212,23,23,57,12,16,15,57,SO2,SEDANG,DKI2 Kelapa Gading
12/30/2022,202212,40,55,57,21,17,24,57,SO2,SEDANG,DKI2 Kelapa Gading
12/31/2022,202212,47,58,56,21,23,24,58,PM2.5,SEDANG,DKI2 Kelapa Gading
1/1/2023,202301,44,61,56,16,20,19,61,PM2.5,SEDANG,DKI2 Kelapa Gading
1/2/2023,202301,34,43,59,15,21,19,59,SO2,SEDANG,DKI2 Kelapa Gading
1/3/2023,202301,28,34,57,13,21,16,57,SO2,SEDANG,DKI2 Kelapa Gading
1/4/2023,202301,31,49,60,17,21,26,60,SO2,SEDANG,DKI2 Kelapa Gading
1/5/2023,202301,37,53,57,26,21,35,57,SO2,SEDANG,DKI2 Kelapa Gading
1/6/2023,202301,30,43,56,14,18,19,56,SO2,SEDANG,DKI2 Kelapa Gading
1/7/2023,202301,23,44,56,11,17,15,56,SO2,SEDANG,DKI2 Kelapa Gading
1/8/2023,202301,28,60,56,10,17,10,60,PM2.5,SEDANG,DKI2 Kelapa Gading
1/9/2023,202301,24,44,57,9,19,17,57,SO2,SEDANG,DKI2 Kelapa Gading
1/10/2023,202301,35,51,56,10,20,21,56,SO2,SEDANG,DKI2 Kelapa Gading
1/11/2023,202301,40,65,58,18,28,27,65,PM2.5,SEDANG,DKI2 Kelapa Gading
1/12/2023,202301,69,87,60,17,38,32,87,PM2.5,SEDANG,DKI2 Kelapa Gading
1/13/2023,202301,62,81,58,13,44,20,81,PM2.5,SEDANG,DKI2 Kelapa Gading
1/14/2023,202301,57,79,58,25,37,40,79,PM2.5,SEDANG,DKI2 Kelapa Gading
1/15/2023,202301,48,54,57,12,22,23,57,SO2,SEDANG,DKI2 Kelapa Gading
1/16/2023,202301,35,48,56,10,19,17,56,SO2,SEDANG,DKI2 Kelapa Gading
1/17/2023,202301,39,47,57,12,15,17,57,SO2,SEDANG,DKI2 Kelapa Gading
1/18/2023,202301,56,66,63,15,17,27,66,PM2.5,SEDANG,DKI2 Kelapa Gading
1/19/2023,202301,55,62,58,19,15,30,62,PM2.5,SEDANG,DKI2 Kelapa Gading
1/20/2023,202301,36,58,59,13,16,25,59,SO2,SEDANG,DKI2 Kelapa Gading
1/21/2023,202301,44,58,57,23,14,32,58,PM2.5,SEDANG,DKI2 Kelapa Gading
1/22/2023,202301,37,52,59,11,16,15,59,SO2,SEDANG,DKI2 Kelapa Gading
1/23/2023,202301,27,53,62,8,17,9,62,SO2,SEDANG,DKI2 Kelapa Gading
1/24/2023,202301,33,50,60,11,17,14,60,SO2,SEDANG,DKI2 Kelapa Gading
1/25/2023,202301,37,45,60,10,13,14,60,SO2,SEDANG,DKI2 Kelapa Gading
1/26/2023,202301,39,43,58,14,13,20,58,SO2,SEDANG,DKI2 Kelapa Gading
1/27/2023,202301,33,56,50.16666667,9,17,22.5,56,PM2.5,SEDANG,DKI2 Kelapa Gading
1/28/2023,202301,30,48,42.33333333,10,32,25,48,PM2.5,BAIK,DKI2 Kelapa Gading
1/29/2023,202301,51,60,34.5,17,37,21,60,PM2.5,SEDANG,DKI2 Kelapa Gading
1/30/2023,202301,40,56,26.66666667,10,26,21,56,PM2.5,SEDANG,DKI2 Kelapa Gading
1/31/2023,202301,42,60,18.83333333,9,19,22,60,PM2.5,SEDANG,DKI2 Kelapa Gading
2/1/2023,202302,44,55,11,9,28,21,55,PM2.5,SEDANG,DKI2 Kelapa Gading
2/2/2023,202302,41,53,59,9,30,25,59,SO2,SEDANG,DKI2 Kelapa Gading
2/3/2023,202302,26,39,21,10,25,21,39,PM2.5,BAIK,DKI2 Kelapa Gading
2/4/2023,202302,54,68,24,10,27,27,68,PM2.5,SEDANG,DKI2 Kelapa Gading
2/5/2023,202302,44,56,19,7,28,18,56,PM2.5,SEDANG,DKI2 Kelapa Gading
2/6/2023,202302,36,53,33,6,17,12,53,PM2.5,SEDANG,DKI2 Kelapa Gading
2/7/2023,202302,39,50,25,7,22,19,50,PM2.5,BAIK,DKI2 Kelapa Gading
2/8/2023,202302,30,43,19,9,25,23,43,PM2.5,BAIK,DKI2 Kelapa Gading
2/9/2023,202302,38,52,21,8,20,19,52,PM2.5,SEDANG,DKI2 Kelapa Gading
2/10/2023,202302,25,32,18,6,17,15,32,PM2.5,BAIK,DKI2 Kelapa Gading
2/11/2023,202302,30,34,17,8,20,16,34,PM2.5,BAIK,DKI2 Kelapa Gading
2/12/2023,202302,20,22,17,6,19,16,22,PM2.5,BAIK,DKI2 Kelapa Gading
2/13/2023,202302,28,30,17,8,16,15,30,PM2.5,BAIK,DKI2 Kelapa Gading
2/14/2023,202302,21,23,16,7,16,13,23,PM2.5,BAIK,DKI2 Kelapa Gading
2/15/2023,202302,23,28,17,6,17,11,28,PM2.5,BAIK,DKI2 Kelapa Gading
2/16/2023,202302,32,35,20,7,17,15,35,PM2.5,BAIK,DKI2 Kelapa Gading
2/17/2023,202302,38,39,22,9,17,18,39,PM2.5,BAIK,DKI2 Kelapa Gading
2/18/2023,202302,52,61,19,15,19,26,61,PM2.5,SEDANG,DKI2 Kelapa Gading
2/19/2023,202302,57,69,25,13,20,23,69,PM2.5,SEDANG,DKI2 Kelapa Gading
2/20/2023,202302,39,51,28,9,18,15,51,PM2.5,SEDANG,DKI2 Kelapa Gading
2/21/2023,202302,25,39,19,8,14,13,39,PM2.5,BAIK,DKI2 Kelapa Gading
2/22/2023,202302,27,37,20,7,25,16,37,PM2.5,BAIK,DKI2 Kelapa Gading
2/23/2023,202302,29,40,18,10,26,24,40,PM2.5,BAIK,DKI2 Kelapa Gading
2/24/2023,202302,22,34,16,10,31,25,34,PM2.5,BAIK,DKI2 Kelapa Gading
2/25/2023,202302,37,47,16,9,35,23,47,PM2.5,BAIK,DKI2 Kelapa Gading
2/26/2023,202302,29,47,17,8,36,18,47,PM2.5,BAIK,DKI2 Kelapa Gading
2/27/2023,202302,35,34,17,5,39,13,39,O3,BAIK,DKI2 Kelapa Gading
2/28/2023,202302,35,50,22,8,26,22,50,PM2.5,BAIK,DKI2 Kelapa Gading
3/1/2023,202303,37,41,20,10,20,23,41,2,BAIK,DKI2 Kelapa Gading
3/2/2023,202303,26,38,19,13,15,25,38,2,BAIK,DKI2 Kelapa Gading
3/3/2023,202303,34,41,20,10,19,22,41,2,BAIK,DKI2 Kelapa Gading
3/4/2023,202303,30,36,19,11,17,19,36,2,BAIK,DKI2 Kelapa Gading
3/5/2023,202303,34,45,19,10,21,18,45,2,BAIK,DKI2 Kelapa Gading
3/6/2023,202303,37,48,19,8,20,19,48,2,BAIK,DKI2 Kelapa Gading
3/7/2023,202303,37,53,23,8,15,16,53,2,SEDANG,DKI2 Kelapa Gading
3/8/2023,202303,33,41,19,7,21,20,41,2,BAIK,DKI2 Kelapa Gading
3/9/2023,202303,51,58,20,11,18,31,58,2,SEDANG,DKI2 Kelapa Gading
3/10/2023,202303,42,58,18,12,24,26,58,2,SEDANG,DKI2 Kelapa Gading
3/11/2023,202303,48,63,21,16,28,35,63,2,SEDANG,DKI2 Kelapa Gading
3/12/2023,202303,73,94,27,16,24,36,94,2,SEDANG,DKI2 Kelapa Gading
3/13/2023,202303,58,79,34,10,28,25,79,2,SEDANG,DKI2 Kelapa Gading
3/14/2023,202303,44,54,19,7,27,21,54,2,SEDANG,DKI2 Kelapa Gading
3/15/2023,202303,34,50,23,9,24,24,50,2,BAIK,DKI2 Kelapa Gading
3/16/2023,202303,68,87,23,22,20,36,87,2,SEDANG,DKI2 Kelapa Gading
3/17/2023,202303,56,64,23,10,25,20,64,2,SEDANG,DKI2 Kelapa Gading
3/18/2023,202303,56,69,28,11,26,27,69,2,SEDANG,DKI2 Kelapa Gading
3/19/2023,202303,62,70,31,12,28,24,70,2,SEDANG,DKI2 Kelapa Gading
3/20/2023,202303,57,77,22,12,32,23,77,2,SEDANG,DKI2 Kelapa Gading
3/21/2023,202303,63,83,28,12,29,31,83,2,SEDANG,DKI2 Kelapa Gading
3/22/2023,202303,58,66,21,7,41,19,66,2,SEDANG,DKI2 Kelapa Gading
3/23/2023,202303,40,56,21,5,37,13,56,2,SEDANG,DKI2 Kelapa Gading
3/24/2023,202303,45.5,59,21,5,37,17,59,2,SEDANG,DKI2 Kelapa Gading
3/25/2023,202303,51,71,21,10,36,28,71,2,SEDANG,DKI2 Kelapa Gading
3/26/2023,202303,52,62,22,10,34,27,62,2,SEDANG,DKI2 Kelapa Gading
3/27/2023,202303,33,52,20,9,30,26,52,2,SEDANG,DKI2 Kelapa Gading
3/28/2023,202303,58,76,44,19,23,34,76,2,SEDANG,DKI2 Kelapa Gading
3/29/2023,202303,72,87,33,19,22,29,87,2,SEDANG,DKI2 Kelapa Gading
3/30/2023,202303,52,64,28,17,21,29,64,2,SEDANG,DKI2 Kelapa Gading
3/31/2023,202303,43,53,21,12,37,26,53,2,SEDANG,DKI2 Kelapa Gading
4/1/2023,202304,31,40,22,6,24,14,40,PM2.5,BAIK,DKI2 Kelapa Gading
4/2/2023,202304,27,41,22,7,26,18,41,PM2.5,BAIK,DKI2 Kelapa Gading
4/3/2023,202304,64,79,40,12,31,29,79,PM2.5,SEDANG,DKI2 Kelapa Gading
4/4/2023,202304,50,56,22,10,21,21,56,PM2.5,SEDANG,DKI2 Kelapa Gading
4/5/2023,202304,48,68,26,9,36,24,68,PM2.5,SEDANG,DKI2 Kelapa Gading
4/6/2023,202304,57,70,25,9,30,26,70,PM2.5,SEDANG,DKI2 Kelapa Gading
4/7/2023,202304,50,71,31,8,34,20,71,PM2.5,SEDANG,DKI2 Kelapa Gading
4/8/2023,202304,67,87,30,8,49,23,87,PM2.5,SEDANG,DKI2 Kelapa Gading
4/9/2023,202304,71,92,35,15,32,34,92,PM2.5,SEDANG,DKI2 Kelapa Gading
4/10/2023,202304,31,39,21,5,27,12,39,PM2.5,BAIK,DKI2 Kelapa Gading
4/11/2023,202304,24,32,22,6,19,13,32,PM2.5,BAIK,DKI2 Kelapa Gading
4/12/2023,202304,27,35,20,6,16,12,35,PM2.5,BAIK,DKI2 Kelapa Gading
4/13/2023,202304,27,36,19,6,19,13,36,PM2.5,BAIK,DKI2 Kelapa Gading
4/14/2023,202304,40,57,25,9,28,21,57,PM2.5,SEDANG,DKI2 Kelapa Gading
4/15/2023,202304,64,77,30,14,34,31,77,PM2.5,SEDANG,DKI2 Kelapa Gading
4/16/2023,202304,50,62,26,9,28,23,62,PM2.5,SEDANG,DKI2 Kelapa Gading
4/17/2023,202304,45,56,25,8,27,21,56,PM2.5,SEDANG,DKI2 Kelapa Gading
4/18/2023,202304,55,71,37,6,35,18,71,PM2.5,SEDANG,DKI2 Kelapa Gading
4/19/2023,202304,56,75,29,10,45,22,75,PM2.5,SEDANG,DKI2 Kelapa Gading
4/20/2023,202304,48,67,24,13,47,26,67,PM2.5,SEDANG,DKI2 Kelapa Gading
4/21/2023,202304,54,72,22,8,49,15,72,PM2.5,SEDANG,DKI2 Kelapa Gading
4/22/2023,202304,47,64,37,7,44,11,64,PM2.5,SEDANG,DKI2 Kelapa Gading
4/23/2023,202304,46,64,21,4,51,6,64,PM2.5,SEDANG,DKI2 Kelapa Gading
4/24/2023,202304,51,65,41,6,39,17,65,PM2.5,SEDANG,DKI2 Kelapa Gading
4/25/2023,202304,37,52,25,6,34,15,52,PM2.5,SEDANG,DKI2 Kelapa Gading
4/26/2023,202304,42,57,32,7,27,13,57,PM2.5,SEDANG,DKI2 Kelapa Gading
4/27/2023,202304,53,70,26,13,33,23,70,PM2.5,SEDANG,DKI2 Kelapa Gading
4/28/2023,202304,40,54,21,4,35,12,54,PM2.5,SEDANG,DKI2 Kelapa Gading
4/29/2023,202304,56,74,22,9,42,18,74,PM2.5,SEDANG,DKI2 Kelapa Gading
4/30/2023,202304,64,84,29,7,47,15,84,PM2.5,SEDANG,DKI2 Kelapa Gading
5/1/2023,202305,50,61,23,7,35,16,61,PM2.5,SEDANG,DKI2 Kelapa Gading
5/2/2023,202305,69,97,33,10,36,21,97,PM2.5,SEDANG,DKI2 Kelapa Gading
5/3/2023,202305,58,70,31,7,35,19,70,PM2.5,SEDANG,DKI2 Kelapa Gading
5/4/2023,202305,43,55,26,7,32,20,55,PM2.5,SEDANG,DKI2 Kelapa Gading
5/5/2023,202305,52,70,52,10,38,27,70,PM2.5,SEDANG,DKI2 Kelapa Gading
5/6/2023,202305,51,65,50,7,45,21,65,PM2.5,SEDANG,DKI2 Kelapa Gading
5/7/2023,202305,57,73,51,12,40,29,73,PM2.5,SEDANG,DKI2 Kelapa Gading
5/8/2023,202305,51,68,50,12,39,28,68,PM2.5,SEDANG,DKI2 Kelapa Gading
5/10/2023,202305,70,94,52,8,42,19,94,PM2.5,SEDANG,DKI2 Kelapa Gading
5/11/2023,202305,71,88,52,7,37,21,88,PM2.5,SEDANG,DKI2 Kelapa Gading
5/12/2023,202305,34,43,48,4,25,10,48,SO2,BAIK,DKI2 Kelapa Gading
5/13/2023,202305,53,69,52,6,32,18,69,PM2.5,SEDANG,DKI2 Kelapa Gading
5/14/2023,202305,53,77,51,10,29,26,77,PM2.5,SEDANG,DKI2 Kelapa Gading
5/15/2023,202305,59,77,51,9,37,26,77,PM2.5,SEDANG,DKI2 Kelapa Gading
5/16/2023,202305,70,87,51,9,35,22,87,PM2.5,SEDANG,DKI2 Kelapa Gading
5/17/2023,202305,69,86,52,7,31,20,86,PM2.5,SEDANG,DKI2 Kelapa Gading
5/18/2023,202305,71,95,52,8,34,21,95,PM2.5,SEDANG,DKI2 Kelapa Gading
5/19/2023,202305,68,87,52,8,37,17,87,PM2.5,SEDANG,DKI2 Kelapa Gading
5/20/2023,202305,71,93,53,9,31,24,93,PM2.5,SEDANG,DKI2 Kelapa Gading
5/21/2023,202305,72,98,52,8,39,16,98,PM2.5,SEDANG,DKI2 Kelapa Gading
5/22/2023,202305,68,89,52,13,38,27,89,PM2.5,SEDANG,DKI2 Kelapa Gading
5/23/2023,202305,79,99,53,14,27,33,99,PM2.5,SEDANG,DKI2 Kelapa Gading
5/24/2023,202305,77,99,53,10,28,25,99,PM2.5,SEDANG,DKI2 Kelapa Gading
5/25/2023,202305,77,100,54,11,39,28,100,PM2.5,SEDANG,DKI2 Kelapa Gading
5/26/2023,202305,78,100,55,11,34,28,100,PM2.5,SEDANG,DKI2 Kelapa Gading
5/27/2023,202305,73,95,53,8,36,22,95,PM2.5,SEDANG,DKI2 Kelapa Gading
5/28/2023,202305,64,87,54,8,36,22,87,PM2.5,SEDANG,DKI2 Kelapa Gading
5/29/2023,202305,72,91,51,10,35,20,91,PM2.5,SEDANG,DKI2 Kelapa Gading
5/30/2023,202305,74,96,51,9,38,20,96,PM2.5,SEDANG,DKI2 Kelapa Gading
5/31/2023,202305,74,98,54,12,36,31,98,PM2.5,SEDANG,DKI2 Kelapa Gading
6/1/2023,202306,72,94,53,10,40,25,94,PM2.5,SEDANG,DKI2 Kelapa Gading
6/2/2023,202306,74,95,53,8,33,18,95,PM2.5,SEDANG,DKI2 Kelapa Gading
6/3/2023,202306,69,87,55,7,33,17,87,PM2.5,SEDANG,DKI2 Kelapa Gading
6/4/2023,202306,67,87,51,8,36,16,87,PM2.5,SEDANG,DKI2 Kelapa Gading
6/5/2023,202306,61,79,53,9,34,21,79,PM2.5,SEDANG,DKI2 Kelapa Gading
6/6/2023,202306,65,83,53,11,30,27,83,PM2.5,SEDANG,DKI2 Kelapa Gading
6/7/2023,202306,69,86,56,17,23,35,86,PM2.5,SEDANG,DKI2 Kelapa Gading
6/8/2023,202306,68,87,53,8,26,20,87,PM2.5,SEDANG,DKI2 Kelapa Gading
6/9/2023,202306,69,82,54,8,21,20,82,PM2.5,SEDANG,DKI2 Kelapa Gading
6/10/2023,202306,58,83,52,8,38,18,83,PM2.5,SEDANG,DKI2 Kelapa Gading
6/11/2023,202306,70,98,55,8,34,18,98,PM2.5,SEDANG,DKI2 Kelapa Gading
6/12/2023,202306,65,92,51,9,35,19,92,PM2.5,SEDANG,DKI2 Kelapa Gading
6/13/2023,202306,66,84,55,7,28,18,84,PM2.5,SEDANG,DKI2 Kelapa Gading
6/14/2023,202306,65,84,51,7,36,17,84,PM2.5,SEDANG,DKI2 Kelapa Gading
6/15/2023,202306,70,97,57,11,28,30,97,PM2.5,SEDANG,DKI2 Kelapa Gading
6/16/2023,202306,64.5,83,52,8,28,23,83,PM2.5,SEDANG,DKI2 Kelapa Gading
6/17/2023,202306,59,73,52,14,21,31,73,PM2.5,SEDANG,DKI2 Kelapa Gading
6/18/2023,202306,76,93,63,14,23,31,93,PM2.5,SEDANG,DKI2 Kelapa Gading
6/19/2023,202306,59,67,51,9,28,20,67,PM2.5,SEDANG,DKI2 Kelapa Gading
6/20/2023,202306,61,72,53,16,20,28,72,PM2.5,SEDANG,DKI2 Kelapa Gading
6/21/2023,202306,65,88,54,7,34,22,88,PM2.5,SEDANG,DKI2 Kelapa Gading
6/22/2023,202306,73,92,52,10,35,25,92,PM2.5,SEDANG,DKI2 Kelapa Gading
6/23/2023,202306,67,86,54,8,27,18,86,PM2.5,SEDANG,DKI2 Kelapa Gading
6/24/2023,202306,59,75,52,7,38,20,75,PM2.5,SEDANG,DKI2 Kelapa Gading
6/25/2023,202306,61,80,50,8,37,19,80,PM2.5,SEDANG,DKI2 Kelapa Gading
6/26/2023,202306,59,74,51,10,33,25,74,PM2.5,SEDANG,DKI2 Kelapa Gading
6/27/2023,202306,75,96,55,10,38,30,96,PM2.5,SEDANG,DKI2 Kelapa Gading
6/28/2023,202306,56,67,54,8,26,24,67,PM2.5,SEDANG,DKI2 Kelapa Gading
6/29/2023,202306,40,55,51,5,33,14,55,PM2.5,SEDANG,DKI2 Kelapa Gading
6/30/2023,202306,48,62,52,6,32,15,62,PM2.5,SEDANG,DKI2 Kelapa Gading
7/1/2023,202307,62,76,51,11,34,26,76,PM2.5,SEDANG,DKI2 Kelapa Gading
7/2/2023,202307,64,79,51,13,36,30,79,PM2.5,SEDANG,DKI2 Kelapa Gading
7/3/2023,202307,61,78,51,8,34,19,78,PM2.5,SEDANG,DKI2 Kelapa Gading
7/4/2023,202307,58,73,50,9,36,22,73,PM2.5,SEDANG,DKI2 Kelapa Gading
7/5/2023,202307,82,105,55,12,37,26,105,PM2.5,TIDAK SEHAT,DKI2 Kelapa Gading
7/6/2023,202307,73,87,51,13,28,36,87,PM2.5,SEDANG,DKI2 Kelapa Gading
7/7/2023,202307,69,86,57,12,22,38,86,PM2.5,SEDANG,DKI2 Kelapa Gading
7/8/2023,202307,60,70,53,15,23,33,70,PM2.5,SEDANG,DKI2 Kelapa Gading
7/9/2023,202307,60,69,53,12,21,23,69,PM2.5,SEDANG,DKI2 Kelapa Gading
7/10/2023,202307,54,67,52,6,27,16,67,PM2.5,SEDANG,DKI2 Kelapa Gading
7/11/2023,202307,69,83,58,9,23,22,83,PM2.5,SEDANG,DKI2 Kelapa Gading
7/12/2023,202307,70,91,53,9,43,23,91,PM2.5,SEDANG,DKI2 Kelapa Gading
7/13/2023,202307,75,91,55,10,41,28,91,PM2.5,SEDANG,DKI2 Kelapa Gading
7/14/2023,202307,68,84,51,9,50,22,84,PM2.5,SEDANG,DKI2 Kelapa Gading
7/15/2023,202307,67,79,52,10,38,26,79,PM2.5,SEDANG,DKI2 Kelapa Gading
7/16/2023,202307,63,76,53,8,33,19,76,PM2.5,SEDANG,DKI2 Kelapa Gading
7/17/2023,202307,57,69,52,8,31,19,69,PM2.5,SEDANG,DKI2 Kelapa Gading
7/18/2023,202307,74,93,55,8,28,21,93,PM2.5,SEDANG,DKI2 Kelapa Gading
7/19/2023,202307,69,83,55,8,29,23,83,PM2.5,SEDANG,DKI2 Kelapa Gading
7/20/2023,202307,62,76,54,9,38,24,76,PM2.5,SEDANG,DKI2 Kelapa Gading
7/21/2023,202307,67,78,54,10,37,31,78,PM2.5,SEDANG,DKI2 Kelapa Gading
7/22/2023,202307,80,99,55,10,39,27,99,PM2.5,SEDANG,DKI2 Kelapa Gading
7/23/2023,202307,64,75,54,6,33,17,75,PM2.5,SEDANG,DKI2 Kelapa Gading
7/24/2023,202307,67,77,55,6,37,18,77,PM2.5,SEDANG,DKI2 Kelapa Gading
7/25/2023,202307,73,91,56,11,30,38,91,PM2.5,SEDANG,DKI2 Kelapa Gading
7/26/2023,202307,70,88,57,8,39,24,88,PM2.5,SEDANG,DKI2 Kelapa Gading
7/27/2023,202307,85,112,55,14,36,33,112,PM2.5,TIDAK SEHAT,DKI2 Kelapa Gading
7/28/2023,202307,81,93,56,10,26,25,93,PM2.5,SEDANG,DKI2 Kelapa Gading
7/29/2023,202307,79,98,57,9,32,27,98,PM2.5,SEDANG,DKI2 Kelapa Gading
7/30/2023,202307,78,94,56,8,36,18,94,PM2.5,SEDANG,DKI2 Kelapa Gading
7/31/2023,202307,71,82,55,8,33,16,82,PM2.5,SEDANG,DKI2 Kelapa Gading
8/1/2023,202308,67,79,57,7,27,22,79,PM2.5,SEDANG,DKI2 Kelapa Gading
8/2/2023,202308,66,77,56,7,24,23,77,PM2.5,SEDANG,DKI2 Kelapa Gading
8/3/2023,202308,68,79,54,7,32,20,79,PM2.5,SEDANG,DKI2 Kelapa Gading
8/4/2023,202308,74,90,54,7,40,18,90,PM2.5,SEDANG,DKI2 Kelapa Gading
8/5/2023,202308,73,86,54,7,34,18,86,PM2.5,SEDANG,DKI2 Kelapa Gading
8/6/2023,202308,70,89,54,9,37,20,89,PM2.5,SEDANG,DKI2 Kelapa Gading
8/7/2023,202308,77,97,53,9,42,19,97,PM2.5,SEDANG,DKI2 Kelapa Gading
8/8/2023,202308,74,82,55,7,29,22,82,PM2.5,SEDANG,DKI2 Kelapa Gading
8/9/2023,202308,66,72,53,5,33,14,72,PM2.5,SEDANG,DKI2 Kelapa Gading
8/10/2023,202308,68,82,54,6,39,18,82,PM2.5,SEDANG,DKI2 Kelapa Gading
8/11/2023,202308,75,89,54,6,44,18,89,PM2.5,SEDANG,DKI2 Kelapa Gading
8/12/2023,202308,71,81,54,6,39,16,81,PM2.5,SEDANG,DKI2 Kelapa Gading
8/13/2023,202308,67,78,55,7,36,17,78,PM2.5,SEDANG,DKI2 Kelapa Gading
8/14/2023,202308,70,84,58,7,40,18,84,PM2.5,SEDANG,DKI2 Kelapa Gading
8/15/2023,202308,76,90,59,8,37,22,90,PM2.5,SEDANG,DKI2 Kelapa Gading
8/16/2023,202308,69,91,56,8,44,21,91,PM2.5,SEDANG,DKI2 Kelapa Gading
8/17/2023,202308,75,82,54,8,30,24,82,PM2.5,SEDANG,DKI2 Kelapa Gading
8/18/2023,202308,52,59,52,6,37,17,59,PM2.5,SEDANG,DKI2 Kelapa Gading
8/19/2023,202308,61,75,52,6,39,17,75,PM2.5,SEDANG,DKI2 Kelapa Gading
8/20/2023,202308,63,75,53,5,38,13,75,PM2.5,SEDANG,DKI2 Kelapa Gading
8/21/2023,202308,65,77,53,6,37,15,77,PM2.5,SEDANG,DKI2 Kelapa Gading
8/22/2023,202308,61,77,54,7,36,20,77,PM2.5,SEDANG,DKI2 Kelapa Gading
8/23/2023,202308,73,90,53,10,44,26,90,PM2.5,SEDANG,DKI2 Kelapa Gading
8/24/2023,202308,71,93,54,6,38,17,93,PM2.5,SEDANG,DKI2 Kelapa Gading
8/25/2023,202308,73,93,55,7,44,21,93,PM2.5,SEDANG,DKI2 Kelapa Gading
8/26/2023,202308,66,75,52,4,43,11,75,PM2.5,SEDANG,DKI2 Kelapa Gading
8/27/2023,202308,68,89,53,6,45,15,89,PM2.5,SEDANG,DKI2 Kelapa Gading
8/28/2023,202308,74,87,53,10,29,26,87,PM2.5,SEDANG,DKI2 Kelapa Gading
8/29/2023,202308,73,91,56,7,33,24,91,PM2.5,SEDANG,DKI2 Kelapa Gading
8/30/2023,202308,75,97,57,7,45,22,97,PM2.5,SEDANG,DKI2 Kelapa Gading
8/31/2023,202308,76,105,42,10,49,27,105,PM2.5,TIDAK SEHAT,DKI2 Kelapa Gading
9/1/2023,202309,81,101,32,8,49,26,101,PM2.5,TIDAK SEHAT,DKI2 Kelapa Gading
9/2/2023,202309,77,91,28,7,44,25,91,PM2.5,SEDANG,DKI2 Kelapa Gading
9/3/2023,202309,71,89,26,5,53,12,89,PM2.5,SEDANG,DKI2 Kelapa Gading
9/4/2023,202309,66,83,29,6,44,16,83,PM2.5,SEDANG,DKI2 Kelapa Gading
9/5/2023,202309,77,103,43,9,36,31,103,PM2.5,TIDAK SEHAT,DKI2 Kelapa Gading
9/6/2023,202309,67,88,26,9,40,26,88,PM2.5,SEDANG,DKI2 Kelapa Gading
9/7/2023,202309,68,96,22,8,40,24,96,PM2.5,SEDANG,DKI2 Kelapa Gading
9/8/2023,202309,75,97,25,7,37,21,97,PM2.5,SEDANG,DKI2 Kelapa Gading
9/9/2023,202309,69,91,22,6,41,16,91,PM2.5,SEDANG,DKI2 Kelapa Gading
9/10/2023,202309,67,89,22,7,41,17,89,PM2.5,SEDANG,DKI2 Kelapa Gading
9/11/2023,202309,65,86,20,7,45,18,86,PM2.5,SEDANG,DKI2 Kelapa Gading
9/12/2023,202309,65,90,21,8,25,24,90,PM2.5,SEDANG,DKI2 Kelapa Gading
9/13/2023,202309,61,84,20,6,37,17,84,PM2.5,SEDANG,DKI2 Kelapa Gading
9/14/2023,202309,61,77,20,7,37,19,77,PM2.5,SEDANG,DKI2 Kelapa Gading
9/15/2023,202309,65,86,19,7,37,17,86,PM2.5,SEDANG,DKI2 Kelapa Gading
9/16/2023,202309,67,90,22,7,40,18,90,PM2.5,SEDANG,DKI2 Kelapa Gading
9/17/2023,202309,64,79,20,6,39,14,79,PM2.5,SEDANG,DKI2 Kelapa Gading
9/18/2023,202309,56,71,19,5,44,15,71,PM2.5,SEDANG,DKI2 Kelapa Gading
9/19/2023,202309,69,80,19,5,42,20,80,PM2.5,SEDANG,DKI2 Kelapa Gading
9/20/2023,202309,69,85,21,8,28,25,85,PM2.5,SEDANG,DKI2 Kelapa Gading
9/21/2023,202309,65,83,20,6,37,17,83,PM2.5,SEDANG,DKI2 Kelapa Gading
9/22/2023,202309,68,87,21,7,40,25,87,PM2.5,SEDANG,DKI2 Kelapa Gading
9/23/2023,202309,65,83,22,6,37,19,83,PM2.5,SEDANG,DKI2 Kelapa Gading
9/24/2023,202309,56,75,20,6,42,17,75,PM2.5,SEDANG,DKI2 Kelapa Gading
9/25/2023,202309,75,105,23,11,48,29,105,PM2.5,TIDAK SEHAT,DKI2 Kelapa Gading
9/26/2023,202309,64,84,20,6,42,21,84,PM2.5,SEDANG,DKI2 Kelapa Gading
9/27/2023,202309,63,82,20,7,37,23,82,PM2.5,SEDANG,DKI2 Kelapa Gading
9/28/2023,202309,66,89,21,7,38,19,89,PM2.5,SEDANG,DKI2 Kelapa Gading
9/29/2023,202309,68,98,23,8,33,22,98,PM2.5,SEDANG,DKI2 Kelapa Gading
10/1/2023,202310,82,109,20,10,40,24,109,PM2.5,TIDAK SEHAT,DKI2 Kelapa Gading
10/2/2023,202310,79,100,23,8,42,21,100,PM2.5,SEDANG,DKI2 Kelapa Gading
10/3/2023,202310,59,74,19,6,44,19,74,PM2.5,SEDANG,DKI2 Kelapa Gading
10/4/2023,202310,72,93,24,7,46,21,93,PM2.5,SEDANG,DKI2 Kelapa Gading
10/5/2023,202310,66,83,22,5,34,16,83,PM2.5,SEDANG,DKI2 Kelapa Gading
10/6/2023,202310,68,86,24,6,38,19,86,PM2.5,SEDANG,DKI2 Kelapa Gading
10/7/2023,202310,81,107,22,12,33,32,107,PM2.5,TIDAK SEHAT,DKI2 Kelapa Gading
10/8/2023,202310,71,93,23,6,37,16,93,PM2.5,SEDANG,DKI2 Kelapa Gading
10/9/2023,202310,62,88,21,6,31,18,88,PM2.5,SEDANG,DKI2 Kelapa Gading
10/10/2023,202310,63,79,20,4,33,11,79,PM2.5,SEDANG,DKI2 Kelapa Gading
10/11/2023,202310,59,75,19,4,32,12,75,PM2.5,SEDANG,DKI2 Kelapa Gading
10/12/2023,202310,69,93,21,6,41,17,93,PM2.5,SEDANG,DKI2 Kelapa Gading
10/13/2023,202310,69,90,21,5,44,13,90,PM2.5,SEDANG,DKI2 Kelapa Gading
10/14/2023,202310,70,95,20,8,37,23,95,PM2.5,SEDANG,DKI2 Kelapa Gading
10/15/2023,202310,64,83,21,6,37,14,83,PM2.5,SEDANG,DKI2 Kelapa Gading
10/16/2023,202310,65,86,23,7,38,19,86,PM2.5,SEDANG,DKI2 Kelapa Gading
10/17/2023,202310,69,89,21,6,42,18,89,PM2.5,SEDANG,DKI2 Kelapa Gading
10/18/2023,202310,75,104,22,9,41,26,104,PM2.5,TIDAK SEHAT,DKI2 Kelapa Gading
10/19/2023,202310,73,91,23,6,38,20,91,PM2.5,SEDANG,DKI2 Kelapa Gading
10/20/2023,202310,62,81,23,6,31,20,81,PM2.5,SEDANG,DKI2 Kelapa Gading
10/21/2023,202310,67,89,21,10,28,28,89,PM2.5,SEDANG,DKI2 Kelapa Gading
10/22/2023,202310,60,78,20,7,32,16,78,PM2.5,SEDANG,DKI2 Kelapa Gading
10/23/2023,202310,64,85,21,7,31,20,85,PM2.5,SEDANG,DKI2 Kelapa Gading
10/24/2023,202310,66,90,23,8,30,26,90,PM2.5,SEDANG,DKI2 Kelapa Gading
10/25/2023,202310,64,85,22,8,37,28,85,PM2.5,SEDANG,DKI2 Kelapa Gading
10/26/2023,202310,78,106,28,13,35,40,106,PM2.5,TIDAK SEHAT,DKI2 Kelapa Gading
10/27/2023,202310,82,109,24,12,39,33,109,PM2.5,TIDAK SEHAT,DKI2 Kelapa Gading
10/28/2023,202310,72,93,20,9,39,26,93,PM2.5,SEDANG,DKI2 Kelapa Gading
10/29/2023,202310,74,92,23,8,40,21,92,PM2.5,SEDANG,DKI2 Kelapa Gading
10/30/2023,202310,65,86,20,8,43,21,86,PM2.5,SEDANG,DKI2 Kelapa Gading
10/31/2023,202310,73,96,21,8,44,25,96,PM2.5,SEDANG,DKI2 Kelapa Gading
11/1/2023,202311,70,88,25,10,33,34,88,PM2.5,SEDANG,DKI2 Kelapa Gading
11/2/2023,202311,62,85,20,13,39,35,85,PM2.5,SEDANG,DKI2 Kelapa Gading
11/3/2023,202311,69,98,22,15,32,45,98,PM2.5,SEDANG,DKI2 Kelapa Gading
11/4/2023,202311,70,102,29,14,29,44,102,PM2.5,TIDAK SEHAT,DKI2 Kelapa Gading
11/5/2023,202311,56,66,24,8,30,24,66,PM2.5,SEDANG,DKI2 Kelapa Gading
11/6/2023,202311,60,77,20,15,23,32,77,PM2.5,SEDANG,DKI2 Kelapa Gading
11/7/2023,202311,61,83,19,9,28,25,83,PM2.5,SEDANG,DKI2 Kelapa Gading
11/8/2023,202311,56,75,18,6,33,19,75,PM2.5,SEDANG,DKI2 Kelapa Gading
11/9/2023,202311,66,96,20,8,36,23,96,PM2.5,SEDANG,DKI2 Kelapa Gading
11/10/2023,202311,74,104,22,11,36,32,104,PM2.5,TIDAK SEHAT,DKI2 Kelapa Gading
11/11/2023,202311,67,89,19,9,42,29,89,PM2.5,SEDANG,DKI2 Kelapa Gading
11/12/2023,202311,68,90,22,10,37,27,90,PM2.5,SEDANG,DKI2 Kelapa Gading
11/13/2023,202311,72,94,24,12,29,33,94,PM2.5,SEDANG,DKI2 Kelapa Gading
11/14/2023,202311,63,79,22,7,31,21,79,PM2.5,SEDANG,DKI2 Kelapa Gading
11/15/2023,202311,50,67,22,8,32,24,67,PM2.5,SEDANG,DKI2 Kelapa Gading
11/16/2023,202311,54.5,82,20.5,10.5,36,31.5,82,PM2.5,SEDANG,DKI2 Kelapa Gading
11/17/2023,202311,59,81,19,13,40,39,81,PM2.5,SEDANG,DKI2 Kelapa Gading
11/18/2023,202311,54,73,18,9,35,31,73,PM2.5,SEDANG,DKI2 Kelapa Gading
11/19/2023,202311,57,75,21,10,32,28,75,PM2.5,SEDANG,DKI2 Kelapa Gading
11/20/2023,202311,52,68,21,5,36,18,68,PM2.5,SEDANG,DKI2 Kelapa Gading
11/21/2023,202311,55,81,21,7,36,25,81,PM2.5,SEDANG,DKI2 Kelapa Gading
11/22/2023,202311,50,63,19,7,46,23,63,PM2.5,SEDANG,DKI2 Kelapa Gading
11/23/2023,202311,59,84,32,8,36,27,84,PM2.5,SEDANG,DKI2 Kelapa Gading
11/24/2023,202311,72,99,33,14,29,47,99,PM2.5,SEDANG,DKI2 Kelapa Gading
11/25/2023,202311,60,72,33,13,19,37,72,PM2.5,SEDANG,DKI2 Kelapa Gading
11/26/2023,202311,52,68,32,15,24,33,68,PM2.5,SEDANG,DKI2 Kelapa Gading
11/27/2023,202311,56,68,33,6,34,23,68,PM2.5,SEDANG,DKI2 Kelapa Gading
11/28/2023,202311,54,73,32,10,26,31,73,PM2.5,SEDANG,DKI2 Kelapa Gading
11/29/2023,202311,62,78,36,7,28,24,78,PM2.5,SEDANG,DKI2 Kelapa Gading
11/30/2023,202311,38,59,32,8,33,26,59,PM2.5,SEDANG,DKI2 Kelapa Gading
11/7/2010,201011,69,,0,19,80,6,80,O3,SEDANG,DKI3 Jagakarsa
11/8/2010,201011,32,,0,8,56,3,56,O3,SEDANG,DKI3 Jagakarsa
11/9/2010,201011,50,,0,12,76,3,76,O3,SEDANG,DKI3 Jagakarsa
11/10/2010,201011,55,,0,15,215,10,215,O3,SANGAT TIDAK SEHAT,DKI3 Jagakarsa
11/11/2010,201011,56,,0,16,126,10,126,O3,TIDAK SEHAT,DKI3 Jagakarsa
11/12/2010,201011,44,,0,22,81,8,81,O3,SEDANG,DKI3 Jagakarsa
11/13/2010,201011,43,,0,26,107,9,107,O3,TIDAK SEHAT,DKI3 Jagakarsa
11/14/2010,201011,52,,0,31,67,11,67,O3,SEDANG,DKI3 Jagakarsa
11/15/2010,201011,51,,0,16,130,7,130,O3,TIDAK SEHAT,DKI3 Jagakarsa
11/16/2010,201011,64,,0,32,137,11,137,O3,TIDAK SEHAT,DKI3 Jagakarsa
11/17/2010,201011,61,,0,33,136,12,136,O3,TIDAK SEHAT,DKI3 Jagakarsa
11/18/2010,201011,57,,0,20,206,6,206,O3,SANGAT TIDAK SEHAT,DKI3 Jagakarsa
11/19/2010,201011,68,,0,21,136,9,136,O3,TIDAK SEHAT,DKI3 Jagakarsa
11/20/2010,201011,67,,0,19,195,9,195,O3,TIDAK SEHAT,DKI3 Jagakarsa
11/21/2010,201011,68,,0,27,154,9,154,O3,TIDAK SEHAT,DKI3 Jagakarsa
11/22/2010,201011,55,,0,15,238,13,238,O3,SANGAT TIDAK SEHAT,DKI3 Jagakarsa
11/23/2010,201011,69,,0,18,112,13,112,O3,TIDAK SEHAT,DKI3 Jagakarsa
11/24/2010,201011,52,,2,12,146,8,146,O3,TIDAK SEHAT,DKI3 Jagakarsa
11/25/2010,201011,52,,2,12,190,9,190,O3,TIDAK SEHAT,DKI3 Jagakarsa
11/26/2010,201011,61,,2,19,172,8,172,O3,TIDAK SEHAT,DKI3 Jagakarsa
11/27/2010,201011,53,,2,15,189,6,189,O3,TIDAK SEHAT,DKI3 Jagakarsa
12/1/2010,201012,58,,3,12,80,3,80,O3,SEDANG,DKI3 Jagakarsa
12/2/2010,201012,53,,3,12,80,4,80,O3,SEDANG,DKI3 Jagakarsa
12/3/2010,201012,59,,5,16,82,9,82,O3,SEDANG,DKI3 Jagakarsa
12/4/2010,201012,50,,5,17,42,3,50,PM10,BAIK,DKI3 Jagakarsa
12/5/2010,201012,41,,3,22,23,3,41,PM10,BAIK,DKI3 Jagakarsa
12/6/2010,201012,31,,3,11,34,5,34,O3,BAIK,DKI3 Jagakarsa
12/7/2010,201012,29,,3,8,30,3,30,O3,BAIK,DKI3 Jagakarsa
12/8/2010,201012,42,,3,13,32,4,42,PM10,BAIK,DKI3 Jagakarsa
12/9/2010,201012,35,,4,10,58,4,58,O3,SEDANG,DKI3 Jagakarsa
12/10/2010,201012,43,,3,9,50,3,50,O3,BAIK,DKI3 Jagakarsa
12/11/2010,201012,31,,3,6,38,3,38,O3,BAIK,DKI3 Jagakarsa
12/12/2010,201012,33,,4,10,37,4,37,O3,BAIK,DKI3 Jagakarsa
12/13/2010,201012,39,,4,7,83,3,83,O3,SEDANG,DKI3 Jagakarsa
12/14/2010,201012,61,,5,17,56,4,61,PM10,SEDANG,DKI3 Jagakarsa
12/15/2010,201012,58,,5,17,119,9,119,O3,TIDAK SEHAT,DKI3 Jagakarsa
12/16/2010,201012,41,,5,8,44,2,44,O3,BAIK,DKI3 Jagakarsa
12/17/2010,201012,36,,4,5,36,2,36,PM10,BAIK,DKI3 Jagakarsa
12/18/2010,201012,34,,3,6,28,2,34,PM10,BAIK,DKI3 Jagakarsa
12/19/2010,201012,49,,4,15,32,3,49,PM10,BAIK,DKI3 Jagakarsa
12/20/2010,201012,51,,4,13,31,4,51,PM10,SEDANG,DKI3 Jagakarsa
12/21/2010,201012,40,,4,7,32,3,40,PM10,BAIK,DKI3 Jagakarsa
12/22/2010,201012,45,,4,6,32,3,45,PM10,BAIK,DKI3 Jagakarsa
12/23/2010,201012,51,,4,14,38,3,51,PM10,SEDANG,DKI3 Jagakarsa
12/24/2010,201012,62,,5,16,241,9,241,O3,SANGAT TIDAK SEHAT,DKI3 Jagakarsa
12/25/2010,201012,65,,6,16,80,7,80,O3,SEDANG,DKI3 Jagakarsa
12/26/2010,201012,65,,5,20,52,4,65,PM10,SEDANG,DKI3 Jagakarsa
12/27/2010,201012,38,,6,4,54,2,54,O3,SEDANG,DKI3 Jagakarsa
12/28/2010,201012,45,,6,6,53,2,53,O3,SEDANG,DKI3 Jagakarsa
12/29/2010,201012,42,,5,9,40,4,42,PM10,BAIK,DKI3 Jagakarsa
12/30/2010,201012,38,,7,4,40,1,40,O3,BAIK,DKI3 Jagakarsa
12/31/2010,201012,45,,4,6,34,2,34,O3,BAIK,DKI3 Jagakarsa
1/1/2011,201101,52,,17,51,76,7,76,O3,SEDANG,DKI3 Jagakarsa
1/4/2011,201101,53,,17,19,77,11,77,O3,SEDANG,DKI3 Jagakarsa
1/5/2011,201101,59,,12,21,61,12,61,O3,SEDANG,DKI3 Jagakarsa
1/6/2011,201101,57,,11,30,94,19,94,O3,SEDANG,DKI3 Jagakarsa
1/7/2011,201101,57,,17,28,67,19,67,O3,SEDANG,DKI3 Jagakarsa
1/8/2011,201101,70,,22,37,69,16,70,PM10,SEDANG,DKI3 Jagakarsa
1/9/2011,201101,74,,20,35,78,18,78,O3,SEDANG,DKI3 Jagakarsa
1/10/2011,201101,55,,19,21,89,13,89,O3,SEDANG,DKI3 Jagakarsa
1/11/2011,201101,52,,18,24,63,12,63,O3,SEDANG,DKI3 Jagakarsa
1/13/2011,201101,71,,16,28,73,18,73,O3,SEDANG,DKI3 Jagakarsa
1/14/2011,201101,70,,15,24,55,17,70,PM10,SEDANG,DKI3 Jagakarsa
1/15/2011,201101,90,,15,26,58,17,90,PM10,SEDANG,DKI3 Jagakarsa
1/18/2011,201101,80,,12,31,48,17,80,PM10,SEDANG,DKI3 Jagakarsa
1/19/2011,201101,42,,13,70,48,16,70,CO,SEDANG,DKI3 Jagakarsa
1/21/2011,201101,50,,13,43,55,21,55,O3,SEDANG,DKI3 Jagakarsa
1/27/2011,201101,94,,20,26,40,19,94,PM10,SEDANG,DKI3 Jagakarsa
2/12/2011,201102,81,,17,79,85,18,85,O3,SEDANG,DKI3 Jagakarsa
2/13/2011,201102,71,,18,34,97,16,97,O3,SEDANG,DKI3 Jagakarsa
2/17/2011,201102,59,,22,33,61,18,61,O3,SEDANG,DKI3 Jagakarsa
2/21/2011,201102,55,,16,22,56,17,56,O3,SEDANG,DKI3 Jagakarsa
3/17/2011,201103,67,,19,54,111,21,111,O3,TIDAK SEHAT,DKI3 Jagakarsa
3/20/2011,201103,61,,15,32,83,23,83,O3,SEDANG,DKI3 Jagakarsa
4/13/2011,201104,80,,23,32,116,25,116,O3,TIDAK SEHAT,DKI3 Jagakarsa
4/15/2011,201104,65,,23,36,122,23,122,O3,TIDAK SEHAT,DKI3 Jagakarsa
4/16/2011,201104,84,,18,29,171,34,171,O3,TIDAK SEHAT,DKI3 Jagakarsa
4/18/2011,201104,64,,15,29,124,26,124,O3,TIDAK SEHAT,DKI3 Jagakarsa
4/19/2011,201104,65,,17,38,128,29,128,O3,TIDAK SEHAT,DKI3 Jagakarsa
4/28/2011,201104,62,,18,32,69,15,69,O3,SEDANG,DKI3 Jagakarsa
5/10/2011,201105,78,,20,29,137,24,137,O3,TIDAK SEHAT,DKI3 Jagakarsa
5/11/2011,201105,79,,19,30,92,29,92,O3,SEDANG,DKI3 Jagakarsa
5/14/2011,201105,66,,17,37,84,27,84,O3,SEDANG,DKI3 Jagakarsa
5/15/2011,201105,66,,16,31,99,20,99,O3,SEDANG,DKI3 Jagakarsa
5/16/2011,201105,61,,17,30,139,27,139,O3,TIDAK SEHAT,DKI3 Jagakarsa
5/17/2011,201105,63,,23,30,133,21,133,O3,TIDAK SEHAT,DKI3 Jagakarsa
5/20/2011,201105,68,,20,36,107,19,107,O3,TIDAK SEHAT,DKI3 Jagakarsa
5/21/2011,201105,70,,15,34,82,26,82,O3,SEDANG,DKI3 Jagakarsa
5/23/2011,201105,75,,15,32,140,30,140,O3,TIDAK SEHAT,DKI3 Jagakarsa
5/24/2011,201105,68,,19,34,96,19,96,O3,SEDANG,DKI3 Jagakarsa
5/25/2011,201105,64,,21,37,113,22,113,O3,TIDAK SEHAT,DKI3 Jagakarsa
5/26/2011,201105,66,,19,40,114,25,114,O3,TIDAK SEHAT,DKI3 Jagakarsa
5/27/2011,201105,72,,21,37,95,18,95,O3,SEDANG,DKI3 Jagakarsa
5/28/2011,201105,86,,21,35,111,17,111,O3,TIDAK SEHAT,DKI3 Jagakarsa
5/29/2011,201105,97,,23,31,107,17,107,O3,TIDAK SEHAT,DKI3 Jagakarsa
5/30/2011,201105,92,,20,32,98,21,98,O3,SEDANG,DKI3 Jagakarsa
6/7/2011,201106,66,,15,41,92,20,92,O3,SEDANG,DKI3 Jagakarsa
6/9/2011,201106,82,,15,37,121,27,121,O3,TIDAK SEHAT,DKI3 Jagakarsa
6/10/2011,201106,71,,18,32,93,19,93,O3,SEDANG,DKI3 Jagakarsa
6/11/2011,201106,65,,22,39,94,20,94,O3,SEDANG,DKI3 Jagakarsa
6/13/2011,201106,63,,18,29,91,20,91,O3,SEDANG,DKI3 Jagakarsa
6/18/2011,201106,85,,15,24,128,20,128,O3,TIDAK SEHAT,DKI3 Jagakarsa
6/19/2011,201106,108,,12,29,119,25,119,O3,TIDAK SEHAT,DKI3 Jagakarsa
6/29/2011,201106,68,,15,27,157,20,157,O3,TIDAK SEHAT,DKI3 Jagakarsa
7/6/2011,201107,61,,18,27,80,17,80,O3,SEDANG,DKI3 Jagakarsa
7/7/2011,201107,79,,22,27,90,15,90,O3,SEDANG,DKI3 Jagakarsa
7/8/2011,201107,80,,20,25,88,15,88,O3,SEDANG,DKI3 Jagakarsa
7/11/2011,201107,66,,13,27,92,17,92,O3,SEDANG,DKI3 Jagakarsa
7/13/2011,201107,74,,20,28,82,13,82,O3,SEDANG,DKI3 Jagakarsa
7/14/2011,201107,102,,17,27,105,17,105,O3,TIDAK SEHAT,DKI3 Jagakarsa
7/16/2011,201107,81,,14,29,120,19,120,O3,TIDAK SEHAT,DKI3 Jagakarsa
7/20/2011,201107,70,,16,26,71,13,71,O3,SEDANG,DKI3 Jagakarsa
7/25/2011,201107,83,,13,30,127,22,127,O3,TIDAK SEHAT,DKI3 Jagakarsa
7/26/2011,201107,86,,22,32,104,18,104,O3,TIDAK SEHAT,DKI3 Jagakarsa
7/28/2011,201107,103,,16,29,113,18,113,O3,TIDAK SEHAT,DKI3 Jagakarsa
8/4/2011,201108,71,,12,27,117,26,117,O3,TIDAK SEHAT,DKI3 Jagakarsa
8/10/2011,201108,127,,15,25,138,16,138,O3,TIDAK SEHAT,DKI3 Jagakarsa
8/12/2011,201108,86,,14,13,92,13,92,O3,SEDANG,DKI3 Jagakarsa
8/15/2011,201108,69,,16,33,87,19,87,O3,SEDANG,DKI3 Jagakarsa
8/26/2011,201108,110,,17,27,148,18,148,O3,TIDAK SEHAT,DKI3 Jagakarsa
9/3/2011,201109,79,,9,12,102,11,102,O3,TIDAK SEHAT,DKI3 Jagakarsa
9/4/2011,201109,94,,11,17,98,14,98,O3,SEDANG,DKI3 Jagakarsa
9/9/2011,201109,120,,14,25,136,22,136,O3,TIDAK SEHAT,DKI3 Jagakarsa
9/11/2011,201109,98,,11,17,99,16,99,O3,SEDANG,DKI3 Jagakarsa
9/13/2011,201109,113,,15,28,141,22,141,O3,TIDAK SEHAT,DKI3 Jagakarsa
9/21/2011,201109,95,,19,52,130,19,130,O3,TIDAK SEHAT,DKI3 Jagakarsa
9/22/2011,201109,76,,19,29,177,30,177,O3,TIDAK SEHAT,DKI3 Jagakarsa
9/24/2011,201109,88,,19,25,138,22,138,O3,TIDAK SEHAT,DKI3 Jagakarsa
9/25/2011,201109,92,,16,20,102,16,102,O3,TIDAK SEHAT,DKI3 Jagakarsa
9/28/2011,201109,91,,24,27,127,19,127,O3,TIDAK SEHAT,DKI3 Jagakarsa
9/29/2011,201109,81,,17,29,147,21,147,O3,TIDAK SEHAT,DKI3 Jagakarsa
9/30/2011,201109,100,,23,28,112,23,112,O3,TIDAK SEHAT,DKI3 Jagakarsa
10/2/2011,201110,91,,18,18,114,15,114,O3,TIDAK SEHAT,DKI3 Jagakarsa
10/4/2011,201110,71,,18,25,107,18,107,O3,TIDAK SEHAT,DKI3 Jagakarsa
10/6/2011,201110,73,,21,28,99,26,99,O3,SEDANG,DKI3 Jagakarsa
10/7/2011,201110,92,,21,29,120,17,120,O3,TIDAK SEHAT,DKI3 Jagakarsa
10/11/2011,201110,99,,20,34,208,20,208,O3,SANGAT TIDAK SEHAT,DKI3 Jagakarsa
10/12/2011,201110,93,,23,33,205,29,205,O3,SANGAT TIDAK SEHAT,DKI3 Jagakarsa
10/13/2011,201110,98,,25,32,140,21,140,O3,TIDAK SEHAT,DKI3 Jagakarsa
10/14/2011,201110,100,,21,29,102,23,102,O3,TIDAK SEHAT,DKI3 Jagakarsa
10/15/2011,201110,136,,21,25,154,21,154,O3,TIDAK SEHAT,DKI3 Jagakarsa
10/17/2011,201110,76,,16,27,78,14,78,O3,SEDANG,DKI3 Jagakarsa
11/3/2011,201111,64,,14,32,78,18,78,O3,SEDANG,DKI3 Jagakarsa
11/9/2011,201111,78,,24,31,127,32,127,O3,TIDAK SEHAT,DKI3 Jagakarsa
11/10/2011,201111,80,,30,31,82,18,82,O3,SEDANG,DKI3 Jagakarsa
11/19/2011,201111,64,,18,28,122,18,122,O3,TIDAK SEHAT,DKI3 Jagakarsa
11/20/2011,201111,67,,20,25,152,14,152,O3,TIDAK SEHAT,DKI3 Jagakarsa
12/8/2011,201112,83,,25,37,171,22,171,O3,TIDAK SEHAT,DKI3 Jagakarsa
12/9/2011,201112,89,,22,32,171,30,171,O3,TIDAK SEHAT,DKI3 Jagakarsa
12/13/2011,201112,71,,24,42,82,19,82,O3,SEDANG,DKI3 Jagakarsa
1/1/2012,201201,26,,12.38888889,6,24,2,26,PM10,BAIK,DKI3 Jagakarsa
1/2/2012,201201,30,,11.77777778,15,50,9,50,O3,BAIK,DKI3 Jagakarsa
1/3/2012,201201,53,,11.16666667,22,56,8,56,O3,SEDANG,DKI3 Jagakarsa
1/4/2012,201201,51,,10.55555556,31,48,6,51,PM10,SEDANG,DKI3 Jagakarsa
1/5/2012,201201,41,,9.944444444,20,65,7,65,O3,SEDANG,DKI3 Jagakarsa
1/6/2012,201201,27,,9.333333333,20,30,5,30,O3,BAIK,DKI3 Jagakarsa
1/7/2012,201201,54,,8.722222222,50,45,7,54,PM10,SEDANG,DKI3 Jagakarsa
1/8/2012,201201,27,,8.111111111,27,42,5,42,O3,BAIK,DKI3 Jagakarsa
1/9/2012,201201,33,,7.5,28,58,6,58,O3,SEDANG,DKI3 Jagakarsa
1/10/2012,201201,32,,6.888888889,8,48,3,48,O3,BAIK,DKI3 Jagakarsa
1/11/2012,201201,21,,6.277777778,7,27,3,27,O3,BAIK,DKI3 Jagakarsa
1/12/2012,201201,20,,5.666666667,6,25,2,25,O3,BAIK,DKI3 Jagakarsa
1/13/2012,201201,19,,5.055555556,6,24,2,24,O3,BAIK,DKI3 Jagakarsa
1/14/2012,201201,16,,4.444444444,6,19,2,19,O3,BAIK,DKI3 Jagakarsa
1/15/2012,201201,19,,3.833333333,6,30,1,30,O3,BAIK,DKI3 Jagakarsa
1/16/2012,201201,25,,3.222222222,13,44,4,44,O3,BAIK,DKI3 Jagakarsa
1/17/2012,201201,54,,2.611111111,24,90,10,90,O3,SEDANG,DKI3 Jagakarsa
1/18/2012,201201,51,,2,25,53,10,53,O3,SEDANG,DKI3 Jagakarsa
1/19/2012,201201,45,,0,23,38,9,45,PM10,BAIK,DKI3 Jagakarsa
1/20/2012,201201,60,,0,30,22,7,60,PM10,SEDANG,DKI3 Jagakarsa
1/21/2012,201201,53,,2,18,33,5,53,PM10,SEDANG,DKI3 Jagakarsa
1/22/2012,201201,71,,2,40,38,9,71,PM10,SEDANG,DKI3 Jagakarsa
1/23/2012,201201,29,,3,7,21,2,29,PM10,BAIK,DKI3 Jagakarsa
1/24/2012,201201,24,,4,7,26,3,26,O3,BAIK,DKI3 Jagakarsa
1/25/2012,201201,31,,2,8,36,4,36,O3,BAIK,DKI3 Jagakarsa
1/26/2012,201201,45,,2,13,43,5,45,PM10,BAIK,DKI3 Jagakarsa
1/27/2012,201201,38,,1,13,62,6,62,O3,SEDANG,DKI3 Jagakarsa
1/28/2012,201201,25,,1,7,47,2,47,O3,BAIK,DKI3 Jagakarsa
1/29/2012,201201,16,,0,5,26,2,26,O3,BAIK,DKI3 Jagakarsa
1/30/2012,201201,17,,1,6,24,3,24,O3,BAIK,DKI3 Jagakarsa
1/31/2012,201201,19,,0,12,26,4,26,O3,BAIK,DKI3 Jagakarsa
2/1/2012,201202,60,,2,36,68,13,68,O3,SEDANG,DKI3 Jagakarsa
2/2/2012,201202,54,,1,21,63,11,63,O3,SEDANG,DKI3 Jagakarsa
2/3/2012,201202,39,,2,15,46,5,46,O3,BAIK,DKI3 Jagakarsa
2/4/2012,201202,29,,1,22,50,5,50,O3,BAIK,DKI3 Jagakarsa
2/5/2012,201202,61,,1,32,45,6,61,PM10,SEDANG,DKI3 Jagakarsa
2/6/2012,201202,59,,1,33,38,6,59,PM10,SEDANG,DKI3 Jagakarsa
2/7/2012,201202,47,,1,19,17,4,47,PM10,BAIK,DKI3 Jagakarsa
2/8/2012,201202,55,,3,18,11,7,55,PM10,SEDANG,DKI3 Jagakarsa
2/9/2012,201202,32,,1,7,4,2,32,PM10,BAIK,DKI3 Jagakarsa
2/10/2012,201202,32,,1,8,7,3,32,PM10,BAIK,DKI3 Jagakarsa
2/11/2012,201202,34,,1,18,83,8,83,O3,SEDANG,DKI3 Jagakarsa
2/12/2012,201202,23,,1,11,50,5,50,O3,BAIK,DKI3 Jagakarsa
2/13/2012,201202,21,,1,11,86,6,86,O3,SEDANG,DKI3 Jagakarsa
2/14/2012,201202,57,,3,34,99,13,99,O3,SEDANG,DKI3 Jagakarsa
2/15/2012,201202,50,,5,20,99,15,99,O3,SEDANG,DKI3 Jagakarsa
2/16/2012,201202,55,,3,18,81,9,81,O3,SEDANG,DKI3 Jagakarsa
2/17/2012,201202,61,,2,21,84,8,84,O3,SEDANG,DKI3 Jagakarsa
2/18/2012,201202,34,,1,12,100,10,100,O3,SEDANG,DKI3 Jagakarsa
2/19/2012,201202,52,,1,24,123,8,123,O3,TIDAK SEHAT,DKI3 Jagakarsa
2/20/2012,201202,51,,2,19,59,16,59,O3,SEDANG,DKI3 Jagakarsa
2/21/2012,201202,37,,2,19,130,8,130,O3,TIDAK SEHAT,DKI3 Jagakarsa
2/22/2012,201202,53,,4,27,168,10,168,O3,TIDAK SEHAT,DKI3 Jagakarsa
2/23/2012,201202,47,,3,14,111,9,111,O3,TIDAK SEHAT,DKI3 Jagakarsa
2/24/2012,201202,52,,2,17,101,9,101,O3,TIDAK SEHAT,DKI3 Jagakarsa
2/25/2012,201202,56,,1,51,92,12,92,O3,SEDANG,DKI3 Jagakarsa
2/26/2012,201202,39,,1,13,79,6,79,O3,SEDANG,DKI3 Jagakarsa
2/27/2012,201202,32,,1,17,104,7,104,O3,TIDAK SEHAT,DKI3 Jagakarsa
2/28/2012,201202,66,,4,29,160,10,160,O3,TIDAK SEHAT,DKI3 Jagakarsa
2/29/2012,201202,63,,2,39,84,12,84,O3,SEDANG,DKI3 Jagakarsa
3/1/2012,201203,73,,1,42,47,11,73,PM10,SEDANG,DKI3 Jagakarsa
3/2/2012,201203,56,,2,29,39,9,56,PM10,SEDANG,DKI3 Jagakarsa
3/3/2012,201203,33,,1,17,34,6,34,O3,BAIK,DKI3 Jagakarsa
3/4/2012,201203,46,,1,14,36,5,46,PM10,BAIK,DKI3 Jagakarsa
3/5/2012,201203,35,,2,30,26,7,35,PM10,BAIK,DKI3 Jagakarsa
3/6/2012,201203,32,,2,12,77,7,77,O3,SEDANG,DKI3 Jagakarsa
3/7/2012,201203,54,,4,26,45,10,54,PM10,SEDANG,DKI3 Jagakarsa
3/8/2012,201203,22,,1,7,32,2,32,O3,BAIK,DKI3 Jagakarsa
3/9/2012,201203,22,,1,5,33,3,33,O3,BAIK,DKI3 Jagakarsa
3/10/2012,201203,25,,1,22,37,7,37,O3,BAIK,DKI3 Jagakarsa
3/11/2012,201203,22,,2,7,30,3,30,O3,BAIK,DKI3 Jagakarsa
3/12/2012,201203,31,,2,11,53,6,53,O3,SEDANG,DKI3 Jagakarsa
3/13/2012,201203,60,,4,20,57,8,60,PM10,SEDANG,DKI3 Jagakarsa
3/14/2012,201203,35,,3,8,40,4,40,O3,BAIK,DKI3 Jagakarsa
3/15/2012,201203,42,,3,8,50,5,50,O3,BAIK,DKI3 Jagakarsa
3/16/2012,201203,44,,3,13,55,8,55,O3,SEDANG,DKI3 Jagakarsa
3/17/2012,201203,44,,3,8,58,4,58,O3,SEDANG,DKI3 Jagakarsa
3/18/2012,201203,37,,3,6,53,3,53,O3,SEDANG,DKI3 Jagakarsa
3/19/2012,201203,42,,2,12,47,4,47,O3,BAIK,DKI3 Jagakarsa
3/21/2012,201203,27,,1,6,17,4,27,PM10,BAIK,DKI3 Jagakarsa
3/22/2012,201203,35,,1,10,17,4,35,PM10,BAIK,DKI3 Jagakarsa
3/23/2012,201203,52,,1,12,20,3,52,PM10,SEDANG,DKI3 Jagakarsa
3/24/2012,201203,59,,2,17,20,4,59,PM10,SEDANG,DKI3 Jagakarsa
3/25/2012,201203,55,,2,17,27,5,55,PM10,SEDANG,DKI3 Jagakarsa
3/26/2012,201203,51,,4,12,40,7,51,PM10,SEDANG,DKI3 Jagakarsa
3/27/2012,201203,63,,4,25,54,12,63,PM10,SEDANG,DKI3 Jagakarsa
3/28/2012,201203,70,,2,34,60,15,70,PM10,SEDANG,DKI3 Jagakarsa
3/29/2012,201203,37,,1,16,38,7,38,O3,BAIK,DKI3 Jagakarsa
3/30/2012,201203,29,,3,13,77,7,77,O3,SEDANG,DKI3 Jagakarsa
3/31/2012,201203,54,,3,15,91,9,91,O3,SEDANG,DKI3 Jagakarsa
4/1/2012,201204,53,,4,17,107,7,107,O3,TIDAK SEHAT,DKI3 Jagakarsa
4/2/2012,201204,48,,2,22,92,12,92,O3,SEDANG,DKI3 Jagakarsa
4/3/2012,201204,36,,2,16,106,10,106,O3,TIDAK SEHAT,DKI3 Jagakarsa
4/4/2012,201204,28,,2,13,99,9,99,O3,SEDANG,DKI3 Jagakarsa
4/5/2012,201204,60,,3,23,81,13,81,O3,SEDANG,DKI3 Jagakarsa
4/6/2012,201204,53,,3,30,74,10,74,O3,SEDANG,DKI3 Jagakarsa
4/7/2012,201204,53,,2,33,72,9,72,O3,SEDANG,DKI3 Jagakarsa
4/8/2012,201204,56,,3,27,75,11,75,O3,SEDANG,DKI3 Jagakarsa
4/9/2012,201204,60,,3,35,76,11,76,O3,SEDANG,DKI3 Jagakarsa
4/10/2012,201204,49,,2,27,106,16,106,O3,TIDAK SEHAT,DKI3 Jagakarsa
4/11/2012,201204,69,,3,48,65,9,69,PM10,SEDANG,DKI3 Jagakarsa
4/12/2012,201204,47,,3,19,89,10,89,O3,SEDANG,DKI3 Jagakarsa
4/13/2012,201204,41,,3,11,73,8,73,O3,SEDANG,DKI3 Jagakarsa
4/14/2012,201204,59,,3,20,74,13,74,O3,SEDANG,DKI3 Jagakarsa
4/15/2012,201204,53,,3,13,64,7,64,O3,SEDANG,DKI3 Jagakarsa
4/16/2012,201204,61,,4,26,68,11,68,O3,SEDANG,DKI3 Jagakarsa
4/17/2012,201204,51,,3,14,63,10,63,O3,SEDANG,DKI3 Jagakarsa
4/18/2012,201204,46,,2,41,75,7,75,O3,SEDANG,DKI3 Jagakarsa
4/19/2012,201204,48,,2,18,91,12,91,O3,SEDANG,DKI3 Jagakarsa
4/20/2012,201204,52,,2,30,91,9,91,O3,SEDANG,DKI3 Jagakarsa
4/21/2012,201204,65,,3,32,98,17,98,O3,SEDANG,DKI3 Jagakarsa
4/22/2012,201204,54,,2,35,57,9,57,O3,SEDANG,DKI3 Jagakarsa
4/23/2012,201204,60,,3,23,78,9,78,O3,SEDANG,DKI3 Jagakarsa
4/24/2012,201204,68,,4,26,95,10,95,O3,SEDANG,DKI3 Jagakarsa
4/25/2012,201204,54,,4,17,95,17,95,O3,SEDANG,DKI3 Jagakarsa
4/26/2012,201204,48,,3,11,77,17,77,O3,SEDANG,DKI3 Jagakarsa
4/27/2012,201204,39,,3,7,68,11,68,O3,SEDANG,DKI3 Jagakarsa
4/28/2012,201204,55,,4,23,104,16,104,O3,TIDAK SEHAT,DKI3 Jagakarsa
4/29/2012,201204,56,,5,14,89,17,89,O3,SEDANG,DKI3 Jagakarsa
4/30/2012,201204,43,,2,18,54,7,54,O3,SEDANG,DKI3 Jagakarsa
5/1/2012,201205,39,,4,17,66,17,66,O3,SEDANG,DKI3 Jagakarsa
5/2/2012,201205,53,,5,26,123,11,123,O3,TIDAK SEHAT,DKI3 Jagakarsa
5/3/2012,201205,46,,3,17,106,10,106,O3,TIDAK SEHAT,DKI3 Jagakarsa
5/4/2012,201205,34,,4,13,74,10,74,O3,SEDANG,DKI3 Jagakarsa
5/5/2012,201205,67,,4,31,103,15,103,O3,TIDAK SEHAT,DKI3 Jagakarsa
5/6/2012,201205,49,,2,17,86,7,86,O3,SEDANG,DKI3 Jagakarsa
5/7/2012,201205,36,,3,14,81,11,81,O3,SEDANG,DKI3 Jagakarsa
5/8/2012,201205,64,,4,61,90,11,90,O3,SEDANG,DKI3 Jagakarsa
5/9/2012,201205,58,,4,22,95,10,95,O3,SEDANG,DKI3 Jagakarsa
5/10/2012,201205,68,,4,38,95,12,95,O3,SEDANG,DKI3 Jagakarsa
5/11/2012,201205,45,,4,11,130,10,130,O3,TIDAK SEHAT,DKI3 Jagakarsa
5/12/2012,201205,54,,6,17,117,16,117,O3,TIDAK SEHAT,DKI3 Jagakarsa
5/13/2012,201205,54,,5,11,129,6,129,O3,TIDAK SEHAT,DKI3 Jagakarsa
5/14/2012,201205,49,,4,8,65,5,65,O3,SEDANG,DKI3 Jagakarsa
5/15/2012,201205,29,,2,15,43,8,43,O3,BAIK,DKI3 Jagakarsa
5/16/2012,201205,57,,2.136363636,22,65,14,65,O3,SEDANG,DKI3 Jagakarsa
5/17/2012,201205,63,,2.272727273,30,63,9,63,PM10,SEDANG,DKI3 Jagakarsa
5/18/2012,201205,43,,2.409090909,12,81,12,81,O3,SEDANG,DKI3 Jagakarsa
5/19/2012,201205,42,,2.545454545,31,42,10,42,PM10,BAIK,DKI3 Jagakarsa
5/20/2012,201205,50,,2.681818182,18,53,9,53,O3,SEDANG,DKI3 Jagakarsa
5/21/2012,201205,42,,2.818181818,15,111,9,111,O3,TIDAK SEHAT,DKI3 Jagakarsa
5/22/2012,201205,38,,2.954545455,11,70,8,70,O3,SEDANG,DKI3 Jagakarsa
5/23/2012,201205,57,,3.090909091,22,96,28,96,O3,SEDANG,DKI3 Jagakarsa
5/24/2012,201205,44,,3.227272727,12,72,12,72,O3,SEDANG,DKI3 Jagakarsa
5/25/2012,201205,47,,3.363636364,13,89,13,89,O3,SEDANG,DKI3 Jagakarsa
5/26/2012,201205,53,,3.5,14,65,14,65,O3,SEDANG,DKI3 Jagakarsa
5/27/2012,201205,55,,3.636363636,21,48,11,55,PM10,SEDANG,DKI3 Jagakarsa
5/28/2012,201205,53,,3.772727273,17,59,11,59,O3,SEDANG,DKI3 Jagakarsa
5/29/2012,201205,63,,3.909090909,38,121,9,121,O3,TIDAK SEHAT,DKI3 Jagakarsa
5/30/2012,201205,48,,4.045454545,9,89,7,89,O3,SEDANG,DKI3 Jagakarsa
5/31/2012,201205,62,,4.181818182,40,53,13,62,PM10,SEDANG,DKI3 Jagakarsa
6/1/2012,201206,39,,4.318181818,50,56,8,56,O3,SEDANG,DKI3 Jagakarsa
6/2/2012,201206,48,,4.454545455,12,80,8,80,O3,SEDANG,DKI3 Jagakarsa
6/3/2012,201206,51.25,,4.590909091,19,80,14,80,O3,SEDANG,DKI3 Jagakarsa
6/4/2012,201206,54.5,,4.727272727,20,57,13,57,O3,SEDANG,DKI3 Jagakarsa
6/5/2012,201206,57.75,,4.863636364,22,65,18,65,O3,SEDANG,DKI3 Jagakarsa
6/6/2012,201206,61,,5,22,56,14,61,PM10,SEDANG,DKI3 Jagakarsa
6/7/2012,201206,28,,3,13,115,9,115,O3,TIDAK SEHAT,DKI3 Jagakarsa
6/8/2012,201206,53,,4,22,132,10,132,O3,TIDAK SEHAT,DKI3 Jagakarsa
6/9/2012,201206,38,,4,19,133,13,133,O3,TIDAK SEHAT,DKI3 Jagakarsa
6/10/2012,201206,62,,5,26,100,14,100,O3,SEDANG,DKI3 Jagakarsa
6/11/2012,201206,70,,5,25,119,12,119,O3,TIDAK SEHAT,DKI3 Jagakarsa
6/12/2012,201206,55,,5,24,86,11,86,O3,SEDANG,DKI3 Jagakarsa
6/13/2012,201206,61.5,,8,9,93,6,93,O3,SEDANG,DKI3 Jagakarsa
6/14/2012,201206,68,,10,35,148,17,148,O3,TIDAK SEHAT,DKI3 Jagakarsa
6/15/2012,201206,55,,9,11,94,8,94,O3,SEDANG,DKI3 Jagakarsa
6/16/2012,201206,51,,10,13,104,16,104,O3,TIDAK SEHAT,DKI3 Jagakarsa
6/17/2012,201206,47,,9,11,93,16,93,O3,SEDANG,DKI3 Jagakarsa
6/18/2012,201206,52,,9,12,69,9,69,O3,SEDANG,DKI3 Jagakarsa
6/19/2012,201206,45,,9,10,87,20,87,O3,SEDANG,DKI3 Jagakarsa
6/20/2012,201206,72,,9,15,85,10,85,O3,SEDANG,DKI3 Jagakarsa
6/21/2012,201206,67,,7,11,107,8,107,O3,TIDAK SEHAT,DKI3 Jagakarsa
6/22/2012,201206,64,,5,11,86,9,86,O3,SEDANG,DKI3 Jagakarsa
6/23/2012,201206,64,,5,21,78,8,78,O3,SEDANG,DKI3 Jagakarsa
6/24/2012,201206,61,,5,18,73,10,73,O3,SEDANG,DKI3 Jagakarsa
6/25/2012,201206,63,,5,14,80,9,80,O3,SEDANG,DKI3 Jagakarsa
6/26/2012,201206,59,,6,10,60,10,60,O3,SEDANG,DKI3 Jagakarsa
6/27/2012,201206,61,,6,9,78,10,78,O3,SEDANG,DKI3 Jagakarsa
6/28/2012,201206,63,,7,14,135,22,135,O3,TIDAK SEHAT,DKI3 Jagakarsa
6/29/2012,201206,63,,7,16,115,16,115,O3,TIDAK SEHAT,DKI3 Jagakarsa
6/30/2012,201206,59,,5,19,87,13,87,O3,SEDANG,DKI3 Jagakarsa
7/1/2012,201207,46,,5,11,81,8,81,O3,SEDANG,DKI3 Jagakarsa
7/2/2012,201207,51,,5,14,80,11,80,O3,SEDANG,DKI3 Jagakarsa
7/3/2012,201207,56,,6,17,72,11,72,O3,SEDANG,DKI3 Jagakarsa
7/4/2012,201207,57,,6,10,98,8,98,O3,SEDANG,DKI3 Jagakarsa
7/5/2012,201207,51,,5,11,82,15,82,O3,SEDANG,DKI3 Jagakarsa
7/6/2012,201207,57,,6,11,77,9,77,O3,SEDANG,DKI3 Jagakarsa
7/7/2012,201207,71,,7,16,90,12,90,O3,SEDANG,DKI3 Jagakarsa
7/8/2012,201207,71,,5,34,112,11,112,O3,TIDAK SEHAT,DKI3 Jagakarsa
7/9/2012,201207,59,,5,12,125,15,125,O3,TIDAK SEHAT,DKI3 Jagakarsa
7/10/2012,201207,73,,7,21,119,23,119,O3,TIDAK SEHAT,DKI3 Jagakarsa
7/11/2012,201207,83,,6.333333333,18,103,17.66666667,83,PM10,SEDANG,DKI3 Jagakarsa
7/12/2012,201207,51,,5.666666667,15,87,12.33333333,51,PM10,SEDANG,DKI3 Jagakarsa
7/13/2012,201207,48,,5,12,71,7,71,O3,SEDANG,DKI3 Jagakarsa
7/14/2012,201207,58,,5,29,94,12,94,O3,SEDANG,DKI3 Jagakarsa
7/15/2012,201207,72,,5,36,84,13,84,O3,SEDANG,DKI3 Jagakarsa
7/16/2012,201207,62,,5,22,92,11,92,O3,SEDANG,DKI3 Jagakarsa
7/17/2012,201207,42,,5,7,72,6,72,O3,SEDANG,DKI3 Jagakarsa
7/18/2012,201207,39,,4,10,87,7,87,O3,SEDANG,DKI3 Jagakarsa
7/19/2012,201207,65,,6,33,113,16,113,O3,TIDAK SEHAT,DKI3 Jagakarsa
7/20/2012,201207,45,,6,16,60,9,60,O3,SEDANG,DKI3 Jagakarsa
7/21/2012,201207,52,,6,10,113,8,113,O3,TIDAK SEHAT,DKI3 Jagakarsa
7/22/2012,201207,52,,5,12,72,8,72,O3,SEDANG,DKI3 Jagakarsa
7/23/2012,201207,46,,6,14,99,11,99,O3,SEDANG,DKI3 Jagakarsa
7/24/2012,201207,52,,6,16,141,11,141,O3,TIDAK SEHAT,DKI3 Jagakarsa
7/25/2012,201207,49,,9,18,93,10,93,O3,SEDANG,DKI3 Jagakarsa
7/26/2012,201207,70,,10,35,148,17,148,O3,TIDAK SEHAT,DKI3 Jagakarsa
7/27/2012,201207,55,,9,11,94,8,94,O3,SEDANG,DKI3 Jagakarsa
7/28/2012,201207,51,,10,13,104,16,104,O3,TIDAK SEHAT,DKI3 Jagakarsa
7/29/2012,201207,44,,9,11,93,16,93,O3,SEDANG,DKI3 Jagakarsa
7/30/2012,201207,52,,9,12,69,9,69,O3,SEDANG,DKI3 Jagakarsa
7/31/2012,201207,45,,9,10,87,20,87,O3,SEDANG,DKI3 Jagakarsa
8/1/2012,201208,51,,11,12,128,18,128,O3,TIDAK SEHAT,DKI3 Jagakarsa
8/2/2012,201208,47,,9,10,112,14,112,O3,TIDAK SEHAT,DKI3 Jagakarsa
8/3/2012,201208,42,,8,8,95,8,95,O3,SEDANG,DKI3 Jagakarsa
8/4/2012,201208,47,,8,13,72,10,72,O3,SEDANG,DKI3 Jagakarsa
8/5/2012,201208,34,,9,15,73,8,73,O3,SEDANG,DKI3 Jagakarsa
8/6/2012,201208,47,,9,22,102,11,102,O3,TIDAK SEHAT,DKI3 Jagakarsa
8/7/2012,201208,30,,8,19,146,8,146,O3,TIDAK SEHAT,DKI3 Jagakarsa
8/8/2012,201208,27,,8,9,125,10,125,O3,TIDAK SEHAT,DKI3 Jagakarsa
8/9/2012,201208,38,,9,21,71,10,71,O3,SEDANG,DKI3 Jagakarsa
8/10/2012,201208,46,,8,24,61,12,61,O3,SEDANG,DKI3 Jagakarsa
8/11/2012,201208,51,,9,16,97,8,97,O3,SEDANG,DKI3 Jagakarsa
8/12/2012,201208,45,,9,15,71,10,71,O3,SEDANG,DKI3 Jagakarsa
8/13/2012,201208,44,,8,11,88,12,88,O3,SEDANG,DKI3 Jagakarsa
8/14/2012,201208,47,,9,16,75,9,75,O3,SEDANG,DKI3 Jagakarsa
8/15/2012,201208,30,,9,6,64,10,64,O3,SEDANG,DKI3 Jagakarsa
8/16/2012,201208,39,,9,17,73,9,73,O3,SEDANG,DKI3 Jagakarsa
8/17/2012,201208,47,,9,8,78,7,78,O3,SEDANG,DKI3 Jagakarsa
8/18/2012,201208,50,,9,22,82,9,82,O3,SEDANG,DKI3 Jagakarsa
8/19/2012,201208,45,,9,14,73,11,73,O3,SEDANG,DKI3 Jagakarsa
8/20/2012,201208,35,,8,5,78,6,78,O3,SEDANG,DKI3 Jagakarsa
8/21/2012,201208,39,,8,25,78,11,78,O3,SEDANG,DKI3 Jagakarsa
8/22/2012,201208,33,,8,6,63,5,63,O3,SEDANG,DKI3 Jagakarsa
8/23/2012,201208,33,,9,11,125,7,125,O3,TIDAK SEHAT,DKI3 Jagakarsa
8/24/2012,201208,38,,9,13,99,9,99,O3,SEDANG,DKI3 Jagakarsa
8/25/2012,201208,35,,9,6,104,10,104,O3,TIDAK SEHAT,DKI3 Jagakarsa
8/26/2012,201208,37,,9,17,91,9,91,O3,SEDANG,DKI3 Jagakarsa
8/27/2012,201208,36,,9,10,88,11,88,O3,SEDANG,DKI3 Jagakarsa
8/28/2012,201208,57,,11,27,110,15,110,O3,TIDAK SEHAT,DKI3 Jagakarsa
8/29/2012,201208,24,,8,13,103,9,103,O3,TIDAK SEHAT,DKI3 Jagakarsa
8/30/2012,201208,36,,9,13,83,10,83,O3,SEDANG,DKI3 Jagakarsa
8/31/2012,201208,33,,9,16,90,7,90,O3,SEDANG,DKI3 Jagakarsa
9/1/2012,201209,18,,8,8,99,7,99,O3,SEDANG,DKI3 Jagakarsa
9/2/2012,201209,40,,10,9,127,13,127,O3,TIDAK SEHAT,DKI3 Jagakarsa
9/3/2012,201209,43,,9,17,97,15,97,O3,SEDANG,DKI3 Jagakarsa
9/4/2012,201209,45,,10,11,89,9,89,O3,SEDANG,DKI3 Jagakarsa
9/5/2012,201209,40,,10,11,101,9,101,O3,TIDAK SEHAT,DKI3 Jagakarsa
9/6/2012,201209,31,,10,9,119,11,119,O3,TIDAK SEHAT,DKI3 Jagakarsa
9/7/2012,201209,49,,10,10,109,11,109,O3,TIDAK SEHAT,DKI3 Jagakarsa
9/8/2012,201209,37,,10,20,65,11,65,O3,SEDANG,DKI3 Jagakarsa
9/9/2012,201209,33,,9,14,89,8,89,O3,SEDANG,DKI3 Jagakarsa
9/10/2012,201209,45,,9,23,122,13,122,O3,TIDAK SEHAT,DKI3 Jagakarsa
9/11/2012,201209,20,,10,11,175,15,175,O3,TIDAK SEHAT,DKI3 Jagakarsa
9/12/2012,201209,29,,10,10,167,9,167,O3,TIDAK SEHAT,DKI3 Jagakarsa
9/13/2012,201209,45,,10,12,79,15,79,O3,SEDANG,DKI3 Jagakarsa
9/14/2012,201209,29,,10,7,144,7,144,O3,TIDAK SEHAT,DKI3 Jagakarsa
9/15/2012,201209,62,,11,14,182,16,182,O3,TIDAK SEHAT,DKI3 Jagakarsa
9/16/2012,201209,59,,10,25,171,12,171,O3,TIDAK SEHAT,DKI3 Jagakarsa
9/17/2012,201209,60,,9,27,114,13,114,O3,TIDAK SEHAT,DKI3 Jagakarsa
9/18/2012,201209,47,,9,11,94,16,94,O3,SEDANG,DKI3 Jagakarsa
9/19/2012,201209,62,,9,10,89,16,89,O3,SEDANG,DKI3 Jagakarsa
9/20/2012,201209,47,,9,6,124,14,124,O3,TIDAK SEHAT,DKI3 Jagakarsa
9/21/2012,201209,54,,9,10,115,12,115,O3,TIDAK SEHAT,DKI3 Jagakarsa
9/22/2012,201209,52,,9,12,135,8,135,O3,TIDAK SEHAT,DKI3 Jagakarsa
9/23/2012,201209,59,,10,7,92,8,92,O3,SEDANG,DKI3 Jagakarsa
9/24/2012,201209,50,,8,8,97,6,97,O3,SEDANG,DKI3 Jagakarsa
9/25/2012,201209,51,,9,9,97,10,97,O3,SEDANG,DKI3 Jagakarsa
9/26/2012,201209,47,,9,6,117,7,117,O3,TIDAK SEHAT,DKI3 Jagakarsa
9/27/2012,201209,50,,9,6,104,6,104,O3,TIDAK SEHAT,DKI3 Jagakarsa
9/28/2012,201209,49,,10,7,88,14,88,O3,SEDANG,DKI3 Jagakarsa
9/29/2012,201209,51,,11,17,106,12,106,O3,TIDAK SEHAT,DKI3 Jagakarsa
9/30/2012,201209,55,,10,10,95,8,95,O3,SEDANG,DKI3 Jagakarsa
10/1/2012,201210,59,,10,9,92,9,92,O3,SEDANG,DKI3 Jagakarsa
10/2/2012,201210,66,,9,10,157,8,157,O3,TIDAK SEHAT,DKI3 Jagakarsa
10/3/2012,201210,46,,10,9,158,9,158,O3,TIDAK SEHAT,DKI3 Jagakarsa
10/4/2012,201210,51,,9,12,118,13,118,O3,TIDAK SEHAT,DKI3 Jagakarsa
10/5/2012,201210,45,,9,10,93,11,93,O3,SEDANG,DKI3 Jagakarsa
10/6/2012,201210,43,,10,11,94,7,94,O3,SEDANG,DKI3 Jagakarsa
10/7/2012,201210,32,,9,7,89,6,89,O3,SEDANG,DKI3 Jagakarsa
10/8/2012,201210,33,,9,8,148,8,148,O3,TIDAK SEHAT,DKI3 Jagakarsa
10/9/2012,201210,43,,9,10,163,9,163,O3,TIDAK SEHAT,DKI3 Jagakarsa
10/10/2012,201210,37,,10,8,137,7,137,O3,TIDAK SEHAT,DKI3 Jagakarsa
10/11/2012,201210,46,,9,9,191,7,191,O3,TIDAK SEHAT,DKI3 Jagakarsa
10/12/2012,201210,57,,8,8,148,8,148,O3,TIDAK SEHAT,DKI3 Jagakarsa
10/13/2012,201210,66,,7,15,166,10,66,PM10,SEDANG,DKI3 Jagakarsa
10/14/2012,201210,54,,7,10,184,8,54,PM10,SEDANG,DKI3 Jagakarsa
10/15/2012,201210,59,,7,9,202,6,59,PM10,SEDANG,DKI3 Jagakarsa
10/16/2012,201210,51,,7,7,220,7,51,PM10,SEDANG,DKI3 Jagakarsa
10/17/2012,201210,61,,7,23,238,11,61,PM10,SEDANG,DKI3 Jagakarsa
10/18/2012,201210,54,,7,19,256,8,54,PM10,SEDANG,DKI3 Jagakarsa
10/19/2012,201210,31,,7,5,274,6,274,O3,SANGAT TIDAK SEHAT,DKI3 Jagakarsa
10/20/2012,201210,48,,7,24,204,8,204,O3,SANGAT TIDAK SEHAT,DKI3 Jagakarsa
10/21/2012,201210,49,,8,38,158,9,158,O3,TIDAK SEHAT,DKI3 Jagakarsa
10/22/2012,201210,32,,7,15,108,6,108,O3,TIDAK SEHAT,DKI3 Jagakarsa
10/23/2012,201210,36,,8,10,150,8,150,O3,TIDAK SEHAT,DKI3 Jagakarsa
10/24/2012,201210,40,,9,18,92,19,92,O3,SEDANG,DKI3 Jagakarsa
10/25/2012,201210,40,,8,8,105,10,105,O3,TIDAK SEHAT,DKI3 Jagakarsa
10/26/2012,201210,37,,7,18,76,16,76,O3,SEDANG,DKI3 Jagakarsa
10/27/2012,201210,37,,7,9,58,11,58,O3,SEDANG,DKI3 Jagakarsa
10/28/2012,201210,29,,7,25,72,9,72,O3,SEDANG,DKI3 Jagakarsa
10/29/2012,201210,37,,7,22,69,10,69,O3,SEDANG,DKI3 Jagakarsa
10/30/2012,201210,24,,7,15,82,7,82,O3,SEDANG,DKI3 Jagakarsa
10/31/2012,201210,25,,7,10,116,8,116,O3,TIDAK SEHAT,DKI3 Jagakarsa
11/1/2012,201211,23,,8,12,90,6,90,O3,SEDANG,DKI3 Jagakarsa
11/2/2012,201211,29,,7,14,100,10,100,O3,SEDANG,DKI3 Jagakarsa
11/3/2012,201211,43,,7,23,129,24,129,O3,TIDAK SEHAT,DKI3 Jagakarsa
11/4/2012,201211,37,,7,23,134,9,134,O3,TIDAK SEHAT,DKI3 Jagakarsa
11/5/2012,201211,20,,6,23,77,12,77,O3,SEDANG,DKI3 Jagakarsa
11/6/2012,201211,20,,7,10,113,14,113,O3,TIDAK SEHAT,DKI3 Jagakarsa
11/7/2012,201211,19,,7,15,128,16,128,O3,TIDAK SEHAT,DKI3 Jagakarsa
11/8/2012,201211,15,,7,8,83,6,83,O3,SEDANG,DKI3 Jagakarsa
11/9/2012,201211,18,,6,8,77,8,77,O3,SEDANG,DKI3 Jagakarsa
11/10/2012,201211,16,,6,19,105,9,105,O3,TIDAK SEHAT,DKI3 Jagakarsa
11/11/2012,201211,26,,7,6,108,6,108,O3,TIDAK SEHAT,DKI3 Jagakarsa
11/12/2012,201211,16,,7,11,74,5,74,O3,SEDANG,DKI3 Jagakarsa
11/13/2012,201211,19,,7,12,71,8,71,O3,SEDANG,DKI3 Jagakarsa
11/14/2012,201211,31,,8,22,85,10,85,O3,SEDANG,DKI3 Jagakarsa
11/15/2012,201211,18,,7,28,77,9,77,O3,SEDANG,DKI3 Jagakarsa
11/16/2012,201211,18,,7,15,90,9,90,O3,SEDANG,DKI3 Jagakarsa
11/17/2012,201211,18,,7,8,85,8,85,O3,SEDANG,DKI3 Jagakarsa
11/18/2012,201211,19,,6,4,57,6,57,O3,SEDANG,DKI3 Jagakarsa
11/19/2012,201211,14,,7,11,51,6,51,O3,SEDANG,DKI3 Jagakarsa
11/20/2012,201211,16,,7,10,90,11,90,O3,SEDANG,DKI3 Jagakarsa
11/21/2012,201211,25,,7,25,131,14,131,O3,TIDAK SEHAT,DKI3 Jagakarsa
11/22/2012,201211,35,,7,12,84,11,84,O3,SEDANG,DKI3 Jagakarsa
11/23/2012,201211,16,,7,8,91,8,91,O3,SEDANG,DKI3 Jagakarsa
11/24/2012,201211,15,,6,7,88,8,88,O3,SEDANG,DKI3 Jagakarsa
11/25/2012,201211,16,,7,23,46,10,46,O3,BAIK,DKI3 Jagakarsa
11/26/2012,201211,19,,8,10,49,11,49,O3,BAIK,DKI3 Jagakarsa
11/27/2012,201211,17,,8,20,63,11,63,O3,SEDANG,DKI3 Jagakarsa
11/28/2012,201211,20,,7,6,81,7,81,O3,SEDANG,DKI3 Jagakarsa
11/29/2012,201211,21,,8,6,165,9,165,O3,TIDAK SEHAT,DKI3 Jagakarsa
11/30/2012,201211,12,,7,8,133.3333333,10,12,PM10,BAIK,DKI3 Jagakarsa
12/1/2012,201212,14,,7,6,101.6666667,9,14,PM10,BAIK,DKI3 Jagakarsa
12/2/2012,201212,14,,7,4,70,8,70,O3,SEDANG,DKI3 Jagakarsa
12/3/2012,201212,18,,7,5.4,73,8,73,O3,SEDANG,DKI3 Jagakarsa
12/4/2012,201212,21,,7,6.8,38,5,38,O3,BAIK,DKI3 Jagakarsa
12/5/2012,201212,11,,7,8.2,32,8,32,O3,BAIK,DKI3 Jagakarsa
12/6/2012,201212,20,,8,9.6,78,12,78,O3,SEDANG,DKI3 Jagakarsa
12/7/2012,201212,15,,10,11,56,13,56,O3,SEDANG,DKI3 Jagakarsa
12/8/2012,201212,53,,9,12,81,7,81,O3,SEDANG,DKI3 Jagakarsa
12/9/2012,201212,33,,4,15,105,7,105,O3,TIDAK SEHAT,DKI3 Jagakarsa
12/10/2012,201212,32,,4,6,109,6,109,O3,TIDAK SEHAT,DKI3 Jagakarsa
12/11/2012,201212,24,,3,23,209,10,209,O3,SANGAT TIDAK SEHAT,DKI3 Jagakarsa
12/12/2012,201212,15,,2,22.5,105,10,105,O3,TIDAK SEHAT,DKI3 Jagakarsa
12/13/2012,201212,16,,2,22,70,9,70,O3,SEDANG,DKI3 Jagakarsa
12/14/2012,201212,24,,1,27,79,8,79,O3,SEDANG,DKI3 Jagakarsa
12/15/2012,201212,13,,1,32,49,8,49,O3,BAIK,DKI3 Jagakarsa
12/16/2012,201212,15,,1,10,27,9,27,O3,BAIK,DKI3 Jagakarsa
12/17/2012,201212,19,,1,19,54,4,54,O3,SEDANG,DKI3 Jagakarsa
12/18/2012,201212,14,,1,19,40,7,40,O3,BAIK,DKI3 Jagakarsa
12/19/2012,201212,16,,1,25,44,6,44,O3,BAIK,DKI3 Jagakarsa
12/20/2012,201212,20,,2,15,57,7,57,O3,SEDANG,DKI3 Jagakarsa
12/21/2012,201212,24,,2.260869565,20,48,9,48,O3,BAIK,DKI3 Jagakarsa
12/22/2012,201212,29,,2.52173913,29,48,5,48,O3,BAIK,DKI3 Jagakarsa
12/23/2012,201212,22,,2.782608696,16,34,6,34,O3,BAIK,DKI3 Jagakarsa
12/24/2012,201212,23,,3.043478261,10,42,4,42,O3,BAIK,DKI3 Jagakarsa
12/25/2012,201212,19,,3.304347826,11,36,3,36,O3,BAIK,DKI3 Jagakarsa
12/26/2012,201212,17,,3.565217391,13,49,4,49,O3,BAIK,DKI3 Jagakarsa
12/27/2012,201212,21,,3.826086957,19,35,5,35,O3,BAIK,DKI3 Jagakarsa
12/28/2012,201212,22,,4.086956522,7,29,2,29,O3,BAIK,DKI3 Jagakarsa
12/29/2012,201212,15,,4.347826087,6,38,2,38,O3,BAIK,DKI3 Jagakarsa
12/30/2012,201212,19,,4.608695652,7,37,2,37,O3,BAIK,DKI3 Jagakarsa
12/31/2012,201212,17,,4.869565217,7,25,2,25,O3,BAIK,DKI3 Jagakarsa
2/4/2013,201302,87,,14,55,128,25,128,O3,TIDAK SEHAT,DKI3 Jagakarsa
2/5/2013,201302,59,,9,37,158,21,158,O3,TIDAK SEHAT,DKI3 Jagakarsa
4/2/2013,201304,67,,17,40,92,23,92,O3,SEDANG,DKI3 Jagakarsa
4/10/2013,201304,63,,14,28,99,19,99,O3,SEDANG,DKI3 Jagakarsa
4/17/2013,201304,69,,15,37,125,32,125,O3,TIDAK SEHAT,DKI3 Jagakarsa
5/3/2013,201305,71,,18,27,72,13,72,O3,SEDANG,DKI3 Jagakarsa
5/4/2013,201305,78,,24,21,94,12,94,O3,SEDANG,DKI3 Jagakarsa
5/11/2013,201305,68,,48,32,110,19,110,O3,TIDAK SEHAT,DKI3 Jagakarsa
5/27/2013,201305,88,,20,32,90,23,90,O3,SEDANG,DKI3 Jagakarsa
6/10/2013,201306,59,,23,28,113,20,113,O3,TIDAK SEHAT,DKI3 Jagakarsa
6/17/2013,201306,84,,15,53,124,19,124,O3,TIDAK SEHAT,DKI3 Jagakarsa
7/3/2013,201307,57,,16,43,134,23,134,O3,TIDAK SEHAT,DKI3 Jagakarsa
7/11/2013,201307,80,,19,45,118,26,118,O3,TIDAK SEHAT,DKI3 Jagakarsa
7/30/2013,201307,68,,37,35,85,20,85,O3,SEDANG,DKI3 Jagakarsa
8/1/2013,201308,70,,22,32,104,20,104,O3,TIDAK SEHAT,DKI3 Jagakarsa
8/2/2013,201308,63,,25,37,75,15,75,O3,SEDANG,DKI3 Jagakarsa
8/4/2013,201308,73,,23,38,75,12,75,O3,SEDANG,DKI3 Jagakarsa
8/12/2013,201308,57,,16,23,110,15,110,O3,TIDAK SEHAT,DKI3 Jagakarsa
8/13/2013,201308,65,,22,39,119,18,119,O3,TIDAK SEHAT,DKI3 Jagakarsa
8/14/2013,201308,64,,38,22,115,17,115,O3,TIDAK SEHAT,DKI3 Jagakarsa
8/20/2013,201308,61,,24,27,110,19,110,O3,TIDAK SEHAT,DKI3 Jagakarsa
8/21/2013,201308,83,,31,30,107,20,107,O3,TIDAK SEHAT,DKI3 Jagakarsa
8/31/2013,201308,68,,19,28,81,15,81,O3,SEDANG,DKI3 Jagakarsa
9/2/2013,201309,76,,29,30,109,15,109,O3,TIDAK SEHAT,DKI3 Jagakarsa
9/8/2013,201309,63,,23,26,92,15,92,O3,SEDANG,DKI3 Jagakarsa
9/9/2013,201309,68,,24,34,90,20,90,O3,SEDANG,DKI3 Jagakarsa
9/10/2013,201309,80,,44,42,98,21,98,O3,SEDANG,DKI3 Jagakarsa
9/11/2013,201309,77,,27,33,105,18,105,O3,TIDAK SEHAT,DKI3 Jagakarsa
9/13/2013,201309,83,,40,32,114,22,114,O3,TIDAK SEHAT,DKI3 Jagakarsa
9/15/2013,201309,66,,25,35,98,17,98,O3,SEDANG,DKI3 Jagakarsa
9/20/2013,201309,71,,34,32,84,21,84,O3,SEDANG,DKI3 Jagakarsa
9/22/2013,201309,67,,25,33,107,17,107,O3,TIDAK SEHAT,DKI3 Jagakarsa
9/28/2013,201309,72,,37,26,91,18,91,O3,SEDANG,DKI3 Jagakarsa
10/3/2013,201310,75,,27,33,110,24,110,O3,TIDAK SEHAT,DKI3 Jagakarsa
10/7/2013,201310,67,,37,31,101,17,101,O3,TIDAK SEHAT,DKI3 Jagakarsa
10/10/2013,201310,66,,22,31,93,21,93,O3,SEDANG,DKI3 Jagakarsa
10/11/2013,201310,71,,21,38,107,21,107,O3,TIDAK SEHAT,DKI3 Jagakarsa
10/12/2013,201310,62,,31,29,121,20,121,O3,TIDAK SEHAT,DKI3 Jagakarsa
10/15/2013,201310,56,,23,24,80,15,80,O3,SEDANG,DKI3 Jagakarsa
10/16/2013,201310,76,,34,25,80,14,80,O3,SEDANG,DKI3 Jagakarsa
10/19/2013,201310,76,,30,47,139,18,139,O3,TIDAK SEHAT,DKI3 Jagakarsa
10/22/2013,201310,80,,40,30,89,20,89,O3,SEDANG,DKI3 Jagakarsa
10/24/2013,201310,67,,40,38,103,22,103,O3,TIDAK SEHAT,DKI3 Jagakarsa
11/14/2013,201311,68,,41,60,121,25,121,O3,TIDAK SEHAT,DKI3 Jagakarsa
1/1/2014,201401,54,,6,56,41,7.915254237,56,CO,SEDANG,DKI3 Jagakarsa
1/2/2014,201401,19,,7,23,64,7.559322034,64,O3,SEDANG,DKI3 Jagakarsa
1/3/2014,201401,23,,7,34,76,7.203389831,76,O3,SEDANG,DKI3 Jagakarsa
1/4/2014,201401,23,,6,36,57,6.847457627,57,O3,SEDANG,DKI3 Jagakarsa
1/5/2014,201401,16,,6,13,21,6.491525424,21,O3,BAIK,DKI3 Jagakarsa
1/6/2014,201401,15,,5,7,17,6.13559322,17,O3,BAIK,DKI3 Jagakarsa
1/7/2014,201401,23,,6,11,39,5.779661017,39,O3,BAIK,DKI3 Jagakarsa
1/8/2014,201401,27,,6,30,40,5.423728814,40,O3,BAIK,DKI3 Jagakarsa
1/9/2014,201401,19,,6,39,33,5.06779661,39,CO,BAIK,DKI3 Jagakarsa
1/10/2014,201401,17,,6,13,39,4.711864407,39,O3,BAIK,DKI3 Jagakarsa
1/11/2014,201401,17,,7,15,66,4.355932203,66,O3,SEDANG,DKI3 Jagakarsa
1/12/2014,201401,16,,5,25,51,4,51,O3,SEDANG,DKI3 Jagakarsa
1/13/2014,201401,13,,7,23,42,4,42,O3,BAIK,DKI3 Jagakarsa
1/14/2014,201401,17,,7,19,45,4,45,O3,BAIK,DKI3 Jagakarsa
1/15/2014,201401,21,,6,20,40,4,40,O3,BAIK,DKI3 Jagakarsa
1/16/2014,201401,17,,6,27,40,4,40,O3,BAIK,DKI3 Jagakarsa
1/17/2014,201401,25,,6,20,42,4,42,O3,BAIK,DKI3 Jagakarsa
1/18/2014,201401,16,,6,21,42,4,42,O3,BAIK,DKI3 Jagakarsa
1/19/2014,201401,17.45454545,,6,21,41,4,41,O3,BAIK,DKI3 Jagakarsa
1/20/2014,201401,18.90909091,,6,24,42,4,42,O3,BAIK,DKI3 Jagakarsa
1/21/2014,201401,20.36363636,,6,13,39,4,39,O3,BAIK,DKI3 Jagakarsa
1/22/2014,201401,21.81818182,,7,14,41,4,41,O3,BAIK,DKI3 Jagakarsa
1/23/2014,201401,23.27272727,,6,19,41,4,41,O3,BAIK,DKI3 Jagakarsa
1/24/2014,201401,24.72727273,,6,20,44,4,44,O3,BAIK,DKI3 Jagakarsa
1/25/2014,201401,26.18181818,,6,14,42,4,42,O3,BAIK,DKI3 Jagakarsa
1/29/2014,201401,32,,6,27,33,4,33,O3,BAIK,DKI3 Jagakarsa
1/30/2014,201401,37,,6,33,38,4,38,O3,BAIK,DKI3 Jagakarsa
1/31/2014,201401,44,,6,33,40,5,44,PM10,BAIK,DKI3 Jagakarsa
2/1/2014,201402,34,,6,29,45,6,45,O3,BAIK,DKI3 Jagakarsa
2/2/2014,201402,31,,6,27,42,7,42,O3,BAIK,DKI3 Jagakarsa
2/3/2014,201402,28,,6,31,48,8,48,O3,BAIK,DKI3 Jagakarsa
2/4/2014,201402,23,,6,23,56,9,56,O3,SEDANG,DKI3 Jagakarsa
2/5/2014,201402,63,,7,62,62,10,63,PM10,SEDANG,DKI3 Jagakarsa
2/6/2014,201402,63,,7,49,53,4,63,PM10,SEDANG,DKI3 Jagakarsa
2/7/2014,201402,51,,6,34,49,4.166666667,51,PM10,SEDANG,DKI3 Jagakarsa
2/8/2014,201402,23,,6,14,33,4.333333333,33,O3,BAIK,DKI3 Jagakarsa
2/9/2014,201402,24,,6,71,41,4.5,71,CO,SEDANG,DKI3 Jagakarsa
2/10/2014,201402,14,,7,20,54,4.666666667,54,O3,SEDANG,DKI3 Jagakarsa
2/11/2014,201402,25,,7,22,58,4.833333333,58,O3,SEDANG,DKI3 Jagakarsa
2/12/2014,201402,40,,7,42,55,5,55,O3,SEDANG,DKI3 Jagakarsa
2/13/2014,201402,38,,8,40,79,12,79,O3,SEDANG,DKI3 Jagakarsa
2/14/2014,201402,43,,8,46,52,10.66666667,52,O3,SEDANG,DKI3 Jagakarsa
2/15/2014,201402,60,,9,48,39,9.333333333,60,PM10,SEDANG,DKI3 Jagakarsa
2/16/2014,201402,63,,12,34,40,8,63,PM10,SEDANG,DKI3 Jagakarsa
2/17/2014,201402,59,,8,42,99,9,99,O3,SEDANG,DKI3 Jagakarsa
2/18/2014,201402,51,,7,34,42,9,51,PM10,SEDANG,DKI3 Jagakarsa
2/19/2014,201402,67,,8,38,41,8.714285714,67,PM10,SEDANG,DKI3 Jagakarsa
2/20/2014,201402,54,,7,38,49,8.428571429,54,PM10,SEDANG,DKI3 Jagakarsa
2/21/2014,201402,30,,9,19,44,8.142857143,44,O3,BAIK,DKI3 Jagakarsa
2/22/2014,201402,28,,8,28,29,7.857142857,29,O3,BAIK,DKI3 Jagakarsa
2/23/2014,201402,18,,8,31,47,7.571428571,47,O3,BAIK,DKI3 Jagakarsa
2/24/2014,201402,25,,8,25,44,7.285714286,44,O3,BAIK,DKI3 Jagakarsa
2/25/2014,201402,29,,8,30,47,7,47,O3,BAIK,DKI3 Jagakarsa
2/26/2014,201402,25,,8,20,45,8,45,O3,BAIK,DKI3 Jagakarsa
2/27/2014,201402,33,,9,37,48,10,48,O3,BAIK,DKI3 Jagakarsa
2/28/2014,201402,61,,11,69,97,11,97,O3,SEDANG,DKI3 Jagakarsa
3/1/2014,201403,40,,9,31,91,7,91,O3,SEDANG,DKI3 Jagakarsa
3/2/2014,201403,22,,9,20,75,8,75,O3,SEDANG,DKI3 Jagakarsa
3/3/2014,201403,25,,9,25,144,6,144,O3,TIDAK SEHAT,DKI3 Jagakarsa
3/4/2014,201403,26,,10,26,156,9,156,O3,TIDAK SEHAT,DKI3 Jagakarsa
3/5/2014,201403,25,,10,20,67,12,67,O3,SEDANG,DKI3 Jagakarsa
3/6/2014,201403,25,,10,48,155,15,155,O3,TIDAK SEHAT,DKI3 Jagakarsa
3/7/2014,201403,28,,8,35,85,14,85,O3,SEDANG,DKI3 Jagakarsa
3/8/2014,201403,33,,9,25,85,9,85,O3,SEDANG,DKI3 Jagakarsa
3/9/2014,201403,21,,7,63,52,8,63,CO,SEDANG,DKI3 Jagakarsa
3/10/2014,201403,22,,8,31,55,7,55,O3,SEDANG,DKI3 Jagakarsa
3/11/2014,201403,33,,8,46,53,16,53,O3,SEDANG,DKI3 Jagakarsa
3/12/2014,201403,33,,8,50,44,7,50,CO,BAIK,DKI3 Jagakarsa
3/13/2014,201403,43,,10,70,66,12,70,CO,SEDANG,DKI3 Jagakarsa
3/14/2014,201403,26,,8,34,99,11,99,O3,SEDANG,DKI3 Jagakarsa
3/15/2014,201403,37,,8,51,138,12,138,O3,TIDAK SEHAT,DKI3 Jagakarsa
3/16/2014,201403,30,,8,49,78,10,78,O3,SEDANG,DKI3 Jagakarsa
3/17/2014,201403,24,,8,27,92,8,92,O3,SEDANG,DKI3 Jagakarsa
3/18/2014,201403,28,,8,42,90,10,90,O3,SEDANG,DKI3 Jagakarsa
3/19/2014,201403,23,,9,31,66,14,66,O3,SEDANG,DKI3 Jagakarsa
3/20/2014,201403,17,,8,40,146,8,146,O3,TIDAK SEHAT,DKI3 Jagakarsa
3/22/2014,201403,25,,8,30,57,11,57,O3,SEDANG,DKI3 Jagakarsa
3/23/2014,201403,18,,8,28,47,8,47,O3,BAIK,DKI3 Jagakarsa
3/24/2014,201403,33,,9,48,53,12,53,O3,SEDANG,DKI3 Jagakarsa
3/25/2014,201403,31,,10,21,51,10,51,O3,SEDANG,DKI3 Jagakarsa
3/26/2014,201403,25,,8,21,75,13,75,O3,SEDANG,DKI3 Jagakarsa
3/27/2014,201403,55,,11,54,114,12,114,O3,TIDAK SEHAT,DKI3 Jagakarsa
3/28/2014,201403,28,,9,26,100,12,100,O3,SEDANG,DKI3 Jagakarsa
3/29/2014,201403,20,,9,23,105,11,105,O3,TIDAK SEHAT,DKI3 Jagakarsa
3/30/2014,201403,26,,9,25,76,13,76,O3,SEDANG,DKI3 Jagakarsa
3/31/2014,201403,26,,8,37,60,8,60,O3,SEDANG,DKI3 Jagakarsa
4/1/2014,201404,21,,9,29,79,8,79,O3,SEDANG,DKI3 Jagakarsa
4/2/2014,201404,30,,9,33,96,6,96,O3,SEDANG,DKI3 Jagakarsa
4/3/2014,201404,22,,11,24,79,9,79,O3,SEDANG,DKI3 Jagakarsa
4/4/2014,201404,30,,8,34,59,7,59,O3,SEDANG,DKI3 Jagakarsa
4/5/2014,201404,26,,9,34,83,8,83,O3,SEDANG,DKI3 Jagakarsa
4/6/2014,201404,15,,9,16,66,6,66,O3,SEDANG,DKI3 Jagakarsa
4/7/2014,201404,14,,8,11,44,4,44,O3,BAIK,DKI3 Jagakarsa
4/8/2014,201404,19,,8,21,36,7,36,O3,BAIK,DKI3 Jagakarsa
4/9/2014,201404,18,,8,16,28,5.5,28,O3,BAIK,DKI3 Jagakarsa
4/10/2014,201404,22,,8,17,33,4,33,O3,BAIK,DKI3 Jagakarsa
4/11/2014,201404,18,,8,33,31,8,33,CO,BAIK,DKI3 Jagakarsa
4/12/2014,201404,36,,8,50,34,11,50,CO,BAIK,DKI3 Jagakarsa
4/13/2014,201404,23,,8,22,42,7,42,O3,BAIK,DKI3 Jagakarsa
4/14/2014,201404,21,,8,42,44,8,44,O3,BAIK,DKI3 Jagakarsa
4/15/2014,201404,15,,9,51,31,8,51,CO,SEDANG,DKI3 Jagakarsa
4/16/2014,201404,27,,10,28,47,7,47,O3,BAIK,DKI3 Jagakarsa
4/17/2014,201404,18,,11,36,54,10,54,O3,SEDANG,DKI3 Jagakarsa
4/18/2014,201404,20,,9,30,58,11,58,O3,SEDANG,DKI3 Jagakarsa
4/19/2014,201404,24,,8,28,79,9,79,O3,SEDANG,DKI3 Jagakarsa
4/20/2014,201404,20,,9,42,47,5,47,O3,BAIK,DKI3 Jagakarsa
4/21/2014,201404,19,,10,28,31,12,31,O3,BAIK,DKI3 Jagakarsa
4/22/2014,201404,17,,9,18,42,4,42,O3,BAIK,DKI3 Jagakarsa
4/23/2014,201404,17,,8,29,36,9,36,O3,BAIK,DKI3 Jagakarsa
4/24/2014,201404,17,,8,37,42,6,42,O3,BAIK,DKI3 Jagakarsa
4/25/2014,201404,14,,9,15,30,4,30,O3,BAIK,DKI3 Jagakarsa
4/26/2014,201404,13,,11,13,66,9,66,O3,SEDANG,DKI3 Jagakarsa
4/27/2014,201404,13,,9,27,42,6,42,O3,BAIK,DKI3 Jagakarsa
4/28/2014,201404,14,,9,25,57,4,57,O3,SEDANG,DKI3 Jagakarsa
4/29/2014,201404,15,,8,25,116,8,116,O3,TIDAK SEHAT,DKI3 Jagakarsa
4/30/2014,201404,18,,11,23,119,12,119,O3,TIDAK SEHAT,DKI3 Jagakarsa
5/1/2014,201405,16,,11,30,80,13,80,O3,SEDANG,DKI3 Jagakarsa
5/2/2014,201405,18,,9,56,58,9,58,O3,SEDANG,DKI3 Jagakarsa
5/3/2014,201405,15,,10,40,51,12,51,O3,SEDANG,DKI3 Jagakarsa
5/4/2014,201405,13,,9,32,44,6,44,O3,BAIK,DKI3 Jagakarsa
5/5/2014,201405,13.8,,10,39,67,8,67,O3,SEDANG,DKI3 Jagakarsa
5/6/2014,201405,14.6,,11,19,60,6,60,O3,SEDANG,DKI3 Jagakarsa
5/7/2014,201405,15.4,,9,23,84,6,84,O3,SEDANG,DKI3 Jagakarsa
5/8/2014,201405,16.2,,9,27,68,7,68,O3,SEDANG,DKI3 Jagakarsa
5/9/2014,201405,17,,10,16,123,8,123,O3,TIDAK SEHAT,DKI3 Jagakarsa
5/10/2014,201405,26,,10,24,124,22,124,O3,TIDAK SEHAT,DKI3 Jagakarsa
5/11/2014,201405,34,,9,24,73,8,73,O3,SEDANG,DKI3 Jagakarsa
5/12/2014,201405,26,,10,19,83,11,83,O3,SEDANG,DKI3 Jagakarsa
5/13/2014,201405,19,,10,32,71,7,71,O3,SEDANG,DKI3 Jagakarsa
5/14/2014,201405,26,,10,19,93,10,93,O3,SEDANG,DKI3 Jagakarsa
5/15/2014,201405,23,,10,15,69,6,69,O3,SEDANG,DKI3 Jagakarsa
5/16/2014,201405,17,,12,29,72,7,72,O3,SEDANG,DKI3 Jagakarsa
5/17/2014,201405,14,,10,16,77,8,77,O3,SEDANG,DKI3 Jagakarsa
5/18/2014,201405,24,,10,29,78,7,78,O3,SEDANG,DKI3 Jagakarsa
5/19/2014,201405,19,,11,19,112,7,112,O3,TIDAK SEHAT,DKI3 Jagakarsa
5/20/2014,201405,27,,10,24,75,11,75,O3,SEDANG,DKI3 Jagakarsa
5/21/2014,201405,20,,11,21,78,7,78,O3,SEDANG,DKI3 Jagakarsa
5/22/2014,201405,22,,10,20,74,8,74,O3,SEDANG,DKI3 Jagakarsa
5/23/2014,201405,24,,10,21,73,9,73,O3,SEDANG,DKI3 Jagakarsa
5/24/2014,201405,20,,10,49,64,13,64,O3,SEDANG,DKI3 Jagakarsa
5/25/2014,201405,21,,10,38,51,9,51,O3,SEDANG,DKI3 Jagakarsa
5/26/2014,201405,20,,11,21,51,9,51,O3,SEDANG,DKI3 Jagakarsa
5/27/2014,201405,29,,10,42,86,6,86,O3,SEDANG,DKI3 Jagakarsa
5/28/2014,201405,40,,10,17,75,6,75,O3,SEDANG,DKI3 Jagakarsa
5/29/2014,201405,38,,11,26,82,9,82,O3,SEDANG,DKI3 Jagakarsa
5/30/2014,201405,48,,11,29,84,8,84,O3,SEDANG,DKI3 Jagakarsa
6/6/2014,201406,40,,11,26,80,10,80,O3,SEDANG,DKI3 Jagakarsa
6/7/2014,201406,65,,13,48,81,12,81,O3,SEDANG,DKI3 Jagakarsa
6/8/2014,201406,52,,13,31,71,9,71,O3,SEDANG,DKI3 Jagakarsa
6/9/2014,201406,36,,11,32,63,10,63,O3,SEDANG,DKI3 Jagakarsa
6/10/2014,201406,48,,10,40,49,8,49,O3,BAIK,DKI3 Jagakarsa
6/11/2014,201406,48,,11,26,129,10,129,O3,TIDAK SEHAT,DKI3 Jagakarsa
6/12/2014,201406,40,,10,32,99,16,99,O3,SEDANG,DKI3 Jagakarsa
6/13/2014,201406,31,,10,18,138,11,138,O3,TIDAK SEHAT,DKI3 Jagakarsa
6/14/2014,201406,35,,10,28,61,8,61,O3,SEDANG,DKI3 Jagakarsa
6/15/2014,201406,30,,10,28,48,10,48,O3,BAIK,DKI3 Jagakarsa
6/16/2014,201406,19,,12,23,86,12,86,O3,SEDANG,DKI3 Jagakarsa
6/17/2014,201406,20,,12,19,82,10,82,O3,SEDANG,DKI3 Jagakarsa
6/18/2014,201406,27,,11,30,75,11,75,O3,SEDANG,DKI3 Jagakarsa
6/19/2014,201406,17,,11,16,73,8,73,O3,SEDANG,DKI3 Jagakarsa
6/20/2014,201406,32,,12,26,58,8,58,O3,SEDANG,DKI3 Jagakarsa
6/21/2014,201406,24,,11,28,50,9,50,O3,BAIK,DKI3 Jagakarsa
6/22/2014,201406,23,,11,50,42,11,50,CO,BAIK,DKI3 Jagakarsa
6/23/2014,201406,25,,12,23,67,12,67,O3,SEDANG,DKI3 Jagakarsa
6/24/2014,201406,23,,12,40,49,8,49,O3,BAIK,DKI3 Jagakarsa
6/25/2014,201406,21,,11,32,66,11,66,O3,SEDANG,DKI3 Jagakarsa
6/26/2014,201406,17,,11,23,46,15,46,O3,BAIK,DKI3 Jagakarsa
6/27/2014,201406,30,,13,43,75,11,75,O3,SEDANG,DKI3 Jagakarsa
6/28/2014,201406,13,,11,21,48,6,48,O3,BAIK,DKI3 Jagakarsa
6/29/2014,201406,39,,14,20,68,7,68,O3,SEDANG,DKI3 Jagakarsa
6/30/2014,201406,22,,12,19,65,6,65,O3,SEDANG,DKI3 Jagakarsa
7/1/2014,201407,19,,13,19,86,9,86,O3,SEDANG,DKI3 Jagakarsa
7/2/2014,201407,24,,14,20,67,8,67,O3,SEDANG,DKI3 Jagakarsa
7/3/2014,201407,25,,13,21,85,6,85,O3,SEDANG,DKI3 Jagakarsa
7/4/2014,201407,33,,13,36,80,13,80,O3,SEDANG,DKI3 Jagakarsa
7/5/2014,201407,24,,11,16,70,7,70,O3,SEDANG,DKI3 Jagakarsa
7/6/2014,201407,15,,11,12,53,4,53,O3,SEDANG,DKI3 Jagakarsa
7/7/2014,201407,19,,13,16,59,9,59,O3,SEDANG,DKI3 Jagakarsa
7/8/2014,201407,17,,14,17,70,8,70,O3,SEDANG,DKI3 Jagakarsa
7/9/2014,201407,19,,14,34,62,11,62,O3,SEDANG,DKI3 Jagakarsa
7/10/2014,201407,13,,15,11,50,7,50,O3,BAIK,DKI3 Jagakarsa
7/11/2014,201407,19,,14,11,53,6,53,O3,SEDANG,DKI3 Jagakarsa
7/12/2014,201407,30,,11,30,42,7,42,O3,BAIK,DKI3 Jagakarsa
7/13/2014,201407,10,,11,28,30,10,30,O3,BAIK,DKI3 Jagakarsa
7/14/2014,201407,17,,11,11,31,9,31,O3,BAIK,DKI3 Jagakarsa
7/15/2014,201407,21,,14,20,79,8,79,O3,SEDANG,DKI3 Jagakarsa
7/16/2014,201407,16,,12,19,94,8,94,O3,SEDANG,DKI3 Jagakarsa
7/17/2014,201407,13,,12,27,88,11,88,O3,SEDANG,DKI3 Jagakarsa
7/18/2014,201407,13,,13,27,76,10,76,O3,SEDANG,DKI3 Jagakarsa
7/19/2014,201407,13,,13,16,79,9,79,O3,SEDANG,DKI3 Jagakarsa
7/20/2014,201407,12,,12,16,65,6,65,O3,SEDANG,DKI3 Jagakarsa
7/21/2014,201407,12,,12,17,87,4,87,O3,SEDANG,DKI3 Jagakarsa
7/22/2014,201407,13,,14,18,94,8,94,O3,SEDANG,DKI3 Jagakarsa
7/23/2014,201407,14,,12,22,75,10,75,O3,SEDANG,DKI3 Jagakarsa
7/24/2014,201407,18,,13,15,57,8,57,O3,SEDANG,DKI3 Jagakarsa
7/25/2014,201407,12,,12,46,53,9,53,O3,SEDANG,DKI3 Jagakarsa
7/26/2014,201407,14,,12,22,62,9,62,O3,SEDANG,DKI3 Jagakarsa
7/27/2014,201407,13,,12,25,57,8,57,O3,SEDANG,DKI3 Jagakarsa
7/28/2014,201407,13,,12,29,86,9,86,O3,SEDANG,DKI3 Jagakarsa
7/29/2014,201407,14,,12,13,87,9,87,O3,SEDANG,DKI3 Jagakarsa
7/30/2014,201407,14,,12,19,54,6,54,O3,SEDANG,DKI3 Jagakarsa
7/31/2014,201407,15,,13,11,49,9,49,O3,BAIK,DKI3 Jagakarsa
8/1/2014,201408,11,,13,14,55,5,55,O3,SEDANG,DKI3 Jagakarsa
8/2/2014,201408,17,,13,11,74,4,74,O3,SEDANG,DKI3 Jagakarsa
8/3/2014,201408,15,,13,22,77,7,77,O3,SEDANG,DKI3 Jagakarsa
8/4/2014,201408,17,,12,19,65,7,65,O3,SEDANG,DKI3 Jagakarsa
8/5/2014,201408,15,,13,18,48,6,48,O3,BAIK,DKI3 Jagakarsa
8/6/2014,201408,14,,15,10,40,7,40,O3,BAIK,DKI3 Jagakarsa
8/7/2014,201408,21,,14,19,63,9,63,O3,SEDANG,DKI3 Jagakarsa
8/8/2014,201408,25,,14,22,74,7,74,O3,SEDANG,DKI3 Jagakarsa
8/9/2014,201408,15,,14,14,93,5,93,O3,SEDANG,DKI3 Jagakarsa
8/10/2014,201408,25,,15,17,88,8,88,O3,SEDANG,DKI3 Jagakarsa
8/11/2014,201408,12,,15,15,65,10,65,O3,SEDANG,DKI3 Jagakarsa
8/12/2014,201408,12,,12,18,99,6,99,O3,SEDANG,DKI3 Jagakarsa
8/13/2014,201408,13,,13,15,98,5,98,O3,SEDANG,DKI3 Jagakarsa
8/14/2014,201408,22,,15,18,72,10,72,O3,SEDANG,DKI3 Jagakarsa
8/15/2014,201408,22,,14,15,82,7,82,O3,SEDANG,DKI3 Jagakarsa
8/16/2014,201408,14,,15,12,85,10,85,O3,SEDANG,DKI3 Jagakarsa
8/17/2014,201408,14,,14,24,86,9,86,O3,SEDANG,DKI3 Jagakarsa
8/18/2014,201408,17,,14,29,80,10,80,O3,SEDANG,DKI3 Jagakarsa
8/19/2014,201408,19,,15,16,98,8,98,O3,SEDANG,DKI3 Jagakarsa
8/20/2014,201408,21,,14,17,65,12,65,O3,SEDANG,DKI3 Jagakarsa
8/21/2014,201408,23,,14,17,88,12,88,O3,SEDANG,DKI3 Jagakarsa
8/22/2014,201408,30,,14,19,63,11,63,O3,SEDANG,DKI3 Jagakarsa
8/23/2014,201408,21,,16,16,76,9,76,O3,SEDANG,DKI3 Jagakarsa
8/24/2014,201408,29,,14,12,82,7,82,O3,SEDANG,DKI3 Jagakarsa
8/25/2014,201408,28,,14,11,76,6,76,O3,SEDANG,DKI3 Jagakarsa
8/26/2014,201408,34,,14,13,89,6,89,O3,SEDANG,DKI3 Jagakarsa
8/27/2014,201408,35,,14,22,88,7,88,O3,SEDANG,DKI3 Jagakarsa
8/28/2014,201408,22,,14,13,78,7,78,O3,SEDANG,DKI3 Jagakarsa
8/29/2014,201408,23,,15,20,70,9,70,O3,SEDANG,DKI3 Jagakarsa
8/30/2014,201408,28,,13,20,92,8,92,O3,SEDANG,DKI3 Jagakarsa
8/31/2014,201408,30,,14,16,83,5,83,O3,SEDANG,DKI3 Jagakarsa
9/1/2014,201409,29,,16,12,75,5,75,O3,SEDANG,DKI3 Jagakarsa
9/2/2014,201409,34,,16,13,93,7,93,O3,SEDANG,DKI3 Jagakarsa
9/3/2014,201409,40,,17,15,100,7,100,O3,SEDANG,DKI3 Jagakarsa
9/4/2014,201409,29,,15,17,115,13,115,O3,TIDAK SEHAT,DKI3 Jagakarsa
9/5/2014,201409,22,,14,18,77,13,77,O3,SEDANG,DKI3 Jagakarsa
9/6/2014,201409,14,,14,12,82,5,82,O3,SEDANG,DKI3 Jagakarsa
9/7/2014,201409,36,,15,20,89,11,89,O3,SEDANG,DKI3 Jagakarsa
9/8/2014,201409,39,,16,20,79,8,79,O3,SEDANG,DKI3 Jagakarsa
9/9/2014,201409,39,,15,26,106,11,106,O3,TIDAK SEHAT,DKI3 Jagakarsa
9/10/2014,201409,48,,15,27,83,12,83,O3,SEDANG,DKI3 Jagakarsa
9/11/2014,201409,43,,15,16,89,8,89,O3,SEDANG,DKI3 Jagakarsa
9/12/2014,201409,26,,16,19,87,12,87,O3,SEDANG,DKI3 Jagakarsa
9/13/2014,201409,42,,17,21,91,13,91,O3,SEDANG,DKI3 Jagakarsa
9/14/2014,201409,22,,16,14,88,6,88,O3,SEDANG,DKI3 Jagakarsa
9/15/2014,201409,25,,18,20,102,11,102,O3,TIDAK SEHAT,DKI3 Jagakarsa
9/16/2014,201409,29,,16,27,112,17,112,O3,TIDAK SEHAT,DKI3 Jagakarsa
9/17/2014,201409,29,,17,15,75,8,75,O3,SEDANG,DKI3 Jagakarsa
9/18/2014,201409,21,,17,16,81,9,81,O3,SEDANG,DKI3 Jagakarsa
9/19/2014,201409,21,,16,17,69,7,69,O3,SEDANG,DKI3 Jagakarsa
9/20/2014,201409,23,,19,15,86,10,86,O3,SEDANG,DKI3 Jagakarsa
9/21/2014,201409,27,,15,32,90,9,90,O3,SEDANG,DKI3 Jagakarsa
9/22/2014,201409,22,,15,20,79,6,79,O3,SEDANG,DKI3 Jagakarsa
9/23/2014,201409,14,,16,15,76,7,76,O3,SEDANG,DKI3 Jagakarsa
9/24/2014,201409,10,,16,16,63,11,63,O3,SEDANG,DKI3 Jagakarsa
9/25/2014,201409,31,,18,22,117,15,117,O3,TIDAK SEHAT,DKI3 Jagakarsa
9/26/2014,201409,20,,17,25,107,9,107,O3,TIDAK SEHAT,DKI3 Jagakarsa
9/27/2014,201409,14,,17,27,78,11,78,O3,SEDANG,DKI3 Jagakarsa
9/28/2014,201409,22,,16,28,72,11,72,O3,SEDANG,DKI3 Jagakarsa
9/29/2014,201409,21,,15,20,61,8,61,O3,SEDANG,DKI3 Jagakarsa
9/30/2014,201409,13,,17,13,30,18,30,O3,BAIK,DKI3 Jagakarsa
10/1/2014,201410,35,,16,41,29,16,41,CO,BAIK,DKI3 Jagakarsa
10/2/2014,201410,34,,16,15,32,8,34,PM10,BAIK,DKI3 Jagakarsa
10/3/2014,201410,19,,16,21,24,8,24,O3,BAIK,DKI3 Jagakarsa
10/4/2014,201410,16,,16,13,24,5,24,O3,BAIK,DKI3 Jagakarsa
10/5/2014,201410,17,,15,22,28,10,28,O3,BAIK,DKI3 Jagakarsa
10/6/2014,201410,19,,17,14,28,9,28,O3,BAIK,DKI3 Jagakarsa
10/7/2014,201410,19,,17,17,28,11,28,O3,BAIK,DKI3 Jagakarsa
10/8/2014,201410,17,,17,16,28,7,28,O3,BAIK,DKI3 Jagakarsa
10/9/2014,201410,14,,16,13,28,8,28,O3,BAIK,DKI3 Jagakarsa
10/10/2014,201410,13,,17,14,23,11,23,O3,BAIK,DKI3 Jagakarsa
10/11/2014,201410,19,,17,27,29,12,29,O3,BAIK,DKI3 Jagakarsa
10/12/2014,201410,16,,18,27,43,11,43,O3,BAIK,DKI3 Jagakarsa
10/13/2014,201410,22,,16,29,42,9,42,O3,BAIK,DKI3 Jagakarsa
10/14/2014,201410,15,,15,21,24,15,24,O3,BAIK,DKI3 Jagakarsa
10/15/2014,201410,17,,15,22,35,7,35,O3,BAIK,DKI3 Jagakarsa
10/16/2014,201410,14,,14,25,43,9,43,O3,BAIK,DKI3 Jagakarsa
10/17/2014,201410,11,,15,28,37,8,37,O3,BAIK,DKI3 Jagakarsa
10/18/2014,201410,18,,15,24,23,16,24,CO,BAIK,DKI3 Jagakarsa
10/19/2014,201410,14,,15,25,25,8,25,CO,BAIK,DKI3 Jagakarsa
10/20/2014,201410,16,,16,17,24,5,24,O3,BAIK,DKI3 Jagakarsa
10/21/2014,201410,17,,16,15,28,7,28,O3,BAIK,DKI3 Jagakarsa
10/22/2014,201410,15,,16,19,30,8,30,O3,BAIK,DKI3 Jagakarsa
10/25/2014,201410,11,,16,41,20,12,41,CO,BAIK,DKI3 Jagakarsa
10/26/2014,201410,16,,16,30,29,10,30,CO,BAIK,DKI3 Jagakarsa
10/27/2014,201410,11,,15,18,26,7,26,O3,BAIK,DKI3 Jagakarsa
10/28/2014,201410,10,,15,16,25,12,25,O3,BAIK,DKI3 Jagakarsa
10/29/2014,201410,11,,15,14,27,7,27,O3,BAIK,DKI3 Jagakarsa
10/30/2014,201410,14,,14,30,13,10,30,CO,BAIK,DKI3 Jagakarsa
10/31/2014,201410,23,,16,20,34,8,34,O3,BAIK,DKI3 Jagakarsa
11/1/2014,201411,14,,15,11,36,6,36,O3,BAIK,DKI3 Jagakarsa
11/2/2014,201411,19,,16,20,46,6,46,O3,BAIK,DKI3 Jagakarsa
11/3/2014,201411,17,,16,13,42,9,42,O3,BAIK,DKI3 Jagakarsa
11/4/2014,201411,14,,20,13,29,9,29,O3,BAIK,DKI3 Jagakarsa
11/5/2014,201411,12,,16,11,26,12,26,O3,BAIK,DKI3 Jagakarsa
11/6/2014,201411,12,,16,15,33,12,33,O3,BAIK,DKI3 Jagakarsa
11/7/2014,201411,24,,16,21,35,10,35,O3,BAIK,DKI3 Jagakarsa
11/8/2014,201411,15,,15,16,33,5,33,O3,BAIK,DKI3 Jagakarsa
11/9/2014,201411,13,,15,28,31,18,31,O3,BAIK,DKI3 Jagakarsa
11/10/2014,201411,14,,14,18,31,7,31,O3,BAIK,DKI3 Jagakarsa
11/11/2014,201411,14,,14,21,26,12,26,O3,BAIK,DKI3 Jagakarsa
11/12/2014,201411,20,,15,38,26,12,38,CO,BAIK,DKI3 Jagakarsa
11/13/2014,201411,13,,15,16,31,6,31,O3,BAIK,DKI3 Jagakarsa
11/14/2014,201411,18,,17,35,23,10,35,CO,BAIK,DKI3 Jagakarsa
11/15/2014,201411,10,,16,28,27,12,28,CO,BAIK,DKI3 Jagakarsa
11/16/2014,201411,14,,14,23,19,8,23,CO,BAIK,DKI3 Jagakarsa
11/17/2014,201411,11,,15,19,18,6,19,CO,BAIK,DKI3 Jagakarsa
11/18/2014,201411,13,,15,37,18,10,37,CO,BAIK,DKI3 Jagakarsa
11/19/2014,201411,12,,16,21,31,8,31,O3,BAIK,DKI3 Jagakarsa
11/22/2014,201411,19,,16,38,17,8,38,CO,BAIK,DKI3 Jagakarsa
11/23/2014,201411,10,,15,30,15,7,30,CO,BAIK,DKI3 Jagakarsa
11/24/2014,201411,11,,15,22,31,8,31,O3,BAIK,DKI3 Jagakarsa
11/25/2014,201411,8,,14,18,17,11,18,CO,BAIK,DKI3 Jagakarsa
11/26/2014,201411,14,,16,21,19,7,21,CO,BAIK,DKI3 Jagakarsa
11/27/2014,201411,24,,15,25,49,8,49,O3,BAIK,DKI3 Jagakarsa
11/28/2014,201411,15,,16,22,27,7,27,O3,BAIK,DKI3 Jagakarsa
11/29/2014,201411,14,,16,40,18,12,40,CO,BAIK,DKI3 Jagakarsa
11/30/2014,201411,17,,14,18,15,4,18,CO,BAIK,DKI3 Jagakarsa
12/1/2014,201412,13,,14,9,6,4.5,14,SO2,BAIK,DKI3 Jagakarsa
12/2/2014,201412,20,,15,14,11,5,20,PM10,BAIK,DKI3 Jagakarsa
12/3/2014,201412,18,,14,12,7,3,18,PM10,BAIK,DKI3 Jagakarsa
12/4/2014,201412,19,,15,14,12,5,19,PM10,BAIK,DKI3 Jagakarsa
12/5/2014,201412,27,,15,28,10,8,28,CO,BAIK,DKI3 Jagakarsa
12/6/2014,201412,13,,14,22,7,5,22,CO,BAIK,DKI3 Jagakarsa
12/7/2014,201412,14,,15,32,8,6,32,CO,BAIK,DKI3 Jagakarsa
12/8/2014,201412,12,,15,9,5,5.5,15,SO2,BAIK,DKI3 Jagakarsa
12/9/2014,201412,14,,16,15,9,5,16,SO2,BAIK,DKI3 Jagakarsa
12/10/2014,201412,17,,16,20,10,11,20,CO,BAIK,DKI3 Jagakarsa
12/11/2014,201412,15,,18,15,11,8,18,SO2,BAIK,DKI3 Jagakarsa
12/12/2014,201412,15,,15,16,9,4,16,CO,BAIK,DKI3 Jagakarsa
12/13/2014,201412,18,,16,12,18,4,18,PM10,BAIK,DKI3 Jagakarsa
12/14/2014,201412,15,,16,10,9,2,16,SO2,BAIK,DKI3 Jagakarsa
12/15/2014,201412,20,,16,11,11,3,20,PM10,BAIK,DKI3 Jagakarsa
12/16/2014,201412,22,,17,19,11,11,22,PM10,BAIK,DKI3 Jagakarsa
12/17/2014,201412,14,,15,8,6,3,15,SO2,BAIK,DKI3 Jagakarsa
12/18/2014,201412,13,,16,14,13,4,16,SO2,BAIK,DKI3 Jagakarsa
12/19/2014,201412,20,,7,27,6,9,27,CO,BAIK,DKI3 Jagakarsa
12/20/2014,201412,16,,5,28,7,9,28,CO,BAIK,DKI3 Jagakarsa
12/21/2014,201412,39,,5,47,8,9,47,CO,BAIK,DKI3 Jagakarsa
12/22/2014,201412,22,,5,33,10,11,33,CO,BAIK,DKI3 Jagakarsa
12/23/2014,201412,17,,5,34,14,9.666666667,17,PM10,BAIK,DKI3 Jagakarsa
12/24/2014,201412,17,,5,35,18,8.333333333,17,PM10,BAIK,DKI3 Jagakarsa
12/25/2014,201412,13,,5,36,22,7,36,CO,BAIK,DKI3 Jagakarsa
12/26/2014,201412,11,,5,30,21,6,30,CO,BAIK,DKI3 Jagakarsa
12/27/2014,201412,15,,5,27,6,6,27,CO,BAIK,DKI3 Jagakarsa
12/28/2014,201412,16,,5,41,5,8,41,CO,BAIK,DKI3 Jagakarsa
12/29/2014,201412,16,,5,25,8,5,25,CO,BAIK,DKI3 Jagakarsa
12/30/2014,201412,17,,5,25,7,3,25,CO,BAIK,DKI3 Jagakarsa
12/31/2014,201412,13,,5,20,4,4.111111111,20,CO,BAIK,DKI3 Jagakarsa
1/8/2015,201501,48,,10,25,40,13,48,PM10,BAIK,DKI3 Jagakarsa
1/16/2015,201501,57,,16,61,40,17,61,CO,SEDANG,DKI3 Jagakarsa
1/24/2015,201501,71,,13,72,65,21,72,CO,SEDANG,DKI3 Jagakarsa
1/25/2015,201501,35,,11,29,67,18,67,O3,SEDANG,DKI3 Jagakarsa
1/26/2015,201501,53,,14,41,59,14,59,O3,SEDANG,DKI3 Jagakarsa
1/28/2015,201501,57,,14,46,65,15,65,O3,SEDANG,DKI3 Jagakarsa
1/29/2015,201501,55,,13,34,61,17,61,O3,SEDANG,DKI3 Jagakarsa
2/5/2015,201202,47,,9,33,58,17,58,O3,SEDANG,DKI3 Jagakarsa
2/6/2015,201202,30,,8,52,49,13,52,CO,SEDANG,DKI3 Jagakarsa
2/7/2015,201202,51,,9,33,53,15,53,O3,SEDANG,DKI3 Jagakarsa
2/9/2015,201202,27,,8,45,36,14,45,CO,BAIK,DKI3 Jagakarsa
2/10/2015,201202,23,,9,42,46,11,46,O3,BAIK,DKI3 Jagakarsa
2/11/2015,201202,56,,9,68,40,11,68,CO,SEDANG,DKI3 Jagakarsa
2/13/2015,201202,48,,10,37,48,15,48,PM10,BAIK,DKI3 Jagakarsa
2/15/2015,201202,67,,13,71,44,12,71,CO,SEDANG,DKI3 Jagakarsa
2/16/2015,201202,69,,13,56,72,18,72,O3,SEDANG,DKI3 Jagakarsa
2/17/2015,201202,49,,13,57,63,13,63,O3,SEDANG,DKI3 Jagakarsa
2/19/2015,201202,40,,13,34,42,13,42,O3,BAIK,DKI3 Jagakarsa
2/20/2015,201202,52,,24,42,68,20,68,O3,SEDANG,DKI3 Jagakarsa
2/24/2015,201202,70,,17,42,70,17,70,PM10,SEDANG,DKI3 Jagakarsa
2/25/2015,201202,85,,20,45,121,18,121,O3,TIDAK SEHAT,DKI3 Jagakarsa
2/26/2015,201202,87,,19,35,147,31,147,O3,TIDAK SEHAT,DKI3 Jagakarsa
2/27/2015,201202,83,,16,38,129,21,129,O3,TIDAK SEHAT,DKI3 Jagakarsa
3/11/2015,201503,44,,14,27,62,15,62,O3,SEDANG,DKI3 Jagakarsa
3/19/2015,201503,68,,16,33,130,26,130,O3,TIDAK SEHAT,DKI3 Jagakarsa
3/21/2015,201503,52,,14,30,92,16,92,O3,SEDANG,DKI3 Jagakarsa
3/22/2015,201503,63,,16,36,113,17,113,O3,TIDAK SEHAT,DKI3 Jagakarsa
3/24/2015,201503,76,,17,46,94,20,94,O3,SEDANG,DKI3 Jagakarsa
3/27/2015,201503,67,,17,58,83,20,83,O3,SEDANG,DKI3 Jagakarsa
3/28/2015,201503,68,,17,33,77,17,77,O3,SEDANG,DKI3 Jagakarsa
3/30/2015,201503,69,,14,47,76,17,76,O3,SEDANG,DKI3 Jagakarsa
4/3/2015,201504,51,,14,50,54,17,54,O3,SEDANG,DKI3 Jagakarsa
4/10/2015,201504,87,,18,64,87,39,87,PM10,SEDANG,DKI3 Jagakarsa
4/12/2015,201504,62,,22,35,88,25,88,O3,SEDANG,DKI3 Jagakarsa
4/15/2015,201504,64,,17,37,83,19,83,O3,SEDANG,DKI3 Jagakarsa
4/16/2015,201504,73,,18,36,87,21,87,O3,SEDANG,DKI3 Jagakarsa
4/21/2015,201504,76,,25,45,101,30,101,O3,TIDAK SEHAT,DKI3 Jagakarsa
4/22/2015,201504,71,,17,36,119,19,119,O3,TIDAK SEHAT,DKI3 Jagakarsa
5/3/2015,201505,65,,21,35,96,22,96,O3,SEDANG,DKI3 Jagakarsa
5/7/2015,201505,59,,18,29,67,15,67,O3,SEDANG,DKI3 Jagakarsa
5/18/2015,201505,77,,18,32,77,30,77,PM10,SEDANG,DKI3 Jagakarsa
5/19/2015,201505,84,,18,31,105,19,105,O3,TIDAK SEHAT,DKI3 Jagakarsa
5/20/2015,201505,83,,18,30,97,22,97,O3,SEDANG,DKI3 Jagakarsa
5/25/2015,201505,83,,20,29,83,14,83,PM10,SEDANG,DKI3 Jagakarsa
5/26/2015,201505,78,,19,41,85,17,85,O3,SEDANG,DKI3 Jagakarsa
5/31/2015,201505,70,,20,53,83,14,83,O3,SEDANG,DKI3 Jagakarsa
6/3/2015,201506,61,,19,30,84,16,84,O3,SEDANG,DKI3 Jagakarsa
6/11/2015,201506,71,,19,44,90,28,90,O3,SEDANG,DKI3 Jagakarsa
6/14/2015,201506,89,,30,37,113,22,113,O3,TIDAK SEHAT,DKI3 Jagakarsa
6/15/2015,201506,85,,28,36,108,26,108,O3,TIDAK SEHAT,DKI3 Jagakarsa
6/16/2015,201506,92,,32,47,115,29,115,O3,TIDAK SEHAT,DKI3 Jagakarsa
6/24/2015,201506,86,,34,34,94,29,94,O3,SEDANG,DKI3 Jagakarsa
6/30/2015,201506,95,,31,33,101,22,101,O3,TIDAK SEHAT,DKI3 Jagakarsa
7/4/2015,201507,77,,40,22,94,22,94,O3,SEDANG,DKI3 Jagakarsa
7/6/2015,201507,84,,34,25,95,21,95,O3,SEDANG,DKI3 Jagakarsa
7/7/2015,201507,83,,37,27,123,27,123,O3,TIDAK SEHAT,DKI3 Jagakarsa
7/8/2015,201507,81,,33,26,109,21,109,O3,TIDAK SEHAT,DKI3 Jagakarsa
7/9/2015,201507,81,,32,21,95,22,95,O3,SEDANG,DKI3 Jagakarsa
7/10/2015,201507,73,,35,27,86,27,86,O3,SEDANG,DKI3 Jagakarsa
7/11/2015,201507,70,,47,26,77,15,77,O3,SEDANG,DKI3 Jagakarsa
7/12/2015,201507,63,,29,23,64,13,64,O3,SEDANG,DKI3 Jagakarsa
7/18/2015,201507,52,,30,22,58,8,58,O3,SEDANG,DKI3 Jagakarsa
7/19/2015,201507,54,,29,21,56,8,56,O3,SEDANG,DKI3 Jagakarsa
7/20/2015,201507,55,,30,22,61,9,61,O3,SEDANG,DKI3 Jagakarsa
7/25/2015,201507,66,,32,24,79,12,79,O3,SEDANG,DKI3 Jagakarsa
7/27/2015,201507,69,,27,26,82,17,82,O3,SEDANG,DKI3 Jagakarsa
7/28/2015,201507,65,,34,26,66,16,66,O3,SEDANG,DKI3 Jagakarsa
7/31/2015,201507,79,,32,27,82,22,82,O3,SEDANG,DKI3 Jagakarsa
8/1/2015,201508,81,,32,29,91,20,91,O3,SEDANG,DKI3 Jagakarsa
8/2/2015,201508,86,,27,28,94,15,94,O3,SEDANG,DKI3 Jagakarsa
8/3/2015,201508,67,,35,25,69,17,69,O3,SEDANG,DKI3 Jagakarsa
8/7/2015,201508,62,,31,19,88,18,88,O3,SEDANG,DKI3 Jagakarsa
8/8/2015,201508,70,,27,22,95,22,95,O3,SEDANG,DKI3 Jagakarsa
8/12/2015,201508,66,,26,21,74,22,74,O3,SEDANG,DKI3 Jagakarsa
8/15/2015,201508,70,,29,22,75,16,75,O3,SEDANG,DKI3 Jagakarsa
8/17/2015,201508,72,,29,18,77,14,77,O3,SEDANG,DKI3 Jagakarsa
8/18/2015,201508,78,,29,23,79,18,79,O3,SEDANG,DKI3 Jagakarsa
8/21/2015,201508,79,,29,22,98,22,98,O3,SEDANG,DKI3 Jagakarsa
8/22/2015,201508,94,,32,18,96,19,96,O3,SEDANG,DKI3 Jagakarsa
8/25/2015,201508,96,,34,25,102,21,102,O3,TIDAK SEHAT,DKI3 Jagakarsa
8/29/2015,201508,81,,32,26,100,15,100,O3,SEDANG,DKI3 Jagakarsa
9/7/2015,201509,82,,33,24,83,20,83,O3,SEDANG,DKI3 Jagakarsa
9/8/2015,201509,86,,33,25,102,18,102,O3,TIDAK SEHAT,DKI3 Jagakarsa
9/9/2015,201509,94,,31,28,96,23,96,O3,SEDANG,DKI3 Jagakarsa
9/10/2015,201509,71,,35,35,99,24,99,O3,SEDANG,DKI3 Jagakarsa
9/11/2015,201509,70,,34,25,79,18,79,O3,SEDANG,DKI3 Jagakarsa
9/12/2015,201509,70,,31,20,78,17,78,O3,SEDANG,DKI3 Jagakarsa
9/15/2015,201509,75,,33,27,91,23,91,O3,SEDANG,DKI3 Jagakarsa
9/21/2015,201509,112,,32,27,120,22,120,O3,TIDAK SEHAT,DKI3 Jagakarsa
9/25/2015,201509,88,,32,21,91,19,91,O3,SEDANG,DKI3 Jagakarsa
9/28/2015,201509,76,,30,25,94,19,94,O3,SEDANG,DKI3 Jagakarsa
10/6/2015,201510,93,,33,31,95,22,95,O3,SEDANG,DKI3 Jagakarsa
10/7/2015,201510,78,,30,31,97,25,97,O3,SEDANG,DKI3 Jagakarsa
10/8/2015,201510,70,,27,25,97,23,97,O3,SEDANG,DKI3 Jagakarsa
10/12/2015,201510,80,,32,26,92,21,92,O3,SEDANG,DKI3 Jagakarsa
10/13/2015,201510,80,,28,25,80,22,80,PM10,SEDANG,DKI3 Jagakarsa
10/14/2015,201510,76,,29,35,82,21,82,O3,SEDANG,DKI3 Jagakarsa
10/16/2015,201510,55,,34,27,73,24,73,O3,SEDANG,DKI3 Jagakarsa
10/18/2015,201510,91,,33,56,108,20,108,O3,TIDAK SEHAT,DKI3 Jagakarsa
10/19/2015,201510,83,,36,35,104,22,104,O3,TIDAK SEHAT,DKI3 Jagakarsa
10/27/2015,201510,108,,33,34,123,27,123,O3,TIDAK SEHAT,DKI3 Jagakarsa
10/29/2015,201510,93,,30,34,94,24,94,O3,SEDANG,DKI3 Jagakarsa
11/1/2015,201511,103,,28,28,119,19,119,O3,TIDAK SEHAT,DKI3 Jagakarsa
11/3/2015,201511,65,,27,25,117,17,117,O3,TIDAK SEHAT,DKI3 Jagakarsa
11/4/2015,201511,75,,28,26,84,19,84,O3,SEDANG,DKI3 Jagakarsa
11/5/2015,201511,89,,28,34,89,19,89,PM10,SEDANG,DKI3 Jagakarsa
11/6/2015,201511,82,,28,27,103,20,103,O3,TIDAK SEHAT,DKI3 Jagakarsa
11/8/2015,201511,78,,29,58,81,20,81,O3,SEDANG,DKI3 Jagakarsa
11/9/2015,201511,57,,29,29,112,18,112,O3,TIDAK SEHAT,DKI3 Jagakarsa
11/10/2015,201511,65,,30,25,105,23,105,O3,TIDAK SEHAT,DKI3 Jagakarsa
11/12/2015,201511,78,,30,37,108,22,108,O3,TIDAK SEHAT,DKI3 Jagakarsa
11/13/2015,201511,65,,28,23,74,21,74,O3,SEDANG,DKI3 Jagakarsa
11/14/2015,201511,59,,28,25,73,24,73,O3,SEDANG,DKI3 Jagakarsa
11/20/2015,201511,74,,29,30,81,20,81,O3,SEDANG,DKI3 Jagakarsa
11/25/2015,201511,67,,29,29,100,27,100,O3,SEDANG,DKI3 Jagakarsa
11/26/2015,201511,70,,29,27,117,24,117,O3,TIDAK SEHAT,DKI3 Jagakarsa
12/1/2015,201512,76,,19,37,106,28,106,O3,TIDAK SEHAT,DKI3 Jagakarsa
12/3/2015,201512,71,,32,32,82,26,82,O3,SEDANG,DKI3 Jagakarsa
12/4/2015,201512,66,,30,30,84,24,84,O3,SEDANG,DKI3 Jagakarsa
12/5/2015,201512,74,,31,43,103,25,103,O3,TIDAK SEHAT,DKI3 Jagakarsa
12/7/2015,201512,52,,31,31,63,15,63,O3,SEDANG,DKI3 Jagakarsa
12/10/2015,201512,63,,28,22,85,20,85,O3,SEDANG,DKI3 Jagakarsa
12/26/2015,201512,44,,19,30,46,9,46,O3,BAIK,DKI3 Jagakarsa
1/1/2016,201601,48.58823529,,17,53,51,11,53,CO,SEDANG,DKI3 Jagakarsa
1/2/2016,201601,49.35294118,,16,29,50,5,50,O3,BAIK,DKI3 Jagakarsa
1/3/2016,201601,50.11764706,,16,33,50,5,50,O3,BAIK,DKI3 Jagakarsa
1/4/2016,201601,50.88235294,,18,36,71,9,71,O3,SEDANG,DKI3 Jagakarsa
1/5/2016,201601,51.64705882,,16,54,46,11,54,CO,SEDANG,DKI3 Jagakarsa
1/6/2016,201601,52.41176471,,17,43,39,13,43,CO,BAIK,DKI3 Jagakarsa
1/7/2016,201601,53.17647059,,17,31,52,11,52,O3,SEDANG,DKI3 Jagakarsa
1/8/2016,201601,53.94117647,,18,30,60,7,60,O3,SEDANG,DKI3 Jagakarsa
1/9/2016,201601,54.70588235,,17,34,64,8,64,O3,SEDANG,DKI3 Jagakarsa
1/10/2016,201601,55.47058824,,17,38,74,7,74,O3,SEDANG,DKI3 Jagakarsa
1/11/2016,201601,56.23529412,,17,36,65,5,65,O3,SEDANG,DKI3 Jagakarsa
1/12/2016,201601,57,,16,38,64,7,38,CO,BAIK,DKI3 Jagakarsa
1/12/2016,201612,57,,30,11,64,6,64,O3,SEDANG,DKI3 Jagakarsa
1/13/2016,201601,57.33333333,,16,43,58,8,43,CO,BAIK,DKI3 Jagakarsa
1/14/2016,201601,57.66666667,,17,33,52,7,33,CO,BAIK,DKI3 Jagakarsa
1/15/2016,201601,58,,16,39,46,8,58,PM10,SEDANG,DKI3 Jagakarsa
1/16/2016,201601,49,,17,34,80,4,80,O3,SEDANG,DKI3 Jagakarsa
1/17/2016,201601,68,,17,39,103,8,103,O3,TIDAK SEHAT,DKI3 Jagakarsa
1/18/2016,201601,62,,16,43,73,5,73,O3,SEDANG,DKI3 Jagakarsa
1/19/2016,201601,59,,17,31,83,4,83,O3,SEDANG,DKI3 Jagakarsa
1/20/2016,201601,56.5,,16,39,50,8,50,O3,BAIK,DKI3 Jagakarsa
1/21/2016,201601,54,,16,35,73,8,73,O3,SEDANG,DKI3 Jagakarsa
1/22/2016,201601,53,,15.78571429,59,52,9,59,CO,SEDANG,DKI3 Jagakarsa
1/23/2016,201601,52,,15.57142857,37,46,10,52,PM10,SEDANG,DKI3 Jagakarsa
1/24/2016,201601,40.5,,15.35714286,40,44,4,44,O3,BAIK,DKI3 Jagakarsa
1/25/2016,201601,29,,15.14285714,28,46,7,46,O3,BAIK,DKI3 Jagakarsa
1/26/2016,201601,45,,14.92857143,41,54,7,54,O3,SEDANG,DKI3 Jagakarsa
1/27/2016,201601,70,,14.71428571,58,81,8,81,O3,SEDANG,DKI3 Jagakarsa
2/4/2016,201602,58,,13,25,49,2.666666667,58,PM10,SEDANG,DKI3 Jagakarsa
2/5/2016,201602,54,,15,19,52,2,54,PM10,SEDANG,DKI3 Jagakarsa
2/6/2016,201602,61,,13,20,41,3,61,PM10,SEDANG,DKI3 Jagakarsa
2/7/2016,201602,46,,13,28,41,5,46,PM10,BAIK,DKI3 Jagakarsa
2/8/2016,201602,49,,13,26,43,4.8,49,PM10,BAIK,DKI3 Jagakarsa
2/9/2016,201602,13,,13,8,25,4.6,25,O3,BAIK,DKI3 Jagakarsa
2/10/2016,201602,19,,13,14,31,4.4,31,O3,BAIK,DKI3 Jagakarsa
2/11/2016,201602,29,,13,36,32,4.2,36,CO,BAIK,DKI3 Jagakarsa
2/12/2016,201602,41,,13,27,47,4,47,O3,BAIK,DKI3 Jagakarsa
2/12/2016,201612,38,,28,8,35,4,38,PM10,BAIK,DKI3 Jagakarsa
2/13/2016,201602,41,,14,56,79,8,79,O3,SEDANG,DKI3 Jagakarsa
2/14/2016,201602,54,,14,23,75,4,75,O3,SEDANG,DKI3 Jagakarsa
2/15/2016,201602,40,,14,22,32,3,40,PM10,BAIK,DKI3 Jagakarsa
2/16/2016,201602,62,,14,30,37,3,62,PM10,SEDANG,DKI3 Jagakarsa
2/17/2016,201602,45,,14,22,36,3,45,PM10,BAIK,DKI3 Jagakarsa
2/18/2016,201602,54,,14,41,60,3,60,O3,SEDANG,DKI3 Jagakarsa
2/19/2016,201602,40,,14,34,67,3,67,O3,SEDANG,DKI3 Jagakarsa
2/20/2016,201602,78,,14,31,52,3,78,PM10,SEDANG,DKI3 Jagakarsa
2/21/2016,201602,61,,15,15,49,2,61,PM10,SEDANG,DKI3 Jagakarsa
2/22/2016,201602,62,,15,30,46,3,62,PM10,SEDANG,DKI3 Jagakarsa
2/23/2016,201602,61,,14,23,50,3,61,PM10,SEDANG,DKI3 Jagakarsa
2/24/2016,201602,43,,15,20,38,3,43,PM10,BAIK,DKI3 Jagakarsa
2/25/2016,201602,26,,14,16,42,3,42,O3,BAIK,DKI3 Jagakarsa
2/26/2016,201602,19,,15,8,54,3,54,O3,SEDANG,DKI3 Jagakarsa
2/27/2016,201602,49,,15,21,46,3,49,PM10,BAIK,DKI3 Jagakarsa
2/28/2016,201602,38.66666667,,15,13,46,3,46,O3,BAIK,DKI3 Jagakarsa
2/29/2016,201602,28.33333333,,15,25,42,3,42,O3,BAIK,DKI3 Jagakarsa
3/1/2016,201603,18,,14,11,43,2,43,O3,BAIK,DKI3 Jagakarsa
3/2/2016,201603,52,,15,26,40,3,52,PM10,SEDANG,DKI3 Jagakarsa
3/3/2016,201603,48,,15,29,39,3,48,PM10,BAIK,DKI3 Jagakarsa
3/4/2016,201603,68,,15,40,41,3,68,PM10,SEDANG,DKI3 Jagakarsa
3/5/2016,201603,51,,15,11,56,2,56,O3,SEDANG,DKI3 Jagakarsa
3/6/2016,201603,67,,15,33,72,2,72,O3,SEDANG,DKI3 Jagakarsa
3/7/2016,201603,52,,15,16,102,4,102,O3,TIDAK SEHAT,DKI3 Jagakarsa
3/8/2016,201603,52,,15,15,81,5,81,O3,SEDANG,DKI3 Jagakarsa
3/9/2016,201603,58,,15,24,99,4,99,O3,SEDANG,DKI3 Jagakarsa
3/10/2016,201603,54,,15,22,133,3,133,O3,TIDAK SEHAT,DKI3 Jagakarsa
3/11/2016,201603,57,,15,20,76,6,76,O3,SEDANG,DKI3 Jagakarsa
3/12/2016,201603,55,,15,27,51,1,55,PM10,SEDANG,DKI3 Jagakarsa
3/12/2016,201612,22,,28,8,31,4,31,O3,BAIK,DKI3 Jagakarsa
3/13/2016,201603,56,,15,16,78,1,78,O3,SEDANG,DKI3 Jagakarsa
3/14/2016,201603,58,,16,22,71,1,71,O3,SEDANG,DKI3 Jagakarsa
3/15/2016,201603,49,,16,20,94,2,94,O3,SEDANG,DKI3 Jagakarsa
3/16/2016,201603,53,,16,23,69,1,69,O3,SEDANG,DKI3 Jagakarsa
3/17/2016,201603,56,,16,19,59,2,59,O3,SEDANG,DKI3 Jagakarsa
3/18/2016,201603,47,,16,25,53,3,53,O3,SEDANG,DKI3 Jagakarsa
3/19/2016,201603,63,,16,19,41,1,63,PM10,SEDANG,DKI3 Jagakarsa
3/20/2016,201603,62,,16,18,38,1.333333333,62,PM10,SEDANG,DKI3 Jagakarsa
3/21/2016,201603,53,,16,17,30,1.666666667,53,PM10,SEDANG,DKI3 Jagakarsa
3/22/2016,201603,57,,16,25,23,2,57,PM10,SEDANG,DKI3 Jagakarsa
3/23/2016,201603,29,,15,9,24,5.5,29,PM10,BAIK,DKI3 Jagakarsa
3/24/2016,201603,52,,24,18,68,9,68,O3,SEDANG,DKI3 Jagakarsa
3/25/2016,201603,53,,22,19,103,5,103,O3,TIDAK SEHAT,DKI3 Jagakarsa
3/26/2016,201603,57,,20,23,128,6,128,O3,TIDAK SEHAT,DKI3 Jagakarsa
3/27/2016,201603,58,,21,25,88,4,88,O3,SEDANG,DKI3 Jagakarsa
3/28/2016,201603,60,,21,25,63,4,63,O3,SEDANG,DKI3 Jagakarsa
3/29/2016,201603,58,,21,18,93,4,93,O3,SEDANG,DKI3 Jagakarsa
3/30/2016,201603,62,,24,22,64,5,64,O3,SEDANG,DKI3 Jagakarsa
3/31/2016,201603,73,,22,32,64,9,73,PM10,SEDANG,DKI3 Jagakarsa
4/1/2016,201604,69,,21,32,84,8,84,O3,SEDANG,DKI3 Jagakarsa
4/2/2016,201604,45,,21,15,102,3,102,O3,TIDAK SEHAT,DKI3 Jagakarsa
4/3/2016,201604,35,,22,21,74,6,74,O3,SEDANG,DKI3 Jagakarsa
4/4/2016,201604,38,,22,12,66,4,66,O3,SEDANG,DKI3 Jagakarsa
4/5/2016,201604,44,,20,14,66,2,66,O3,SEDANG,DKI3 Jagakarsa
4/6/2016,201604,55,,21,17,98,4,98,O3,SEDANG,DKI3 Jagakarsa
4/7/2016,201604,53,,21,20,77,8,77,O3,SEDANG,DKI3 Jagakarsa
4/8/2016,201604,59,,20,18,48,5,59,PM10,SEDANG,DKI3 Jagakarsa
4/9/2016,201604,58,,20,22,84,6,84,O3,SEDANG,DKI3 Jagakarsa
4/10/2016,201604,57,,21,17,76,5,76,O3,SEDANG,DKI3 Jagakarsa
4/11/2016,201604,70,,21,25,139,7,139,O3,TIDAK SEHAT,DKI3 Jagakarsa
4/12/2016,201604,71,,21,28,85,8,85,O3,SEDANG,DKI3 Jagakarsa
4/12/2016,201612,32,,28,7,28,3,32,PM10,BAIK,DKI3 Jagakarsa
4/13/2016,201604,64,,22,19,70,6,70,O3,SEDANG,DKI3 Jagakarsa
4/14/2016,201604,62,,22,27,117,8,117,O3,TIDAK SEHAT,DKI3 Jagakarsa
4/17/2016,201604,56,,23,21,78,4,78,O3,SEDANG,DKI3 Jagakarsa
4/18/2016,201604,32,,22,16,75,4.5,75,O3,SEDANG,DKI3 Jagakarsa
4/19/2016,201604,43,,22,16,67,5,67,O3,SEDANG,DKI3 Jagakarsa
4/20/2016,201604,39,,22,17,99,4,99,O3,SEDANG,DKI3 Jagakarsa
4/21/2016,201604,38,,22,20,97,4,97,O3,SEDANG,DKI3 Jagakarsa
4/22/2016,201604,41,,23,16,69,5,69,O3,SEDANG,DKI3 Jagakarsa
4/23/2016,201604,44,,24,11,56,2,56,O3,SEDANG,DKI3 Jagakarsa
4/24/2016,201604,47,,22,19,52,3,52,O3,SEDANG,DKI3 Jagakarsa
4/25/2016,201604,50,,22,21,60,3,60,O3,SEDANG,DKI3 Jagakarsa
4/26/2016,201604,53,,22,17,67,4,67,O3,SEDANG,DKI3 Jagakarsa
4/27/2016,201604,59,,23,18,76,4,76,O3,SEDANG,DKI3 Jagakarsa
4/28/2016,201604,54,,22,20,77,3,77,O3,SEDANG,DKI3 Jagakarsa
4/29/2016,201604,57,,24,12,71,5,71,O3,SEDANG,DKI3 Jagakarsa
4/30/2016,201604,61,,22,35,52,6,61,PM10,SEDANG,DKI3 Jagakarsa
5/3/2016,201605,50,,24,30,47,8,50,PM10,BAIK,DKI3 Jagakarsa
5/4/2016,201605,78,,24,47,54,9,78,PM10,SEDANG,DKI3 Jagakarsa
5/5/2016,201605,60,,23,36,39,9,60,PM10,SEDANG,DKI3 Jagakarsa
5/6/2016,201605,79,,23,43,128,7,128,O3,TIDAK SEHAT,DKI3 Jagakarsa
5/7/2016,201605,77,,22,22,83,2,83,O3,SEDANG,DKI3 Jagakarsa
5/8/2016,201605,70,,22,33,67,3,70,PM10,SEDANG,DKI3 Jagakarsa
5/9/2016,201605,57,,22,19,127,8,127,O3,TIDAK SEHAT,DKI3 Jagakarsa
5/10/2016,201605,67,,23,23,86,8,86,O3,SEDANG,DKI3 Jagakarsa
5/11/2016,201605,56,,23,19,84,5,84,O3,SEDANG,DKI3 Jagakarsa
5/12/2016,201605,12,,23,22,66,4,66,O3,SEDANG,DKI3 Jagakarsa
5/12/2016,201612,12,,28,6,29,3,29,O3,BAIK,DKI3 Jagakarsa
5/13/2016,201605,47,,22,14,70,5,70,O3,SEDANG,DKI3 Jagakarsa
5/14/2016,201605,45,,21,11,70,4.5,70,O3,SEDANG,DKI3 Jagakarsa
5/15/2016,201605,49,,23,12,56,4,56,O3,SEDANG,DKI3 Jagakarsa
5/16/2016,201605,40,,22,12,67,4,67,O3,SEDANG,DKI3 Jagakarsa
5/17/2016,201605,67,,23,19,80,5,80,O3,SEDANG,DKI3 Jagakarsa
5/18/2016,201605,56,,23,26,72,5,72,O3,SEDANG,DKI3 Jagakarsa
5/19/2016,201605,60,,22,24,155,5,155,O3,TIDAK SEHAT,DKI3 Jagakarsa
5/20/2016,201605,56,,21,15,71,10,71,O3,SEDANG,DKI3 Jagakarsa
5/21/2016,201605,52,,21,23,71,5,71,O3,SEDANG,DKI3 Jagakarsa
5/22/2016,201605,53,,21,23,106,5,106,O3,TIDAK SEHAT,DKI3 Jagakarsa
5/23/2016,201605,54,,22,19,118,3,118,O3,TIDAK SEHAT,DKI3 Jagakarsa
5/24/2016,201605,57,,22,20,80,5,80,O3,SEDANG,DKI3 Jagakarsa
5/25/2016,201605,56.2,,21,16,68,5,68,O3,SEDANG,DKI3 Jagakarsa
5/26/2016,201605,55.4,,22,22,63,3.5,63,O3,SEDANG,DKI3 Jagakarsa
5/27/2016,201605,54.6,,21,28,66,2,66,O3,SEDANG,DKI3 Jagakarsa
5/28/2016,201605,53.8,,23,42,79,8,79,O3,SEDANG,DKI3 Jagakarsa
5/29/2016,201605,53,,22,15,59,5.5,59,O3,SEDANG,DKI3 Jagakarsa
5/30/2016,201605,56.5,,23,23,67,3,67,O3,SEDANG,DKI3 Jagakarsa
5/31/2016,201605,60,,22,17,78,3,78,O3,SEDANG,DKI3 Jagakarsa
6/1/2016,201606,76,,22,27,77,7,77,O3,SEDANG,DKI3 Jagakarsa
6/2/2016,201606,63.5,,21,34,75,6,75,O3,SEDANG,DKI3 Jagakarsa
6/3/2016,201606,51,,22,13,95,8,95,O3,SEDANG,DKI3 Jagakarsa
6/4/2016,201606,47.4,,22,27,81,9,81,O3,SEDANG,DKI3 Jagakarsa
6/5/2016,201606,43.8,,21,34,70,4,70,O3,SEDANG,DKI3 Jagakarsa
6/6/2016,201606,40.2,,21,36,100,4,100,O3,SEDANG,DKI3 Jagakarsa
6/8/2016,201606,33,,22,10,114,3.333333333,114,O3,TIDAK SEHAT,DKI3 Jagakarsa
6/9/2016,201606,50,,22,14,59,3,59,O3,SEDANG,DKI3 Jagakarsa
6/10/2016,201606,67,,21,25,65,5,67,PM10,SEDANG,DKI3 Jagakarsa
6/11/2016,201606,54,,21,16,68,2,68,O3,SEDANG,DKI3 Jagakarsa
6/12/2016,201606,27,,22,22,94,3,94,O3,SEDANG,DKI3 Jagakarsa
6/12/2016,201612,27,,29,8,42,4,42,O3,BAIK,DKI3 Jagakarsa
6/13/2016,201606,61,,21,19,129,3,129,O3,TIDAK SEHAT,DKI3 Jagakarsa
6/14/2016,201606,62,,22,16,85,2,85,O3,SEDANG,DKI3 Jagakarsa
6/15/2016,201606,59,,22,20,81,11,81,O3,SEDANG,DKI3 Jagakarsa
6/16/2016,201606,58.5,,23,19,53,4,53,O3,SEDANG,DKI3 Jagakarsa
6/17/2016,201606,58,,23,16,69,4,69,O3,SEDANG,DKI3 Jagakarsa
6/18/2016,201606,57.92307692,,20,17,33,3.5,33,O3,BAIK,DKI3 Jagakarsa
6/19/2016,201606,57.84615385,,21,25,72,3,72,O3,SEDANG,DKI3 Jagakarsa
6/20/2016,201606,57.76923077,,23,35,113,7,113,O3,TIDAK SEHAT,DKI3 Jagakarsa
6/21/2016,201606,57.69230769,,22,28,115,3,115,O3,TIDAK SEHAT,DKI3 Jagakarsa
6/22/2016,201606,57.61538462,,21,15,127,5,127,O3,TIDAK SEHAT,DKI3 Jagakarsa
6/23/2016,201606,57.53846154,,22,14,54,4.333333333,54,O3,SEDANG,DKI3 Jagakarsa
6/24/2016,201606,57.46153846,,21,15,89,3.666666667,89,O3,SEDANG,DKI3 Jagakarsa
6/25/2016,201606,57.38461538,,22,18,109,3,109,O3,TIDAK SEHAT,DKI3 Jagakarsa
6/26/2016,201606,57.30769231,,21,28,78,3,78,O3,SEDANG,DKI3 Jagakarsa
6/27/2016,201606,57.23076923,,21,25,55,4,55,O3,SEDANG,DKI3 Jagakarsa
6/28/2016,201606,57.15384615,,22,26,137,5,137,O3,TIDAK SEHAT,DKI3 Jagakarsa
6/29/2016,201606,57.07692308,,22,34,70,4,70,O3,SEDANG,DKI3 Jagakarsa
6/30/2016,201606,57,,21,26,78,8,78,O3,SEDANG,DKI3 Jagakarsa
7/1/2016,201607,52,,21,36,77,5,77,O3,SEDANG,DKI3 Jagakarsa
7/2/2016,201607,79,,22,37,81,6,81,O3,SEDANG,DKI3 Jagakarsa
7/3/2016,201607,59,,22,20,70,3,70,O3,SEDANG,DKI3 Jagakarsa
7/4/2016,201607,31,,21,18,55,2.857142857,55,O3,SEDANG,DKI3 Jagakarsa
7/5/2016,201607,52,,21,19,68,2.714285714,68,O3,SEDANG,DKI3 Jagakarsa
7/6/2016,201607,60,,22,38,66,2.571428571,66,O3,SEDANG,DKI3 Jagakarsa
7/7/2016,201607,50,,22,10,64,2.428571429,64,O3,SEDANG,DKI3 Jagakarsa
7/9/2016,201607,55,,22,13,62,2.142857143,62,O3,SEDANG,DKI3 Jagakarsa
7/10/2016,201607,62,,22,16,65,2,65,O3,SEDANG,DKI3 Jagakarsa
7/11/2016,201607,73,,22,25,54,3,73,PM10,SEDANG,DKI3 Jagakarsa
7/12/2016,201607,35,,22,10,50,4,50,O3,BAIK,DKI3 Jagakarsa
7/12/2016,201612,54,,29,9,45,4,54,PM10,SEDANG,DKI3 Jagakarsa
7/13/2016,201607,51,,23,18,88,2,88,O3,SEDANG,DKI3 Jagakarsa
7/14/2016,201607,69,,22,22,57,4,69,PM10,SEDANG,DKI3 Jagakarsa
7/15/2016,201607,51,,23,12,45,3,51,PM10,SEDANG,DKI3 Jagakarsa
7/16/2016,201607,47,,22,15,54,3,54,O3,SEDANG,DKI3 Jagakarsa
7/17/2016,201607,58,,22,29,71,4,71,O3,SEDANG,DKI3 Jagakarsa
7/19/2016,201607,52,,23,23,115,3,115,O3,TIDAK SEHAT,DKI3 Jagakarsa
7/20/2016,201607,50,,23,15,80,4,80,O3,SEDANG,DKI3 Jagakarsa
7/21/2016,201607,41,,23,19,81,3,81,O3,SEDANG,DKI3 Jagakarsa
7/22/2016,201607,43,,22,17,55,8,55,O3,SEDANG,DKI3 Jagakarsa
7/23/2016,201607,50,,23,27,87,5,87,O3,SEDANG,DKI3 Jagakarsa
7/24/2016,201607,55,,23,22,94,2,94,O3,SEDANG,DKI3 Jagakarsa
7/25/2016,201607,36,,22,18,96,2.5,96,O3,SEDANG,DKI3 Jagakarsa
7/26/2016,201607,54,,23,25,91,3,91,O3,SEDANG,DKI3 Jagakarsa
7/27/2016,201607,55,,24,14,146,3.5,146,O3,TIDAK SEHAT,DKI3 Jagakarsa
7/28/2016,201607,64,,24,17,72,4,72,O3,SEDANG,DKI3 Jagakarsa
7/29/2016,201607,64,,23,20,106,3,106,O3,TIDAK SEHAT,DKI3 Jagakarsa
7/30/2016,201607,48,,23,13,116,5,116,O3,TIDAK SEHAT,DKI3 Jagakarsa
7/31/2016,201607,54,,24,18,106,4,106,O3,TIDAK SEHAT,DKI3 Jagakarsa
8/1/2016,201609,55,,25,14,85,3,85,O3,SEDANG,DKI3 Jagakarsa
8/1/2016,201608,55,,24,12,100,4,100,O3,SEDANG,DKI3 Jagakarsa
8/2/2016,201609,55,,24,21,141,6,141,O3,TIDAK SEHAT,DKI3 Jagakarsa
8/2/2016,201608,48,,23,14,94,6,94,O3,SEDANG,DKI3 Jagakarsa
8/3/2016,201609,60,,25,30,92,5,92,O3,SEDANG,DKI3 Jagakarsa
8/3/2016,201608,42,,24,13,110,5,110,O3,TIDAK SEHAT,DKI3 Jagakarsa
8/4/2016,201609,60,,24,16,53,3,60,PM10,SEDANG,DKI3 Jagakarsa
8/4/2016,201608,62,,25,24,114,7,114,O3,TIDAK SEHAT,DKI3 Jagakarsa
8/5/2016,201609,62,,26,17,22,6,62,PM10,SEDANG,DKI3 Jagakarsa
8/5/2016,201608,70,,24,22,108,5,108,O3,TIDAK SEHAT,DKI3 Jagakarsa
8/6/2016,201609,65,,27,27,42,7,65,PM10,SEDANG,DKI3 Jagakarsa
8/6/2016,201608,72,,24,18,87,4,87,O3,SEDANG,DKI3 Jagakarsa
8/7/2016,201609,61,,24,15,36,5.5,61,PM10,SEDANG,DKI3 Jagakarsa
8/7/2016,201608,58,,25,14,70,5.5,70,O3,SEDANG,DKI3 Jagakarsa
8/8/2016,201609,55,,25,15,37,4,55,PM10,SEDANG,DKI3 Jagakarsa
8/8/2016,201608,46,,23,10,54,4,54,O3,SEDANG,DKI3 Jagakarsa
8/9/2016,201609,60,,25,18,38,4,60,PM10,SEDANG,DKI3 Jagakarsa
8/9/2016,201608,37,,24,16,63,4,63,O3,SEDANG,DKI3 Jagakarsa
8/10/2016,201609,68,,26,30,23,8,68,PM10,SEDANG,DKI3 Jagakarsa
8/10/2016,201608,50,,24,17,72,6,72,O3,SEDANG,DKI3 Jagakarsa
8/11/2016,201609,55,,26,14,24,2,55,PM10,SEDANG,DKI3 Jagakarsa
8/11/2016,201608,57,,25,17,88,6,88,O3,SEDANG,DKI3 Jagakarsa
8/12/2016,201609,53,,25,11,25,4,53,PM10,SEDANG,DKI3 Jagakarsa
8/12/2016,201608,59,,25,16,119,4,119,O3,TIDAK SEHAT,DKI3 Jagakarsa
8/13/2016,201609,62,,27,19,29,5,62,PM10,SEDANG,DKI3 Jagakarsa
8/13/2016,201608,59,,24,14,103,3,103,O3,TIDAK SEHAT,DKI3 Jagakarsa
8/14/2016,201609,55,,26,14,36,7,55,PM10,SEDANG,DKI3 Jagakarsa
8/14/2016,201608,50,,23,12,72,2,72,O3,SEDANG,DKI3 Jagakarsa
8/15/2016,201609,38,,25,10,23,4,38,PM10,BAIK,DKI3 Jagakarsa
8/15/2016,201608,31,,24,16,95,4,95,O3,SEDANG,DKI3 Jagakarsa
8/16/2016,201609,57,,28,18,22,5,57,PM10,SEDANG,DKI3 Jagakarsa
8/16/2016,201608,72,,27,21,107,7,107,O3,TIDAK SEHAT,DKI3 Jagakarsa
8/17/2016,201609,65,,27,12,31,4,65,PM10,SEDANG,DKI3 Jagakarsa
8/17/2016,201608,86,,25,28,55,7,86,PM10,SEDANG,DKI3 Jagakarsa
8/18/2016,201609,58,,28,11,30,6,58,PM10,SEDANG,DKI3 Jagakarsa
8/18/2016,201608,50,,24,17,73,6,73,O3,SEDANG,DKI3 Jagakarsa
8/19/2016,201609,52,,26,14,43,5,52,PM10,SEDANG,DKI3 Jagakarsa
8/19/2016,201608,71,,25,14,75,2,75,O3,SEDANG,DKI3 Jagakarsa
8/20/2016,201609,54,,25,15,45,4,54,PM10,SEDANG,DKI3 Jagakarsa
8/20/2016,201608,49,,25,15,115,4,115,O3,TIDAK SEHAT,DKI3 Jagakarsa
8/21/2016,201609,46,,26,11,27,3,46,PM10,BAIK,DKI3 Jagakarsa
8/21/2016,201608,52,,25,12,88,3,88,O3,SEDANG,DKI3 Jagakarsa
8/22/2016,201609,43,,29,21,22,2,43,PM10,BAIK,DKI3 Jagakarsa
8/22/2016,201608,54,,27,16,76,2,76,O3,SEDANG,DKI3 Jagakarsa
8/23/2016,201609,44,,25,13,23,6,44,PM10,BAIK,DKI3 Jagakarsa
8/23/2016,201608,65,,27,15,67,6,67,O3,SEDANG,DKI3 Jagakarsa
8/24/2016,201609,56,,25,12,18,8,56,PM10,SEDANG,DKI3 Jagakarsa
8/24/2016,201608,70,,25,14,93,8,93,O3,SEDANG,DKI3 Jagakarsa
8/25/2016,201609,41,,25,20,15,4,41,PM10,BAIK,DKI3 Jagakarsa
8/25/2016,201608,60,,25,20,96,4,96,O3,SEDANG,DKI3 Jagakarsa
8/26/2016,201609,40,,25,11,15,6,40,PM10,BAIK,DKI3 Jagakarsa
8/26/2016,201608,67,,26,15,75,6,75,O3,SEDANG,DKI3 Jagakarsa
8/27/2016,201609,55,,27,15,25,8,55,PM10,SEDANG,DKI3 Jagakarsa
8/27/2016,201608,72,,26,22,63,7,72,PM10,SEDANG,DKI3 Jagakarsa
8/28/2016,201609,61,,27,15,58,6,61,PM10,SEDANG,DKI3 Jagakarsa
8/28/2016,201608,57,,24,26,78,6,78,O3,SEDANG,DKI3 Jagakarsa
8/29/2016,201609,54,,26,13,96,9,96,O3,SEDANG,DKI3 Jagakarsa
8/29/2016,201608,63,,24,41,96,7,63,PM10,SEDANG,DKI3 Jagakarsa
8/30/2016,201609,51,,26,19,58,8,58,O3,SEDANG,DKI3 Jagakarsa
8/30/2016,201608,70,,24,23,111,6,111,O3,TIDAK SEHAT,DKI3 Jagakarsa
8/31/2016,201608,63,,24,29,71,6,71,O3,SEDANG,DKI3 Jagakarsa
9/12/2016,201612,55,,29,10,30,5,55,PM10,SEDANG,DKI3 Jagakarsa
10/1/2016,201610,51,,26,18,49,7,51,PM10,SEDANG,DKI3 Jagakarsa
10/2/2016,201610,54,,25,10,40,4,54,PM10,SEDANG,DKI3 Jagakarsa
10/3/2016,201610,32,,25,9,81,5,81,O3,SEDANG,DKI3 Jagakarsa
10/4/2016,201610,24,,26,15,117,22,117,O3,TIDAK SEHAT,DKI3 Jagakarsa
10/5/2016,201610,50,,26,17,88,6,88,O3,SEDANG,DKI3 Jagakarsa
10/6/2016,201610,34,,27,11,100,8,100,O3,SEDANG,DKI3 Jagakarsa
10/7/2016,201610,42,,26,7,110,4,110,O3,TIDAK SEHAT,DKI3 Jagakarsa
10/9/2016,201610,45,,26,15,80,7,80,O3,SEDANG,DKI3 Jagakarsa
10/10/2016,201610,55,,25,12,63,6,63,O3,SEDANG,DKI3 Jagakarsa
10/10/2016,201610,46,,26,16,79,12,79,O3,SEDANG,DKI3 Jagakarsa
10/11/2016,201610,47,,26,21,65,12,65,O3,SEDANG,DKI3 Jagakarsa
10/12/2016,201610,69,,27,26,54,13,69,PM10,SEDANG,DKI3 Jagakarsa
10/12/2016,201612,41,,28,13,30,4,41,PM10,BAIK,DKI3 Jagakarsa
10/13/2016,201610,70,,28,22,69,10,70,PM10,SEDANG,DKI3 Jagakarsa
10/14/2016,201610,55,,26,44,26,9,55,PM10,SEDANG,DKI3 Jagakarsa
10/15/2016,201610,36,,28,13,62,9,62,O3,SEDANG,DKI3 Jagakarsa
10/16/2016,201610,52,,27,14,60,9,60,O3,SEDANG,DKI3 Jagakarsa
10/17/2016,201610,54,,27,13,122,6,122,O3,TIDAK SEHAT,DKI3 Jagakarsa
10/18/2016,201610,63,,29,11,96,8,96,O3,SEDANG,DKI3 Jagakarsa
10/19/2016,201610,54,,27,9,80,7,80,O3,SEDANG,DKI3 Jagakarsa
10/20/2016,201610,58,,28,10,92,10,92,O3,SEDANG,DKI3 Jagakarsa
10/21/2016,201610,65,,27.5,13,82,11,65,PM10,SEDANG,DKI3 Jagakarsa
10/22/2016,201610,63,,27,16,72,12,72,O3,SEDANG,DKI3 Jagakarsa
10/23/2016,201610,36,,25,8,57,6,57,O3,SEDANG,DKI3 Jagakarsa
10/24/2016,201610,39,,27,20,70,9,70,O3,SEDANG,DKI3 Jagakarsa
10/25/2016,201610,56,,26,26,100,11,100,O3,SEDANG,DKI3 Jagakarsa
10/26/2016,201610,51,,28,12,133,10,133,O3,TIDAK SEHAT,DKI3 Jagakarsa
10/27/2016,201610,56,,28,13,133,8,133,O3,TIDAK SEHAT,DKI3 Jagakarsa
10/28/2016,201610,51,,26,21,72,8,72,O3,SEDANG,DKI3 Jagakarsa
10/29/2016,201610,51,,27,25,55,13,55,O3,SEDANG,DKI3 Jagakarsa
10/30/2016,201610,42,,27,19,98,7,98,O3,SEDANG,DKI3 Jagakarsa
10/31/2016,201610,46,,27,15,76,9,76,O3,SEDANG,DKI3 Jagakarsa
11/1/2016,201611,51,,26,11,59,6,59,O3,SEDANG,DKI3 Jagakarsa
11/2/2016,201611,49,,26,15,29,3,49,PM10,BAIK,DKI3 Jagakarsa
11/3/2016,201611,48,,27,12,56,7,56,O3,SEDANG,DKI3 Jagakarsa
11/4/2016,201611,64,,28,15,120,8,120,O3,TIDAK SEHAT,DKI3 Jagakarsa
11/5/2016,201611,66,,30,13,122,13,122,O3,TIDAK SEHAT,DKI3 Jagakarsa
11/6/2016,201611,90,,30,26,152,12,152,O3,TIDAK SEHAT,DKI3 Jagakarsa
11/7/2016,201611,60,,28,12,128,7,128,O3,TIDAK SEHAT,DKI3 Jagakarsa
11/11/2016,201611,57,,27,11,73,6,73,O3,SEDANG,DKI3 Jagakarsa
11/11/2016,201611,49,,27,12,72,11,72,O3,SEDANG,DKI3 Jagakarsa
11/11/2016,201611,49,,29,14,73,9,73,O3,SEDANG,DKI3 Jagakarsa
11/12/2016,201611,41,,29,15,79,15,79,O3,SEDANG,DKI3 Jagakarsa
11/12/2016,201612,35,,29,10,50,4,50,O3,BAIK,DKI3 Jagakarsa
11/13/2016,201611,38,,27,11,63,6,63,O3,SEDANG,DKI3 Jagakarsa
11/14/2016,201611,39,,28,10,120,8,120,O3,TIDAK SEHAT,DKI3 Jagakarsa
11/15/2016,201611,51,,27,18,58,6,58,O3,SEDANG,DKI3 Jagakarsa
11/16/2016,201611,42,,28,20,139,8,139,O3,TIDAK SEHAT,DKI3 Jagakarsa
11/17/2016,201611,47,,29,11,106,10,106,O3,TIDAK SEHAT,DKI3 Jagakarsa
11/18/2016,201611,59,,28,15,65,10,65,O3,SEDANG,DKI3 Jagakarsa
11/22/2016,201611,54,,29,14,105,6,105,O3,TIDAK SEHAT,DKI3 Jagakarsa
11/23/2016,201611,54,,29,11,83,9,83,O3,SEDANG,DKI3 Jagakarsa
11/24/2016,201611,59,,28,18,73,13,73,O3,SEDANG,DKI3 Jagakarsa
11/25/2016,201611,51,,28,11,34,5,51,PM10,SEDANG,DKI3 Jagakarsa
11/26/2016,201611,63,,34,15,86,10,86,O3,SEDANG,DKI3 Jagakarsa
11/27/2016,201611,73,,29,21,87,12,87,O3,SEDANG,DKI3 Jagakarsa
11/28/2016,201611,64,,28,26,42,13,64,PM10,SEDANG,DKI3 Jagakarsa
11/29/2016,201611,33,,28,11,54,6,54,O3,SEDANG,DKI3 Jagakarsa
11/30/2016,201611,66,,33,13,60,9,66,PM10,SEDANG,DKI3 Jagakarsa
12/12/2016,201612,55,,29,18,74,5,74,O3,SEDANG,DKI3 Jagakarsa
12/12/2016,201612,21,,28,11,37,5,37,O3,BAIK,DKI3 Jagakarsa
1/1/2017,201701,73,,31,19,33,5,73,PM10,SEDANG,DKI3 Jagakarsa
1/2/2017,201701,39,,29,4,33,3,39,PM10,BAIK,DKI3 Jagakarsa
1/3/2017,201701,51,,30,7,36,3,51,PM10,SEDANG,DKI3 Jagakarsa
1/4/2017,201701,45,,33,7,63,7,63,O3,SEDANG,DKI3 Jagakarsa
1/5/2017,201701,54,,30,16,68,9,68,O3,SEDANG,DKI3 Jagakarsa
1/6/2017,201701,34,,30,9,65,8,65,O3,SEDANG,DKI3 Jagakarsa
1/7/2017,201701,48,,31,5,62,4,62,O3,SEDANG,DKI3 Jagakarsa
1/8/2017,201701,37,,31,10,52,5,52,O3,SEDANG,DKI3 Jagakarsa
1/9/2017,201701,30,,31,6,68,4,68,O3,SEDANG,DKI3 Jagakarsa
1/10/2017,201701,54,,32,21,66,9,66,O3,SEDANG,DKI3 Jagakarsa
1/11/2017,201701,40,,30,13,54,9,54,O3,SEDANG,DKI3 Jagakarsa
1/12/2017,201701,22,,30,7,32,3,32,O3,BAIK,DKI3 Jagakarsa
1/13/2017,201701,22,,29,3,29,1,29,SO2,BAIK,DKI3 Jagakarsa
1/14/2017,201701,23,,29,4,29,1,29,SO2,BAIK,DKI3 Jagakarsa
1/15/2017,201701,20.33333333,,29,12,29.66666667,1.333333333,12,CO,BAIK,DKI3 Jagakarsa
1/17/2017,201701,15,,29,4,31,2,31,O3,BAIK,DKI3 Jagakarsa
1/18/2017,201701,26,,29,7,30,4,30,O3,BAIK,DKI3 Jagakarsa
1/19/2017,201701,24,,29,4,29,4,29,SO2,BAIK,DKI3 Jagakarsa
1/20/2017,201701,27,,30,5,30,4,30,SO2,BAIK,DKI3 Jagakarsa
1/21/2017,201701,47,,32,10,55,4,55,O3,SEDANG,DKI3 Jagakarsa
1/22/2017,201701,54,,32,10,50,5,54,PM10,SEDANG,DKI3 Jagakarsa
1/23/2017,201701,45,,33,6,48,4,48,O3,BAIK,DKI3 Jagakarsa
1/24/2017,201701,37.5,,31.5,5,38.5,3.666666667,5,CO,BAIK,DKI3 Jagakarsa
1/25/2017,201701,30,,30,6,29,3.333333333,30,PM10,BAIK,DKI3 Jagakarsa
1/26/2017,201701,39,,32,7,53,3,53,O3,SEDANG,DKI3 Jagakarsa
1/27/2017,201701,57,,33,13,60,8,60,O3,SEDANG,DKI3 Jagakarsa
1/28/2017,201701,41,,31,10,44,4,44,O3,BAIK,DKI3 Jagakarsa
1/29/2017,201701,27,,30,9,32,5,32,O3,BAIK,DKI3 Jagakarsa
1/30/2017,201701,30,,31,14,54,2,54,O3,SEDANG,DKI3 Jagakarsa
1/31/2017,201701,32,,31,8,41,4,41,O3,BAIK,DKI3 Jagakarsa
2/1/2017,201702,26,,32,9,44,4,44,O3,BAIK,DKI3 Jagakarsa
2/2/2017,201702,24,,31,8,37,4,37,O3,BAIK,DKI3 Jagakarsa
2/3/2017,201702,39,,30,12,30,7,39,PM10,BAIK,DKI3 Jagakarsa
2/4/2017,201702,14,,30,3,24,6.333333333,30,SO2,BAIK,DKI3 Jagakarsa
2/8/2017,201702,26,,31,4,33,3.666666667,33,O3,BAIK,DKI3 Jagakarsa
2/9/2017,201702,23,,31,6,28,3,31,SO2,BAIK,DKI3 Jagakarsa
2/10/2017,201702,16,,31,5,40,3,40,O3,BAIK,DKI3 Jagakarsa
2/11/2017,201702,27,,31,8,45,4,45,O3,BAIK,DKI3 Jagakarsa
2/12/2017,201702,34,,30,13,43,7,43,O3,BAIK,DKI3 Jagakarsa
2/13/2017,201702,37,,31,10,56,7,56,O3,SEDANG,DKI3 Jagakarsa
2/14/2017,201702,34,,32,19,58,8,58,O3,SEDANG,DKI3 Jagakarsa
2/15/2017,201702,23,,32,5,51,6,51,O3,SEDANG,DKI3 Jagakarsa
2/16/2017,201702,25,,31,7,55,6,55,O3,SEDANG,DKI3 Jagakarsa
2/19/2017,201702,71,,31,23,47,10,71,PM10,SEDANG,DKI3 Jagakarsa
2/20/2017,201702,60,,31,20,36,8,60,PM10,SEDANG,DKI3 Jagakarsa
2/21/2017,201702,45,,31,34,45,10,45,PM10,BAIK,DKI3 Jagakarsa
2/22/2017,201702,56,,34,20,76,8,76,O3,SEDANG,DKI3 Jagakarsa
2/23/2017,201702,43,,32,13,112,9,112,O3,TIDAK SEHAT,DKI3 Jagakarsa
2/24/2017,201702,41,,31,15,106,7,106,O3,TIDAK SEHAT,DKI3 Jagakarsa
2/25/2017,201702,48,,31,9,69,5,69,O3,SEDANG,DKI3 Jagakarsa
2/26/2017,201702,39,,31,14,123,11,123,O3,TIDAK SEHAT,DKI3 Jagakarsa
2/27/2017,201702,32,,31,9,81,4,81,O3,SEDANG,DKI3 Jagakarsa
2/28/2017,201702,55,,31,22,98,11,98,O3,SEDANG,DKI3 Jagakarsa
3/1/2017,201703,58,,32,16,83,8,83,O3,SEDANG,DKI3 Jagakarsa
3/2/2017,201703,49,,35,24,75,6,75,O3,SEDANG,DKI3 Jagakarsa
3/3/2017,201703,51,,31,20,66,8,66,O3,SEDANG,DKI3 Jagakarsa
3/4/2017,201703,34,,31,17,112,6,112,O3,TIDAK SEHAT,DKI3 Jagakarsa
3/5/2017,201703,48,,32,16,107,9,107,O3,TIDAK SEHAT,DKI3 Jagakarsa
3/6/2017,201703,47,,32,10,63,5,63,O3,SEDANG,DKI3 Jagakarsa
3/7/2017,201703,49,,32,16,69,10,69,O3,SEDANG,DKI3 Jagakarsa
3/8/2017,201703,30,,32,12,58,7,58,O3,SEDANG,DKI3 Jagakarsa
3/9/2017,201703,44,,33,11,95,12,95,O3,SEDANG,DKI3 Jagakarsa
3/10/2017,201703,68,,32,21,81,11,81,O3,SEDANG,DKI3 Jagakarsa
3/11/2017,201703,61,,32,19,120,10,120,O3,TIDAK SEHAT,DKI3 Jagakarsa
3/12/2017,201703,61,,32,21,84,9,84,O3,SEDANG,DKI3 Jagakarsa
3/13/2017,201703,65,,32,19,71,12,71,O3,SEDANG,DKI3 Jagakarsa
3/14/2017,201703,62,,34,11,46,5,62,PM10,SEDANG,DKI3 Jagakarsa
3/15/2017,201703,61,,33,8,40,5,61,PM10,SEDANG,DKI3 Jagakarsa
3/16/2017,201703,49,,34,8,76,4,76,O3,SEDANG,DKI3 Jagakarsa
3/17/2017,201703,69,,34,11,76,11,76,O3,SEDANG,DKI3 Jagakarsa
3/18/2017,201703,51,,32,9,58,6,58,O3,SEDANG,DKI3 Jagakarsa
3/22/2017,201703,47,,40,11,53,9,53,O3,SEDANG,DKI3 Jagakarsa
3/23/2017,201703,53,,42,24,65,11,65,O3,SEDANG,DKI3 Jagakarsa
3/24/2017,201703,66,,50,44,125,8,125,O3,TIDAK SEHAT,DKI3 Jagakarsa
3/25/2017,201703,58,,43,15,73,7,73,O3,SEDANG,DKI3 Jagakarsa
3/26/2017,201703,63,,54,32,35,7,63,PM10,SEDANG,DKI3 Jagakarsa
3/27/2017,201703,50,,47,13,83,9,83,O3,SEDANG,DKI3 Jagakarsa
3/28/2017,201703,53,,47,25,47,7,53,PM10,SEDANG,DKI3 Jagakarsa
3/29/2017,201703,54,,50,17,42,6,54,PM10,SEDANG,DKI3 Jagakarsa
3/30/2017,201703,37,,45,11,47,3,47,O3,BAIK,DKI3 Jagakarsa
3/31/2017,201703,31,,38,4,34,2,38,SO2,BAIK,DKI3 Jagakarsa
4/1/2017,201704,44,,43,9,59,4,59,O3,SEDANG,DKI3 Jagakarsa
4/2/2017,201704,34,,39,12,67,7,67,O3,SEDANG,DKI3 Jagakarsa
4/3/2017,201704,37,,41,15,45,7,45,O3,BAIK,DKI3 Jagakarsa
4/5/2017,201704,48,,33,16,35,7,48,PM10,BAIK,DKI3 Jagakarsa
4/6/2017,201704,16,,33,4,28,2,33,SO2,BAIK,DKI3 Jagakarsa
4/7/2017,201704,24,,33,4,33,2,33,SO2,BAIK,DKI3 Jagakarsa
4/8/2017,201704,16,,32,3,25,2.5,32,SO2,BAIK,DKI3 Jagakarsa
4/9/2017,201704,23,,33,6,31,3,33,SO2,BAIK,DKI3 Jagakarsa
4/10/2017,201704,37,,35,16,45,10,45,O3,BAIK,DKI3 Jagakarsa
4/11/2017,201704,31,,36,16,102,9,102,O3,TIDAK SEHAT,DKI3 Jagakarsa
4/12/2017,201704,21,,34,9,110,11,110,O3,TIDAK SEHAT,DKI3 Jagakarsa
4/13/2017,201704,21,,34,9,108,12,108,O3,TIDAK SEHAT,DKI3 Jagakarsa
4/14/2017,201704,31,,34,15,81,8,81,O3,SEDANG,DKI3 Jagakarsa
4/15/2017,201704,34,,34,12,82,7,82,O3,SEDANG,DKI3 Jagakarsa
4/16/2017,201704,46,,34,17,91,6,91,O3,SEDANG,DKI3 Jagakarsa
4/17/2017,201704,33,,38,11,92,7,92,O3,SEDANG,DKI3 Jagakarsa
4/18/2017,201704,55,,35,15,91,9,91,O3,SEDANG,DKI3 Jagakarsa
4/19/2017,201704,58,,38,14,113,6,113,O3,TIDAK SEHAT,DKI3 Jagakarsa
4/20/2017,201704,28,,36,14,97,8,97,O3,SEDANG,DKI3 Jagakarsa
4/21/2017,201704,57,,36,13,82,6,82,O3,SEDANG,DKI3 Jagakarsa
4/22/2017,201704,61,,34,10,88,10,88,O3,SEDANG,DKI3 Jagakarsa
4/23/2017,201704,41,,35,17,123,6,123,O3,TIDAK SEHAT,DKI3 Jagakarsa
4/24/2017,201704,46,,36,8,95,12,95,O3,SEDANG,DKI3 Jagakarsa
4/25/2017,201704,68,,35,18,82,8,82,O3,SEDANG,DKI3 Jagakarsa
4/26/2017,201704,44,,34,9,51,7,51,O3,SEDANG,DKI3 Jagakarsa
4/27/2017,201704,49,,34,15,65,5,65,O3,SEDANG,DKI3 Jagakarsa
4/28/2017,201704,47,,35,8,58,6,58,O3,SEDANG,DKI3 Jagakarsa
4/29/2017,201704,39,,35,10,34,5,39,PM10,BAIK,DKI3 Jagakarsa
4/30/2017,201704,32,,35,7,76,4,76,O3,SEDANG,DKI3 Jagakarsa
5/1/2017,201705,57,,39,18,102,15,102,O3,TIDAK SEHAT,DKI3 Jagakarsa
5/2/2017,201705,39,,33,16,85,5,85,O3,SEDANG,DKI3 Jagakarsa
5/3/2017,201705,52,,34,27,112,10,112,O3,TIDAK SEHAT,DKI3 Jagakarsa
5/4/2017,201705,43,,34,10,87,5,87,O3,SEDANG,DKI3 Jagakarsa
5/5/2017,201705,37,,34,13,94,6,94,O3,SEDANG,DKI3 Jagakarsa
5/6/2017,201705,45,,35,14,71,11,71,O3,SEDANG,DKI3 Jagakarsa
5/7/2017,201705,42,,35,17,74,8,74,O3,SEDANG,DKI3 Jagakarsa
5/8/2017,201705,45,,35,16,83,8,83,O3,SEDANG,DKI3 Jagakarsa
5/9/2017,201705,58,,35,18,77,8,77,O3,SEDANG,DKI3 Jagakarsa
5/10/2017,201705,66,,35,14,61,8,66,PM10,SEDANG,DKI3 Jagakarsa
5/11/2017,201705,67,,35,25,104,10,104,O3,TIDAK SEHAT,DKI3 Jagakarsa
5/12/2017,201705,87,,35,18,117,9,117,O3,TIDAK SEHAT,DKI3 Jagakarsa
5/13/2017,201705,59,,35,10,105,12,105,O3,TIDAK SEHAT,DKI3 Jagakarsa
5/14/2017,201705,60,,35,9,92,6,92,O3,SEDANG,DKI3 Jagakarsa
5/15/2017,201705,66,,38,13,115,11,115,O3,TIDAK SEHAT,DKI3 Jagakarsa
5/16/2017,201705,67,,36,13,108,7,108,O3,TIDAK SEHAT,DKI3 Jagakarsa
5/17/2017,201705,78,,35,14,93,11,93,O3,SEDANG,DKI3 Jagakarsa
5/18/2017,201705,61,,34,7,72,10,72,O3,SEDANG,DKI3 Jagakarsa
5/19/2017,201705,97,,35,24,120,9,120,O3,TIDAK SEHAT,DKI3 Jagakarsa
5/20/2017,201705,68,,36,12,111,7,111,O3,TIDAK SEHAT,DKI3 Jagakarsa
5/21/2017,201705,61,,36,9,89,7,89,O3,SEDANG,DKI3 Jagakarsa
5/22/2017,201705,59,,37,7,98,9,98,O3,SEDANG,DKI3 Jagakarsa
5/23/2017,201705,62,,35,9,88,8,88,O3,SEDANG,DKI3 Jagakarsa
5/24/2017,201705,76,,38,11,102,11,102,O3,TIDAK SEHAT,DKI3 Jagakarsa
5/25/2017,201705,70,,37,8,91,5,91,O3,SEDANG,DKI3 Jagakarsa
5/26/2017,201705,73,,37,11,102,7,102,O3,TIDAK SEHAT,DKI3 Jagakarsa
5/27/2017,201705,78,,37,9,164,9,164,O3,TIDAK SEHAT,DKI3 Jagakarsa
5/28/2017,201705,61,,38,6,79,5,79,O3,SEDANG,DKI3 Jagakarsa
5/29/2017,201705,59,,35,6,62,5,62,O3,SEDANG,DKI3 Jagakarsa
5/30/2017,201705,57,,38,10,52,6,57,PM10,SEDANG,DKI3 Jagakarsa
5/31/2017,201705,51,,37,6,56,8,56,O3,SEDANG,DKI3 Jagakarsa
6/1/2017,201706,21,,34,4,37,3,37,O3,BAIK,DKI3 Jagakarsa
6/2/2017,201706,46,,35,11,79,7,79,O3,SEDANG,DKI3 Jagakarsa
6/3/2017,201706,72,,37,14,105,7,105,O3,TIDAK SEHAT,DKI3 Jagakarsa
6/4/2017,201706,65,,36,13,95,7,95,O3,SEDANG,DKI3 Jagakarsa
6/5/2017,201706,57,,35,9,98,7,98,O3,SEDANG,DKI3 Jagakarsa
6/6/2017,201706,49,,36,6,84,6,84,O3,SEDANG,DKI3 Jagakarsa
6/7/2017,201706,54,,38,6,95,8,95,O3,SEDANG,DKI3 Jagakarsa
6/8/2017,201706,57,,39,9,59,7,59,O3,SEDANG,DKI3 Jagakarsa
6/9/2017,201706,58,,39,8,75,7,75,O3,SEDANG,DKI3 Jagakarsa
6/10/2017,201706,58,,37,8,86,6,86,O3,SEDANG,DKI3 Jagakarsa
6/11/2017,201706,104,,35,15,62,9,104,PM10,TIDAK SEHAT,DKI3 Jagakarsa
6/12/2017,201706,57,,35,8,79,7,79,O3,SEDANG,DKI3 Jagakarsa
6/13/2017,201706,77,,36,13,67,7,77,PM10,SEDANG,DKI3 Jagakarsa
6/14/2017,201706,55,,35,8,96,7,96,O3,SEDANG,DKI3 Jagakarsa
6/15/2017,201706,64,,36,9,72,7,72,O3,SEDANG,DKI3 Jagakarsa
6/16/2017,201706,61,,35,16,46,6,61,PM10,SEDANG,DKI3 Jagakarsa
6/17/2017,201706,61,,31.71428571,7,85,6,85,O3,SEDANG,DKI3 Jagakarsa
6/18/2017,201706,51,,28.42857143,6,73,4,73,O3,SEDANG,DKI3 Jagakarsa
6/19/2017,201706,40,,25.14285714,4,69,4,69,O3,SEDANG,DKI3 Jagakarsa
6/20/2017,201706,57,,21.85714286,7,94,14,94,O3,SEDANG,DKI3 Jagakarsa
6/21/2017,201706,73,,18.57142857,15,83,8,83,O3,SEDANG,DKI3 Jagakarsa
6/22/2017,201706,82,,15.28571429,18,71,10,82,PM10,SEDANG,DKI3 Jagakarsa
6/23/2017,201706,84,,12,8,70,8,84,PM10,SEDANG,DKI3 Jagakarsa
6/24/2017,201706,58,,12,4,48,5,58,PM10,SEDANG,DKI3 Jagakarsa
6/25/2017,201706,61,,12,13,49,5,61,PM10,SEDANG,DKI3 Jagakarsa
6/26/2017,201706,23,,11,2,43,3,43,O3,BAIK,DKI3 Jagakarsa
6/27/2017,201706,18,,11,2,51,4,51,O3,SEDANG,DKI3 Jagakarsa
6/28/2017,201706,37,,11,12,68,7,68,O3,SEDANG,DKI3 Jagakarsa
6/29/2017,201706,30,,11,6,73,5,73,O3,SEDANG,DKI3 Jagakarsa
6/30/2017,201706,22,,11,2,49,6,49,O3,BAIK,DKI3 Jagakarsa
7/1/2017,201707,35,,11,8,69,4,69,O3,SEDANG,DKI3 Jagakarsa
7/2/2017,201707,57,,11,3,62,5,62,O3,SEDANG,DKI3 Jagakarsa
7/3/2017,201707,46,,12,3,60,4,60,O3,SEDANG,DKI3 Jagakarsa
7/4/2017,201707,51,,12,3,85,6,85,O3,SEDANG,DKI3 Jagakarsa
7/5/2017,201707,59,,11,3,84,6,84,O3,SEDANG,DKI3 Jagakarsa
7/6/2017,201707,55,,11,5,93,6,93,O3,SEDANG,DKI3 Jagakarsa
7/7/2017,201707,118,,12,10,93,11,118,PM10,TIDAK SEHAT,DKI3 Jagakarsa
7/8/2017,201707,98,,12,8,92,9,98,PM10,SEDANG,DKI3 Jagakarsa
7/9/2017,201707,59,,11,2,65,7,65,O3,SEDANG,DKI3 Jagakarsa
7/10/2017,201707,48,,11,2,68,6,68,O3,SEDANG,DKI3 Jagakarsa
7/11/2017,201707,40,,12,2,74,5,74,O3,SEDANG,DKI3 Jagakarsa
7/12/2017,201707,43,,11,3,87,6,87,O3,SEDANG,DKI3 Jagakarsa
7/13/2017,201707,51,,12,3,123,5,123,O3,TIDAK SEHAT,DKI3 Jagakarsa
7/14/2017,201707,62,,12,4,143,7,143,O3,TIDAK SEHAT,DKI3 Jagakarsa
7/15/2017,201707,71,,12,11,72,10,72,O3,SEDANG,DKI3 Jagakarsa
7/16/2017,201707,67,,12,10,94,8,94,O3,SEDANG,DKI3 Jagakarsa
7/17/2017,201707,56,,12,4,97,9,97,O3,SEDANG,DKI3 Jagakarsa
7/18/2017,201707,65,,12,14,114,13,114,O3,TIDAK SEHAT,DKI3 Jagakarsa
7/19/2017,201707,78,,12,5,111,10,111,O3,TIDAK SEHAT,DKI3 Jagakarsa
7/20/2017,201707,68,,12,4,122,15,122,O3,TIDAK SEHAT,DKI3 Jagakarsa
7/21/2017,201707,54,,12,3,97,10,97,O3,SEDANG,DKI3 Jagakarsa
7/22/2017,201707,54,,12,4,155,8,155,O3,TIDAK SEHAT,DKI3 Jagakarsa
7/23/2017,201707,54,,12,4,91,6,91,O3,SEDANG,DKI3 Jagakarsa
7/24/2017,201707,57,,12,4,91,7,91,O3,SEDANG,DKI3 Jagakarsa
7/25/2017,201707,56,,12,4,108,8,108,O3,TIDAK SEHAT,DKI3 Jagakarsa
7/26/2017,201707,57,,12,4,94,8,94,O3,SEDANG,DKI3 Jagakarsa
7/27/2017,201707,52,,12,4,96,7,96,O3,SEDANG,DKI3 Jagakarsa
7/28/2017,201707,48,,12,2,94,8,94,O3,SEDANG,DKI3 Jagakarsa
7/29/2017,201707,33,,12,2,71,3,71,O3,SEDANG,DKI3 Jagakarsa
7/30/2017,201707,36,,12,1,83,5,83,O3,SEDANG,DKI3 Jagakarsa
7/31/2017,201707,53,,12,2,91,7,91,O3,SEDANG,DKI3 Jagakarsa
8/1/2017,201708,45,,12,3,75,6,75,O3,SEDANG,DKI3 Jagakarsa
8/2/2017,201708,49,,12,4,94,6,94,O3,SEDANG,DKI3 Jagakarsa
8/3/2017,201708,50,,13,3,79,8,79,O3,SEDANG,DKI3 Jagakarsa
8/4/2017,201708,55,,12,3,104,6,104,O3,TIDAK SEHAT,DKI3 Jagakarsa
8/5/2017,201708,69,,12,5,94,14,94,O3,SEDANG,DKI3 Jagakarsa
8/6/2017,201708,66,,12,2,116,9,116,O3,TIDAK SEHAT,DKI3 Jagakarsa
8/7/2017,201708,84,,12,3,94,9,94,O3,SEDANG,DKI3 Jagakarsa
8/8/2017,201708,69,,13,4.333333333,133,9,133,O3,TIDAK SEHAT,DKI3 Jagakarsa
8/9/2017,201708,59,,12,5.666666667,88,6,88,O3,SEDANG,DKI3 Jagakarsa
8/10/2017,201708,49,,12,7,107,10,107,O3,TIDAK SEHAT,DKI3 Jagakarsa
8/11/2017,201708,57,,12,23,128,11,128,O3,TIDAK SEHAT,DKI3 Jagakarsa
8/12/2017,201708,72,,13,27,97,14,97,O3,SEDANG,DKI3 Jagakarsa
8/13/2017,201708,62,,12,14,101,5,101,O3,TIDAK SEHAT,DKI3 Jagakarsa
8/14/2017,201708,68,,12,17,104,5,104,O3,TIDAK SEHAT,DKI3 Jagakarsa
8/15/2017,201708,68,,12,21,120,11,120,O3,TIDAK SEHAT,DKI3 Jagakarsa
8/16/2017,201708,59,,13,15,134,10,134,O3,TIDAK SEHAT,DKI3 Jagakarsa
8/17/2017,201708,53,,13,12,125,11,125,O3,TIDAK SEHAT,DKI3 Jagakarsa
8/18/2017,201708,61,,13,12,129,6,129,O3,TIDAK SEHAT,DKI3 Jagakarsa
8/19/2017,201708,56,,13,10,81,4,81,O3,SEDANG,DKI3 Jagakarsa
8/20/2017,201708,53,,13,10,79,4,79,O3,SEDANG,DKI3 Jagakarsa
8/21/2017,201708,58,,13,12,90,5,90,O3,SEDANG,DKI3 Jagakarsa
8/22/2017,201708,62,,13,20,137,10,137,O3,TIDAK SEHAT,DKI3 Jagakarsa
8/23/2017,201708,74,,14,17,99,8,99,O3,SEDANG,DKI3 Jagakarsa
8/24/2017,201708,57,,13,10,71,5,71,O3,SEDANG,DKI3 Jagakarsa
8/25/2017,201708,51,,13,10,81,5,81,O3,SEDANG,DKI3 Jagakarsa
8/26/2017,201708,63,,14,15,71,8,71,O3,SEDANG,DKI3 Jagakarsa
8/27/2017,201708,62,,14,12,64,7,64,O3,SEDANG,DKI3 Jagakarsa
8/28/2017,201708,60,,13,14,55,6,60,PM10,SEDANG,DKI3 Jagakarsa
8/29/2017,201708,59,,13,14,154,5,154,O3,TIDAK SEHAT,DKI3 Jagakarsa
8/30/2017,201708,52,,13,13,85,12,85,O3,SEDANG,DKI3 Jagakarsa
8/31/2017,201708,58,,14,14,82,5,82,O3,SEDANG,DKI3 Jagakarsa
9/1/2017,201709,56,,13,11,76,8,76,O3,SEDANG,DKI3 Jagakarsa
9/2/2017,201709,53,,13,10,92,4,92,O3,SEDANG,DKI3 Jagakarsa
9/3/2017,201709,83,,13,23,74,7,83,PM10,SEDANG,DKI3 Jagakarsa
9/4/2017,201709,73,,14,18,157,7,157,O3,TIDAK SEHAT,DKI3 Jagakarsa
9/5/2017,201709,65,,14,13,89,6,89,O3,SEDANG,DKI3 Jagakarsa
9/6/2017,201709,46,,13,14,88,5,88,O3,SEDANG,DKI3 Jagakarsa
9/7/2017,201709,68,,13,30,74,7,74,O3,SEDANG,DKI3 Jagakarsa
9/8/2017,201709,64,,14,14,79,7,79,O3,SEDANG,DKI3 Jagakarsa
9/9/2017,201709,59,,14,14,96,8,96,O3,SEDANG,DKI3 Jagakarsa
9/10/2017,201709,49,,13,9,69,5,69,O3,SEDANG,DKI3 Jagakarsa
9/11/2017,201709,45,,13,11,95,5,95,O3,SEDANG,DKI3 Jagakarsa
9/12/2017,201709,57,,13,13,107,5,107,O3,TIDAK SEHAT,DKI3 Jagakarsa
9/13/2017,201709,50,,14,10,140,5,140,O3,TIDAK SEHAT,DKI3 Jagakarsa
9/14/2017,201709,72,,15,20,140,10,140,O3,TIDAK SEHAT,DKI3 Jagakarsa
9/15/2017,201709,64,,14,20,144,10,144,O3,TIDAK SEHAT,DKI3 Jagakarsa
9/16/2017,201709,69,,13,20,69,10,69,PM10,SEDANG,DKI3 Jagakarsa
9/17/2017,201709,52,,13,10,76,7,76,O3,SEDANG,DKI3 Jagakarsa
9/18/2017,201709,55,,14,13,72,8,72,O3,SEDANG,DKI3 Jagakarsa
9/19/2017,201709,67,,14,13,88,7,88,O3,SEDANG,DKI3 Jagakarsa
9/20/2017,201709,57,,14,11,121,15,121,O3,TIDAK SEHAT,DKI3 Jagakarsa
9/21/2017,201709,63,,14,13,100,10,100,O3,SEDANG,DKI3 Jagakarsa
9/22/2017,201709,67,,14,16,161,7,161,O3,TIDAK SEHAT,DKI3 Jagakarsa
9/23/2017,201709,57,,14,11,126,8,126,O3,TIDAK SEHAT,DKI3 Jagakarsa
9/24/2017,201709,56,,13,15,100,8,100,O3,SEDANG,DKI3 Jagakarsa
9/25/2017,201709,50,,13,12,109,6,109,O3,TIDAK SEHAT,DKI3 Jagakarsa
9/26/2017,201709,51,,13,17,77,5,77,O3,SEDANG,DKI3 Jagakarsa
9/27/2017,201709,41,,13,11,51,6,51,O3,SEDANG,DKI3 Jagakarsa
9/28/2017,201709,53,,14,26,91,8,91,O3,SEDANG,DKI3 Jagakarsa
9/29/2017,201709,61,,13,18,132,9,132,O3,TIDAK SEHAT,DKI3 Jagakarsa
9/30/2017,201709,40,,13,14,76,7,76,O3,SEDANG,DKI3 Jagakarsa
10/1/2017,201710,53,,13,17,67,5,67,O3,SEDANG,DKI3 Jagakarsa
10/2/2017,201710,38,,13,20,83,7,83,O3,SEDANG,DKI3 Jagakarsa
10/3/2017,201710,38,,13,16,84,10,84,O3,SEDANG,DKI3 Jagakarsa
10/4/2017,201710,42,,13,11,108,9,108,O3,TIDAK SEHAT,DKI3 Jagakarsa
10/5/2017,201710,53,,13,17,77,7,77,O3,SEDANG,DKI3 Jagakarsa
10/6/2017,201710,53,,13,15,87,8,87,O3,SEDANG,DKI3 Jagakarsa
10/7/2017,201710,52,,14,15,134,5,134,O3,TIDAK SEHAT,DKI3 Jagakarsa
10/8/2017,201710,41,,15,11,97,6,97,O3,SEDANG,DKI3 Jagakarsa
10/9/2017,201710,50,,14,15,74,6,74,O3,SEDANG,DKI3 Jagakarsa
10/10/2017,201710,60,,14,21,71,10,71,O3,SEDANG,DKI3 Jagakarsa
10/11/2017,201710,60,,15,14,74,10,74,O3,SEDANG,DKI3 Jagakarsa
10/13/2017,201710,47,,13.66666667,13,35,5,47,PM10,BAIK,DKI3 Jagakarsa
10/14/2017,201710,40,,13,11,40,5,40,PM10,BAIK,DKI3 Jagakarsa
10/15/2017,201710,40,,14,9,45,5,45,O3,BAIK,DKI3 Jagakarsa
10/16/2017,201710,43,,14,11,42,6,43,PM10,BAIK,DKI3 Jagakarsa
10/17/2017,201710,34,,14,14,26,6,34,PM10,BAIK,DKI3 Jagakarsa
10/18/2017,201710,49,,14,12,36,9,49,PM10,BAIK,DKI3 Jagakarsa
10/19/2017,201710,49,,14,16,36,11,49,PM10,BAIK,DKI3 Jagakarsa
10/20/2017,201710,44,,13,20,44,7,44,PM10,BAIK,DKI3 Jagakarsa
10/21/2017,201710,65,,14,23,41,8,65,PM10,SEDANG,DKI3 Jagakarsa
10/22/2017,201710,54,,13,17,47,6,54,PM10,SEDANG,DKI3 Jagakarsa
10/23/2017,201710,45,,14,13,45,11,45,PM10,BAIK,DKI3 Jagakarsa
10/24/2017,201710,49,,14,18,52,9,52,O3,SEDANG,DKI3 Jagakarsa
10/25/2017,201710,42,,14,11,29,11,42,PM10,BAIK,DKI3 Jagakarsa
10/26/2017,201710,43,,13,11,59,8,59,O3,SEDANG,DKI3 Jagakarsa
10/27/2017,201710,41,,13,11,46,6,46,O3,BAIK,DKI3 Jagakarsa
10/28/2017,201710,56,,13,19,39,14,56,PM10,SEDANG,DKI3 Jagakarsa
10/29/2017,201710,53,,13,26,27,9,53,PM10,SEDANG,DKI3 Jagakarsa
10/30/2017,201710,53,,13,16,26,6,53,PM10,SEDANG,DKI3 Jagakarsa
10/31/2017,201710,43,,13,14,119,6,119,O3,TIDAK SEHAT,DKI3 Jagakarsa
11/1/2017,201711,48,,13,13,50,5,50,O3,BAIK,DKI3 Jagakarsa
11/2/2017,201711,58,,14,21,48,15,58,PM10,SEDANG,DKI3 Jagakarsa
11/3/2017,201711,63,,14,16,58,7,63,PM10,SEDANG,DKI3 Jagakarsa
11/4/2017,201711,65,,14,14,57,8,65,PM10,SEDANG,DKI3 Jagakarsa
11/5/2017,201711,53,,15,13,32,8,53,PM10,SEDANG,DKI3 Jagakarsa
11/6/2017,201711,52,,14,22,21,7,52,PM10,SEDANG,DKI3 Jagakarsa
11/7/2017,201711,32,,15,16,56,10,56,O3,SEDANG,DKI3 Jagakarsa
11/8/2017,201711,36,,14,21,34,10,36,PM10,BAIK,DKI3 Jagakarsa
11/9/2017,201711,56,,14,20,31,6,56,PM10,SEDANG,DKI3 Jagakarsa
11/10/2017,201711,47,,14,20,48,12,48,O3,BAIK,DKI3 Jagakarsa
11/11/2017,201711,45,,14,15,40,6,45,PM10,BAIK,DKI3 Jagakarsa
11/12/2017,201711,51,,14,15,85,12,85,O3,SEDANG,DKI3 Jagakarsa
11/13/2017,201711,41,,13,15,58,6,58,O3,SEDANG,DKI3 Jagakarsa
11/14/2017,201711,41,,14,19,99,7,99,O3,SEDANG,DKI3 Jagakarsa
11/15/2017,201711,37,,14,17,121,12,121,O3,TIDAK SEHAT,DKI3 Jagakarsa
11/16/2017,201711,61,,16,19,107,9,107,O3,TIDAK SEHAT,DKI3 Jagakarsa
11/17/2017,201711,51,,15,29,89,10,89,O3,SEDANG,DKI3 Jagakarsa
11/18/2017,201711,44,,15,17,82,5,82,O3,SEDANG,DKI3 Jagakarsa
11/19/2017,201711,38,,15,23,63,5,63,O3,SEDANG,DKI3 Jagakarsa
11/20/2017,201711,36.4,,15,16,53,5,53,O3,SEDANG,DKI3 Jagakarsa
11/21/2017,201711,34.8,,15,12,134,9,134,O3,TIDAK SEHAT,DKI3 Jagakarsa
11/22/2017,201711,33.2,,15,11,116,5,116,O3,TIDAK SEHAT,DKI3 Jagakarsa
11/23/2017,201711,31.6,,15,20,52,8,52,O3,SEDANG,DKI3 Jagakarsa
11/24/2017,201711,30,,14,10,42,4,42,O3,BAIK,DKI3 Jagakarsa
11/25/2017,201711,7,,14,10,38,4,38,O3,BAIK,DKI3 Jagakarsa
11/26/2017,201711,2,,13,6,37,1,37,O3,BAIK,DKI3 Jagakarsa
11/27/2017,201711,5,,13,6,37,2,37,O3,BAIK,DKI3 Jagakarsa
11/28/2017,201711,9,,13,7,33,2,33,O3,BAIK,DKI3 Jagakarsa
11/29/2017,201711,13,,13,5,33,2,33,O3,BAIK,DKI3 Jagakarsa
11/30/2017,201711,17,,13,6,38,2,38,O3,BAIK,DKI3 Jagakarsa
12/1/2017,201712,11.5,,13,7,33,3,33,O3,BAIK,DKI3 Jagakarsa
12/2/2017,201712,6,,13,19,32,4,32,O3,BAIK,DKI3 Jagakarsa
12/3/2017,201712,6,,13.2,12,43,3,43,O3,BAIK,DKI3 Jagakarsa
12/4/2017,201712,3,,13.4,8,43,2,43,O3,BAIK,DKI3 Jagakarsa
12/5/2017,201712,19,,13.6,13,44,4,44,O3,BAIK,DKI3 Jagakarsa
12/6/2017,201712,12,,13.8,12,61,3,61,O3,SEDANG,DKI3 Jagakarsa
12/7/2017,201712,16,,14,13,77,5,77,O3,SEDANG,DKI3 Jagakarsa
12/8/2017,201712,10,,14,8,77,3,77,O3,SEDANG,DKI3 Jagakarsa
12/9/2017,201712,9,,15,7,73,4,73,O3,SEDANG,DKI3 Jagakarsa
12/10/2017,201712,9,,14,7,38,2,38,O3,BAIK,DKI3 Jagakarsa
12/11/2017,201712,9,,14,9,35,2,35,O3,BAIK,DKI3 Jagakarsa
12/12/2017,201712,5,,14,15,46,3,46,O3,BAIK,DKI3 Jagakarsa
12/13/2017,201712,7,,14,12,34,4,34,O3,BAIK,DKI3 Jagakarsa
12/14/2017,201712,25,,14,13,59,3,59,O3,SEDANG,DKI3 Jagakarsa
12/15/2017,201712,10,,14,11,47,3,47,O3,BAIK,DKI3 Jagakarsa
12/16/2017,201712,40,,14,20,50,6,50,O3,BAIK,DKI3 Jagakarsa
12/17/2017,201712,7,,14,14,45,3,45,O3,BAIK,DKI3 Jagakarsa
12/18/2017,201712,10,,15,8,41,2,41,O3,BAIK,DKI3 Jagakarsa
12/19/2017,201712,9,,15,13,45,7,45,O3,BAIK,DKI3 Jagakarsa
12/20/2017,201712,8,,14,19,50,10,50,O3,BAIK,DKI3 Jagakarsa
12/21/2017,201712,9.8,,14,25,53,3,53,O3,SEDANG,DKI3 Jagakarsa
12/22/2017,201712,11.6,,14,13,52,3,52,O3,SEDANG,DKI3 Jagakarsa
12/23/2017,201712,13.4,,14,10,46,3,46,O3,BAIK,DKI3 Jagakarsa
12/24/2017,201712,15.2,,14,10,41,3,41,O3,BAIK,DKI3 Jagakarsa
12/25/2017,201712,17,,15,12,31,3,31,O3,BAIK,DKI3 Jagakarsa
12/26/2017,201712,13,,14,9,40,2,40,O3,BAIK,DKI3 Jagakarsa
12/27/2017,201712,18,,16,9,43,3,43,O3,BAIK,DKI3 Jagakarsa
12/28/2017,201712,31,,15,11,39,3,39,O3,BAIK,DKI3 Jagakarsa
12/29/2017,201712,36,,20,22,84,8,84,O3,SEDANG,DKI3 Jagakarsa
12/30/2017,201712,52,,19,21,81,7,81,O3,SEDANG,DKI3 Jagakarsa
12/31/2017,201712,25,,17,22,37,6,37,O3,BAIK,DKI3 Jagakarsa
1/12/2018,201812,60,,26,27,112,17,112,O3,TIDAK SEHAT,DKI3 Jagakarsa
2/1/2018,201801,23,,31,24,39,14,39,O3,BAIK,DKI3 Jagakarsa
2/2/2018,201802,47,,45,56,68,12,68,O3,SEDANG,DKI3 Jagakarsa
2/11/2018,201811,50,,26,21,85,13,85,O3,SEDANG,DKI3 Jagakarsa
3/1/2018,201801,53,,35,35,101,23,101,O3,TIDAK SEHAT,DKI3 Jagakarsa
4/1/2018,201801,53,,49,34,57,15,57,O3,SEDANG,DKI3 Jagakarsa
5/11/2018,201811,56,,24,23,101,17,101,O3,TIDAK SEHAT,DKI3 Jagakarsa
6/3/2018,201803,64,,28,30,103,16,103,O3,TIDAK SEHAT,DKI3 Jagakarsa
6/12/2018,201812,61,,27,33,94,17,94,O3,SEDANG,DKI3 Jagakarsa
7/3/2018,201803,66,,26,48,76,21,76,O3,SEDANG,DKI3 Jagakarsa
7/4/2018,201804,68,,31,29,74,12,74,O3,SEDANG,DKI3 Jagakarsa
7/12/2018,201812,59,,40,29,134,15,134,O3,TIDAK SEHAT,DKI3 Jagakarsa
8/4/2018,201804,45,,28,16,51,12,51,O3,SEDANG,DKI3 Jagakarsa
8/11/2018,201811,63,,32,24,89,21,89,O3,SEDANG,DKI3 Jagakarsa
9/1/2018,201801,45,,32,16,63,14,63,O3,SEDANG,DKI3 Jagakarsa
9/4/2018,201804,53,,33,20,85,11,85,O3,SEDANG,DKI3 Jagakarsa
9/11/2018,201811,61,,24,22,98,16,98,O3,SEDANG,DKI3 Jagakarsa
10/3/2018,201803,60,,25,27,54,12,60,PM10,SEDANG,DKI3 Jagakarsa
10/4/2018,201804,52,,36,19,66,15,66,O3,SEDANG,DKI3 Jagakarsa
10/11/2018,201811,60,,24,36,166,19,166,O3,TIDAK SEHAT,DKI3 Jagakarsa
11/4/2018,201804,71,,33,23,92,13,92,O3,SEDANG,DKI3 Jagakarsa
11/8/2018,201808,69,,31,17,126,19,126,O3,TIDAK SEHAT,DKI3 Jagakarsa
11/11/2018,201811,71,,40,35,104,16,104,O3,TIDAK SEHAT,DKI3 Jagakarsa
1/5/2019,201901,54,,29,16,51,20,54,PM10,SEDANG,DKI3 Jagakarsa
1/7/2019,201901,71,,47,16,132,25,132,O3,TIDAK SEHAT,DKI3 Jagakarsa
1/8/2019,201901,51,,22,25,143,26,143,O3,TIDAK SEHAT,DKI3 Jagakarsa
1/11/2019,201901,63,,23,28,91,13,91,O3,SEDANG,DKI3 Jagakarsa
1/12/2019,201901,57,,26,24,90,16,90,O3,SEDANG,DKI3 Jagakarsa
1/13/2019,201901,65,,24,28,119,15,119,O3,TIDAK SEHAT,DKI3 Jagakarsa
1/15/2019,201901,72,,27,26,59,13,72,PM10,SEDANG,DKI3 Jagakarsa
1/16/2019,201901,37,,23,19,64,7,64,O3,SEDANG,DKI3 Jagakarsa
1/20/2019,201901,74,,30,39,82,17,82,O3,SEDANG,DKI3 Jagakarsa
1/21/2019,201901,62,,24,22,94,12,94,O3,SEDANG,DKI3 Jagakarsa
1/22/2019,201901,39,,24,23,92,9,92,O3,SEDANG,DKI3 Jagakarsa
1/23/2019,201901,59,,23,37,70,14,70,O3,SEDANG,DKI3 Jagakarsa
1/24/2019,201901,51,,19,20,81,12,81,O3,SEDANG,DKI3 Jagakarsa
1/25/2019,201901,32,,19,25,74,12,74,O3,SEDANG,DKI3 Jagakarsa
1/27/2019,201901,56,,18,49,74,10,74,O3,SEDANG,DKI3 Jagakarsa
1/28/2019,201901,53,,20,34,77,15,77,O3,SEDANG,DKI3 Jagakarsa
1/29/2019,201901,48,,19,33,88,11,88,O3,SEDANG,DKI3 Jagakarsa
1/31/2019,201901,56,,23,22,54,17,56,PM10,SEDANG,DKI3 Jagakarsa
2/2/2019,201902,61,,37,47,79,14,79,O3,SEDANG,DKI3 Jagakarsa
2/3/2019,201902,64,,26,34,95,13,95,O3,SEDANG,DKI3 Jagakarsa
2/4/2019,201902,56,,27,27,86,10,86,O3,SEDANG,DKI3 Jagakarsa
2/5/2019,201902,57,,20,36,80,10,80,O3,SEDANG,DKI3 Jagakarsa
2/6/2019,201902,52,,26,20,75,13,75,O3,SEDANG,DKI3 Jagakarsa
2/10/2019,201902,59,,23,28,81,17,81,O3,SEDANG,DKI3 Jagakarsa
2/11/2019,201902,37,,19,19,71,16,71,O3,SEDANG,DKI3 Jagakarsa
2/12/2019,201902,56,,34,36,94,17,94,O3,SEDANG,DKI3 Jagakarsa
2/13/2019,201902,67,,26,43,71,18,71,O3,SEDANG,DKI3 Jagakarsa
2/14/2019,201902,73,,35,39,91,17,91,O3,SEDANG,DKI3 Jagakarsa
2/15/2019,201902,54,,23,19,89,14,89,O3,SEDANG,DKI3 Jagakarsa
2/16/2019,201902,42,,21,15,111,12,111,O3,TIDAK SEHAT,DKI3 Jagakarsa
2/17/2019,201902,55,,20,20,79,12,79,O3,SEDANG,DKI3 Jagakarsa
2/18/2019,201902,51,,23,31,88,22,88,O3,SEDANG,DKI3 Jagakarsa
2/21/2019,201902,69,,26,29,86,18,86,O3,SEDANG,DKI3 Jagakarsa
2/22/2019,201902,60,,34,34,77,19,77,O3,SEDANG,DKI3 Jagakarsa
2/24/2019,201902,57,,26,29,88,14,88,O3,SEDANG,DKI3 Jagakarsa
2/25/2019,201902,59,,28,32,115,12,115,O3,TIDAK SEHAT,DKI3 Jagakarsa
2/26/2019,201902,61,,29,25,88,14,88,O3,SEDANG,DKI3 Jagakarsa
2/27/2019,201902,64,,22,24,67,17,67,O3,SEDANG,DKI3 Jagakarsa
3/1/2019,201903,58,,19,29,70,15,70,O3,SEDANG,DKI3 Jagakarsa
3/2/2019,201903,50,,51,25,62,12,62,O3,SEDANG,DKI3 Jagakarsa
3/4/2019,201903,55,,22,32,104,22,104,O3,TIDAK SEHAT,DKI3 Jagakarsa
3/6/2019,201903,54,,21,25,60,19,60,O3,SEDANG,DKI3 Jagakarsa
3/8/2019,201903,78,,25,41,155,27,155,O3,TIDAK SEHAT,DKI3 Jagakarsa
3/12/2019,201903,41,,20,20,51,12,51,O3,SEDANG,DKI3 Jagakarsa
3/18/2019,201903,52,,21,18,65,10,65,O3,SEDANG,DKI3 Jagakarsa
3/19/2019,201903,38,,20,18,68,6,68,O3,SEDANG,DKI3 Jagakarsa
4/9/2019,201904,72,,25,27,127,18,127,O3,TIDAK SEHAT,DKI3 Jagakarsa
4/10/2019,201904,82,,25,32,199,27,199,O3,TIDAK SEHAT,DKI3 Jagakarsa
4/11/2019,201904,69,,23,23,153,17,153,O3,TIDAK SEHAT,DKI3 Jagakarsa
4/14/2019,201904,45,,22,37,112,14,112,O3,TIDAK SEHAT,DKI3 Jagakarsa
4/15/2019,201904,64,,22,39,122,23,122,O3,TIDAK SEHAT,DKI3 Jagakarsa
4/18/2019,201904,73,,21,26,111,16,111,O3,TIDAK SEHAT,DKI3 Jagakarsa
4/20/2019,201904,33,,21,16,105,20,105,O3,TIDAK SEHAT,DKI3 Jagakarsa
4/21/2019,201904,60,,22,27,110,16,110,O3,TIDAK SEHAT,DKI3 Jagakarsa
4/22/2019,201904,60,,23,24,63,9,63,O3,SEDANG,DKI3 Jagakarsa
4/23/2019,201904,63,,24,18,73,10,73,O3,SEDANG,DKI3 Jagakarsa
4/24/2019,201904,57,,22,20,72,15,72,O3,SEDANG,DKI3 Jagakarsa
4/25/2019,201904,67,,22,45,85,12,85,O3,SEDANG,DKI3 Jagakarsa
4/26/2019,201904,42,,21,22,124,22,124,O3,TIDAK SEHAT,DKI3 Jagakarsa
4/27/2019,201904,55,,21,38,90,11,90,O3,SEDANG,DKI3 Jagakarsa
4/29/2019,201904,56,,22,35,130,19,130,O3,TIDAK SEHAT,DKI3 Jagakarsa
4/30/2019,201904,59,,22,29,111,21,111,O3,TIDAK SEHAT,DKI3 Jagakarsa
5/2/2019,201905,48,,13,18,29,6,48,PM10,BAIK,DKI3 Jagakarsa
5/3/2019,201905,50,,26,24,99,16,99,O3,SEDANG,DKI3 Jagakarsa
5/4/2019,201905,72,,22,32,92,15,92,O3,SEDANG,DKI3 Jagakarsa
5/6/2019,201905,52,,16,22,93,13,93,O3,SEDANG,DKI3 Jagakarsa
5/7/2019,201905,71,,18,31,89,16,89,O3,SEDANG,DKI3 Jagakarsa
5/8/2019,201905,77,,23,52,132,21,132,O3,TIDAK SEHAT,DKI3 Jagakarsa
5/9/2019,201905,69,,23,32,149,22,149,O3,TIDAK SEHAT,DKI3 Jagakarsa
6/3/2019,201906,55,,23,18,89,10,89,O3,SEDANG,DKI3 Jagakarsa
6/4/2019,201906,75,,24,20,82,11,82,O3,SEDANG,DKI3 Jagakarsa
6/6/2019,201906,51,,23,11,75,9,75,O3,SEDANG,DKI3 Jagakarsa
6/14/2019,201906,73,,25,21,98,16,98,O3,SEDANG,DKI3 Jagakarsa
6/15/2019,201906,57,,24,27,112,24,112,O3,TIDAK SEHAT,DKI3 Jagakarsa
6/16/2019,201906,66,,24,24,107,17,107,O3,TIDAK SEHAT,DKI3 Jagakarsa
6/17/2019,201906,75,,25,24,93,14,93,O3,SEDANG,DKI3 Jagakarsa
6/18/2019,201906,69,,27,20,74,12,74,O3,SEDANG,DKI3 Jagakarsa
6/21/2019,201906,79,,27,23,103,13,103,O3,TIDAK SEHAT,DKI3 Jagakarsa
6/23/2019,201906,72,,26,20,134,17,134,O3,TIDAK SEHAT,DKI3 Jagakarsa
6/27/2019,201906,81,,26,25,142,17,142,O3,TIDAK SEHAT,DKI3 Jagakarsa
6/28/2019,201906,69,,29,28,143,21,143,O3,TIDAK SEHAT,DKI3 Jagakarsa
6/30/2019,201906,64,,27,16,83,12,83,O3,SEDANG,DKI3 Jagakarsa
7/6/2019,201907,62,,27,22,82,13,82,O3,SEDANG,DKI3 Jagakarsa
7/8/2019,201907,61,,27,17,84,10,84,O3,SEDANG,DKI3 Jagakarsa
7/10/2019,201907,64,,31,14,91,15,91,O3,SEDANG,DKI3 Jagakarsa
7/12/2019,201907,67,,28,17,77,13,77,O3,SEDANG,DKI3 Jagakarsa
7/15/2019,201907,70,,26,23,77,18,77,O3,SEDANG,DKI3 Jagakarsa
7/18/2019,201907,74,,27,23,87,16,87,O3,SEDANG,DKI3 Jagakarsa
7/24/2019,201907,76,,28,20,92,19,92,O3,SEDANG,DKI3 Jagakarsa
7/26/2019,201907,83,,28,21,96,21,96,O3,SEDANG,DKI3 Jagakarsa
7/27/2019,201907,73,,27,17,94,13,94,O3,SEDANG,DKI3 Jagakarsa
7/29/2019,201907,75,,27,27,129,17,129,O3,TIDAK SEHAT,DKI3 Jagakarsa
8/4/2019,201908,71,,27,18,80,17,80,O3,SEDANG,DKI3 Jagakarsa
8/6/2019,201908,66,,29,20,140,18,140,O3,TIDAK SEHAT,DKI3 Jagakarsa
8/7/2019,201908,79,,28,22,127,14,127,O3,TIDAK SEHAT,DKI3 Jagakarsa
8/9/2019,201908,74,,29,21,119,18,119,O3,TIDAK SEHAT,DKI3 Jagakarsa
8/10/2019,201908,82,,29,24,100,18,100,O3,SEDANG,DKI3 Jagakarsa
8/11/2019,201908,68,,27,21,72,9,72,O3,SEDANG,DKI3 Jagakarsa
8/12/2019,201908,71,,27,17,73,10,73,O3,SEDANG,DKI3 Jagakarsa
8/21/2019,201908,70,,30,20,76,11,76,O3,SEDANG,DKI3 Jagakarsa
8/31/2019,201908,76,,29,30,78,15,78,O3,SEDANG,DKI3 Jagakarsa
9/3/2019,201909,73,,31,20,141,20,141,O3,TIDAK SEHAT,DKI3 Jagakarsa
9/6/2019,201909,74,,30,23,127,15,127,O3,TIDAK SEHAT,DKI3 Jagakarsa
9/9/2019,201909,67,,29,20,106,14,106,O3,TIDAK SEHAT,DKI3 Jagakarsa
9/18/2019,201909,71,,32,22,132,16,132,O3,TIDAK SEHAT,DKI3 Jagakarsa
10/9/2019,201910,68,,31,19,130,16,130,O3,TIDAK SEHAT,DKI3 Jagakarsa
10/18/2019,201910,60,,33,17,104,14,104,O3,TIDAK SEHAT,DKI3 Jagakarsa
10/19/2019,201910,75,,32,19,78,11,78,O3,SEDANG,DKI3 Jagakarsa
10/24/2019,201910,77,,34,18,129,18,129,O3,TIDAK SEHAT,DKI3 Jagakarsa
10/28/2019,201910,68,,19,21,121,15,121,O3,TIDAK SEHAT,DKI3 Jagakarsa
10/29/2019,201910,85,,34,30,97,14,97,O3,SEDANG,DKI3 Jagakarsa
10/31/2019,201910,76,,35,18,120,14,120,O3,TIDAK SEHAT,DKI3 Jagakarsa
11/16/2019,201911,66,,36,20,81,12,81,O3,SEDANG,DKI3 Jagakarsa
11/20/2019,201911,53,,21,18,134,15,134,O3,TIDAK SEHAT,DKI3 Jagakarsa
11/28/2019,201911,71,,36,28,106,14,106,O3,TIDAK SEHAT,DKI3 Jagakarsa
12/12/2019,201912,74,,36,28,87,14,87,O3,SEDANG,DKI3 Jagakarsa
12/14/2019,201912,63,,37,23,94,13,94,O3,SEDANG,DKI3 Jagakarsa
12/20/2019,201912,72,,38,30,99,16,99,O3,SEDANG,DKI3 Jagakarsa
12/31/2019,201912,52,,37,23,55,9,55,O3,SEDANG,DKI3 Jagakarsa
1/1/2020,202001,38,,11,25,41,8,41,O3,BAIK,DKI3 Jagakarsa
1/2/2020,202001,36,,11,39,44,7,44,O3,BAIK,DKI3 Jagakarsa
1/3/2020,202001,51,,11,27,51,6,51,PM10,SEDANG,DKI3 Jagakarsa
1/4/2020,202001,51,,11,18,51,5,51,PM10,SEDANG,DKI3 Jagakarsa
1/5/2020,202001,52,,12,25,57,4,57,O3,SEDANG,DKI3 Jagakarsa
1/6/2020,202001,62,,11,39,46,7,62,PM10,SEDANG,DKI3 Jagakarsa
1/7/2020,202001,38,,11,22,52,6,52,O3,SEDANG,DKI3 Jagakarsa
1/8/2020,202001,47,,10,20,44,5,47,PM10,BAIK,DKI3 Jagakarsa
1/9/2020,202001,67,,11,58,46,13,67,PM10,SEDANG,DKI3 Jagakarsa
1/10/2020,202001,31,,11,27,38,35.5,38,O3,BAIK,DKI3 Jagakarsa
1/11/2020,202001,26,,11,20,31,58,31,O3,BAIK,DKI3 Jagakarsa
1/11/2020,202011,37,,82,38,32,58,11,PM2.5,SEDANG,DKI3 Jagakarsa
1/12/2020,202001,30,,11,17,41,45,41,O3,BAIK,DKI3 Jagakarsa
1/13/2020,202001,42,,11,15,39,32,42,PM10,BAIK,DKI3 Jagakarsa
1/14/2020,202001,38,,11,14,40,19,40,O3,BAIK,DKI3 Jagakarsa
1/15/2020,202001,44,,11,16,63,6,63,O3,SEDANG,DKI3 Jagakarsa
1/16/2020,202001,67,,11,41,78,12,78,O3,SEDANG,DKI3 Jagakarsa
1/17/2020,202001,52,,12,40,119,12,119,O3,TIDAK SEHAT,DKI3 Jagakarsa
1/18/2020,202001,44,,12,25,60,5,60,O3,SEDANG,DKI3 Jagakarsa
1/19/2020,202001,76,,14,62,110,10,110,O3,TIDAK SEHAT,DKI3 Jagakarsa
1/20/2020,202001,50,,12,20,65,6,65,O3,SEDANG,DKI3 Jagakarsa
1/21/2020,202001,62,,12,41,50,15,62,PM10,SEDANG,DKI3 Jagakarsa
1/22/2020,202001,58,,12,43,64,13,64,O3,SEDANG,DKI3 Jagakarsa
1/23/2020,202001,53,,14,24,59,6,59,O3,SEDANG,DKI3 Jagakarsa
1/24/2020,202001,50,,14,31,44,12,50,PM10,BAIK,DKI3 Jagakarsa
1/25/2020,202001,40,,14,34,35,5,40,PM10,BAIK,DKI3 Jagakarsa
1/26/2020,202001,45,,15,43,84,9,84,O3,SEDANG,DKI3 Jagakarsa
1/27/2020,202001,36,,14,29,78,11,78,O3,SEDANG,DKI3 Jagakarsa
1/28/2020,202001,62,,13,39,74,9,74,O3,SEDANG,DKI3 Jagakarsa
1/29/2020,202001,70,,13,42,79,10,79,O3,SEDANG,DKI3 Jagakarsa
1/30/2020,202001,37,,13,17,65,9,65,O3,SEDANG,DKI3 Jagakarsa
1/31/2020,202001,45,,14,27,54,8,54,O3,SEDANG,DKI3 Jagakarsa
2/1/2020,202002,44,,15,39,38,10,44,PM10,BAIK,DKI3 Jagakarsa
2/1/2020,202202,64,89,52,13,76,21,89,PM2.5,SEDANG,DKI3 Jagakarsa
2/2/2020,202002,38,83.33333333,15,35,45,8,45,O3,BAIK,DKI3 Jagakarsa
2/3/2020,202002,41,77.66666667,15,50,37,8,50,CO,BAIK,DKI3 Jagakarsa
2/4/2020,202002,40,72,15,53,38,27,53,CO,SEDANG,DKI3 Jagakarsa
2/4/2020,202202,54,72,46,12,68,27,72,PM2.5,SEDANG,DKI3 Jagakarsa
2/5/2020,202002,67,74.88888889,14,57,49,12,67,PM10,SEDANG,DKI3 Jagakarsa
2/6/2020,202002,55,77.77777778,14,26,45,8,55,PM10,SEDANG,DKI3 Jagakarsa
2/7/2020,202002,51,80.66666667,14,28,50,7,51,PM10,SEDANG,DKI3 Jagakarsa
2/8/2020,202002,26,83.55555556,14,20,48,10,48,O3,BAIK,DKI3 Jagakarsa
2/9/2020,202002,46,86.44444444,14,35,46,11,46,PM10,BAIK,DKI3 Jagakarsa
2/10/2020,202002,44,89.33333333,15,27,52,18.5,52,O3,SEDANG,DKI3 Jagakarsa
2/11/2020,202002,53,92.22222222,16,26,45,9,53,PM10,SEDANG,DKI3 Jagakarsa
2/11/2020,202011,53,92.22222222,41,38,13,26,4,PM2.5,BAIK,DKI3 Jagakarsa
2/12/2020,202002,48,95.11111111,16,19,126,6,126,O3,TIDAK SEHAT,DKI3 Jagakarsa
2/13/2020,202002,55,98,16,23,68,9,68,O3,SEDANG,DKI3 Jagakarsa
2/13/2020,202202,70,98,41,19,55,29,98,PM2.5,SEDANG,DKI3 Jagakarsa
2/14/2020,202002,57,108.5,15,36,56,8,57,PM10,SEDANG,DKI3 Jagakarsa
2/15/2020,202002,62,119,15,46,108,8,108,O3,TIDAK SEHAT,DKI3 Jagakarsa
2/15/2020,202202,74,119,52,33,61,38,119,PM2.5,TIDAK SEHAT,DKI3 Jagakarsa
2/16/2020,202002,52,113,17,35,55,15,55,O3,SEDANG,DKI3 Jagakarsa
2/17/2020,202002,38,107,16,30,59,10,59,O3,SEDANG,DKI3 Jagakarsa
2/18/2020,202002,51,101,16,47,58,11,58,O3,SEDANG,DKI3 Jagakarsa
2/19/2020,202002,53,95,16,28,35,6,53,PM10,SEDANG,DKI3 Jagakarsa
2/20/2020,202002,43,89,15,21,35,7,43,PM10,BAIK,DKI3 Jagakarsa
2/21/2020,202002,33,83,15,25,38,7,38,O3,BAIK,DKI3 Jagakarsa
2/22/2020,202002,55,77,14,75,41,11,75,CO,SEDANG,DKI3 Jagakarsa
2/23/2020,202002,39,71,13,37,38,13,39,PM10,BAIK,DKI3 Jagakarsa
2/24/2020,202002,32,65,14,21,39,15,39,O3,BAIK,DKI3 Jagakarsa
2/25/2020,202002,31,59,13,25,44,17,44,O3,BAIK,DKI3 Jagakarsa
2/25/2020,202202,50,59,40,15,28,17,59,PM2.5,SEDANG,DKI3 Jagakarsa
2/26/2020,202002,49,58.9903537,15,27,49,6,49,PM10,BAIK,DKI3 Jagakarsa
2/27/2020,202002,48,58.9807074,16,40,38,10,48,PM10,BAIK,DKI3 Jagakarsa
2/28/2020,202002,50,58.97106109,15,33,48,13,50,PM10,BAIK,DKI3 Jagakarsa
2/29/2020,202002,51,58.96141479,16,52,45,10,52,CO,SEDANG,DKI3 Jagakarsa
3/11/2020,202011,36,58.85530547,63,41,12,65,4,O3,SEDANG,DKI3 Jagakarsa
4/1/2020,202004,51,58.65273312,18,35,62,7,62,O3,SEDANG,DKI3 Jagakarsa
4/2/2020,202004,55,58.64308682,19,22,44,6,55,PM10,SEDANG,DKI3 Jagakarsa
4/3/2020,202004,54,58.63344051,17,22,35,3,54,PM10,SEDANG,DKI3 Jagakarsa
4/4/2020,202004,59,58.62379421,19,25,65,7,65,O3,SEDANG,DKI3 Jagakarsa
4/5/2020,202004,51,58.61414791,19,19,81,3,81,O3,SEDANG,DKI3 Jagakarsa
4/6/2020,202004,52,58.60450161,17,29,33,6,52,PM10,SEDANG,DKI3 Jagakarsa
4/7/2020,202004,40,58.59485531,17,23,24,4,40,PM10,BAIK,DKI3 Jagakarsa
4/8/2020,202004,26,58.585209,18,13,40,3,40,O3,BAIK,DKI3 Jagakarsa
4/9/2020,202004,50,58.5755627,17,19,53,6,53,O3,SEDANG,DKI3 Jagakarsa
4/10/2020,202004,53,58.5659164,17,26,72,8,72,O3,SEDANG,DKI3 Jagakarsa
4/11/2020,202004,45,58.5562701,18,18,64,4,64,O3,SEDANG,DKI3 Jagakarsa
4/11/2020,202011,50,58.5562701,81,43,18,87,8,O3,SEDANG,DKI3 Jagakarsa
4/12/2020,202004,60,58.54662379,17,31,71,4,71,O3,SEDANG,DKI3 Jagakarsa
4/13/2020,202004,48,58.53697749,17,17,67,5,67,O3,SEDANG,DKI3 Jagakarsa
4/14/2020,202004,40,58.52733119,17,22,73,6,73,O3,SEDANG,DKI3 Jagakarsa
4/15/2020,202004,39,58.51768489,19,19,65,6,65,O3,SEDANG,DKI3 Jagakarsa
4/16/2020,202004,37,58.50803859,18,17,55,5,55,O3,SEDANG,DKI3 Jagakarsa
4/17/2020,202004,51,58.49839228,17,19,92,5,92,O3,SEDANG,DKI3 Jagakarsa
4/18/2020,202004,36,58.48874598,18,15,66,4,66,O3,SEDANG,DKI3 Jagakarsa
4/19/2020,202004,56,58.47909968,19,20,85,8,85,O3,SEDANG,DKI3 Jagakarsa
4/20/2020,202004,62,58.46945338,18,20,89,9,89,O3,SEDANG,DKI3 Jagakarsa
4/21/2020,202004,50,58.45980707,19,17,53,7,53,O3,SEDANG,DKI3 Jagakarsa
4/22/2020,202004,58,58.45016077,19,26,75,8,75,O3,SEDANG,DKI3 Jagakarsa
4/23/2020,202004,51,58.44051447,17,17,60,5,60,O3,SEDANG,DKI3 Jagakarsa
4/24/2020,202004,39,58.43086817,18,22,40,6,40,O3,BAIK,DKI3 Jagakarsa
4/25/2020,202004,46,58.42122186,19,29,55,5,55,O3,SEDANG,DKI3 Jagakarsa
4/26/2020,202004,62,58.41157556,18,23,71,5,71,O3,SEDANG,DKI3 Jagakarsa
4/27/2020,202004,38,58.40192926,18,18,53,3,53,O3,SEDANG,DKI3 Jagakarsa
4/28/2020,202004,38,58.39228296,19,22,79,5,79,O3,SEDANG,DKI3 Jagakarsa
4/29/2020,202004,45,58.38263666,18,19,70,7,70,O3,SEDANG,DKI3 Jagakarsa
4/30/2020,202004,65,58.37299035,19,37,77,10,77,O3,SEDANG,DKI3 Jagakarsa
5/1/2020,202005,55,58.36334405,18,21,58,4,58,O3,SEDANG,DKI3 Jagakarsa
5/2/2020,202005,25,58.35369775,19,12,46,5,46,O3,BAIK,DKI3 Jagakarsa
5/3/2020,202005,62,58.34405145,20,35,49,8,62,PM10,SEDANG,DKI3 Jagakarsa
5/4/2020,202005,40,58.33440514,19,14,35,5,40,PM10,BAIK,DKI3 Jagakarsa
5/5/2020,202005,53,58.32475884,18,18,50,5,53,PM10,SEDANG,DKI3 Jagakarsa
5/6/2020,202005,38,58.31511254,18,13,47,5,47,O3,BAIK,DKI3 Jagakarsa
5/7/2020,202005,33,58.30546624,18,16,68,3,68,O3,SEDANG,DKI3 Jagakarsa
5/8/2020,202005,66,58.29581994,17,18,65,5,66,PM10,SEDANG,DKI3 Jagakarsa
5/9/2020,202005,57,58.28617363,17,20,60,8,60,O3,SEDANG,DKI3 Jagakarsa
5/10/2020,202005,67,58.27652733,17,26,68,7,68,O3,SEDANG,DKI3 Jagakarsa
5/11/2020,202005,43,58.26688103,17,18,62,6,62,O3,SEDANG,DKI3 Jagakarsa
5/11/2020,202011,49,58.26688103,75,41,16,68,9,PM2.5,SEDANG,DKI3 Jagakarsa
5/12/2020,202005,44,58.25723473,17,20,63,5,63,O3,SEDANG,DKI3 Jagakarsa
5/13/2020,202005,44,58.24758842,18,17,69,4,69,O3,SEDANG,DKI3 Jagakarsa
5/14/2020,202005,57,58.23794212,17,17,64,6,64,O3,SEDANG,DKI3 Jagakarsa
5/15/2020,202005,59,58.22829582,17,18,58,6,59,PM10,SEDANG,DKI3 Jagakarsa
5/16/2020,202005,56,58.21864952,17,17,63,6,63,O3,SEDANG,DKI3 Jagakarsa
5/17/2020,202005,60,58.20900322,17,18,77,6,77,O3,SEDANG,DKI3 Jagakarsa
5/18/2020,202005,52,58.19935691,17,15,75,4,75,O3,SEDANG,DKI3 Jagakarsa
5/19/2020,202005,26,58.18971061,18,15,59,5,59,O3,SEDANG,DKI3 Jagakarsa
5/20/2020,202005,34,58.18006431,18,14,67,5,67,O3,SEDANG,DKI3 Jagakarsa
5/21/2020,202005,21,58.17041801,19,14,46,5,46,O3,BAIK,DKI3 Jagakarsa
5/22/2020,202005,48,58.1607717,19,16,55,5,55,O3,SEDANG,DKI3 Jagakarsa
5/23/2020,202005,37,58.1511254,18,15,54,4,54,O3,SEDANG,DKI3 Jagakarsa
5/24/2020,202005,57,58.1414791,17,26,28,6,57,PM10,SEDANG,DKI3 Jagakarsa
5/25/2020,202005,30,58.1318328,18,15,30,4,30,PM10,BAIK,DKI3 Jagakarsa
5/26/2020,202005,37,58.1221865,18,18,40,5,40,O3,BAIK,DKI3 Jagakarsa
5/27/2020,202005,37,58.11254019,18,12,75,2,75,O3,SEDANG,DKI3 Jagakarsa
5/28/2020,202005,39,58.10289389,17,15,78,5,78,O3,SEDANG,DKI3 Jagakarsa
5/29/2020,202005,54,58.09324759,17,16,82,5,82,O3,SEDANG,DKI3 Jagakarsa
5/30/2020,202005,44,58.08360129,17,36,55,8,55,O3,SEDANG,DKI3 Jagakarsa
5/31/2020,202005,54,58.07395498,17,28,51,5,54,PM10,SEDANG,DKI3 Jagakarsa
6/6/2020,202006,52,58.01607717,17,22,59,5,59,O3,SEDANG,DKI3 Jagakarsa
6/6/2020,202006,48,58.01607717,17,20,53,4,53,O3,SEDANG,DKI3 Jagakarsa
6/6/2020,202006,47,58.01607717,2,14,45,4,47,PM10,BAIK,DKI3 Jagakarsa
6/6/2020,202006,56,58.01607717,2,18,36,7,56,PM10,SEDANG,DKI3 Jagakarsa
6/6/2020,202006,54,58.01607717,3,17,60,8,60,O3,SEDANG,DKI3 Jagakarsa
6/6/2020,202006,59,58.01607717,2,16,79,7,79,O3,SEDANG,DKI3 Jagakarsa
6/6/2020,202006,53,58.01607717,2,19,96,15,96,O3,SEDANG,DKI3 Jagakarsa
6/6/2020,202006,61,58.01607717,2,23,56,7,61,PM10,SEDANG,DKI3 Jagakarsa
6/6/2020,202006,77,58.01607717,2,38,58,9,77,PM10,SEDANG,DKI3 Jagakarsa
6/6/2020,202006,62,58.01607717,2,21,61,8,62,PM10,SEDANG,DKI3 Jagakarsa
6/6/2020,202006,54,58.01607717,4,17,66,8,66,O3,SEDANG,DKI3 Jagakarsa
6/6/2020,202006,40,58.01607717,2,14,71,9,71,O3,SEDANG,DKI3 Jagakarsa
6/6/2020,202006,47,58.01607717,2,14,69,6,69,O3,SEDANG,DKI3 Jagakarsa
6/6/2020,202006,64,58.01607717,4,17,72,8,72,O3,SEDANG,DKI3 Jagakarsa
6/6/2020,202006,62,58.01607717,3,18,65,5,65,O3,SEDANG,DKI3 Jagakarsa
6/6/2020,202006,64,58.01607717,2,24,49,9,49,O3,BAIK,DKI3 Jagakarsa
6/6/2020,202006,60,58.01607717,3,20,48,9,60,PM10,SEDANG,DKI3 Jagakarsa
6/6/2020,202006,62,58.01607717,3,20,75,8,75,O3,SEDANG,DKI3 Jagakarsa
6/6/2020,202006,59,58.01607717,3,20,51,8,59,PM10,SEDANG,DKI3 Jagakarsa
6/6/2020,202006,58,58.01607717,3,17,58,6,58,PM10,SEDANG,DKI3 Jagakarsa
6/6/2020,202006,71,58.01607717,6,19,53,6,71,PM10,SEDANG,DKI3 Jagakarsa
6/6/2020,202006,54,58.01607717,12,21,61,7,61,O3,SEDANG,DKI3 Jagakarsa
6/6/2020,202006,52,58.01607717,12,16,60,7,60,O3,SEDANG,DKI3 Jagakarsa
6/6/2020,202006,76,58.01607717,12,37,77,12,77,O3,SEDANG,DKI3 Jagakarsa
6/6/2020,202006,70,58.01607717,13,21,81,10,81,O3,SEDANG,DKI3 Jagakarsa
6/6/2020,202006,64,58.01607717,13,18,69,7,69,O3,SEDANG,DKI3 Jagakarsa
6/6/2020,202006,70,58.01607717,13,16,81,6,81,O3,SEDANG,DKI3 Jagakarsa
6/6/2020,202006,71,58.01607717,14,15,78,6,78,O3,SEDANG,DKI3 Jagakarsa
6/6/2020,202006,65,58.01607717,13,18,65,9,65,PM10,SEDANG,DKI3 Jagakarsa
6/6/2020,202006,52,58.01607717,3,14,57,6,57,O3,SEDANG,DKI3 Jagakarsa
6/11/2020,202011,74,57.96784566,112,44,33,60,15,PM2.5,TIDAK SEHAT,DKI3 Jagakarsa
7/1/2020,202007,63,57.77491961,13,15,71,6,71,O3,SEDANG,DKI3 Jagakarsa
7/2/2020,202007,68,57.76527331,14,20,59,11,68,PM10,SEDANG,DKI3 Jagakarsa
7/3/2020,202007,58,57.75562701,14,23,88,10,88,O3,SEDANG,DKI3 Jagakarsa
7/4/2020,202007,48,57.74598071,13,16,71,6,71,O3,SEDANG,DKI3 Jagakarsa
7/5/2020,202007,57,57.73633441,15,16,48,8,57,PM10,SEDANG,DKI3 Jagakarsa
7/6/2020,202007,53,57.7266881,15,16,56,7,56,O3,SEDANG,DKI3 Jagakarsa
7/7/2020,202007,51,57.7170418,15,15,61,12,61,O3,SEDANG,DKI3 Jagakarsa
7/8/2020,202007,56,57.7073955,15,15,73,9,73,O3,SEDANG,DKI3 Jagakarsa
7/9/2020,202007,49,57.6977492,14,14,64,6,64,O3,SEDANG,DKI3 Jagakarsa
7/10/2020,202007,65,57.68810289,15,21,113,10,113,O3,TIDAK SEHAT,DKI3 Jagakarsa
7/11/2020,202007,71,57.67845659,16,20,111,10,111,O3,TIDAK SEHAT,DKI3 Jagakarsa
7/11/2020,202011,55,57.67845659,88,42,21,67,11,PM2.5,SEDANG,DKI3 Jagakarsa
7/12/2020,202007,64,57.66881029,15,24,78,8,78,O3,SEDANG,DKI3 Jagakarsa
7/13/2020,202007,64,57.65916399,15,20,71,13,71,O3,SEDANG,DKI3 Jagakarsa
7/14/2020,202007,66,57.64951768,16,15,59,9,66,PM10,SEDANG,DKI3 Jagakarsa
7/15/2020,202007,61,57.63987138,16,14,51,7,61,PM10,SEDANG,DKI3 Jagakarsa
7/16/2020,202007,50,57.63022508,17,13,37,8,50,PM10,BAIK,DKI3 Jagakarsa
7/17/2020,202007,52.125,57.62057878,20,17,58,14,58,O3,SEDANG,DKI3 Jagakarsa
7/18/2020,202007,54.25,57.61093248,19,17,69,6,69,O3,SEDANG,DKI3 Jagakarsa
7/19/2020,202007,56.375,57.60128617,18,21,72,9,72,O3,SEDANG,DKI3 Jagakarsa
7/20/2020,202007,58.5,57.59163987,20,14,69,6,69,O3,SEDANG,DKI3 Jagakarsa
7/21/2020,202007,60.625,57.58199357,22,24,82,11,82,O3,SEDANG,DKI3 Jagakarsa
7/22/2020,202007,62.75,57.57234727,19,20,69,13,69,O3,SEDANG,DKI3 Jagakarsa
7/23/2020,202007,64.875,57.56270096,19,14,68,6,68,O3,SEDANG,DKI3 Jagakarsa
7/24/2020,202007,67,57.55305466,18,17,89,8,89,O3,SEDANG,DKI3 Jagakarsa
7/25/2020,202007,63,57.54340836,17,13,77,6,77,O3,SEDANG,DKI3 Jagakarsa
7/26/2020,202007,56,57.53376206,18,11,79,9,79,O3,SEDANG,DKI3 Jagakarsa
7/27/2020,202007,56,57.52411576,19,12,73,8,73,O3,SEDANG,DKI3 Jagakarsa
7/28/2020,202007,64,57.51446945,19,16,95,9,95,O3,SEDANG,DKI3 Jagakarsa
7/29/2020,202007,64,57.50482315,20,16,111,12,111,O3,TIDAK SEHAT,DKI3 Jagakarsa
7/30/2020,202007,67,57.49517685,18,14,136,8,136,O3,TIDAK SEHAT,DKI3 Jagakarsa
7/31/2020,202007,53,57.48553055,19,13,70,8,70,O3,SEDANG,DKI3 Jagakarsa
8/1/2020,202008,60,57.47588424,20,13,77,8,77,O3,SEDANG,DKI3 Jagakarsa
8/2/2020,202008,73,57.46623794,20,21,76,10,76,O3,SEDANG,DKI3 Jagakarsa
8/3/2020,202008,66,57.45659164,20,17,78,9,78,O3,SEDANG,DKI3 Jagakarsa
8/4/2020,202008,59,57.44694534,19,12,84,6,84,O3,SEDANG,DKI3 Jagakarsa
8/5/2020,202008,68,57.43729904,19,15,62,9,68,PM10,SEDANG,DKI3 Jagakarsa
8/6/2020,202008,74,57.42765273,19,21,103,8,103,O3,TIDAK SEHAT,DKI3 Jagakarsa
8/7/2020,202008,67,57.41800643,19,18,91,9,91,O3,SEDANG,DKI3 Jagakarsa
8/8/2020,202008,62,57.40836013,19,17,63,8,63,O3,SEDANG,DKI3 Jagakarsa
8/9/2020,202008,52,57.39871383,19,17,69,8,69,O3,SEDANG,DKI3 Jagakarsa
8/10/2020,202008,53,57.38906752,20,19,76,8,76,O3,SEDANG,DKI3 Jagakarsa
8/11/2020,202008,61,57.37942122,20,19,55,9,61,PM10,SEDANG,DKI3 Jagakarsa
8/11/2020,202011,50,57.37942122,88,40,25,60,8,PM2.5,SEDANG,DKI3 Jagakarsa
8/12/2020,202008,60,57.36977492,22,29,67,11,67,O3,SEDANG,DKI3 Jagakarsa
8/13/2020,202008,55,57.36012862,21,19,57,9,57,O3,SEDANG,DKI3 Jagakarsa
8/14/2020,202008,38,57.35048232,21,21,51,13,51,O3,SEDANG,DKI3 Jagakarsa
8/15/2020,202008,43,57.34083601,21,24,50,8,50,O3,BAIK,DKI3 Jagakarsa
8/16/2020,202008,46,57.33118971,21,20,68,6,68,O3,SEDANG,DKI3 Jagakarsa
8/17/2020,202008,48,57.32154341,21,16,53,5,53,O3,SEDANG,DKI3 Jagakarsa
8/18/2020,202008,56,57.31189711,22,19,71,9,71,O3,SEDANG,DKI3 Jagakarsa
8/19/2020,202008,60,57.3022508,22,29,82,10,82,O3,SEDANG,DKI3 Jagakarsa
8/20/2020,202008,57,57.2926045,22,18,64,8,64,O3,SEDANG,DKI3 Jagakarsa
8/21/2020,202008,46,57.2829582,23,10,55,6,55,O3,SEDANG,DKI3 Jagakarsa
8/22/2020,202008,56,57.2733119,24,20,55,11,56,PM10,SEDANG,DKI3 Jagakarsa
8/23/2020,202008,65,57.26366559,25,26,80,13,80,O3,SEDANG,DKI3 Jagakarsa
8/24/2020,202008,55,57.25401929,27,17,52,8,55,PM10,SEDANG,DKI3 Jagakarsa
8/25/2020,202008,54,57.24437299,25,12,58,6,58,O3,SEDANG,DKI3 Jagakarsa
8/26/2020,202008,49,57.23472669,25,9,73,7,73,O3,SEDANG,DKI3 Jagakarsa
8/27/2020,202008,51,57.22508039,24,10,65,5,65,O3,SEDANG,DKI3 Jagakarsa
8/28/2020,202008,58,57.21543408,25,13,58,9,58,PM10,SEDANG,DKI3 Jagakarsa
8/29/2020,202008,50,57.20578778,25,11,61,8,61,O3,SEDANG,DKI3 Jagakarsa
8/30/2020,202008,55,57.19614148,26,15,70,10,70,O3,SEDANG,DKI3 Jagakarsa
8/31/2020,202008,56,57.18649518,26,13,86,8,86,O3,SEDANG,DKI3 Jagakarsa
9/1/2020,202009,53,57.17684887,26,10,59,6,86,PM2.5,SEDANG,DKI3 Jagakarsa
9/2/2020,202009,57,57.16720257,26,13,65,12,93,PM2.5,SEDANG,DKI3 Jagakarsa
9/3/2020,202009,54,57.15755627,25,14,75,6,88,PM2.5,SEDANG,DKI3 Jagakarsa
9/4/2020,202009,56,57.14790997,25,16,54,6,88,PM2.5,SEDANG,DKI3 Jagakarsa
9/5/2020,202009,54,57.13826367,25,16,121,6,121,O3,TIDAK SEHAT,DKI3 Jagakarsa
9/6/2020,202009,51,57.12861736,25,17,108,7,108,O3,TIDAK SEHAT,DKI3 Jagakarsa
9/7/2020,202009,61,57.11897106,27,19,78,8,103,PM2.5,TIDAK SEHAT,DKI3 Jagakarsa
9/8/2020,202009,53,57.10932476,28,13,61,7,85,PM2.5,SEDANG,DKI3 Jagakarsa
9/9/2020,202009,54,57.09967846,28,11,62,9,97,PM2.5,SEDANG,DKI3 Jagakarsa
9/10/2020,202009,45,57.09003215,26,9,70,6,79,PM2.5,SEDANG,DKI3 Jagakarsa
9/11/2020,202009,59,57.08038585,27,20,89,8,101,PM2.5,TIDAK SEHAT,DKI3 Jagakarsa
9/11/2020,202011,63,57.08038585,107,43,31,74,12,PM2.5,TIDAK SEHAT,DKI3 Jagakarsa
9/12/2020,202009,56,57.07073955,25,13,98,7,101,PM2.5,TIDAK SEHAT,DKI3 Jagakarsa
9/13/2020,202009,54,57.06109325,25,13,98,6,98,O3,SEDANG,DKI3 Jagakarsa
9/14/2020,202009,54,57.05144695,26,14,83,9,87,PM2.5,SEDANG,DKI3 Jagakarsa
9/15/2020,202009,52,57.04180064,24,16,80,7,87,PM2.5,SEDANG,DKI3 Jagakarsa
9/16/2020,202009,45,57.03215434,26,17,84,5,84,O3,SEDANG,DKI3 Jagakarsa
9/17/2020,202009,43,57.02250804,25,12,83,9,83,O3,SEDANG,DKI3 Jagakarsa
9/18/2020,202009,56,57.01286174,26,17,70,8,94,PM2.5,SEDANG,DKI3 Jagakarsa
9/19/2020,202009,56,57.00321543,26,16,65,6,97,PM2.5,SEDANG,DKI3 Jagakarsa
9/20/2020,202009,56,56.99356913,26,16,48,6,87,PM2.5,SEDANG,DKI3 Jagakarsa
9/21/2020,202009,36,56.98392283,27,22,75,5,75,O3,SEDANG,DKI3 Jagakarsa
9/22/2020,202009,33,56.97427653,26,15,60,5,60,PM2.5,SEDANG,DKI3 Jagakarsa
9/23/2020,202009,37,56.96463023,28,17,125,9,125,O3,TIDAK SEHAT,DKI3 Jagakarsa
9/24/2020,202009,51,56.95498392,29,16,128,8,128,O3,TIDAK SEHAT,DKI3 Jagakarsa
9/25/2020,202009,52,56.94533762,30,17,114,7,114,O3,TIDAK SEHAT,DKI3 Jagakarsa
9/26/2020,202009,60,56.93569132,30,18,85,6,105,PM2.5,TIDAK SEHAT,DKI3 Jagakarsa
9/27/2020,202009,58,56.92604502,31,19,86,9,96,PM2.5,SEDANG,DKI3 Jagakarsa
9/28/2020,202009,36,56.91639871,31,15,68,6,68,O3,SEDANG,DKI3 Jagakarsa
9/29/2020,202009,42,56.90675241,34,13,92,5,92,O3,SEDANG,DKI3 Jagakarsa
9/30/2020,202009,50,56.89710611,34,12,82,5,82,O3,SEDANG,DKI3 Jagakarsa
10/1/2020,202010,52,56.88745981,32,15,62,9,83,PM2.5,SEDANG,DKI3 Jagakarsa
10/2/2020,202010,52,56.8778135,35,16,74,7,89,PM2.5,SEDANG,DKI3 Jagakarsa
10/3/2020,202010,40,56.8681672,32,17,73,7,73,O3,SEDANG,DKI3 Jagakarsa
10/4/2020,202010,43,56.8585209,33,19,91,6,91,O3,SEDANG,DKI3 Jagakarsa
10/5/2020,202010,26,56.8488746,32,11,72,4,72,O3,SEDANG,DKI3 Jagakarsa
10/6/2020,202010,33,56.8392283,34,8,76,4,76,O3,SEDANG,DKI3 Jagakarsa
10/7/2020,202010,36,56.82958199,33,12,89,10,89,O3,SEDANG,DKI3 Jagakarsa
10/8/2020,202010,36,56.81993569,35,11,107,7,107,O3,TIDAK SEHAT,DKI3 Jagakarsa
10/9/2020,202010,47,56.81028939,32,14,88,9,88,O3,SEDANG,DKI3 Jagakarsa
10/10/2020,202010,38,56.80064309,32,21,72,8,72,O3,SEDANG,DKI3 Jagakarsa
10/11/2020,202010,29,56.79099678,32,15,87,5,87,O3,SEDANG,DKI3 Jagakarsa
10/11/2020,202011,60,56.79099678,104,43,21,79,8,PM2.5,TIDAK SEHAT,DKI3 Jagakarsa
10/12/2020,202010,43,56.78135048,34,20,62,7,89,PM2.5,SEDANG,DKI3 Jagakarsa
10/13/2020,202010,52,56.77170418,35,30,92,15,105,PM2.5,TIDAK SEHAT,DKI3 Jagakarsa
10/14/2020,202010,56,56.76205788,34,25,94,12,94,O3,SEDANG,DKI3 Jagakarsa
10/15/2020,202010,62,56.75241158,35,19,97,6,103,PM2.5,TIDAK SEHAT,DKI3 Jagakarsa
10/16/2020,202010,55,56.74276527,35,16,83,6,88,PM2.5,SEDANG,DKI3 Jagakarsa
10/17/2020,202010,46,56.73311897,34,17,86,9,86,O3,SEDANG,DKI3 Jagakarsa
10/18/2020,202010,45,56.72347267,36,16,67,12,75,PM2.5,SEDANG,DKI3 Jagakarsa
10/19/2020,202010,43,56.71382637,35,13,57,6,73,PM2.5,SEDANG,DKI3 Jagakarsa
10/20/2020,202010,46,56.70418006,37,17,63,11,80,PM2.5,SEDANG,DKI3 Jagakarsa
10/21/2020,202010,44,56.69453376,35,15,99,11,99,O3,SEDANG,DKI3 Jagakarsa
10/22/2020,202010,46,56.68488746,37,24,50,10,71,PM2.5,SEDANG,DKI3 Jagakarsa
10/23/2020,202010,39,56.67524116,37,10,32,5,65,PM2.5,SEDANG,DKI3 Jagakarsa
10/24/2020,202010,39,56.66559486,38,10,100,5,100,O3,SEDANG,DKI3 Jagakarsa
10/25/2020,202010,36,56.65594855,39,13,73,11,73,O3,SEDANG,DKI3 Jagakarsa
10/26/2020,202010,41,56.64630225,41,14,61,10,80,PM2.5,SEDANG,DKI3 Jagakarsa
10/27/2020,202010,32,56.63665595,37,21,44,8,63,PM2.5,SEDANG,DKI3 Jagakarsa
10/28/2020,202010,45,56.62700965,39,29,66,13,75,PM2.5,SEDANG,DKI3 Jagakarsa
10/29/2020,202010,36,56.61736334,38,16,54,7,54,O3,SEDANG,DKI3 Jagakarsa
10/30/2020,202010,50,56.60771704,40,21,44,9,50,PM10,BAIK,DKI3 Jagakarsa
10/31/2020,202010,29,56.59807074,6,10,62,63,63,NO2,SEDANG,DKI3 Jagakarsa
11/11/2020,202011,50,56.49196141,86,43,21,94,10,O3,SEDANG,DKI3 Jagakarsa
12/1/2020,202012,47,56.29903537,43,15,17,5,75,PM2.5,SEDANG,DKI3 Jagakarsa
12/2/2020,202012,51,56.28938907,43,7,27,4,72,PM2.5,SEDANG,DKI3 Jagakarsa
12/3/2020,202012,42,56.27974277,43,11,28,6,54,PM2.5,SEDANG,DKI3 Jagakarsa
12/4/2020,202012,46,56.27009646,50,6,30,8,64,PM2.5,SEDANG,DKI3 Jagakarsa
12/5/2020,202012,31,56.26045016,46,4,24,2,46,SO2,BAIK,DKI3 Jagakarsa
12/6/2020,202012,33,56.25080386,46,4,14,3,46,SO2,BAIK,DKI3 Jagakarsa
12/7/2020,202012,22,56.24115756,44,6,20,1,44,SO2,BAIK,DKI3 Jagakarsa
12/8/2020,202012,37,56.23151125,44,7,16,3,44,SO2,BAIK,DKI3 Jagakarsa
12/9/2020,202012,31,56.22186495,44,7,16,3.5,44,SO2,BAIK,DKI3 Jagakarsa
12/10/2020,202012,29,56.21221865,46,5,27,4,46,SO2,BAIK,DKI3 Jagakarsa
12/11/2020,202011,46,56.20257235,73,44,11,83,6,O3,SEDANG,DKI3 Jagakarsa
12/11/2020,202012,34,56.20257235,51,12,38,5,55,PM2.5,SEDANG,DKI3 Jagakarsa
12/12/2020,202012,38,56.19292605,51,7,23,6,51,PM2.5,SEDANG,DKI3 Jagakarsa
12/15/2020,202012,45,56.16398714,42.9,11.5,14.75,5,75,PM2.5,SEDANG,DKI3 Jagakarsa
12/16/2020,202012,32,56.15434084,40.2,13,12,5,56,PM2.5,SEDANG,DKI3 Jagakarsa
12/17/2020,202012,28,56.14469453,37.5,16,31,6,45,PM2.5,BAIK,DKI3 Jagakarsa
12/18/2020,202012,32,56.13504823,34.8,10,36,2,36,O3,BAIK,DKI3 Jagakarsa
12/19/2020,202012,39,56.12540193,32.1,12,33,3,53,PM2.5,SEDANG,DKI3 Jagakarsa
12/20/2020,202012,36,56.11575563,29.4,13,36,3,36,PM10,BAIK,DKI3 Jagakarsa
12/21/2020,202012,25,56.10610932,26.7,12,27,5,27,O3,BAIK,DKI3 Jagakarsa
12/22/2020,202012,40,56.09646302,24,10,20,3,61,PM2.5,SEDANG,DKI3 Jagakarsa
12/23/2020,202012,68,56.08681672,15,25,29,5,106,PM2.5,TIDAK SEHAT,DKI3 Jagakarsa
12/24/2020,202012,52,56.07717042,16,9,42,6,69,PM2.5,SEDANG,DKI3 Jagakarsa
12/25/2020,202012,39,56.06752412,14,7,28,3,53,PM2.5,SEDANG,DKI3 Jagakarsa
12/26/2020,202012,37,56.05787781,13,5,27,2,52,PM2.5,SEDANG,DKI3 Jagakarsa
12/27/2020,202012,44,56.04823151,15,8,48,4,59,PM2.5,SEDANG,DKI3 Jagakarsa
12/28/2020,202012,45,56.03858521,14,12,53,4,57,PM2.5,SEDANG,DKI3 Jagakarsa
12/29/2020,202012,25,56.02893891,13,4,21,2,25,PM10,BAIK,DKI3 Jagakarsa
12/30/2020,202012,39,56.0192926,13,6,18,3,39,PM10,BAIK,DKI3 Jagakarsa
12/31/2020,202012,41,56.0096463,10,9,24,27,41,PM10,BAIK,DKI3 Jagakarsa
1/1/2021,202101,43,56,15,10,33,5,56,PM2.5,SEDANG,DKI3 Jagakarsa
1/2/2021,202101,58,86,15,22,38,5,86,PM2.5,SEDANG,DKI3 Jagakarsa
1/3/2021,202101,64,93,14,20,35,5,93,PM2.5,SEDANG,DKI3 Jagakarsa
1/4/2021,202101,50,67,13,15,17,4,67,PM2.5,SEDANG,DKI3 Jagakarsa
1/5/2021,202101,59,89,15,19,42,7,89,PM2.5,SEDANG,DKI3 Jagakarsa
1/6/2021,202101,52,81,18,28,52,11,81,PM2.5,SEDANG,DKI3 Jagakarsa
1/7/2021,202101,22,52,16,12,44,5,52,PM2.5,SEDANG,DKI3 Jagakarsa
1/8/2021,202101,26,68,21,22,40,9,68,PM2.5,SEDANG,DKI3 Jagakarsa
1/9/2021,202101,25,77,17,32,31,8,77,PM2.5,SEDANG,DKI3 Jagakarsa
1/10/2021,202101,15,33,16,7,23,4,33,PM2.5,BAIK,DKI3 Jagakarsa
1/11/2021,202101,18.66666667,72,17,15,56,4,72,PM2.5,SEDANG,DKI3 Jagakarsa
1/12/2021,202101,22.33333333,58,18,9,37,4,58,PM2.5,SEDANG,DKI3 Jagakarsa
1/13/2021,202101,26,47,16,6,39,3,47,PM2.5,BAIK,DKI3 Jagakarsa
1/14/2021,202101,29,78,20,14,40,8,78,PM2.5,SEDANG,DKI3 Jagakarsa
1/15/2021,202101,24,82,19,16,64,6,82,PM2.5,SEDANG,DKI3 Jagakarsa
1/16/2021,202101,70,92,19,16,60,7,92,PM2.5,SEDANG,DKI3 Jagakarsa
1/17/2021,202101,58,86,22,11,43,9,86,PM2.5,SEDANG,DKI3 Jagakarsa
1/18/2021,202101,51,64,21,7,38,5,64,PM2.5,SEDANG,DKI3 Jagakarsa
1/19/2021,202101,42,56,19,7,37,6,56,PM2.5,SEDANG,DKI3 Jagakarsa
1/20/2021,202101,46,74.66666667,17,17,41,10,46,PM10,BAIK,DKI3 Jagakarsa
1/21/2021,202101,52,93.33333333,18,19,44,9,52,PM10,SEDANG,DKI3 Jagakarsa
1/22/2021,202101,84,112,20,33,57,10,112,PM2.5,TIDAK SEHAT,DKI3 Jagakarsa
1/23/2021,202101,89,126,19,42,64,13,126,PM2.5,TIDAK SEHAT,DKI3 Jagakarsa
1/24/2021,202101,64,90,19,31,34,10,90,PM2.5,SEDANG,DKI3 Jagakarsa
1/25/2021,202101,60,95,18,23,67,8,95,PM2.5,SEDANG,DKI3 Jagakarsa
1/26/2021,202101,54,79,18,15,50,7,79,PM2.5,SEDANG,DKI3 Jagakarsa
1/27/2021,202101,33,37,17,5,30,4,37,PM2.5,BAIK,DKI3 Jagakarsa
1/28/2021,202101,26,49,16,9,26,5,49,PM2.5,BAIK,DKI3 Jagakarsa
1/29/2021,202101,28,16,17,9,48,4,48,O3,BAIK,DKI3 Jagakarsa
1/30/2021,202101,46,13,16,10,41,4,46,PM10,BAIK,DKI3 Jagakarsa
1/31/2021,202101,38,13,17,7,39,11,39,O3,BAIK,DKI3 Jagakarsa
2/1/2021,202102,73,110,28,18,26,18,110,PM2.5,TIDAK SEHAT,DKI3 Jagakarsa
2/2/2021,202102,53,70,25,10,27,14,70,PM2.5,SEDANG,DKI3 Jagakarsa
2/3/2021,202102,32,53,27,6,24,9,53,PM2.5,SEDANG,DKI3 Jagakarsa
2/4/2021,202102,29,54,26,11,24,13,54,PM2.5,SEDANG,DKI3 Jagakarsa
2/5/2021,202102,27,51,24,10,24,12,51,PM2.5,SEDANG,DKI3 Jagakarsa
2/6/2021,202102,34,53,24,8,32,12,53,PM2.5,SEDANG,DKI3 Jagakarsa
2/7/2021,202102,33,50,24,9,30,13,50,PM2.5,BAIK,DKI3 Jagakarsa
2/8/2021,202102,26,42,24,9,35,12,42,PM2.5,BAIK,DKI3 Jagakarsa
2/9/2021,202102,33,53,25,9,23,12,53,PM2.5,SEDANG,DKI3 Jagakarsa
2/10/2021,202102,50,64,24,11,23,10,64,PM2.5,SEDANG,DKI3 Jagakarsa
2/11/2021,202102,38,57,23,6,18,7,57,PM2.5,SEDANG,DKI3 Jagakarsa
2/12/2021,202102,63,98,25,13,20,8,98,PM2.5,SEDANG,DKI3 Jagakarsa
2/13/2021,202102,59,89,26,12,30,13,89,PM2.5,SEDANG,DKI3 Jagakarsa
2/14/2021,202102,55,73,25,11,35,13,73,PM2.5,SEDANG,DKI3 Jagakarsa
2/15/2021,202102,40,62,24,9,32,12,62,PM2.5,SEDANG,DKI3 Jagakarsa
2/16/2021,202102,36,51,24,9,34,15,51,PM2.5,SEDANG,DKI3 Jagakarsa
2/17/2021,202102,46,67,26,15,28,18,67,PM2.5,SEDANG,DKI3 Jagakarsa
2/18/2021,202102,53,70,28,8,26,12,70,PM2.5,SEDANG,DKI3 Jagakarsa
2/19/2021,202102,28,51,25,13,23,14,51,PM2.5,SEDANG,DKI3 Jagakarsa
2/20/2021,202102,45,59,25,13,29,15,59,PM2.5,SEDANG,DKI3 Jagakarsa
2/21/2021,202102,29,42,24,7,30,9,42,PM2.5,BAIK,DKI3 Jagakarsa
2/22/2021,202102,68,103,26,22,30,14,103,PM2.5,TIDAK SEHAT,DKI3 Jagakarsa
2/23/2021,202102,66,90,26,12,29,16,90,PM2.5,SEDANG,DKI3 Jagakarsa
2/25/2021,202102,27,54,25,6,24,7,54,PM2.5,SEDANG,DKI3 Jagakarsa
2/26/2021,202102,41,61,25,10,40,16,61,PM2.5,SEDANG,DKI3 Jagakarsa
2/27/2021,202102,50,73,27,10,41,16,73,PM2.5,SEDANG,DKI3 Jagakarsa
2/28/2021,202102,64,94,25,13,27,15,94,PM2.5,SEDANG,DKI3 Jagakarsa
3/1/2021,202103,62,97,28,13,21,14,97,PM2.5,SEDANG,DKI3 Jagakarsa
3/2/2021,202103,54,71,26,13,41,14,71,PM2.5,SEDANG,DKI3 Jagakarsa
3/3/2021,202103,57,83,27,18,38,20,83,PM2.5,SEDANG,DKI3 Jagakarsa
3/4/2021,202103,56,77,29,13,28,19,77,PM2.5,SEDANG,DKI3 Jagakarsa
3/5/2021,202103,54,77,31,11,39,20,77,PM2.5,SEDANG,DKI3 Jagakarsa
3/6/2021,202103,54,80,27,17,34,18,80,PM2.5,SEDANG,DKI3 Jagakarsa
3/7/2021,202103,64,93,28,18,31,19,93,PM2.5,SEDANG,DKI3 Jagakarsa
3/8/2021,202103,53,77,28,11,18,10,77,PM2.5,SEDANG,DKI3 Jagakarsa
3/9/2021,202103,41,63,30,7,19,10,63,PM2.5,SEDANG,DKI3 Jagakarsa
3/10/2021,202103,60,89,28,14,25,14,89,PM2.5,SEDANG,DKI3 Jagakarsa
3/11/2021,202103,29,52,26,7,28,11,52,PM2.5,SEDANG,DKI3 Jagakarsa
3/12/2021,202103,66,99,29,13,29,15,99,PM2.5,SEDANG,DKI3 Jagakarsa
3/13/2021,202103,53,72,29,7,23,9,72,PM2.5,SEDANG,DKI3 Jagakarsa
3/14/2021,202103,52,73,28,10,16,10,73,PM2.5,SEDANG,DKI3 Jagakarsa
3/15/2021,202103,51,76,28,9,25,10,76,PM2.5,SEDANG,DKI3 Jagakarsa
3/16/2021,202103,59,88,40,8,41,18,88,PM2.5,SEDANG,DKI3 Jagakarsa
3/17/2021,202103,71,106,32,11,39,19,106,PM2.5,TIDAK SEHAT,DKI3 Jagakarsa
3/18/2021,202103,61,99,35,7,42,18,99,PM2.5,SEDANG,DKI3 Jagakarsa
3/19/2021,202103,59,87,33,7,39,14,87,PM2.5,SEDANG,DKI3 Jagakarsa
3/20/2021,202103,65,106,31,12,45,17,106,PM2.5,TIDAK SEHAT,DKI3 Jagakarsa
3/21/2021,202103,81,118,27,15,37,16,118,PM2.5,TIDAK SEHAT,DKI3 Jagakarsa
3/22/2021,202103,62,93,26,15,36,10,93,PM2.5,SEDANG,DKI3 Jagakarsa
3/23/2021,202103,51,77,26,9,27,8,77,PM2.5,SEDANG,DKI3 Jagakarsa
3/24/2021,202103,43,64,26,6,27,8,64,PM2.5,SEDANG,DKI3 Jagakarsa
3/25/2021,202103,38,62,26,7,28,9,62,PM2.5,SEDANG,DKI3 Jagakarsa
3/26/2021,202103,55,79,27,13,39,11,79,PM2.5,SEDANG,DKI3 Jagakarsa
3/27/2021,202103,51,73,30,11,56,19,73,PM2.5,SEDANG,DKI3 Jagakarsa
3/28/2021,202103,47,63,27,10,43,17,63,PM2.5,SEDANG,DKI3 Jagakarsa
3/29/2021,202103,51,19,26,14,48,21,51,PM10,SEDANG,DKI3 Jagakarsa
3/30/2021,202103,59,24,29,10,33,20,59,PM10,SEDANG,DKI3 Jagakarsa
3/31/2021,202103,56,22,12,18,32,25,56,PM10,SEDANG,DKI3 Jagakarsa
4/1/2021,202104,28,52,26,5,35,7,52,PM2.5,SEDANG,DKI3 Jagakarsa
4/2/2021,202104,51,70,33,8,37,10,70,PM2.5,SEDANG,DKI3 Jagakarsa
4/3/2021,202104,30,52,27,7,36.25,14,52,PM2.5,SEDANG,DKI3 Jagakarsa
4/4/2021,202104,68,103,29,28,35.5,28,103,PM2.5,TIDAK SEHAT,DKI3 Jagakarsa
4/5/2021,202104,61,85,30,11,34.75,17,85,PM2.5,SEDANG,DKI3 Jagakarsa
4/6/2021,202104,35,51,32,3,34,5,51,PM2.5,SEDANG,DKI3 Jagakarsa
4/7/2021,202104,25,35,27,3,33.88888889,4,35,PM2.5,BAIK,DKI3 Jagakarsa
4/8/2021,202104,31,52,28,5,33.77777778,7,52,PM2.5,SEDANG,DKI3 Jagakarsa
4/9/2021,202104,55,76,26,8,33.66666667,10,76,PM2.5,SEDANG,DKI3 Jagakarsa
4/10/2021,202104,64,101,25,16,33.55555556,18,101,PM2.5,TIDAK SEHAT,DKI3 Jagakarsa
4/11/2021,202104,62,89,25,14,33.44444444,21,89,PM2.5,SEDANG,DKI3 Jagakarsa
4/12/2021,202104,54.5,69,27,15,33.33333333,16,69,PM2.5,SEDANG,DKI3 Jagakarsa
4/13/2021,202104,47,65,31,11,33.22222222,18,65,PM2.5,SEDANG,DKI3 Jagakarsa
4/14/2021,202104,48,67,31,10,33.11111111,19,67,PM2.5,SEDANG,DKI3 Jagakarsa
4/15/2021,202104,48,69,26,16,33,19,69,PM2.5,SEDANG,DKI3 Jagakarsa
4/16/2021,202104,52,72,27,14,32,22,72,PM2.5,SEDANG,DKI3 Jagakarsa
4/17/2021,202104,61,93,25.33333333,12,39,20,93,PM2.5,SEDANG,DKI3 Jagakarsa
4/18/2021,202104,55,82,23.66666667,8,37.5,14,82,PM2.5,SEDANG,DKI3 Jagakarsa
4/19/2021,202104,52.5,92,22,9,36,18,92,PM2.5,SEDANG,DKI3 Jagakarsa
4/20/2021,202104,50,75,19,7,32,14,75,PM2.5,SEDANG,DKI3 Jagakarsa
4/21/2021,202104,58,93,19,13,27,17,93,PM2.5,SEDANG,DKI3 Jagakarsa
4/22/2021,202104,57,83,20,8,39,14,83,PM2.5,SEDANG,DKI3 Jagakarsa
4/23/2021,202104,70,100,20,11,32,16,100,PM2.5,SEDANG,DKI3 Jagakarsa
4/24/2021,202104,57,73,19,9,41,15,73,PM2.5,SEDANG,DKI3 Jagakarsa
4/25/2021,202104,59,88,19,13,27,19,88,PM2.5,SEDANG,DKI3 Jagakarsa
4/26/2021,202104,57,84,19,10,26,16,84,PM2.5,SEDANG,DKI3 Jagakarsa
4/27/2021,202104,64,104,13,9,34,16,104,PM2.5,TIDAK SEHAT,DKI3 Jagakarsa
4/28/2021,202104,51,80,11,9,32,16,80,PM2.5,SEDANG,DKI3 Jagakarsa
4/29/2021,202104,39,23,10,12,26,17,39,PM10,BAIK,DKI3 Jagakarsa
4/30/2021,202104,54,23,12,10,25.75,18,54,PM10,SEDANG,DKI3 Jagakarsa
5/1/2021,202105,66,102,13,15,25.5,20,102,PM2.5,TIDAK SEHAT,DKI3 Jagakarsa
5/2/2021,202105,55,77,13,13,25.25,17,77,PM2.5,SEDANG,DKI3 Jagakarsa
5/3/2021,202105,55,83,12,9,25,16,83,PM2.5,SEDANG,DKI3 Jagakarsa
5/4/2021,202105,65,108,13,18,30,19,108,PM2.5,TIDAK SEHAT,DKI3 Jagakarsa
5/5/2021,202105,61,102,23,13,35,20,102,PM2.5,TIDAK SEHAT,DKI3 Jagakarsa
5/6/2021,202105,39,66,20,9,60,15,66,PM2.5,SEDANG,DKI3 Jagakarsa
5/7/2021,202105,39,69,19,15,151,20,151,O3,TIDAK SEHAT,DKI3 Jagakarsa
5/8/2021,202105,50,76,20,8,71,15,76,PM2.5,SEDANG,DKI3 Jagakarsa
5/9/2021,202105,35,58,17,6,47,13,58,PM2.5,SEDANG,DKI3 Jagakarsa
5/10/2021,202105,46,76,22,8,66,13,76,PM2.5,SEDANG,DKI3 Jagakarsa
5/11/2021,202105,46.27272727,89,26,8,34,13,89,PM2.5,SEDANG,DKI3 Jagakarsa
5/12/2021,202105,46.54545455,96,21,10,29,15,96,PM2.5,SEDANG,DKI3 Jagakarsa
5/13/2021,202105,46.81818182,94,19,11,25,14,94,PM2.5,SEDANG,DKI3 Jagakarsa
5/14/2021,202105,47.09090909,77,18,6,26,10,77,PM2.5,SEDANG,DKI3 Jagakarsa
5/15/2021,202105,47.36363636,79,21,8,33,14,79,PM2.5,SEDANG,DKI3 Jagakarsa
5/16/2021,202105,47.63636364,68,18,7,29,10,68,PM2.5,SEDANG,DKI3 Jagakarsa
5/17/2021,202105,47.90909091,65,18,7,24,11,65,PM2.5,SEDANG,DKI3 Jagakarsa
5/18/2021,202105,48.18181818,58,43,6,25,4,58,PM2.5,SEDANG,DKI3 Jagakarsa
5/19/2021,202105,48.45454545,86,49,11,29,1,86,PM2.5,SEDANG,DKI3 Jagakarsa
5/20/2021,202105,48.72727273,81,37,7,29,11,81,PM2.5,SEDANG,DKI3 Jagakarsa
5/21/2021,202105,49,74,47,8,26,14,74,PM2.5,SEDANG,DKI3 Jagakarsa
5/22/2021,202105,53,73,45,10,25,15,73,PM2.5,SEDANG,DKI3 Jagakarsa
5/23/2021,202105,60,85,49,12,31,19,85,PM2.5,SEDANG,DKI3 Jagakarsa
5/24/2021,202105,76,112,45,13,29,17,112,PM2.5,TIDAK SEHAT,DKI3 Jagakarsa
5/25/2021,202105,51,60,45,7,27,13,60,PM2.5,SEDANG,DKI3 Jagakarsa
5/26/2021,202105,58,82,47,8,29,16,82,PM2.5,SEDANG,DKI3 Jagakarsa
5/27/2021,202105,51,68,51,5,23,11,68,PM2.5,SEDANG,DKI3 Jagakarsa
5/28/2021,202105,62,86,48,8,21,16,86,PM2.5,SEDANG,DKI3 Jagakarsa
5/29/2021,202105,58,23,45,8,19,16,58,PM10,SEDANG,DKI3 Jagakarsa
5/30/2021,202105,44,24,45,9,19.57142857,14,45,SO2,BAIK,DKI3 Jagakarsa
5/31/2021,202105,57,21,9,20,20.14285714,37,57,PM10,SEDANG,DKI3 Jagakarsa
6/1/2021,202106,73,105,43,12,20.71428571,22,105,PM2.5,TIDAK SEHAT,DKI3 Jagakarsa
6/2/2021,202106,62,81,45,8,21.28571429,17,81,PM2.5,SEDANG,DKI3 Jagakarsa
6/3/2021,202106,58,78,49,8,21.85714286,16,78,PM2.5,SEDANG,DKI3 Jagakarsa
6/4/2021,202106,59,86,48,6,22.42857143,15,86,PM2.5,SEDANG,DKI3 Jagakarsa
6/5/2021,202106,58,87,44,8,23,15,87,PM2.5,SEDANG,DKI3 Jagakarsa
6/6/2021,202106,63,95,45,11,26,19,95,PM2.5,SEDANG,DKI3 Jagakarsa
6/7/2021,202106,55,78,47,7,24,14,78,PM2.5,SEDANG,DKI3 Jagakarsa
6/8/2021,202106,54,82,48,7,34,15,82,PM2.5,SEDANG,DKI3 Jagakarsa
6/9/2021,202106,59,88,48,8,26,16,88,PM2.5,SEDANG,DKI3 Jagakarsa
6/10/2021,202106,67,97,48,14,26,22,97,PM2.5,SEDANG,DKI3 Jagakarsa
6/11/2021,202106,60,86,47,9,30,17,86,PM2.5,SEDANG,DKI3 Jagakarsa
6/12/2021,202106,53,73,49,6,35,13,73,PM2.5,SEDANG,DKI3 Jagakarsa
6/13/2021,202106,49,71,49,6,32,12,71,PM2.5,SEDANG,DKI3 Jagakarsa
6/14/2021,202106,59,88,49,7,23,15,88,PM2.5,SEDANG,DKI3 Jagakarsa
6/15/2021,202106,73,114,52,9,24,21,114,PM2.5,TIDAK SEHAT,DKI3 Jagakarsa
6/16/2021,202106,63,89,51,10,21,17,89,PM2.5,SEDANG,DKI3 Jagakarsa
6/17/2021,202106,66,99,50,14,21,19,99,PM2.5,SEDANG,DKI3 Jagakarsa
6/18/2021,202106,62,87,48,10,25,21,87,PM2.5,SEDANG,DKI3 Jagakarsa
6/19/2021,202106,63,93,50,7,18,22,93,PM2.5,SEDANG,DKI3 Jagakarsa
6/20/2021,202106,80,111,52,7,24,29,111,PM2.5,TIDAK SEHAT,DKI3 Jagakarsa
6/21/2021,202106,53,64,48,4,22,17,64,PM2.5,SEDANG,DKI3 Jagakarsa
6/22/2021,202106,34,56,50,5,24,15,56,PM2.5,SEDANG,DKI3 Jagakarsa
6/23/2021,202106,59,89,52,9,29,23,89,PM2.5,SEDANG,DKI3 Jagakarsa
6/24/2021,202106,69,106,51,9,26,19,106,PM2.5,TIDAK SEHAT,DKI3 Jagakarsa
6/25/2021,202106,85,127,51,11,27,22,127,PM2.5,TIDAK SEHAT,DKI3 Jagakarsa
6/26/2021,202106,58,80,51,5,25,15,80,PM2.5,SEDANG,DKI3 Jagakarsa
6/27/2021,202106,72,110,50,9,29,15,110,PM2.5,TIDAK SEHAT,DKI3 Jagakarsa
6/28/2021,202106,58,81,50,6,26,14,81,PM2.5,SEDANG,DKI3 Jagakarsa
6/29/2021,202106,71,30,52,8,25,19,71,PM10,SEDANG,DKI3 Jagakarsa
6/30/2021,202106,79,26,49,10,23,19,79,PM10,SEDANG,DKI3 Jagakarsa
7/1/2021,202107,64,92,48,8,22,18,92,PM2.5,SEDANG,DKI3 Jagakarsa
7/2/2021,202107,60,84,47,7,23,18,84,PM2.5,SEDANG,DKI3 Jagakarsa
7/3/2021,202107,80,124,45,10,28,17,124,PM2.5,TIDAK SEHAT,DKI3 Jagakarsa
7/4/2021,202107,86,132,44,9,28,14,132,PM2.5,TIDAK SEHAT,DKI3 Jagakarsa
7/5/2021,202107,67,105,46,7,38,15,105,PM2.5,TIDAK SEHAT,DKI3 Jagakarsa
7/6/2021,202107,68,102,44,7,32,16,102,PM2.5,TIDAK SEHAT,DKI3 Jagakarsa
7/7/2021,202107,73,109,48,8,31,17,109,PM2.5,TIDAK SEHAT,DKI3 Jagakarsa
7/8/2021,202107,71,110,50,6,33,16,110,PM2.5,TIDAK SEHAT,DKI3 Jagakarsa
7/9/2021,202107,79,119,51,7,34,17,119,PM2.5,TIDAK SEHAT,DKI3 Jagakarsa
7/10/2021,202107,67,97,51,4,31,14,97,PM2.5,SEDANG,DKI3 Jagakarsa
7/11/2021,202107,60,80,47,5,21,14,80,PM2.5,SEDANG,DKI3 Jagakarsa
7/12/2021,202107,50,89.5,47,4,14,11,50,PM10,BAIK,DKI3 Jagakarsa
7/13/2021,202107,62,99,50,8,25,18,99,PM2.5,SEDANG,DKI3 Jagakarsa
7/14/2021,202107,66,94,45,6,23,15,94,PM2.5,SEDANG,DKI3 Jagakarsa
7/15/2021,202107,80,126,49,9,28,23,126,PM2.5,TIDAK SEHAT,DKI3 Jagakarsa
7/16/2021,202107,84,123,49,7,29,16,123,PM2.5,TIDAK SEHAT,DKI3 Jagakarsa
7/17/2021,202107,70,102,49,5,31,14,102,PM2.5,TIDAK SEHAT,DKI3 Jagakarsa
7/18/2021,202107,79,121,49,5,33,16,121,PM2.5,TIDAK SEHAT,DKI3 Jagakarsa
7/19/2021,202107,80,122,48,4,33,17,122,PM2.5,TIDAK SEHAT,DKI3 Jagakarsa
7/20/2021,202107,77,110,45,5,25,18,110,PM2.5,TIDAK SEHAT,DKI3 Jagakarsa
7/21/2021,202107,54,81,45,4,19,13,81,PM2.5,SEDANG,DKI3 Jagakarsa
7/22/2021,202107,57,79,49,5,22,20,79,PM2.5,SEDANG,DKI3 Jagakarsa
7/23/2021,202107,63,91,46,5,38,16,91,PM2.5,SEDANG,DKI3 Jagakarsa
7/24/2021,202107,51,73,45,4,29,12,73,PM2.5,SEDANG,DKI3 Jagakarsa
7/25/2021,202107,68,102,47,6,32,17,102,PM2.5,TIDAK SEHAT,DKI3 Jagakarsa
7/26/2021,202107,69,103,49,6,28,17,103,PM2.5,TIDAK SEHAT,DKI3 Jagakarsa
7/27/2021,202107,64,96,50,11,30,15,96,PM2.5,SEDANG,DKI3 Jagakarsa
7/28/2021,202107,76,124,49,18,26,20,124,PM2.5,TIDAK SEHAT,DKI3 Jagakarsa
7/29/2021,202107,73,28,47,17,26,18,73,PM10,SEDANG,DKI3 Jagakarsa
7/30/2021,202107,75,29,51,14,43,21,75,PM10,SEDANG,DKI3 Jagakarsa
7/31/2021,202107,57,26,9,18,31,29,57,PM10,SEDANG,DKI3 Jagakarsa
8/1/2021,202108,51,66,44,9,31,11,66,PM2.5,SEDANG,DKI3 Jagakarsa
8/2/2021,202108,48,65,47,10,29,12,65,PM2.5,SEDANG,DKI3 Jagakarsa
8/3/2021,202108,45,66,48,9,30,13,66,PM2.5,SEDANG,DKI3 Jagakarsa
8/4/2021,202108,56,82,51,8,27,14,82,PM2.5,SEDANG,DKI3 Jagakarsa
8/5/2021,202108,52,82,51,11,23,15,82,PM2.5,SEDANG,DKI3 Jagakarsa
8/6/2021,202108,52,77,42,16,19,18,77,PM2.5,SEDANG,DKI3 Jagakarsa
8/7/2021,202108,59,84,45,10,23,14,84,PM2.5,SEDANG,DKI3 Jagakarsa
8/8/2021,202108,57,84,47,9,26,13,84,PM2.5,SEDANG,DKI3 Jagakarsa
8/9/2021,202108,53,69,45,7,25,10,69,PM2.5,SEDANG,DKI3 Jagakarsa
8/10/2021,202108,36,54,41,6,27,12,54,PM2.5,SEDANG,DKI3 Jagakarsa
8/11/2021,202108,61,88,44,12,30,14,88,PM2.5,SEDANG,DKI3 Jagakarsa
8/12/2021,202108,54,73,46,7,32,11,73,PM2.5,SEDANG,DKI3 Jagakarsa
8/13/2021,202108,61,91,46,11,29,16,91,PM2.5,SEDANG,DKI3 Jagakarsa
8/14/2021,202108,69,102,45,14,29,16,102,PM2.5,TIDAK SEHAT,DKI3 Jagakarsa
8/15/2021,202108,57,84,45,12,22,15,84,PM2.5,SEDANG,DKI3 Jagakarsa
8/16/2021,202108,53,79,48,9,24,15,79,PM2.5,SEDANG,DKI3 Jagakarsa
8/17/2021,202108,60,88,45,11,30,13,88,PM2.5,SEDANG,DKI3 Jagakarsa
8/18/2021,202108,58,86,43,10,35,11,86,PM2.5,SEDANG,DKI3 Jagakarsa
8/19/2021,202108,68,104,45,14,27,14,104,PM2.5,TIDAK SEHAT,DKI3 Jagakarsa
8/20/2021,202108,57,83,46,10,29,14,83,PM2.5,SEDANG,DKI3 Jagakarsa
8/21/2021,202108,53,80,44,10,33,15,80,PM2.5,SEDANG,DKI3 Jagakarsa
8/22/2021,202108,58,88,49,14,29,18,88,PM2.5,SEDANG,DKI3 Jagakarsa
8/23/2021,202108,66,100,46,13,31,17,100,PM2.5,SEDANG,DKI3 Jagakarsa
8/24/2021,202108,66,100,46,11,32,15,100,PM2.5,SEDANG,DKI3 Jagakarsa
8/25/2021,202108,57,81,44,10,33,11,81,PM2.5,SEDANG,DKI3 Jagakarsa
8/26/2021,202108,54,82,46,9,30,15,82,PM2.5,SEDANG,DKI3 Jagakarsa
8/27/2021,202108,62,92,47,9,31,13,92,PM2.5,SEDANG,DKI3 Jagakarsa
8/28/2021,202108,63,94,46,10,42,17,94,PM2.5,SEDANG,DKI3 Jagakarsa
8/29/2021,202108,67,28,46,12,35,15,67,PM10,SEDANG,DKI3 Jagakarsa
8/30/2021,202108,87,27,46,16,38,17,87,PM10,SEDANG,DKI3 Jagakarsa
8/31/2021,202108,64,27,10,19,38,32,64,PM10,SEDANG,DKI3 Jagakarsa
9/1/2021,202109,57,83,46,13,32,14,83,PM2.5,SEDANG,DKI3 Jagakarsa
9/2/2021,202109,65,99,46,15,29,16,99,PM2.5,SEDANG,DKI3 Jagakarsa
9/3/2021,202109,56,86,45,9,39,13,86,PM2.5,SEDANG,DKI3 Jagakarsa
9/4/2021,202109,53,77,45,9,30,13,77,PM2.5,SEDANG,DKI3 Jagakarsa
9/5/2021,202109,61,93,46,11,36,14,93,PM2.5,SEDANG,DKI3 Jagakarsa
9/6/2021,202109,73,108,48,13,29,15,108,PM2.5,TIDAK SEHAT,DKI3 Jagakarsa
9/7/2021,202109,60,84,48,11,26,15,84,PM2.5,SEDANG,DKI3 Jagakarsa
9/8/2021,202109,60,82,48,12,29,15,82,PM2.5,SEDANG,DKI3 Jagakarsa
9/9/2021,202109,48,61,46,9,31,12,61,PM2.5,SEDANG,DKI3 Jagakarsa
9/10/2021,202109,49,71,49,9,36,15,71,PM2.5,SEDANG,DKI3 Jagakarsa
9/11/2021,202109,61,89,50,10,43,16,89,PM2.5,SEDANG,DKI3 Jagakarsa
9/12/2021,202109,55,78,47,9,30,13,78,PM2.5,SEDANG,DKI3 Jagakarsa
9/13/2021,202109,51,65,47,8,26,11,65,PM2.5,SEDANG,DKI3 Jagakarsa
9/14/2021,202109,32,51,46,7,21,11,51,PM2.5,SEDANG,DKI3 Jagakarsa
9/15/2021,202109,53,81,50,17,24,22,81,PM2.5,SEDANG,DKI3 Jagakarsa
9/16/2021,202109,51,72,50,10,27,15,72,PM2.5,SEDANG,DKI3 Jagakarsa
9/17/2021,202109,47,72,49,7,29,13,72,PM2.5,SEDANG,DKI3 Jagakarsa
9/18/2021,202109,55,80,50,9,27,15,80,PM2.5,SEDANG,DKI3 Jagakarsa
9/19/2021,202109,56,81,48,10,31,12,81,PM2.5,SEDANG,DKI3 Jagakarsa
9/20/2021,202109,45,59,49,7,33,10,59,PM2.5,SEDANG,DKI3 Jagakarsa
9/21/2021,202109,54,78,50,9,35,15,78,PM2.5,SEDANG,DKI3 Jagakarsa
9/22/2021,202109,57,78,49,14,26,18,78,PM2.5,SEDANG,DKI3 Jagakarsa
9/23/2021,202109,57,82,51,10,29,16,82,PM2.5,SEDANG,DKI3 Jagakarsa
9/24/2021,202109,55,77,52,8,27,15,77,PM2.5,SEDANG,DKI3 Jagakarsa
9/25/2021,202109,54,75,50,11,22,16,75,PM2.5,SEDANG,DKI3 Jagakarsa
9/26/2021,202109,54,74,50,10,27,13,74,PM2.5,SEDANG,DKI3 Jagakarsa
9/27/2021,202109,48,71,49,12,26,16,71,PM2.5,SEDANG,DKI3 Jagakarsa
9/28/2021,202109,46,48.5,49,10,32,13,49,SO2,BAIK,DKI3 Jagakarsa
9/29/2021,202109,61,26,49,13,31,22,61,PM10,SEDANG,DKI3 Jagakarsa
9/30/2021,202109,67,27,49,16,40,19,67,PM10,SEDANG,DKI3 Jagakarsa
10/1/2021,202110,58,77,49,9,35,11,77,PM2.5,SEDANG,DKI3 Jagakarsa
10/2/2021,202110,64,100,50,12,28,27,100,PM2.5,SEDANG,DKI3 Jagakarsa
10/3/2021,202110,54,76,50,8,32,14,76,PM2.5,SEDANG,DKI3 Jagakarsa
10/4/2021,202110,52,72,50,9,36,11,72,PM2.5,SEDANG,DKI3 Jagakarsa
10/5/2021,202110,42,65,51,7,36,10,65,PM2.5,SEDANG,DKI3 Jagakarsa
10/6/2021,202110,48,67,51,6,34,11,67,PM2.5,SEDANG,DKI3 Jagakarsa
10/7/2021,202110,44,62,50,7,28,11,62,PM2.5,SEDANG,DKI3 Jagakarsa
10/9/2021,202110,45,63,51,7,38,11,63,PM2.5,SEDANG,DKI3 Jagakarsa
10/10/2021,202110,55,77,51,9,40,14,77,PM2.5,SEDANG,DKI3 Jagakarsa
10/11/2021,202110,58,79,51,10,39,12,79,PM2.5,SEDANG,DKI3 Jagakarsa
10/12/2021,202110,47,65,51,8,37,11,65,PM2.5,SEDANG,DKI3 Jagakarsa
10/13/2021,202110,52,71,52,9,38,15,71,PM2.5,SEDANG,DKI3 Jagakarsa
10/14/2021,202110,61,88,51,12,32,17,88,PM2.5,SEDANG,DKI3 Jagakarsa
10/15/2021,202110,72,107,52,14,40,19,107,PM2.5,TIDAK SEHAT,DKI3 Jagakarsa
10/16/2021,202110,64,92,51,15,35,18,92,PM2.5,SEDANG,DKI3 Jagakarsa
10/17/2021,202110,65,95,51,15,39,18,95,PM2.5,SEDANG,DKI3 Jagakarsa
10/18/2021,202110,51,66,50,11,24,15,66,PM2.5,SEDANG,DKI3 Jagakarsa
10/19/2021,202110,45,61,50,15,18,17,61,PM2.5,SEDANG,DKI3 Jagakarsa
10/20/2021,202110,36,52,51,10,29,12,52,PM2.5,SEDANG,DKI3 Jagakarsa
10/21/2021,202110,53,74,53,11,29,15,74,PM2.5,SEDANG,DKI3 Jagakarsa
10/22/2021,202110,58,82,51,15,34,17,82,PM2.5,SEDANG,DKI3 Jagakarsa
10/23/2021,202110,59,87,52,13,39,21,87,PM2.5,SEDANG,DKI3 Jagakarsa
10/24/2021,202110,68,102,51,17,47,18,102,PM2.5,TIDAK SEHAT,DKI3 Jagakarsa
10/25/2021,202110,62,90,51,13,38,15,90,PM2.5,SEDANG,DKI3 Jagakarsa
10/26/2021,202110,51,71,51,13,30,15,71,PM2.5,SEDANG,DKI3 Jagakarsa
10/27/2021,202110,45,64,52,8,33,13,64,PM2.5,SEDANG,DKI3 Jagakarsa
10/28/2021,202110,47,60,51,14,15,18,60,PM2.5,SEDANG,DKI3 Jagakarsa
10/29/2021,202110,37,31,52,17,13,18,52,SO2,SEDANG,DKI3 Jagakarsa
10/30/2021,202110,48,31,51,12,39,18,51,SO2,SEDANG,DKI3 Jagakarsa
10/31/2021,202110,45,27,51,28,39,19,45,PM10,BAIK,DKI3 Jagakarsa
11/1/2021,202111,50,71,51,17,27,20,71,PM2.5,SEDANG,DKI3 Jagakarsa
11/2/2021,202111,50,63,51,16,18,18,63,PM2.5,SEDANG,DKI3 Jagakarsa
11/3/2021,202111,40,62,51,13,37,18,62,PM2.5,SEDANG,DKI3 Jagakarsa
11/4/2021,202111,52,74,52,16,36,19,74,PM2.5,SEDANG,DKI3 Jagakarsa
11/5/2021,202111,52,71,52,17,22,19,71,PM2.5,SEDANG,DKI3 Jagakarsa
11/6/2021,202111,55,75,52,13,42,20,75,PM2.5,SEDANG,DKI3 Jagakarsa
11/7/2021,202111,44,61,51,10,24,16,61,PM2.5,SEDANG,DKI3 Jagakarsa
11/8/2021,202111,33,52,52,17,25,16,52,PM2.5,SEDANG,DKI3 Jagakarsa
11/9/2021,202111,67,95,51,21,19.5,24,95,PM2.5,SEDANG,DKI3 Jagakarsa
11/10/2021,202111,51,62,51,8,14,11,62,PM2.5,SEDANG,DKI3 Jagakarsa
11/11/2021,202111,47,61,51,12,12,14,61,PM2.5,SEDANG,DKI3 Jagakarsa
11/12/2021,202111,44,61,47,10,30,12,61,PM2.5,SEDANG,DKI3 Jagakarsa
11/13/2021,202111,43,65,47,13,40,18,65,PM2.5,SEDANG,DKI3 Jagakarsa
11/14/2021,202111,40,56,47,11,34.66666667,11,56,PM2.5,SEDANG,DKI3 Jagakarsa
11/15/2021,202111,29,53,47,8,29.33333333,10,53,PM2.5,SEDANG,DKI3 Jagakarsa
11/16/2021,202111,53,82,47,11,24,11,82,PM2.5,SEDANG,DKI3 Jagakarsa
11/17/2021,202111,47,66,49,9,28,11,66,PM2.5,SEDANG,DKI3 Jagakarsa
11/18/2021,202111,55,71,43,9,28,18,71,PM2.5,SEDANG,DKI3 Jagakarsa
11/19/2021,202111,20,28,41,3,28,5,41,SO2,BAIK,DKI3 Jagakarsa
11/20/2021,202111,37,53,43,6,31,8,53,PM2.5,SEDANG,DKI3 Jagakarsa
11/21/2021,202111,52,76,41,14,29,13,76,PM2.5,SEDANG,DKI3 Jagakarsa
11/22/2021,202111,29,41,42,4,27,6,42,SO2,BAIK,DKI3 Jagakarsa
11/23/2021,202111,24,30,41,3,29,4,41,SO2,BAIK,DKI3 Jagakarsa
11/24/2021,202111,35,55,42,5,34,7,55,PM2.5,SEDANG,DKI3 Jagakarsa
11/25/2021,202111,63,83,42,12,27,11,83,PM2.5,SEDANG,DKI3 Jagakarsa
11/26/2021,202111,51,71,41,17,29.33333333,10,71,PM2.5,SEDANG,DKI3 Jagakarsa
11/27/2021,202111,31,41,41,8,31.66666667,13,41,PM2.5,BAIK,DKI3 Jagakarsa
11/28/2021,202111,16,25,41,4,34,6,41,SO2,BAIK,DKI3 Jagakarsa
11/29/2021,202111,29,30,42,7,19,8,42,SO2,BAIK,DKI3 Jagakarsa
11/30/2021,202111,46,31,43,10,35,11,46,PM10,BAIK,DKI3 Jagakarsa
12/1/2021,202112,53,70,43,12,32,15,70,PM2.5,SEDANG,DKI3 Jagakarsa
12/2/2021,202112,35,55,42,7,29,9,55,PM2.5,SEDANG,DKI3 Jagakarsa
12/3/2021,202112,54,67,43,9,32,11,67,PM2.5,SEDANG,DKI3 Jagakarsa
12/4/2021,202112,50,65,45,10,26,13,65,PM2.5,SEDANG,DKI3 Jagakarsa
12/5/2021,202112,51,66,43,15,27,12,66,PM2.5,SEDANG,DKI3 Jagakarsa
12/6/2021,202112,62,91,47,17,42,18,91,PM2.5,SEDANG,DKI3 Jagakarsa
12/7/2021,202112,20,28,44,7,32,10,44,SO2,BAIK,DKI3 Jagakarsa
12/8/2021,202112,39,62,45,17,45,13,62,PM2.5,SEDANG,DKI3 Jagakarsa
12/9/2021,202112,46,60,46,11,51,16,60,PM2.5,SEDANG,DKI3 Jagakarsa
12/10/2021,202112,51,65,47,12,49,15,65,PM2.5,SEDANG,DKI3 Jagakarsa
12/11/2021,202112,38,55,45,8,47,12,55,PM2.5,SEDANG,DKI3 Jagakarsa
12/12/2021,202112,48,63,43,13,35,13,63,PM2.5,SEDANG,DKI3 Jagakarsa
12/13/2021,202112,53,68,44,11,23,10,68,PM2.5,SEDANG,DKI3 Jagakarsa
12/14/2021,202112,40,74,44,7,37,11,44,SO2,BAIK,DKI3 Jagakarsa
12/15/2021,202112,54,80,43,16,36,16,80,PM2.5,SEDANG,DKI3 Jagakarsa
12/16/2021,202112,47,68,43,11,35,15,68,PM2.5,SEDANG,DKI3 Jagakarsa
12/17/2021,202112,39,59,43,13,34,16,59,PM2.5,SEDANG,DKI3 Jagakarsa
12/18/2021,202112,35,58,35,10,33,12,58,PM2.5,SEDANG,DKI3 Jagakarsa
12/19/2021,202112,57,90,34,20,48,23,90,PM2.5,SEDANG,DKI3 Jagakarsa
12/20/2021,202112,54,74,34,13,43,15,74,PM2.5,SEDANG,DKI3 Jagakarsa
12/21/2021,202112,49,72,34,14,39,18,72,PM2.5,SEDANG,DKI3 Jagakarsa
12/22/2021,202112,56,82,34,21,44,24,82,PM2.5,SEDANG,DKI3 Jagakarsa
12/23/2021,202112,56,78,34,12,44,17,78,PM2.5,SEDANG,DKI3 Jagakarsa
12/24/2021,202112,33,53,34,9,31,10,53,PM2.5,SEDANG,DKI3 Jagakarsa
12/25/2021,202112,54,77,33,18,31,13,77,PM2.5,SEDANG,DKI3 Jagakarsa
12/26/2021,202112,39,59,33,14,36,12,59,PM2.5,SEDANG,DKI3 Jagakarsa
12/27/2021,202112,75,116,35,23,38,21,116,PM2.5,TIDAK SEHAT,DKI3 Jagakarsa
12/28/2021,202112,51,74,28,13,17,18,74,PM2.5,SEDANG,DKI3 Jagakarsa
12/29/2021,202112,47,54,21,12,20,9,54,PM2.5,SEDANG,DKI3 Jagakarsa
12/30/2021,202112,60,53,21,15,19,13,60,PM10,SEDANG,DKI3 Jagakarsa
12/31/2021,202112,64,52,21,44,17,14.4,64,PM10,SEDANG,DKI3 Jagakarsa
1/9/2022,202201,56,82,52,14,39,27,82,PM2.5,SEDANG,DKI3 Jagakarsa
1/10/2022,202201,60,87,51,13,36,26,87,PM2.5,SEDANG,DKI3 Jagakarsa
1/11/2022,202201,46,60,53,12,37,28,60,PM2.5,SEDANG,DKI3 Jagakarsa
1/15/2022,202201,55,69,51,15,68,29,69,PM2.5,SEDANG,DKI3 Jagakarsa
1/21/2022,202201,40,57,51,15,51,23,57,PM2.5,SEDANG,DKI3 Jagakarsa
1/23/2022,202201,57,73,50,11,35,15,73,PM2.5,SEDANG,DKI3 Jagakarsa
1/24/2022,202201,57,74,48,11,58,18,74,PM2.5,SEDANG,DKI3 Jagakarsa
1/25/2022,202201,41,58,46,9,51,19,58,PM2.5,SEDANG,DKI3 Jagakarsa
1/27/2022,202201,58,75,47,14,48,25,75,PM2.5,SEDANG,DKI3 Jagakarsa
1/28/2022,202201,63,84,52,12,60,28,84,PM2.5,SEDANG,DKI3 Jagakarsa
3/22/2022,202203,50,63,38,12,35,17,63,PM2.5,SEDANG,DKI3 Jagakarsa
5/12/2022,202205,61,85,54,13,63,25,85,PM2.5,SEDANG,DKI3 Jagakarsa
5/28/2022,202205,57,105,43,17,82,33,105,PM2.5,TIDAK SEHAT,DKI3 Jagakarsa
7/7/2022,202207,94,135,46,29,74,44,135,PM2.5,TIDAK SEHAT,DKI3 Jagakarsa
11/6/2022,202211,63,90,51,18,38,34,90,PM2.5,SEDANG,DKI3 Jagakarsa
11/8/2022,202211,66,101,53,30,36,50,101,PM2.5,TIDAK SEHAT,DKI3 Jagakarsa
11/10/2022,202211,53,76,51,18,29,30,76,PM2.5,SEDANG,DKI3 Jagakarsa
11/12/2022,202211,40,61,51,11,36,18,61,PM2.5,SEDANG,DKI3 Jagakarsa
11/16/2022,202211,54,80,52,10,31,22,80,PM2.5,SEDANG,DKI3 Jagakarsa
11/21/2022,202211,40,62,51,11,29,19,62,PM2.5,SEDANG,DKI3 Jagakarsa
11/22/2022,202211,46,72,51,10,26,15,72,PM2.5,SEDANG,DKI3 Jagakarsa
11/23/2022,202211,50,71,52,11,29,23,71,PM2.5,SEDANG,DKI3 Jagakarsa
12/1/2022,202212,53,81,42,9,24,12,81,PM2.5,SEDANG,DKI3 Jagakarsa
12/2/2022,202212,55,92,43,11,24,13,92,PM2.5,SEDANG,DKI3 Jagakarsa
12/3/2022,202212,54,74,47,8,29,11,74,PM2.5,SEDANG,DKI3 Jagakarsa
12/4/2022,202212,44,71,43,10,24,12,71,PM2.5,SEDANG,DKI3 Jagakarsa
12/5/2022,202212,45,76,45,9,29,10,76,PM2.5,SEDANG,DKI3 Jagakarsa
12/6/2022,202212,51,81,45,10,28,12,81,PM2.5,SEDANG,DKI3 Jagakarsa
12/7/2022,202212,45,72,45,10,27,13,72,PM2.5,SEDANG,DKI3 Jagakarsa
12/8/2022,202212,51,75,44,8,32,9,75,PM2.5,SEDANG,DKI3 Jagakarsa
12/9/2022,202212,59,94,51,21,31,41,94,PM2.5,SEDANG,DKI3 Jagakarsa
12/9/2022,202212,59,94,48,10,25,12,94,PM2.5,SEDANG,DKI3 Jagakarsa
12/10/2022,202212,35,54,43,9,13,6,54,PM2.5,SEDANG,DKI3 Jagakarsa
12/11/2022,202212,44,68,44,8,15,9,68,PM2.5,SEDANG,DKI3 Jagakarsa
12/12/2022,202212,32,57,45,5,18,4,57,PM2.5,SEDANG,DKI3 Jagakarsa
12/13/2022,202212,47,71,51,13,28,23,71,PM2.5,SEDANG,DKI3 Jagakarsa
12/13/2022,202212,45,71,48,9,13,7,71,PM2.5,SEDANG,DKI3 Jagakarsa
12/14/2022,202212,46,71,51,10,30,17,71,PM2.5,SEDANG,DKI3 Jagakarsa
12/14/2022,202212,46,71,48,8,11,7,71,PM2.5,SEDANG,DKI3 Jagakarsa
12/15/2022,202212,28,53,48,5,15,4,53,PM2.5,SEDANG,DKI3 Jagakarsa
12/16/2022,202212,46,73,50,8,14,7,73,PM2.5,SEDANG,DKI3 Jagakarsa
12/17/2022,202212,54,81,49,17,12,9.5,81,PM2.5,SEDANG,DKI3 Jagakarsa
12/18/2022,202212,51,80,50,9,17,12,80,PM2.5,SEDANG,DKI3 Jagakarsa
12/19/2022,202212,57,87,50,12,18,13,87,PM2.5,SEDANG,DKI3 Jagakarsa
12/20/2022,202212,72,105,49,19,18,12,105,PM2.5,TIDAK SEHAT,DKI3 Jagakarsa
12/21/2022,202212,57,86,62,45,27,32,86,PM2.5,SEDANG,DKI3 Jagakarsa
12/21/2022,202212,57,86,53,7,27,11,86,PM2.5,SEDANG,DKI3 Jagakarsa
12/22/2022,202212,36,57,49,6,13,7,57,PM2.5,SEDANG,DKI3 Jagakarsa
12/23/2022,202212,21,33,50,4,16,3,50,SO2,BAIK,DKI3 Jagakarsa
12/24/2022,202212,58,92,57,55,26,24,92,PM2.5,SEDANG,DKI3 Jagakarsa
12/24/2022,202212,58,92,51,10,17,11,92,PM2.5,SEDANG,DKI3 Jagakarsa
12/25/2022,202212,42,51,50,5,16,5,51,PM2.5,SEDANG,DKI3 Jagakarsa
12/26/2022,202212,36,57,51,7,14,6,57,PM2.5,SEDANG,DKI3 Jagakarsa
12/27/2022,202212,17,26,48,4,11,2,48,SO2,BAIK,DKI3 Jagakarsa
12/28/2022,202212,46,66,57,41,15,19,66,PM2.5,SEDANG,DKI3 Jagakarsa
12/28/2022,202212,46,66,49,8,8,5,66,PM2.5,SEDANG,DKI3 Jagakarsa
12/29/2022,202212,15,50,50,4,13,5,50,PM2.5,BAIK,DKI3 Jagakarsa
12/30/2022,202212,36,51,51,8,13,5,51,PM2.5,SEDANG,DKI3 Jagakarsa
12/31/2022,202212,48,49,51,24,14,3.5,49,PM2.5,BAIK,DKI3 Jagakarsa
1/1/2023,202301,26,43,51,5,16,2,51,SO2,SEDANG,DKI3 Jagakarsa
1/2/2023,202301,23,40,51,5,16,3,51,SO2,SEDANG,DKI3 Jagakarsa
1/3/2023,202301,25,32,53,4,15,3.5,53,SO2,SEDANG,DKI3 Jagakarsa
1/4/2023,202301,30,44,53,5,15,4,53,SO2,SEDANG,DKI3 Jagakarsa
1/5/2023,202301,40,59,53,10,18,7,59,PM2.5,SEDANG,DKI3 Jagakarsa
1/6/2023,202301,50,73,51,10,11,7,73,PM2.5,SEDANG,DKI3 Jagakarsa
1/7/2023,202301,49,66,51,6,10,4,66,PM2.5,SEDANG,DKI3 Jagakarsa
1/8/2023,202301,45,62,51,6,10,3,62,PM2.5,SEDANG,DKI3 Jagakarsa
1/9/2023,202301,46,71,51,9,10,6,71,PM2.5,SEDANG,DKI3 Jagakarsa
1/10/2023,202301,50,70,50,8,10,6,70,PM2.5,SEDANG,DKI3 Jagakarsa
1/12/2023,202301,43,74,54,9,24,3,74,PM2.5,SEDANG,DKI3 Jagakarsa
1/13/2023,202301,56,80,55,10,36,5,80,PM2.5,SEDANG,DKI3 Jagakarsa
1/14/2023,202301,49,70,54,13,24,3,70,PM2.5,SEDANG,DKI3 Jagakarsa
1/15/2023,202301,49,66,55,9,15,2,66,PM2.5,SEDANG,DKI3 Jagakarsa
1/16/2023,202301,39,57,54,7,10,2,57,PM2.5,SEDANG,DKI3 Jagakarsa
1/17/2023,202301,51,76,55,8,8,2.5,76,PM2.5,SEDANG,DKI3 Jagakarsa
1/18/2023,202301,57,87,57,9,8,3,87,PM2.5,SEDANG,DKI3 Jagakarsa
1/19/2023,202301,43,65,57,9,6,4,65,PM2.5,SEDANG,DKI3 Jagakarsa
1/20/2023,202301,57,79,55,9,9,3,79,PM2.5,SEDANG,DKI3 Jagakarsa
1/21/2023,202301,45,69,54,9,9,2,69,PM2.5,SEDANG,DKI3 Jagakarsa
1/22/2023,202301,45,63,52,7,7,2,63,PM2.5,SEDANG,DKI3 Jagakarsa
1/23/2023,202301,28,53,53,6,9,1,53,PM2.5,SEDANG,DKI3 Jagakarsa
1/24/2023,202301,22,31,52,5,9,0,52,SO2,SEDANG,DKI3 Jagakarsa
1/25/2023,202301,25,27,53,5,9,1,53,SO2,SEDANG,DKI3 Jagakarsa
1/26/2023,202301,40,64,56,9,12,2,64,PM2.5,SEDANG,DKI3 Jagakarsa
1/27/2023,202301,59,75,56,8,10,2,75,PM2.5,SEDANG,DKI3 Jagakarsa
1/28/2023,202301,50,67,56,9,9,3,67,PM2.5,SEDANG,DKI3 Jagakarsa
1/29/2023,202301,54,43,55,11,10,3,55,SO2,SEDANG,DKI3 Jagakarsa
1/30/2023,202301,58,44,54,9,15,2,58,PM10,SEDANG,DKI3 Jagakarsa
1/31/2023,202301,65,55,16,22,16,15,65,PM10,SEDANG,DKI3 Jagakarsa
2/1/2023,202302,55,69,55,8,12,2,69,PM2.5,SEDANG,DKI3 Jagakarsa
2/2/2023,202302,52,72,53,12,9,3,72,PM2.5,SEDANG,DKI3 Jagakarsa
2/3/2023,202302,24,50,63,6,11,3,63,SO2,SEDANG,DKI3 Jagakarsa
2/4/2023,202302,3,65,89,11,9,11,89,SO2,SEDANG,DKI3 Jagakarsa
2/5/2023,202302,10,62,79,10,12,8,79,SO2,SEDANG,DKI3 Jagakarsa
2/6/2023,202302,30,49,54,7,12,1,54,SO2,SEDANG,DKI3 Jagakarsa
2/7/2023,202302,11,50,62,8,10,3,62,SO2,SEDANG,DKI3 Jagakarsa
2/9/2023,202302,37,51,53,8,8,3,53,SO2,SEDANG,DKI3 Jagakarsa
2/10/2023,202302,24,40,53,7,11,1,53,SO2,SEDANG,DKI3 Jagakarsa
2/11/2023,202302,29,41,52,7,9,2,52,SO2,SEDANG,DKI3 Jagakarsa
2/12/2023,202302,23,32,52,7,10,2,52,SO2,SEDANG,DKI3 Jagakarsa
2/13/2023,202302,24,31,53,8,8,3,53,SO2,SEDANG,DKI3 Jagakarsa
2/14/2023,202302,24,34,52,7,9,2,52,SO2,SEDANG,DKI3 Jagakarsa
2/15/2023,202302,20,33,53,6,9,1,53,SO2,SEDANG,DKI3 Jagakarsa
2/16/2023,202302,30,48,54,7,6,1,54,SO2,SEDANG,DKI3 Jagakarsa
2/17/2023,202302,30,41,53,7,9,1,53,SO2,SEDANG,DKI3 Jagakarsa
2/18/2023,202302,49,69,14,9,16,3,69,PM2.5,SEDANG,DKI3 Jagakarsa
2/19/2023,202302,51,73,13,9,14,3,73,PM2.5,SEDANG,DKI3 Jagakarsa
2/20/2023,202302,42,56,13,7,7,2.333333333,56,PM2.5,SEDANG,DKI3 Jagakarsa
2/21/2023,202302,33,45,13,6,6,1.666666667,45,PM2.5,BAIK,DKI3 Jagakarsa
2/22/2023,202302,29,44,13,6,9,1,44,PM2.5,BAIK,DKI3 Jagakarsa
2/23/2023,202302,37,57,13,8,11,3,57,PM2.5,SEDANG,DKI3 Jagakarsa
2/24/2023,202302,22,49,14,8,15,5,49,PM2.5,BAIK,DKI3 Jagakarsa
2/25/2023,202302,46,61,14,7,18,5,61,PM2.5,SEDANG,DKI3 Jagakarsa
2/26/2023,202302,33,49,14,6,17,3,49,PM2.5,BAIK,DKI3 Jagakarsa
2/27/2023,202302,28,45,13,6,21,3,45,PM2.5,BAIK,DKI3 Jagakarsa
2/28/2023,202302,46,63,14,7,17,4,63,PM2.5,SEDANG,DKI3 Jagakarsa
3/1/2023,202303,30,38,13,7,11,3,38,2,BAIK,DKI3 Jagakarsa
3/2/2023,202303,23,29,13,7,9,2,29,2,BAIK,DKI3 Jagakarsa
3/3/2023,202303,34,52,14,7,11,2,52,2,SEDANG,DKI3 Jagakarsa
3/4/2023,202303,40,60,14,7,14,3,60,2,SEDANG,DKI3 Jagakarsa
3/5/2023,202303,38,46,14,6,10,2,46,2,BAIK,DKI3 Jagakarsa
3/6/2023,202303,39,55,14,6,7,2.666666667,55,2,SEDANG,DKI3 Jagakarsa
3/7/2023,202303,48,70,14,7,11,3.333333333,70,2,SEDANG,DKI3 Jagakarsa
3/8/2023,202303,60,87,15,7,11,4,87,2,SEDANG,DKI3 Jagakarsa
3/9/2023,202303,62,82,15,7,20,7,82,2,SEDANG,DKI3 Jagakarsa
3/10/2023,202303,51,79,34,11,20,14,79,2,SEDANG,DKI3 Jagakarsa
3/11/2023,202303,40,65,35,12,26,10,65,2,SEDANG,DKI3 Jagakarsa
3/12/2023,202303,62,96,38,19,20,22,96,2,SEDANG,DKI3 Jagakarsa
3/13/2023,202303,55,88,39,17,27,11,88,2,SEDANG,DKI3 Jagakarsa
3/14/2023,202303,58,81,40,15,17,11,81,2,SEDANG,DKI3 Jagakarsa
3/15/2023,202303,36,56,35,10,21,7,56,2,SEDANG,DKI3 Jagakarsa
3/16/2023,202303,66,98,37,34,18,27,98,2,SEDANG,DKI3 Jagakarsa
3/17/2023,202303,64,90,35,22,21,20,90,2,SEDANG,DKI3 Jagakarsa
3/18/2023,202303,49,64,37,13,30,11,64,2,SEDANG,DKI3 Jagakarsa
3/19/2023,202303,49,72,35,17,25,10,72,2,SEDANG,DKI3 Jagakarsa
3/20/2023,202303,55,83,38,13,26,12,83,2,SEDANG,DKI3 Jagakarsa
3/21/2023,202303,52,70,36,19,24,25,70,2,SEDANG,DKI3 Jagakarsa
3/22/2023,202303,52,71,35,8,26,11,71,2,SEDANG,DKI3 Jagakarsa
3/23/2023,202303,55,77,36,12,21,12,77,2,SEDANG,DKI3 Jagakarsa
3/24/2023,202303,57,87,35,11,25,13,87,2,SEDANG,DKI3 Jagakarsa
3/25/2023,202303,62,88,36,12,21,13,88,2,SEDANG,DKI3 Jagakarsa
3/26/2023,202303,64,66,35,9,15,14,66,2,SEDANG,DKI3 Jagakarsa
3/27/2023,202303,66,55,33,12,12,13,55,2,SEDANG,DKI3 Jagakarsa
3/28/2023,202303,68,73,38,12,10,18,73,2,SEDANG,DKI3 Jagakarsa
3/29/2023,202303,70,46,37,15,12,34,70,1,SEDANG,DKI3 Jagakarsa
3/30/2023,202303,53,52,38,11,11,19,53,1,SEDANG,DKI3 Jagakarsa
3/31/2023,202303,40,49,11,26,10,10,49,2,BAIK,DKI3 Jagakarsa
4/1/2023,202304,26,33,35,3,13,8,35,SO2,BAIK,DKI3 Jagakarsa
4/2/2023,202304,35,56,34,5,10,6,56,PM2.5,SEDANG,DKI3 Jagakarsa
4/3/2023,202304,52,71,36,9,12,15,71,PM2.5,SEDANG,DKI3 Jagakarsa
4/4/2023,202304,51,69,35,6,11,8,69,PM2.5,SEDANG,DKI3 Jagakarsa
4/5/2023,202304,52,71,39,9,14,12,71,PM2.5,SEDANG,DKI3 Jagakarsa
4/6/2023,202304,56,76,36,7,17,12,76,PM2.5,SEDANG,DKI3 Jagakarsa
4/7/2023,202304,47,60,39,7,13,7,60,PM2.5,SEDANG,DKI3 Jagakarsa
4/8/2023,202304,57,82,38,8,25,8,82,PM2.5,SEDANG,DKI3 Jagakarsa
4/9/2023,202304,51,66,37,8,14,11,66,PM2.5,SEDANG,DKI3 Jagakarsa
4/10/2023,202304,50,57,35,6,8,5,57,PM2.5,SEDANG,DKI3 Jagakarsa
4/11/2023,202304,26,47,33,3,7,5.666666667,47,PM2.5,BAIK,DKI3 Jagakarsa
4/12/2023,202304,28,53,34,3,6,6.333333333,53,PM2.5,SEDANG,DKI3 Jagakarsa
4/13/2023,202304,40,60,50,4,9,7,60,PM2.5,SEDANG,DKI3 Jagakarsa
4/14/2023,202304,50,63,51,5,11,11,63,PM2.5,SEDANG,DKI3 Jagakarsa
4/15/2023,202304,45,58,50,6,9,13,58,PM2.5,SEDANG,DKI3 Jagakarsa
4/16/2023,202304,46,60,49,6,15,10,60,PM2.5,SEDANG,DKI3 Jagakarsa
4/17/2023,202304,41,63,48,5,15,8,63,PM2.5,SEDANG,DKI3 Jagakarsa
4/18/2023,202304,47,64,51,7,21,12,64,PM2.5,SEDANG,DKI3 Jagakarsa
4/19/2023,202304,51,68,48,9,23,12,68,PM2.5,SEDANG,DKI3 Jagakarsa
4/20/2023,202304,43,61,49,9,24,11,61,PM2.5,SEDANG,DKI3 Jagakarsa
4/21/2023,202304,51,59.33333333,50,10,22,11,51,PM10,SEDANG,DKI3 Jagakarsa
4/22/2023,202304,43,57.66666667,50,19,21,10,50,SO2,BAIK,DKI3 Jagakarsa
4/23/2023,202304,42,56,50,8,21,6,50,SO2,BAIK,DKI3 Jagakarsa
4/24/2023,202304,45,54.33333333,51,24,18,14,51,SO2,SEDANG,DKI3 Jagakarsa
4/25/2023,202304,29,52.66666667,50,10,19,9,50,SO2,BAIK,DKI3 Jagakarsa
4/26/2023,202304,44,51,51,26,19,19,51,SO2,SEDANG,DKI3 Jagakarsa
4/27/2023,202304,49,49.33333333,50,12,23,14,50,SO2,BAIK,DKI3 Jagakarsa
4/28/2023,202304,61,47.66666667,50,11,16,14,61,PM10,SEDANG,DKI3 Jagakarsa
4/29/2023,202304,64,46,50,9,18,12,64,PM10,SEDANG,DKI3 Jagakarsa
4/30/2023,202304,64,50,50,12,26,14,64,PM10,SEDANG,DKI3 Jagakarsa
5/1/2023,202305,56,80,50,12,21,10,80,PM2.5,SEDANG,DKI3 Jagakarsa
5/2/2023,202305,76,106,51,23,17.5,21,106,PM2.5,TIDAK SEHAT,DKI3 Jagakarsa
5/3/2023,202305,52,69,50,9,14,12,69,PM2.5,SEDANG,DKI3 Jagakarsa
5/4/2023,202305,34,50,49,9,19,12,50,PM2.5,BAIK,DKI3 Jagakarsa
5/5/2023,202305,47,72,50,17,22,15,72,PM2.5,SEDANG,DKI3 Jagakarsa
5/6/2023,202305,47,67,50,9,26,12,67,PM2.5,SEDANG,DKI3 Jagakarsa
5/7/2023,202305,54,75,49,18,23,19,75,PM2.5,SEDANG,DKI3 Jagakarsa
5/8/2023,202305,62,86,50,14,29,13,86,PM2.5,SEDANG,DKI3 Jagakarsa
5/9/2023,202305,47,68,50,16,27,16,68,PM2.5,SEDANG,DKI3 Jagakarsa
5/10/2023,202305,73,103,51,12,24,16,103,PM2.5,TIDAK SEHAT,DKI3 Jagakarsa
5/11/2023,202305,65,94,51,9,16,15,94,PM2.5,SEDANG,DKI3 Jagakarsa
5/12/2023,202305,35,51,52,2,16,10,52,SO2,SEDANG,DKI3 Jagakarsa
5/13/2023,202305,54,78,51,8,19,17,78,PM2.5,SEDANG,DKI3 Jagakarsa
5/14/2023,202305,54,57,50,6,22,13,57,PM2.5,SEDANG,DKI3 Jagakarsa
5/15/2023,202305,54,74,50,9,25,12,74,PM2.5,SEDANG,DKI3 Jagakarsa
5/16/2023,202305,64,80,51,6,31,11,80,PM2.5,SEDANG,DKI3 Jagakarsa
5/17/2023,202305,58,83,51,7,28,14,83,PM2.5,SEDANG,DKI3 Jagakarsa
5/18/2023,202305,62,85,51,6,26,11,85,PM2.5,SEDANG,DKI3 Jagakarsa
5/19/2023,202305,77,107,51,6,22,16,107,PM2.5,TIDAK SEHAT,DKI3 Jagakarsa
5/20/2023,202305,74,95,53,7,25,15,95,PM2.5,SEDANG,DKI3 Jagakarsa
5/21/2023,202305,67,90,51,11,24,12,90,PM2.5,SEDANG,DKI3 Jagakarsa
5/22/2023,202305,58,76,49,16,24,12,76,PM2.5,SEDANG,DKI3 Jagakarsa
5/23/2023,202305,67,91,51,16,27,13,91,PM2.5,SEDANG,DKI3 Jagakarsa
5/24/2023,202305,86,114,52,18,22,23,114,PM2.5,TIDAK SEHAT,DKI3 Jagakarsa
5/25/2023,202305,75,103,52,10,25,16,103,PM2.5,TIDAK SEHAT,DKI3 Jagakarsa
5/26/2023,202305,69,88,51,7,32,13,88,PM2.5,SEDANG,DKI3 Jagakarsa
5/27/2023,202305,75,101,51,8,27,13,101,PM2.5,TIDAK SEHAT,DKI3 Jagakarsa
5/28/2023,202305,79,100,51,6,25,16,100,PM2.5,SEDANG,DKI3 Jagakarsa
5/29/2023,202305,78,38,51,11,20,19,78,PM10,SEDANG,DKI3 Jagakarsa
5/30/2023,202305,84,39,50,3,23,18,84,PM10,SEDANG,DKI3 Jagakarsa
5/31/2023,202305,66,37,26,31,23,21,66,PM10,SEDANG,DKI3 Jagakarsa
6/1/2023,202306,59,74,51,7,30,12,74,PM2.5,SEDANG,DKI3 Jagakarsa
6/2/2023,202306,74,99,51,8,24,14,99,PM2.5,SEDANG,DKI3 Jagakarsa
6/3/2023,202306,75,101,51,4,29,13,101,PM2.5,TIDAK SEHAT,DKI3 Jagakarsa
6/4/2023,202306,64,80,50,3,26,10,80,PM2.5,SEDANG,DKI3 Jagakarsa
6/5/2023,202306,58,72,51,4,26,13,72,PM2.5,SEDANG,DKI3 Jagakarsa
6/6/2023,202306,57,65,50,4,23,11,65,PM2.5,SEDANG,DKI3 Jagakarsa
6/7/2023,202306,52,64,50,6,21,14,64,PM2.5,SEDANG,DKI3 Jagakarsa
6/8/2023,202306,62,77,51,4,22,14,77,PM2.5,SEDANG,DKI3 Jagakarsa
6/9/2023,202306,65,84,51,4,21,21,84,PM2.5,SEDANG,DKI3 Jagakarsa
6/10/2023,202306,57,72,50,3,23,10,72,PM2.5,SEDANG,DKI3 Jagakarsa
6/11/2023,202306,73,97,51,5,28,15,97,PM2.5,SEDANG,DKI3 Jagakarsa
6/12/2023,202306,62,89.5,51,5,24,12,62,PM10,SEDANG,DKI3 Jagakarsa
6/13/2023,202306,64,82,52,7,23,14,82,PM2.5,SEDANG,DKI3 Jagakarsa
6/14/2023,202306,68,86,52,7,25,12,86,PM2.5,SEDANG,DKI3 Jagakarsa
6/15/2023,202306,61,78,52,10,20,18,78,PM2.5,SEDANG,DKI3 Jagakarsa
6/16/2023,202306,70,87,52,6,16,15,87,PM2.5,SEDANG,DKI3 Jagakarsa
6/17/2023,202306,55,69,52,6,15,16,69,PM2.5,SEDANG,DKI3 Jagakarsa
6/18/2023,202306,71,97,53,16,20,20,97,PM2.5,SEDANG,DKI3 Jagakarsa
6/19/2023,202306,52,62,52,8,20,10,62,PM2.5,SEDANG,DKI3 Jagakarsa
6/20/2023,202306,53,62,53,18,16,23,62,PM2.5,SEDANG,DKI3 Jagakarsa
6/21/2023,202306,63,83,52,11,25,11,83,PM2.5,SEDANG,DKI3 Jagakarsa
6/22/2023,202306,75,99,53,16,22,14,99,PM2.5,SEDANG,DKI3 Jagakarsa
6/23/2023,202306,59,76,53,10,24,11,76,PM2.5,SEDANG,DKI3 Jagakarsa
6/24/2023,202306,62,74,54,11,25,15,74,PM2.5,SEDANG,DKI3 Jagakarsa
6/25/2023,202306,65,80,53,12,29,14,80,PM2.5,SEDANG,DKI3 Jagakarsa
6/26/2023,202306,55,64,53,15,25,13,64,PM2.5,SEDANG,DKI3 Jagakarsa
6/27/2023,202306,58,71,53,11,26,11,71,PM2.5,SEDANG,DKI3 Jagakarsa
6/28/2023,202306,44,57,53,10,24,13,57,PM2.5,SEDANG,DKI3 Jagakarsa
6/29/2023,202306,37,37,52,7,22,8,52,SO2,SEDANG,DKI3 Jagakarsa
6/30/2023,202306,41,36,52,6,29,7,52,SO2,SEDANG,DKI3 Jagakarsa
7/1/2023,202307,61,79,53,9,21,13,79,PM2.5,SEDANG,DKI3 Jagakarsa
7/2/2023,202307,62,79,52,10,24,11,79,PM2.5,SEDANG,DKI3 Jagakarsa
7/3/2023,202307,57,75,53,8,29,12,75,PM2.5,SEDANG,DKI3 Jagakarsa
7/4/2023,202307,62,73,52,9,25,13,73,PM2.5,SEDANG,DKI3 Jagakarsa
7/6/2023,202307,76,107,52,12,28,16,107,PM2.5,TIDAK SEHAT,DKI3 Jagakarsa
7/7/2023,202307,78,97,53,6,21,13,97,PM2.5,SEDANG,DKI3 Jagakarsa
7/8/2023,202307,59,66,52,10,19,17,66,PM2.5,SEDANG,DKI3 Jagakarsa
7/9/2023,202307,47,57,52,9,15,13,57,PM2.5,SEDANG,DKI3 Jagakarsa
7/10/2023,202307,54,67,53,5,20,10,67,PM2.5,SEDANG,DKI3 Jagakarsa
7/11/2023,202307,65,81,54,10,22,16,81,PM2.5,SEDANG,DKI3 Jagakarsa
7/12/2023,202307,67,88,53,9,27,14,88,PM2.5,SEDANG,DKI3 Jagakarsa
7/13/2023,202307,65,79,52,5,37,10,79,PM2.5,SEDANG,DKI3 Jagakarsa
7/14/2023,202307,65,78,53,7,30,11,78,PM2.5,SEDANG,DKI3 Jagakarsa
7/15/2023,202307,54,63,53,6,25,9,63,PM2.5,SEDANG,DKI3 Jagakarsa
7/16/2023,202307,56,65,53,6,22,9,65,PM2.5,SEDANG,DKI3 Jagakarsa
7/17/2023,202307,53,68,53,6,30,9,68,PM2.5,SEDANG,DKI3 Jagakarsa
7/18/2023,202307,70,85,54,7,26,12,85,PM2.5,SEDANG,DKI3 Jagakarsa
7/19/2023,202307,64,77,53,6,26,10,77,PM2.5,SEDANG,DKI3 Jagakarsa
7/20/2023,202307,59,70,52,7,31,9,70,PM2.5,SEDANG,DKI3 Jagakarsa
7/21/2023,202307,72,91,54,10,32,16,91,PM2.5,SEDANG,DKI3 Jagakarsa
7/22/2023,202307,86,108,54,10,36,13,108,PM2.5,TIDAK SEHAT,DKI3 Jagakarsa
7/23/2023,202307,72,85,53,8,24,15,85,PM2.5,SEDANG,DKI3 Jagakarsa
7/24/2023,202307,72,84,53,7,27,10,84,PM2.5,SEDANG,DKI3 Jagakarsa
7/25/2023,202307,76,96,54,5,23,15,96,PM2.5,SEDANG,DKI3 Jagakarsa
7/26/2023,202307,75,83,53,7,25,13,83,PM2.5,SEDANG,DKI3 Jagakarsa
7/27/2023,202307,84,100,53,7,28,21,100,PM2.5,SEDANG,DKI3 Jagakarsa
7/28/2023,202307,82,95,53,6,31,18,95,PM2.5,SEDANG,DKI3 Jagakarsa
7/29/2023,202307,65,42,53,7,27,13,65,PM10,SEDANG,DKI3 Jagakarsa
7/30/2023,202307,71,42,53,8,28,12,71,PM10,SEDANG,DKI3 Jagakarsa
7/31/2023,202307,63,39,18,16,27,24,63,PM10,SEDANG,DKI3 Jagakarsa
8/1/2023,202308,64,73,55,10,21,14,73,PM2.5,SEDANG,DKI3 Jagakarsa
8/2/2023,202308,64,75,54,9,22,12,75,PM2.5,SEDANG,DKI3 Jagakarsa
8/3/2023,202308,70,82,53,7,22,12,82,PM2.5,SEDANG,DKI3 Jagakarsa
8/4/2023,202308,70,83,53,8,21,11,83,PM2.5,SEDANG,DKI3 Jagakarsa
8/5/2023,202308,66,77,53,6,26,10,77,PM2.5,SEDANG,DKI3 Jagakarsa
8/6/2023,202308,69,78,53,5,24,10,78,PM2.5,SEDANG,DKI3 Jagakarsa
8/7/2023,202308,88,113,53,6,30,16,113,PM2.5,TIDAK SEHAT,DKI3 Jagakarsa
8/8/2023,202308,76,89,53,6,24,14,89,PM2.5,SEDANG,DKI3 Jagakarsa
8/9/2023,202308,64,72,53,8,27,9,72,PM2.5,SEDANG,DKI3 Jagakarsa
8/10/2023,202308,66,76,53,8,31,9,76,PM2.5,SEDANG,DKI3 Jagakarsa
8/11/2023,202308,74,89,53,9,29,14,89,PM2.5,SEDANG,DKI3 Jagakarsa
8/12/2023,202308,77,96,53,8,27,14,96,PM2.5,SEDANG,DKI3 Jagakarsa
8/13/2023,202308,69,84,53,8,25,11,84,PM2.5,SEDANG,DKI3 Jagakarsa
8/14/2023,202308,60,74,53,8,28,8,74,PM2.5,SEDANG,DKI3 Jagakarsa
8/15/2023,202308,75,90,54,9,27,16,90,PM2.5,SEDANG,DKI3 Jagakarsa
8/16/2023,202308,69,82,54,9,31,11,82,PM2.5,SEDANG,DKI3 Jagakarsa
8/17/2023,202308,66,76,54,7,23,13,76,PM2.5,SEDANG,DKI3 Jagakarsa
8/18/2023,202308,54,59,53,7,22,6,59,PM2.5,SEDANG,DKI3 Jagakarsa
8/19/2023,202308,64,77,53,7,28,13,77,PM2.5,SEDANG,DKI3 Jagakarsa
8/20/2023,202308,68,82,53,6,26,9,82,PM2.5,SEDANG,DKI3 Jagakarsa
8/21/2023,202308,65,78,53,6,24,10,78,PM2.5,SEDANG,DKI3 Jagakarsa
8/22/2023,202308,70,87,53,6,24,13,87,PM2.5,SEDANG,DKI3 Jagakarsa
8/23/2023,202308,65,78,53,7,28,8,78,PM2.5,SEDANG,DKI3 Jagakarsa
8/24/2023,202308,71,88,54,7,29,12,88,PM2.5,SEDANG,DKI3 Jagakarsa
8/25/2023,202308,64,85,54,6,33,9,85,PM2.5,SEDANG,DKI3 Jagakarsa
8/26/2023,202308,65,87,53,6,30,9,87,PM2.5,SEDANG,DKI3 Jagakarsa
8/27/2023,202308,65,89,53,7,30,10,89,PM2.5,SEDANG,DKI3 Jagakarsa
8/28/2023,202308,64.5,75,53,8,33,8,75,PM2.5,SEDANG,DKI3 Jagakarsa
8/29/2023,202308,64,45,54,9,22,13,64,PM10,SEDANG,DKI3 Jagakarsa
8/30/2023,202308,69,44,54,11,24,11,69,PM10,SEDANG,DKI3 Jagakarsa
8/31/2023,202308,68,44,22,27,30,32,68,PM10,SEDANG,DKI3 Jagakarsa
9/1/2023,202309,66,88,54,8,44,12,88,PM2.5,SEDANG,DKI3 Jagakarsa
9/2/2023,202309,72,91,54,8,31,22,91,PM2.5,SEDANG,DKI3 Jagakarsa
9/3/2023,202309,59,80,54,8,38,8,80,PM2.5,SEDANG,DKI3 Jagakarsa
9/4/2023,202309,54,69,54,9,36,6,69,PM2.5,SEDANG,DKI3 Jagakarsa
9/5/2023,202309,60,82,54,10,33,9,82,PM2.5,SEDANG,DKI3 Jagakarsa
9/6/2023,202309,60,81,55,10,33,9,81,PM2.5,SEDANG,DKI3 Jagakarsa
9/7/2023,202309,71,93,55,10,35,15,93,PM2.5,SEDANG,DKI3 Jagakarsa
9/8/2023,202309,67,87,55,9,32,12,87,PM2.5,SEDANG,DKI3 Jagakarsa
9/9/2023,202309,61,78,54,6,28,8,78,PM2.5,SEDANG,DKI3 Jagakarsa
9/10/2023,202309,57,68,54,7,28,6,68,PM2.5,SEDANG,DKI3 Jagakarsa
9/11/2023,202309,59,72,54,6,30,5,72,PM2.5,SEDANG,DKI3 Jagakarsa
9/12/2023,202309,57,70,54,7,21,5,70,PM2.5,SEDANG,DKI3 Jagakarsa
9/13/2023,202309,56,83,54,5,26,6,83,PM2.5,SEDANG,DKI3 Jagakarsa
9/14/2023,202309,54,68,54,7,29,7,68,PM2.5,SEDANG,DKI3 Jagakarsa
9/15/2023,202309,58,77,54,8,28,7,77,PM2.5,SEDANG,DKI3 Jagakarsa
9/16/2023,202309,61,86,54,9,31,9,86,PM2.5,SEDANG,DKI3 Jagakarsa
9/17/2023,202309,61,74,54,8,28,10,74,PM2.5,SEDANG,DKI3 Jagakarsa
9/18/2023,202309,54,72,54,8,25,13,72,PM2.5,SEDANG,DKI3 Jagakarsa
9/19/2023,202309,59,81,54,9,32,13,81,PM2.5,SEDANG,DKI3 Jagakarsa
9/20/2023,202309,62,80,53,9,29,15,80,PM2.5,SEDANG,DKI3 Jagakarsa
9/21/2023,202309,59,72,53,9,31,11,72,PM2.5,SEDANG,DKI3 Jagakarsa
9/22/2023,202309,57,70,54,8,22,11,70,PM2.5,SEDANG,DKI3 Jagakarsa
9/23/2023,202309,52,70,54,9,34,10,70,PM2.5,SEDANG,DKI3 Jagakarsa
9/24/2023,202309,54,65,54,9,33,7,65,PM2.5,SEDANG,DKI3 Jagakarsa
9/25/2023,202309,55,72,54,9,35,6,72,PM2.5,SEDANG,DKI3 Jagakarsa
9/26/2023,202309,53,66,55,9,30,9,66,PM2.5,SEDANG,DKI3 Jagakarsa
9/27/2023,202309,59,74,55,10,30,10,74,PM2.5,SEDANG,DKI3 Jagakarsa
9/28/2023,202309,56,73,54,9,28,8,73,PM2.5,SEDANG,DKI3 Jagakarsa
9/29/2023,202309,62,47,56,9,24,9,62,PM10,SEDANG,DKI3 Jagakarsa
10/1/2023,202310,70,91,54,7,36,5,91,PM2.5,SEDANG,DKI3 Jagakarsa
10/2/2023,202310,66,84,55,7,32,5,84,PM2.5,SEDANG,DKI3 Jagakarsa
10/3/2023,202310,56,68,54,8,32,4,68,PM2.5,SEDANG,DKI3 Jagakarsa
10/4/2023,202310,60,74,55,6,32,5,74,PM2.5,SEDANG,DKI3 Jagakarsa
10/5/2023,202310,64,79,55,5,26,4,79,PM2.5,SEDANG,DKI3 Jagakarsa
10/6/2023,202310,59,80,54,5,28,4,80,PM2.5,SEDANG,DKI3 Jagakarsa
10/7/2023,202310,66,88,54,4,28,3,88,PM2.5,SEDANG,DKI3 Jagakarsa
10/8/2023,202310,61,81,55,5,26,3,81,PM2.5,SEDANG,DKI3 Jagakarsa
10/9/2023,202310,56,71,54,6,25,2,71,PM2.5,SEDANG,DKI3 Jagakarsa
10/10/2023,202310,55,66,55,5,27,1,66,PM2.5,SEDANG,DKI3 Jagakarsa
10/11/2023,202310,63,76,54,4,25,3,76,PM2.5,SEDANG,DKI3 Jagakarsa
10/12/2023,202310,65,80,54,4,25,5,80,PM2.5,SEDANG,DKI3 Jagakarsa
10/13/2023,202310,67,93,54,5,32,2,93,PM2.5,SEDANG,DKI3 Jagakarsa
10/14/2023,202310,59,78,54,5,34,3,78,PM2.5,SEDANG,DKI3 Jagakarsa
10/15/2023,202310,57,72,54,6,28,2,72,PM2.5,SEDANG,DKI3 Jagakarsa
10/16/2023,202310,59,78,55,7,27,3,78,PM2.5,SEDANG,DKI3 Jagakarsa
10/17/2023,202310,72,91,55,5,30,2,91,PM2.5,SEDANG,DKI3 Jagakarsa
10/18/2023,202310,70,94,55,8,31,4,94,PM2.5,SEDANG,DKI3 Jagakarsa
10/19/2023,202310,63,77,55,7,32,3,77,PM2.5,SEDANG,DKI3 Jagakarsa
10/20/2023,202310,56,73,55,6,31,2,73,PM2.5,SEDANG,DKI3 Jagakarsa
10/21/2023,202310,64,80,55,5,28,4,80,PM2.5,SEDANG,DKI3 Jagakarsa
10/22/2023,202310,62,84,55,5,37,3,84,PM2.5,SEDANG,DKI3 Jagakarsa
10/23/2023,202310,70,86,55,7,33,3,86,PM2.5,SEDANG,DKI3 Jagakarsa
10/24/2023,202310,65,89,55,8,34,4,89,PM2.5,SEDANG,DKI3 Jagakarsa
10/25/2023,202310,59,69,56,4,36,3,69,PM2.5,SEDANG,DKI3 Jagakarsa
10/26/2023,202310,63,78,55,4,32,3,78,PM2.5,SEDANG,DKI3 Jagakarsa
10/27/2023,202310,63,79,55,5,36,2,79,PM2.5,SEDANG,DKI3 Jagakarsa
10/28/2023,202310,67,81,54,5,31,2,81,PM2.5,SEDANG,DKI3 Jagakarsa
10/29/2023,202310,63,47,55,8,28,48,63,PM10,SEDANG,DKI3 Jagakarsa
10/30/2023,202310,60,45,55,6,36,38,60,PM10,SEDANG,DKI3 Jagakarsa
10/31/2023,202310,66,45,22,25,40,33,66,PM10,SEDANG,DKI3 Jagakarsa
11/1/2023,202311,59,70,55,2,33,3,70,PM2.5,SEDANG,DKI3 Jagakarsa
11/2/2023,202311,55,68,55,1,33,4,68,PM2.5,SEDANG,DKI3 Jagakarsa
11/3/2023,202311,63,72,55,1,35,4,72,PM2.5,SEDANG,DKI3 Jagakarsa
11/4/2023,202311,63,75,55,2,31,6,75,PM2.5,SEDANG,DKI3 Jagakarsa
11/5/2023,202311,45,51,54,2,22,2,54,SO2,SEDANG,DKI3 Jagakarsa
11/6/2023,202311,44,60,54,5,17,5,60,PM2.5,SEDANG,DKI3 Jagakarsa
11/7/2023,202311,68,84,54,8,28,4,84,PM2.5,SEDANG,DKI3 Jagakarsa
11/8/2023,202311,64,75,55,11,26,5,75,PM2.5,SEDANG,DKI3 Jagakarsa
11/9/2023,202311,62,72,56,12,35,3,72,PM2.5,SEDANG,DKI3 Jagakarsa
11/10/2023,202311,63,70,55,12,35,5,70,PM2.5,SEDANG,DKI3 Jagakarsa
11/11/2023,202311,63,64,54,10,26,8,64,PM2.5,SEDANG,DKI3 Jagakarsa
11/12/2023,202311,53,56,53,12,30,6,56,PM2.5,SEDANG,DKI3 Jagakarsa
11/13/2023,202311,52,59,54,13,27,10,59,PM2.5,SEDANG,DKI3 Jagakarsa
11/14/2023,202311,52,64,55,12,27,9,64,PM2.5,SEDANG,DKI3 Jagakarsa
11/15/2023,202311,41,62,55,12,25,7,62,PM2.5,SEDANG,DKI3 Jagakarsa
11/16/2023,202311,52,78,56,13,31,12,78,PM2.5,SEDANG,DKI3 Jagakarsa
11/17/2023,202311,51,72,55,14,32,12,72,PM2.5,SEDANG,DKI3 Jagakarsa
11/18/2023,202311,51,76,55,12,23,10,76,PM2.5,SEDANG,DKI3 Jagakarsa
11/19/2023,202311,45,68,55,13,27,10,68,PM2.5,SEDANG,DKI3 Jagakarsa
11/20/2023,202311,48,66,55,11,29,8,66,PM2.5,SEDANG,DKI3 Jagakarsa
11/21/2023,202311,50,73,55,12,25,13,73,PM2.5,SEDANG,DKI3 Jagakarsa
11/22/2023,202311,44,63,55,13,32,10,63,PM2.5,SEDANG,DKI3 Jagakarsa
11/23/2023,202311,51,82,56,14,31,16,82,PM2.5,SEDANG,DKI3 Jagakarsa
11/24/2023,202311,66,101,55,12,22,21,101,PM2.5,TIDAK SEHAT,DKI3 Jagakarsa
11/25/2023,202311,56,75,56,12,16,15,75,PM2.5,SEDANG,DKI3 Jagakarsa
11/26/2023,202311,46,62,56,13,19,16,62,PM2.5,SEDANG,DKI3 Jagakarsa
11/27/2023,202311,54,77,56,13,27,16,77,PM2.5,SEDANG,DKI3 Jagakarsa
11/28/2023,202311,55,80,57,13,24,14,80,PM2.5,SEDANG,DKI3 Jagakarsa
11/29/2023,202311,56,44,56,13,18,12,56,PM10,SEDANG,DKI3 Jagakarsa
11/30/2023,202311,37,43,55,13,21,8,55,SO2,SEDANG,DKI3 Jagakarsa
11/4/2010,201011,27,,8,22,45,10,45,O3,BAIK,DKI4 Lubang Buaya
11/5/2010,201011,13,,1,22,54,11,54,O3,SEDANG,DKI4 Lubang Buaya
11/6/2010,201011,27,,6,25,36,16,36,O3,BAIK,DKI4 Lubang Buaya
11/7/2010,201011,24,,2,23,36,14,36,O3,BAIK,DKI4 Lubang Buaya
11/8/2010,201011,18,,1,13,22,8,22,O3,BAIK,DKI4 Lubang Buaya
11/9/2010,201011,14,,1,17,75,10,75,O3,SEDANG,DKI4 Lubang Buaya
11/10/2010,201011,28,,5,26,71,15,71,O3,SEDANG,DKI4 Lubang Buaya
11/11/2010,201011,17,,2,10,55,8,55,O3,SEDANG,DKI4 Lubang Buaya
11/12/2010,201011,18,,3,19,25,9,25,O3,BAIK,DKI4 Lubang Buaya
11/13/2010,201011,16,,3,15,123,14,123,O3,TIDAK SEHAT,DKI4 Lubang Buaya
11/14/2010,201011,30,,6,36,53,21,53,O3,SEDANG,DKI4 Lubang Buaya
11/15/2010,201011,24,,7,30,43,17,43,O3,BAIK,DKI4 Lubang Buaya
11/17/2010,201011,34,,5,34,89.66666667,17,34,PM10,BAIK,DKI4 Lubang Buaya
11/18/2010,201011,39.42857143,,4,36,113,17,113,O3,TIDAK SEHAT,DKI4 Lubang Buaya
11/19/2010,201011,44.85714286,,6,33,148,28,148,O3,TIDAK SEHAT,DKI4 Lubang Buaya
11/24/2010,201011,72,,1,25,88,16,88,O3,SEDANG,DKI4 Lubang Buaya
11/25/2010,201011,52,,1,13,80,12,80,O3,SEDANG,DKI4 Lubang Buaya
11/26/2010,201011,70,,2,16,64,21,70,PM10,SEDANG,DKI4 Lubang Buaya
11/27/2010,201011,62,,1,30,100,16,100,O3,SEDANG,DKI4 Lubang Buaya
11/28/2010,201011,60,,1,32,53,15,60,PM10,SEDANG,DKI4 Lubang Buaya
11/29/2010,201011,67,,1,21,81,15,81,O3,SEDANG,DKI4 Lubang Buaya
11/30/2010,201011,66,,0,18,74,8,74,O3,SEDANG,DKI4 Lubang Buaya
12/1/2010,201012,54,,1,11,47,8,54,PM10,SEDANG,DKI4 Lubang Buaya
12/2/2010,201012,63,,2,17,59,9,63,PM10,SEDANG,DKI4 Lubang Buaya
12/3/2010,201012,68,,8,27,45,12,68,PM10,SEDANG,DKI4 Lubang Buaya
12/4/2010,201012,74,,5,28,46,5,74,PM10,SEDANG,DKI4 Lubang Buaya
12/5/2010,201012,60,,2,38,18,6,60,PM10,SEDANG,DKI4 Lubang Buaya
12/6/2010,201012,55,,1,15,23,13,55,PM10,SEDANG,DKI4 Lubang Buaya
12/7/2010,201012,54,,1,13,19,5,54,PM10,SEDANG,DKI4 Lubang Buaya
12/8/2010,201012,61,,0,12,21,7,61,PM10,SEDANG,DKI4 Lubang Buaya
12/9/2010,201012,56,,1,17,37,11,56,PM10,SEDANG,DKI4 Lubang Buaya
12/10/2010,201012,63,,1,12,29,8,63,PM10,SEDANG,DKI4 Lubang Buaya
12/11/2010,201012,54,,0,9,19,6,54,PM10,SEDANG,DKI4 Lubang Buaya
12/12/2010,201012,56,,1,17,24,6,56,PM10,SEDANG,DKI4 Lubang Buaya
12/13/2010,201012,67,,2,18,43,7,67,PM10,SEDANG,DKI4 Lubang Buaya
12/14/2010,201012,82,,3,27,33,11,82,PM10,SEDANG,DKI4 Lubang Buaya
12/15/2010,201012,78.625,,4,23,67,17,67,O3,SEDANG,DKI4 Lubang Buaya
12/16/2010,201012,75.25,,2,14,23,8,23,O3,BAIK,DKI4 Lubang Buaya
12/17/2010,201012,71.875,,3,7,23,5,23,O3,BAIK,DKI4 Lubang Buaya
12/18/2010,201012,68.5,,1,16,21,6,21,O3,BAIK,DKI4 Lubang Buaya
12/19/2010,201012,65.125,,1,17,19,5,19,O3,BAIK,DKI4 Lubang Buaya
12/20/2010,201012,61.75,,2,13,30,6,30,O3,BAIK,DKI4 Lubang Buaya
12/21/2010,201012,58.375,,3,12,24,7,24,O3,BAIK,DKI4 Lubang Buaya
12/22/2010,201012,55,,1,9,29,7,55,PM10,SEDANG,DKI4 Lubang Buaya
12/23/2010,201012,59,,2,18,27,6,59,PM10,SEDANG,DKI4 Lubang Buaya
12/24/2010,201012,54,,3,20,122,13,122,O3,TIDAK SEHAT,DKI4 Lubang Buaya
12/25/2010,201012,54.31578947,,6,19,40,11,40,O3,BAIK,DKI4 Lubang Buaya
12/26/2010,201012,54.63157895,,3,23,26,7,26,O3,BAIK,DKI4 Lubang Buaya
12/27/2010,201012,54.94736842,,4,8,38,6,38,O3,BAIK,DKI4 Lubang Buaya
12/28/2010,201012,55.26315789,,4,8,57,6,57,O3,SEDANG,DKI4 Lubang Buaya
12/29/2010,201012,55.57894737,,1,17,35,7,35,O3,BAIK,DKI4 Lubang Buaya
12/30/2010,201012,55.89473684,,7,8,22,5,22,O3,BAIK,DKI4 Lubang Buaya
12/31/2010,201012,56.21052632,,3,8,21,5,21,O3,BAIK,DKI4 Lubang Buaya
1/12/2011,201101,60,,20,28,58,15,60,PM10,SEDANG,DKI4 Lubang Buaya
1/16/2011,201101,66,,13,16,22,8,66,PM10,SEDANG,DKI4 Lubang Buaya
1/17/2011,201101,67,,14,20,46,13,67,PM10,SEDANG,DKI4 Lubang Buaya
1/22/2011,201101,65,,16,44,50,23,65,PM10,SEDANG,DKI4 Lubang Buaya
1/23/2011,201101,67,,14,59,48,14,67,PM10,SEDANG,DKI4 Lubang Buaya
1/24/2011,201101,63,,20,33,44,17,63,PM10,SEDANG,DKI4 Lubang Buaya
1/25/2011,201101,60,,23,27,59,19,60,PM10,SEDANG,DKI4 Lubang Buaya
1/26/2011,201101,58,,24,26,70,17,70,O3,SEDANG,DKI4 Lubang Buaya
1/28/2011,201101,68,,14,38,37,16,68,PM10,SEDANG,DKI4 Lubang Buaya
1/29/2011,201101,48,,14,23,45,12,48,PM10,BAIK,DKI4 Lubang Buaya
1/30/2011,201101,56,,16,25,42,13,56,PM10,SEDANG,DKI4 Lubang Buaya
1/31/2011,201101,47,,14,22,24,8,47,PM10,BAIK,DKI4 Lubang Buaya
2/1/2011,201102,56,,20,22,29,11,56,PM10,SEDANG,DKI4 Lubang Buaya
2/2/2011,201102,60,,18,29,45,16,60,PM10,SEDANG,DKI4 Lubang Buaya
2/3/2011,201102,50,,16,24,48,12,50,PM10,BAIK,DKI4 Lubang Buaya
2/4/2011,201102,49,,16,27,42,16,49,PM10,BAIK,DKI4 Lubang Buaya
2/5/2011,201102,56,,14,44,51,19,56,PM10,SEDANG,DKI4 Lubang Buaya
2/6/2011,201102,38,,15,21,38,16,38,PM10,BAIK,DKI4 Lubang Buaya
2/7/2011,201102,51,,16,24,37,16,51,PM10,SEDANG,DKI4 Lubang Buaya
2/8/2011,201102,57,,17,38,53,18,57,PM10,SEDANG,DKI4 Lubang Buaya
2/9/2011,201102,55,,19,30,70,22,70,O3,SEDANG,DKI4 Lubang Buaya
2/10/2011,201102,73,,18,38,64,21,73,PM10,SEDANG,DKI4 Lubang Buaya
2/11/2011,201102,78,,21,55,99,24,99,O3,SEDANG,DKI4 Lubang Buaya
2/14/2011,201102,62,,12,39,49,18,62,PM10,SEDANG,DKI4 Lubang Buaya
2/15/2011,201102,55,,15,53,52,20,55,PM10,SEDANG,DKI4 Lubang Buaya
2/16/2011,201102,65,,16,39,47,22,65,PM10,SEDANG,DKI4 Lubang Buaya
2/18/2011,201102,59,,18,24,58,17,59,PM10,SEDANG,DKI4 Lubang Buaya
2/19/2011,201102,59,,21,33,45,21,59,PM10,SEDANG,DKI4 Lubang Buaya
2/20/2011,201102,53,,17,24,46,17,53,PM10,SEDANG,DKI4 Lubang Buaya
2/22/2011,201102,68,,15,47,52,19,68,PM10,SEDANG,DKI4 Lubang Buaya
2/23/2011,201102,63,,15,27,59,17,63,PM10,SEDANG,DKI4 Lubang Buaya
2/24/2011,201102,47,,6,23,47,19,47,PM10,BAIK,DKI4 Lubang Buaya
2/25/2011,201102,61,,9,23,42,18,61,PM10,SEDANG,DKI4 Lubang Buaya
2/26/2011,201102,62,,14,24,44,18,62,PM10,SEDANG,DKI4 Lubang Buaya
2/27/2011,201102,55,,15,38,27,22,55,PM10,SEDANG,DKI4 Lubang Buaya
2/28/2011,201102,52,,16,33,22,16,52,PM10,SEDANG,DKI4 Lubang Buaya
3/2/2011,201103,40,,15,21,34,8,40,PM10,BAIK,DKI4 Lubang Buaya
3/3/2011,201103,53,,16,22,36,9,53,PM10,SEDANG,DKI4 Lubang Buaya
3/4/2011,201103,51,,18,27,42,13,51,PM10,SEDANG,DKI4 Lubang Buaya
3/5/2011,201103,40,,17,35,35,13,40,PM10,BAIK,DKI4 Lubang Buaya
3/6/2011,201103,51,,14,24,31,10,51,PM10,SEDANG,DKI4 Lubang Buaya
3/7/2011,201103,54,,14,17,30,11,54,PM10,SEDANG,DKI4 Lubang Buaya
3/8/2011,201103,43,,14,20,33,9,43,PM10,BAIK,DKI4 Lubang Buaya
3/9/2011,201103,51,,17,25,47,17,51,PM10,SEDANG,DKI4 Lubang Buaya
3/10/2011,201103,54,,17,26,43,17,54,PM10,SEDANG,DKI4 Lubang Buaya
3/11/2011,201103,58,,15,24,52,11,58,PM10,SEDANG,DKI4 Lubang Buaya
3/13/2011,201103,67,,17,25,47,15,67,PM10,SEDANG,DKI4 Lubang Buaya
3/14/2011,201103,68,,15,47,31,17,68,PM10,SEDANG,DKI4 Lubang Buaya
3/18/2011,201103,87,,22,33,79,20,87,PM10,SEDANG,DKI4 Lubang Buaya
3/19/2011,201103,78,,17,29,76,23,78,PM10,SEDANG,DKI4 Lubang Buaya
3/21/2011,201103,52,,13,20,38,11,52,PM10,SEDANG,DKI4 Lubang Buaya
3/22/2011,201103,52,,15,22,33,9,52,PM10,SEDANG,DKI4 Lubang Buaya
3/23/2011,201103,51,,15,22,26,9,51,PM10,SEDANG,DKI4 Lubang Buaya
3/24/2011,201103,47,,14,18,26,8,47,PM10,BAIK,DKI4 Lubang Buaya
3/25/2011,201103,47,,14,22,35,14,47,PM10,BAIK,DKI4 Lubang Buaya
3/26/2011,201103,51,,13,22,38,8,51,PM10,SEDANG,DKI4 Lubang Buaya
3/27/2011,201103,55,,13,19,33,15,55,PM10,SEDANG,DKI4 Lubang Buaya
3/28/2011,201103,44,,13,15,29,13,44,PM10,BAIK,DKI4 Lubang Buaya
3/29/2011,201103,45,,13,16,25,8,45,PM10,BAIK,DKI4 Lubang Buaya
3/30/2011,201103,49,,14,19,28,8,49,PM10,BAIK,DKI4 Lubang Buaya
3/31/2011,201103,42,,14,21,24,7,42,PM10,BAIK,DKI4 Lubang Buaya
4/1/2011,201104,45,,14,20,21,8,45,PM10,BAIK,DKI4 Lubang Buaya
4/2/2011,201104,48,,15,24,26,6,48,PM10,BAIK,DKI4 Lubang Buaya
4/3/2011,201104,52,,14,13,28,7,52,PM10,SEDANG,DKI4 Lubang Buaya
4/4/2011,201104,50,,15,23,39,12,50,PM10,BAIK,DKI4 Lubang Buaya
4/5/2011,201104,59,,14,21,42,15,59,PM10,SEDANG,DKI4 Lubang Buaya
4/6/2011,201104,52,,14,19,38,8,52,PM10,SEDANG,DKI4 Lubang Buaya
4/7/2011,201104,57,,15,20,36,12,57,PM10,SEDANG,DKI4 Lubang Buaya
4/8/2011,201104,55,,18,24,44,15,55,PM10,SEDANG,DKI4 Lubang Buaya
4/11/2011,201104,40,,17,30,44,23,44,O3,BAIK,DKI4 Lubang Buaya
4/21/2011,201104,62,,19,33,94,27,94,O3,SEDANG,DKI4 Lubang Buaya
4/26/2011,201104,71,,24,27,62,15,71,PM10,SEDANG,DKI4 Lubang Buaya
4/29/2011,201104,77,,19,27,76,20,77,PM10,SEDANG,DKI4 Lubang Buaya
5/2/2011,201105,61,,19,35,98,29,98,O3,SEDANG,DKI4 Lubang Buaya
5/4/2011,201105,63,,18,26,47,17,63,PM10,SEDANG,DKI4 Lubang Buaya
5/5/2011,201105,76,,17,28,63,20,76,PM10,SEDANG,DKI4 Lubang Buaya
5/7/2011,201105,63,,22,38,66,14,66,O3,SEDANG,DKI4 Lubang Buaya
5/8/2011,201105,56,,15,42,50,13,56,PM10,SEDANG,DKI4 Lubang Buaya
5/9/2011,201105,51,,9,20,153,27,153,O3,TIDAK SEHAT,DKI4 Lubang Buaya
5/12/2011,201105,84,,19,32,82,20,84,PM10,SEDANG,DKI4 Lubang Buaya
5/18/2011,201105,69,,18,34,85,19,85,O3,SEDANG,DKI4 Lubang Buaya
5/19/2011,201105,89,,20,43,88,22,89,PM10,SEDANG,DKI4 Lubang Buaya
5/22/2011,201105,84,,11,38,78,11,84,PM10,SEDANG,DKI4 Lubang Buaya
6/1/2011,201106,91,,21,70,82,23,91,PM10,SEDANG,DKI4 Lubang Buaya
6/2/2011,201106,68,,17,25,65,13,68,PM10,SEDANG,DKI4 Lubang Buaya
6/3/2011,201106,65,,19,18,50,10,65,PM10,SEDANG,DKI4 Lubang Buaya
6/4/2011,201106,73,,21,17,56,11,73,PM10,SEDANG,DKI4 Lubang Buaya
6/5/2011,201106,77,,17,28,54,15,77,PM10,SEDANG,DKI4 Lubang Buaya
6/6/2011,201106,70,,17,37,81,21,81,O3,SEDANG,DKI4 Lubang Buaya
6/8/2011,201106,90,,20,35,85,31,90,PM10,SEDANG,DKI4 Lubang Buaya
6/12/2011,201106,93,,21,29,84,25,93,PM10,SEDANG,DKI4 Lubang Buaya
6/14/2011,201106,88,,23,27,93,20,93,O3,SEDANG,DKI4 Lubang Buaya
6/16/2011,201106,110,,23,35,103,19,110,PM10,TIDAK SEHAT,DKI4 Lubang Buaya
6/17/2011,201106,105,,20,34,81,24,105,PM10,TIDAK SEHAT,DKI4 Lubang Buaya
6/20/2011,201106,109,,13,32,88,27,109,PM10,TIDAK SEHAT,DKI4 Lubang Buaya
6/21/2011,201106,97,,19,30,82,26,97,PM10,SEDANG,DKI4 Lubang Buaya
6/22/2011,201106,112,,22,29,92,21,112,PM10,TIDAK SEHAT,DKI4 Lubang Buaya
6/23/2011,201106,109,,13,29,94,39,109,PM10,TIDAK SEHAT,DKI4 Lubang Buaya
6/24/2011,201106,107,,16,29,85,16,107,PM10,TIDAK SEHAT,DKI4 Lubang Buaya
6/25/2011,201106,87,,11,27,79,13,87,PM10,SEDANG,DKI4 Lubang Buaya
6/26/2011,201106,103,,12,19,73,13,103,PM10,TIDAK SEHAT,DKI4 Lubang Buaya
6/27/2011,201106,85,,12,23,49,19,85,PM10,SEDANG,DKI4 Lubang Buaya
7/1/2011,201107,85,,14,33,65,19,85,PM10,SEDANG,DKI4 Lubang Buaya
7/2/2011,201107,128,,17,37,81,18,128,PM10,TIDAK SEHAT,DKI4 Lubang Buaya
7/3/2011,201107,94,,14,25,90,14,94,PM10,SEDANG,DKI4 Lubang Buaya
7/4/2011,201107,89,,13,24,75,15,89,PM10,SEDANG,DKI4 Lubang Buaya
7/5/2011,201107,93,,21,35,90,19,93,PM10,SEDANG,DKI4 Lubang Buaya
7/9/2011,201107,80,,17,21,60,13,80,PM10,SEDANG,DKI4 Lubang Buaya
7/10/2011,201107,83,,19,18,73,12,83,PM10,SEDANG,DKI4 Lubang Buaya
7/12/2011,201107,92,,20,30,78,17,92,PM10,SEDANG,DKI4 Lubang Buaya
7/17/2011,201107,101,,28,31,84,17,101,PM10,TIDAK SEHAT,DKI4 Lubang Buaya
7/18/2011,201107,122,,18,35,84,26,122,PM10,TIDAK SEHAT,DKI4 Lubang Buaya
7/19/2011,201107,97,,22,32,74,17,97,PM10,SEDANG,DKI4 Lubang Buaya
7/21/2011,201107,107,,21,23,63,12,107,PM10,TIDAK SEHAT,DKI4 Lubang Buaya
7/22/2011,201107,73,,22,23,55,10,73,PM10,SEDANG,DKI4 Lubang Buaya
7/23/2011,201107,103,,19,53,76,13,103,PM10,TIDAK SEHAT,DKI4 Lubang Buaya
7/24/2011,201107,116,,16,25,107,15,116,PM10,TIDAK SEHAT,DKI4 Lubang Buaya
7/27/2011,201107,100,,24,25,82,18,100,PM10,SEDANG,DKI4 Lubang Buaya
7/31/2011,201107,96,,14,23,73,19,96,PM10,SEDANG,DKI4 Lubang Buaya
8/1/2011,201108,110,,20,23,67,16,110,PM10,TIDAK SEHAT,DKI4 Lubang Buaya
8/2/2011,201108,95,,17,25,69,15,95,PM10,SEDANG,DKI4 Lubang Buaya
8/6/2011,201108,119,,16,27,105,16,119,PM10,TIDAK SEHAT,DKI4 Lubang Buaya
8/7/2011,201108,115,,16,37,82,13,115,PM10,TIDAK SEHAT,DKI4 Lubang Buaya
8/8/2011,201108,134,,14,24,91,15,134,PM10,TIDAK SEHAT,DKI4 Lubang Buaya
8/9/2011,201108,118,,17,23,107,14,118,PM10,TIDAK SEHAT,DKI4 Lubang Buaya
8/11/2011,201108,127,,11,24,110,16,127,PM10,TIDAK SEHAT,DKI4 Lubang Buaya
8/13/2011,201108,95,,12,19,91,13,95,PM10,SEDANG,DKI4 Lubang Buaya
8/14/2011,201108,110,,13,20,77,15,110,PM10,TIDAK SEHAT,DKI4 Lubang Buaya
8/16/2011,201108,100,,13,29,76,17,100,PM10,SEDANG,DKI4 Lubang Buaya
8/17/2011,201108,136,,13,22,83,15,136,PM10,TIDAK SEHAT,DKI4 Lubang Buaya
8/18/2011,201108,171,,16,42,101,22,171,PM10,TIDAK SEHAT,DKI4 Lubang Buaya
8/19/2011,201108,138,,11,30,78,14,138,PM10,TIDAK SEHAT,DKI4 Lubang Buaya
8/20/2011,201108,100,,15,20,65,17,100,PM10,SEDANG,DKI4 Lubang Buaya
8/21/2011,201108,113,,15,21,77,13,113,PM10,TIDAK SEHAT,DKI4 Lubang Buaya
8/22/2011,201108,146,,17,28,124,22,146,PM10,TIDAK SEHAT,DKI4 Lubang Buaya
8/23/2011,201108,126,,17,29,101,16,126,PM10,TIDAK SEHAT,DKI4 Lubang Buaya
8/24/2011,201108,105,,17,29,92,18,105,PM10,TIDAK SEHAT,DKI4 Lubang Buaya
8/27/2011,201108,126,,14,34,79,13,126,PM10,TIDAK SEHAT,DKI4 Lubang Buaya
8/28/2011,201108,116,,13,30,75,13,116,PM10,TIDAK SEHAT,DKI4 Lubang Buaya
8/29/2011,201108,98,,12,23,66,11,98,PM10,SEDANG,DKI4 Lubang Buaya
9/2/2011,201109,92,,11,25,76,10,92,PM10,SEDANG,DKI4 Lubang Buaya
9/5/2011,201109,154,,12,28,79,14,154,PM10,TIDAK SEHAT,DKI4 Lubang Buaya
9/6/2011,201109,112,,12,22,71,13,112,PM10,TIDAK SEHAT,DKI4 Lubang Buaya
9/7/2011,201109,120,,14,25,89,15,120,PM10,TIDAK SEHAT,DKI4 Lubang Buaya
9/12/2011,201109,122,,14,27,86,16,122,PM10,TIDAK SEHAT,DKI4 Lubang Buaya
9/14/2011,201109,88,,14,25,70,12,88,PM10,SEDANG,DKI4 Lubang Buaya
9/15/2011,201109,108,,19,26,82,17,108,PM10,TIDAK SEHAT,DKI4 Lubang Buaya
9/16/2011,201109,94,,13,34,89,20,94,PM10,SEDANG,DKI4 Lubang Buaya
9/17/2011,201109,100,,11,30,89,19,100,PM10,SEDANG,DKI4 Lubang Buaya
9/18/2011,201109,148,,12,26,87,16,148,PM10,TIDAK SEHAT,DKI4 Lubang Buaya
10/1/2011,201110,81,,17,24,124,20,124,O3,TIDAK SEHAT,DKI4 Lubang Buaya
10/8/2011,201110,74,,19,26,61,14,74,PM10,SEDANG,DKI4 Lubang Buaya
10/9/2011,201110,113,,23,31,110,19,113,PM10,TIDAK SEHAT,DKI4 Lubang Buaya
10/16/2011,201110,129,,17,40,77,17,129,PM10,TIDAK SEHAT,DKI4 Lubang Buaya
10/18/2011,201110,89,,17,25,80,16,89,PM10,SEDANG,DKI4 Lubang Buaya
10/19/2011,201110,104,,19,26,69,16,104,PM10,TIDAK SEHAT,DKI4 Lubang Buaya
10/21/2011,201110,131,,21,35,126,18,131,PM10,TIDAK SEHAT,DKI4 Lubang Buaya
10/24/2011,201110,82,,17,22,77,11,82,PM10,SEDANG,DKI4 Lubang Buaya
10/25/2011,201110,107,,19,36,93,15,107,PM10,TIDAK SEHAT,DKI4 Lubang Buaya
10/28/2011,201110,88,,14,30,83,15,88,PM10,SEDANG,DKI4 Lubang Buaya
11/1/2011,201111,69,,15,42,109,20,109,O3,TIDAK SEHAT,DKI4 Lubang Buaya
11/8/2011,201111,71,,23,23,105,34,105,O3,TIDAK SEHAT,DKI4 Lubang Buaya
12/4/2011,201112,93,,23,47,91,16,93,PM10,SEDANG,DKI4 Lubang Buaya
12/7/2011,201112,158,,34,58,143,23,158,PM10,TIDAK SEHAT,DKI4 Lubang Buaya
12/16/2011,201112,43,,20,22,41,10,43,PM10,BAIK,DKI4 Lubang Buaya
12/17/2011,201112,42,,15,19,35,10,42,PM10,BAIK,DKI4 Lubang Buaya
12/18/2011,201112,41,,13,17,27,9,41,PM10,BAIK,DKI4 Lubang Buaya
12/19/2011,201112,43,,12,12,34,8,43,PM10,BAIK,DKI4 Lubang Buaya
12/20/2011,201112,44,,7,20,30,6,44,PM10,BAIK,DKI4 Lubang Buaya
12/21/2011,201112,53,,18,22,39,8,53,PM10,SEDANG,DKI4 Lubang Buaya
1/1/2012,201201,38,,12.89285714,16,30,4,38,PM10,BAIK,DKI4 Lubang Buaya
1/2/2012,201201,49,,12.42857143,24,45,10,49,PM10,BAIK,DKI4 Lubang Buaya
1/3/2012,201201,65,,11.96428571,36,45,16,65,PM10,SEDANG,DKI4 Lubang Buaya
1/4/2012,201201,69,,11.5,55,55,13,69,PM10,SEDANG,DKI4 Lubang Buaya
1/5/2012,201201,55,,11.03571429,26,88,13,88,O3,SEDANG,DKI4 Lubang Buaya
1/6/2012,201201,48,,10.57142857,43,53,7,53,O3,SEDANG,DKI4 Lubang Buaya
1/7/2012,201201,61,,10.10714286,54,52,13,61,PM10,SEDANG,DKI4 Lubang Buaya
1/8/2012,201201,48,,9.642857143,48,50,10,50,O3,BAIK,DKI4 Lubang Buaya
1/9/2012,201201,60,,9.178571429,63,54,12,63,CO,SEDANG,DKI4 Lubang Buaya
1/10/2012,201201,39,,8.714285714,17,58,9,58,O3,SEDANG,DKI4 Lubang Buaya
1/11/2012,201201,42,,8.25,18,50,7,50,O3,BAIK,DKI4 Lubang Buaya
1/12/2012,201201,39,,7.785714286,16,50,6,50,O3,BAIK,DKI4 Lubang Buaya
1/13/2012,201201,40,,7.321428571,14,37,5,40,PM10,BAIK,DKI4 Lubang Buaya
1/14/2012,201201,29,,6.857142857,16,25,4,29,PM10,BAIK,DKI4 Lubang Buaya
1/15/2012,201201,31,,6.392857143,12,44,5,44,O3,BAIK,DKI4 Lubang Buaya
1/16/2012,201201,50,,5.928571429,30,57,10,57,O3,SEDANG,DKI4 Lubang Buaya
1/17/2012,201201,65,,5.464285714,20,78,12,78,O3,SEDANG,DKI4 Lubang Buaya
1/18/2012,201201,60,,5,25,79,18,79,O3,SEDANG,DKI4 Lubang Buaya
1/19/2012,201201,60,,2,43,45,12,60,PM10,SEDANG,DKI4 Lubang Buaya
1/20/2012,201201,59,,1,33,34,9,59,PM10,SEDANG,DKI4 Lubang Buaya
1/21/2012,201201,57,,2,29,47,7,57,PM10,SEDANG,DKI4 Lubang Buaya
1/22/2012,201201,68,,2,99,50,14,99,CO,SEDANG,DKI4 Lubang Buaya
1/23/2012,201201,44,,3,11,26,4,44,PM10,BAIK,DKI4 Lubang Buaya
1/24/2012,201201,55,,3,13,43,6,55,PM10,SEDANG,DKI4 Lubang Buaya
1/25/2012,201201,48,,2,17,60,11,60,O3,SEDANG,DKI4 Lubang Buaya
1/26/2012,201201,54,,3,20,51,10,54,PM10,SEDANG,DKI4 Lubang Buaya
1/27/2012,201201,51,,4,16,60,14,60,O3,SEDANG,DKI4 Lubang Buaya
1/28/2012,201201,57,,2,10,61,5,61,O3,SEDANG,DKI4 Lubang Buaya
1/29/2012,201201,63,,1,12,40,4,40,O3,BAIK,DKI4 Lubang Buaya
1/30/2012,201201,69,,1,15,34,4,34,O3,BAIK,DKI4 Lubang Buaya
1/31/2012,201201,75,,1,22,25,12,25,O3,BAIK,DKI4 Lubang Buaya
2/1/2012,201202,81,,3,68,44,15,81,PM10,SEDANG,DKI4 Lubang Buaya
2/2/2012,201202,51,,8,32,73,16,73,O3,SEDANG,DKI4 Lubang Buaya
2/3/2012,201202,51,,4,29,44,12,51,PM10,SEDANG,DKI4 Lubang Buaya
2/4/2012,201202,38,,2,41,52,8,52,O3,SEDANG,DKI4 Lubang Buaya
2/5/2012,201202,61,,2,53,39,15,61,PM10,SEDANG,DKI4 Lubang Buaya
2/6/2012,201202,61,,3,34,39,12,61,PM10,SEDANG,DKI4 Lubang Buaya
2/7/2012,201202,55,,2,24,39,9,55,PM10,SEDANG,DKI4 Lubang Buaya
2/8/2012,201202,78,,6,23,52,12,78,PM10,SEDANG,DKI4 Lubang Buaya
2/9/2012,201202,50,,1,13,24,9,50,PM10,BAIK,DKI4 Lubang Buaya
2/10/2012,201202,43,,2,12,42,6,43,PM10,BAIK,DKI4 Lubang Buaya
2/11/2012,201202,58,,3,37,72.33333333,8,58,PM10,SEDANG,DKI4 Lubang Buaya
2/12/2012,201202,40,,3,15,102.6666667,10,40,PM10,BAIK,DKI4 Lubang Buaya
2/13/2012,201202,39,,2,21,133,18,133,O3,TIDAK SEHAT,DKI4 Lubang Buaya
2/14/2012,201202,76,,6,45,98,15,76,PM10,SEDANG,DKI4 Lubang Buaya
2/15/2012,201202,60,,5,17,63,14,63,O3,SEDANG,DKI4 Lubang Buaya
2/16/2012,201202,84,,7,10,73,25,84,PM10,SEDANG,DKI4 Lubang Buaya
2/17/2012,201202,123,,6,40,94,16,123,PM10,TIDAK SEHAT,DKI4 Lubang Buaya
2/18/2012,201202,57,,2,6,100,10,100,O3,SEDANG,DKI4 Lubang Buaya
2/19/2012,201202,62,,3,6,69,16,69,O3,SEDANG,DKI4 Lubang Buaya
2/20/2012,201202,58,,5,14,83,16,83,O3,SEDANG,DKI4 Lubang Buaya
2/21/2012,201202,58,,4,27,141,11,141,O3,TIDAK SEHAT,DKI4 Lubang Buaya
2/22/2012,201202,66,,4,22,132,11,132,O3,TIDAK SEHAT,DKI4 Lubang Buaya
2/23/2012,201202,61,,4,16,119,11,61,PM10,SEDANG,DKI4 Lubang Buaya
2/24/2012,201202,73,,6,19,106,19,73,PM10,SEDANG,DKI4 Lubang Buaya
2/25/2012,201202,73.75,,4,38,93,19,38,CO,BAIK,DKI4 Lubang Buaya
2/26/2012,201202,74.5,,4,19,80,15,80,O3,SEDANG,DKI4 Lubang Buaya
2/27/2012,201202,75.25,,2,20,64,15,64,O3,SEDANG,DKI4 Lubang Buaya
2/28/2012,201202,76,,8,21,135,22,135,O3,TIDAK SEHAT,DKI4 Lubang Buaya
2/29/2012,201202,81,,6,22,79,18,81,PM10,SEDANG,DKI4 Lubang Buaya
3/1/2012,201203,55,,5,32,60,13,60,O3,SEDANG,DKI4 Lubang Buaya
3/2/2012,201203,53,,5,25,51,12,53,PM10,SEDANG,DKI4 Lubang Buaya
3/3/2012,201203,50,,3,21,55,12,55,O3,SEDANG,DKI4 Lubang Buaya
3/4/2012,201203,47,,2,15,54,6,54,O3,SEDANG,DKI4 Lubang Buaya
3/5/2012,201203,52,,3,25,24,8,52,PM10,SEDANG,DKI4 Lubang Buaya
3/6/2012,201203,47,,5,16,90,9,90,O3,SEDANG,DKI4 Lubang Buaya
3/7/2012,201203,74,,5,27,44,12,74,PM10,SEDANG,DKI4 Lubang Buaya
3/8/2012,201203,36,,2,8,24,6,36,PM10,BAIK,DKI4 Lubang Buaya
3/9/2012,201203,36,,2,8,24,6,36,PM10,BAIK,DKI4 Lubang Buaya
3/10/2012,201203,49,,3,19,34,13,49,PM10,BAIK,DKI4 Lubang Buaya
3/11/2012,201203,33,,2,8,30,8,33,PM10,BAIK,DKI4 Lubang Buaya
3/12/2012,201203,52,,3,13,46,11,52,PM10,SEDANG,DKI4 Lubang Buaya
3/13/2012,201203,61,,3,22,34,11,61,PM10,SEDANG,DKI4 Lubang Buaya
3/14/2012,201203,44,,3,12,39,8,44,PM10,BAIK,DKI4 Lubang Buaya
3/15/2012,201203,51,,4,10,35,8,51,PM10,SEDANG,DKI4 Lubang Buaya
3/16/2012,201203,48,,2,11,39,10,48,PM10,BAIK,DKI4 Lubang Buaya
3/17/2012,201203,52,,4,10,40,7,52,PM10,SEDANG,DKI4 Lubang Buaya
3/18/2012,201203,51,,3,9,44,5,51,PM10,SEDANG,DKI4 Lubang Buaya
3/19/2012,201203,47,,4,11,38,10,47,PM10,BAIK,DKI4 Lubang Buaya
3/20/2012,201203,37,,2,8,13,6,37,PM10,BAIK,DKI4 Lubang Buaya
3/21/2012,201203,38,,2,8,13,5,38,PM10,BAIK,DKI4 Lubang Buaya
3/22/2012,201203,49,,2,9,15,5,49,PM10,BAIK,DKI4 Lubang Buaya
3/23/2012,201203,59,,3,12,19,7,59,PM10,SEDANG,DKI4 Lubang Buaya
3/24/2012,201203,53,,3,12,18,9,53,PM10,SEDANG,DKI4 Lubang Buaya
3/25/2012,201203,97,,4,10,30.25,11,97,PM10,SEDANG,DKI4 Lubang Buaya
3/26/2012,201203,80,,9,8,42.5,10,80,PM10,SEDANG,DKI4 Lubang Buaya
3/27/2012,201203,87,,3,17,54.75,12,87,PM10,SEDANG,DKI4 Lubang Buaya
3/28/2012,201203,84,,3,23,67,18,84,PM10,SEDANG,DKI4 Lubang Buaya
3/29/2012,201203,60,,4,11,65,9,65,O3,SEDANG,DKI4 Lubang Buaya
3/30/2012,201203,48,,4,13,50,17,50,O3,BAIK,DKI4 Lubang Buaya
3/31/2012,201203,60,,6,14,118,14,118,O3,TIDAK SEHAT,DKI4 Lubang Buaya
4/1/2012,201204,66,,4,14,146,14,146,O3,TIDAK SEHAT,DKI4 Lubang Buaya
4/2/2012,201204,65,,3,16,99,15,99,O3,SEDANG,DKI4 Lubang Buaya
4/3/2012,201204,54,,4,14,74,14,74,O3,SEDANG,DKI4 Lubang Buaya
4/4/2012,201204,51,,3,12,102,18,102,O3,TIDAK SEHAT,DKI4 Lubang Buaya
4/5/2012,201204,73,,4,19,98,19,98,O3,SEDANG,DKI4 Lubang Buaya
4/6/2012,201204,63,,4,17,63,12,63,PM10,SEDANG,DKI4 Lubang Buaya
4/7/2012,201204,56,,2,15,53,8,56,PM10,SEDANG,DKI4 Lubang Buaya
4/8/2012,201204,63,,3,14,66,9,66,O3,SEDANG,DKI4 Lubang Buaya
4/9/2012,201204,63,,4,19,79,15,79,O3,SEDANG,DKI4 Lubang Buaya
4/10/2012,201204,61,,4,16,58,20,61,PM10,SEDANG,DKI4 Lubang Buaya
4/11/2012,201204,87,,5,20,54,15,87,PM10,SEDANG,DKI4 Lubang Buaya
4/12/2012,201204,67,,4,12,77,13,77,O3,SEDANG,DKI4 Lubang Buaya
4/13/2012,201204,66,,7,11,60,15,66,PM10,SEDANG,DKI4 Lubang Buaya
4/14/2012,201204,77,,4,13,64,13,77,PM10,SEDANG,DKI4 Lubang Buaya
4/15/2012,201204,72,,3,6,58,9,72,PM10,SEDANG,DKI4 Lubang Buaya
4/16/2012,201204,114,,5,10,61,9,114,PM10,TIDAK SEHAT,DKI4 Lubang Buaya
4/17/2012,201204,84,,3,9,74,9,84,PM10,SEDANG,DKI4 Lubang Buaya
4/18/2012,201204,77,,4,11,57,14,77,PM10,SEDANG,DKI4 Lubang Buaya
4/19/2012,201204,65,,3,7,78,11,78,O3,SEDANG,DKI4 Lubang Buaya
4/20/2012,201204,115,,4,17,79,12.33333333,115,PM10,TIDAK SEHAT,DKI4 Lubang Buaya
4/21/2012,201204,82,,3,11,85,13.66666667,85,O3,SEDANG,DKI4 Lubang Buaya
4/22/2012,201204,86,,4,21,82,15,86,PM10,SEDANG,DKI4 Lubang Buaya
4/23/2012,201204,111,,6,9,58,14.44444444,111,PM10,TIDAK SEHAT,DKI4 Lubang Buaya
4/24/2012,201204,125,,5,10,64,13.88888889,125,PM10,TIDAK SEHAT,DKI4 Lubang Buaya
4/25/2012,201204,97,,7,6,94,13.33333333,97,PM10,SEDANG,DKI4 Lubang Buaya
4/26/2012,201204,87,,8,5,97,12.77777778,97,O3,SEDANG,DKI4 Lubang Buaya
4/27/2012,201204,65,,8,5,92,12.22222222,92,O3,SEDANG,DKI4 Lubang Buaya
4/28/2012,201204,114,,6,8,95,11.66666667,114,PM10,TIDAK SEHAT,DKI4 Lubang Buaya
4/29/2012,201204,89,,4,7,73,11.11111111,89,PM10,SEDANG,DKI4 Lubang Buaya
4/30/2012,201204,68,,4,8,84.66666667,10.55555556,68,PM10,SEDANG,DKI4 Lubang Buaya
5/1/2012,201205,56,,4,7,96.33333333,10,56,PM10,SEDANG,DKI4 Lubang Buaya
5/2/2012,201205,76,,4,9,108,15,108,O3,TIDAK SEHAT,DKI4 Lubang Buaya
5/3/2012,201205,73,,5,7,106,20,106,O3,TIDAK SEHAT,DKI4 Lubang Buaya
5/4/2012,201205,67,,7,8,99,14,99,O3,SEDANG,DKI4 Lubang Buaya
5/5/2012,201205,108,,7,10,88,11,108,PM10,TIDAK SEHAT,DKI4 Lubang Buaya
5/6/2012,201205,83,,4,10,82,13,83,PM10,SEDANG,DKI4 Lubang Buaya
5/7/2012,201205,74,,5,7,54,13,74,PM10,SEDANG,DKI4 Lubang Buaya
5/8/2012,201205,79,,5,17,74,13,79,PM10,SEDANG,DKI4 Lubang Buaya
5/9/2012,201205,80.125,,5,17,73.375,13,17,CO,BAIK,DKI4 Lubang Buaya
5/16/2012,201205,88,,5,13,69,13,88,PM10,SEDANG,DKI4 Lubang Buaya
5/17/2012,201205,73,,5,17,59,18,73,PM10,SEDANG,DKI4 Lubang Buaya
5/18/2012,201205,81,,5,5,64,19,81,PM10,SEDANG,DKI4 Lubang Buaya
5/19/2012,201205,89,,6,6,46,14,89,PM10,SEDANG,DKI4 Lubang Buaya
5/20/2012,201205,92,,5,8,48,8,92,PM10,SEDANG,DKI4 Lubang Buaya
5/21/2012,201205,72,,4,5,87,8,87,O3,SEDANG,DKI4 Lubang Buaya
5/22/2012,201205,64,,5,7,103,16,103,O3,TIDAK SEHAT,DKI4 Lubang Buaya
5/23/2012,201205,108,,6,12,96,16,108,PM10,TIDAK SEHAT,DKI4 Lubang Buaya
5/24/2012,201205,67,,6,7,70,15.7,70,O3,SEDANG,DKI4 Lubang Buaya
5/25/2012,201205,60,,4,10,74,15.4,74,O3,SEDANG,DKI4 Lubang Buaya
5/26/2012,201205,74,,5,10,65,15.1,74,PM10,SEDANG,DKI4 Lubang Buaya
5/27/2012,201205,86,,5,11,59,14.8,86,PM10,SEDANG,DKI4 Lubang Buaya
5/28/2012,201205,83,,5,10,58,14.5,83,PM10,SEDANG,DKI4 Lubang Buaya
5/29/2012,201205,91,,4,8,100,14.2,100,O3,SEDANG,DKI4 Lubang Buaya
5/30/2012,201205,80,,4,7,75,13.9,80,PM10,SEDANG,DKI4 Lubang Buaya
5/31/2012,201205,139,,4,16,83,13.6,139,PM10,TIDAK SEHAT,DKI4 Lubang Buaya
6/1/2012,201206,97,,6,14,91,13.3,97,PM10,SEDANG,DKI4 Lubang Buaya
6/2/2012,201206,86,,6,9,90,13,90,O3,SEDANG,DKI4 Lubang Buaya
6/3/2012,201206,94,,6,11,72,18,94,PM10,SEDANG,DKI4 Lubang Buaya
6/4/2012,201206,82,,5,9,74,10,82,PM10,SEDANG,DKI4 Lubang Buaya
6/5/2012,201206,74,,5,8,64,18,74,PM10,SEDANG,DKI4 Lubang Buaya
6/6/2012,201206,79,,7,9,61,14,79,PM10,SEDANG,DKI4 Lubang Buaya
6/7/2012,201206,44,,5,6,103,9,103,O3,TIDAK SEHAT,DKI4 Lubang Buaya
6/8/2012,201206,72,,4,8,75,10,75,O3,SEDANG,DKI4 Lubang Buaya
6/9/2012,201206,55,,5,6,161,14,161,O3,TIDAK SEHAT,DKI4 Lubang Buaya
6/10/2012,201206,71,,5,9,107,11,107,O3,TIDAK SEHAT,DKI4 Lubang Buaya
6/11/2012,201206,96,,4,10,102,10,102,O3,TIDAK SEHAT,DKI4 Lubang Buaya
6/12/2012,201206,84,,7,9,87,16,87,O3,SEDANG,DKI4 Lubang Buaya
6/13/2012,201206,121,,6,9,64,15,121,PM10,TIDAK SEHAT,DKI4 Lubang Buaya
6/14/2012,201206,91,,5,10,109,15,109,O3,TIDAK SEHAT,DKI4 Lubang Buaya
6/15/2012,201206,83,,6,8,92,14,92,O3,SEDANG,DKI4 Lubang Buaya
6/16/2012,201206,94,,6,9,76,22,94,PM10,SEDANG,DKI4 Lubang Buaya
6/17/2012,201206,85,,5,9,69,9,85,PM10,SEDANG,DKI4 Lubang Buaya
6/18/2012,201206,95,,6,8,44,11,95,PM10,SEDANG,DKI4 Lubang Buaya
6/19/2012,201206,92,,6,9,44,10,92,PM10,SEDANG,DKI4 Lubang Buaya
6/20/2012,201206,95,,7,8,59,13,95,PM10,SEDANG,DKI4 Lubang Buaya
6/21/2012,201206,120,,5,9,77,20,120,PM10,TIDAK SEHAT,DKI4 Lubang Buaya
6/22/2012,201206,96,,4,8,67,14,96,PM10,SEDANG,DKI4 Lubang Buaya
6/23/2012,201206,94,,5,7,55,11,94,PM10,SEDANG,DKI4 Lubang Buaya
6/24/2012,201206,105,,5,8,73,12,105,PM10,TIDAK SEHAT,DKI4 Lubang Buaya
6/25/2012,201206,79,,6,6,69,10,79,PM10,SEDANG,DKI4 Lubang Buaya
6/26/2012,201206,72,,6,7,72,12,72,PM10,SEDANG,DKI4 Lubang Buaya
6/27/2012,201206,80,,6,7,87,15,87,O3,SEDANG,DKI4 Lubang Buaya
6/28/2012,201206,113,,7,8,106,19,113,PM10,TIDAK SEHAT,DKI4 Lubang Buaya
6/29/2012,201206,107,,6,9,93,12,107,PM10,TIDAK SEHAT,DKI4 Lubang Buaya
6/30/2012,201206,98,,8,9,73,15,98,PM10,SEDANG,DKI4 Lubang Buaya
7/1/2012,201207,88,,7,9,74,13,88,PM10,SEDANG,DKI4 Lubang Buaya
7/2/2012,201207,134,,6,11,61,17,134,PM10,TIDAK SEHAT,DKI4 Lubang Buaya
7/3/2012,201207,106,,7,8,72,13,106,PM10,TIDAK SEHAT,DKI4 Lubang Buaya
7/4/2012,201207,85,,6,6,73,15,85,PM10,SEDANG,DKI4 Lubang Buaya
7/5/2012,201207,86,,8,5,71,12,86,PM10,SEDANG,DKI4 Lubang Buaya
7/6/2012,201207,97,,9,8,67,13,97,PM10,SEDANG,DKI4 Lubang Buaya
7/7/2012,201207,127,,10,9,90,16,127,PM10,TIDAK SEHAT,DKI4 Lubang Buaya
7/8/2012,201207,140,,9,15,74,13,140,PM10,TIDAK SEHAT,DKI4 Lubang Buaya
7/9/2012,201207,114,,9,10,87,18,114,PM10,TIDAK SEHAT,DKI4 Lubang Buaya
7/10/2012,201207,116,,10,9,90,13,116,PM10,TIDAK SEHAT,DKI4 Lubang Buaya
7/11/2012,201207,105,,9,8,88,13,105,PM10,TIDAK SEHAT,DKI4 Lubang Buaya
7/12/2012,201207,86,,8,5,115,13,115,O3,TIDAK SEHAT,DKI4 Lubang Buaya
7/13/2012,201207,106,,10,6,130,18,130,O3,TIDAK SEHAT,DKI4 Lubang Buaya
7/14/2012,201207,107,,9,6,102,15,107,PM10,TIDAK SEHAT,DKI4 Lubang Buaya
7/15/2012,201207,145,,10,11,74,14,145,PM10,TIDAK SEHAT,DKI4 Lubang Buaya
7/16/2012,201207,118,,9,7,62,15,118,PM10,TIDAK SEHAT,DKI4 Lubang Buaya
7/17/2012,201207,72,,9,5,62,14,72,PM10,SEDANG,DKI4 Lubang Buaya
7/18/2012,201207,76,,10,5,97,30,97,O3,SEDANG,DKI4 Lubang Buaya
7/19/2012,201207,95,,9,5,94,19,95,PM10,SEDANG,DKI4 Lubang Buaya
7/20/2012,201207,77,,10,5,58,9,77,PM10,SEDANG,DKI4 Lubang Buaya
7/21/2012,201207,73,,10,5,64,12,73,PM10,SEDANG,DKI4 Lubang Buaya
7/22/2012,201207,120,,9,5,60,10,120,PM10,TIDAK SEHAT,DKI4 Lubang Buaya
7/23/2012,201207,106,,10,6,151,14,151,O3,TIDAK SEHAT,DKI4 Lubang Buaya
7/24/2012,201207,125,,11,6,132,19,132,O3,TIDAK SEHAT,DKI4 Lubang Buaya
7/25/2012,201207,107,,7,6,99,16,107,PM10,TIDAK SEHAT,DKI4 Lubang Buaya
7/26/2012,201207,138,,7,11,90,11,138,PM10,TIDAK SEHAT,DKI4 Lubang Buaya
7/27/2012,201207,114,,7,10,105.5,14,114,PM10,TIDAK SEHAT,DKI4 Lubang Buaya
7/28/2012,201207,148,,7,10,121,12,148,PM10,TIDAK SEHAT,DKI4 Lubang Buaya
7/29/2012,201207,150,,7,9,67,8,150,PM10,TIDAK SEHAT,DKI4 Lubang Buaya
7/30/2012,201207,107,,7,9,59,12,107,PM10,TIDAK SEHAT,DKI4 Lubang Buaya
7/31/2012,201207,107,,7,8,100,12,107,PM10,TIDAK SEHAT,DKI4 Lubang Buaya
8/1/2012,201208,123,,7,10,94,15,123,PM10,TIDAK SEHAT,DKI4 Lubang Buaya
8/2/2012,201208,103,,7,12,90,9,103,PM10,TIDAK SEHAT,DKI4 Lubang Buaya
8/3/2012,201208,81,,7,10,81,11,81,PM10,SEDANG,DKI4 Lubang Buaya
8/4/2012,201208,101,,10,10,71.5,12,101,PM10,TIDAK SEHAT,DKI4 Lubang Buaya
8/5/2012,201208,139,,10,9,62,13,139,PM10,TIDAK SEHAT,DKI4 Lubang Buaya
8/6/2012,201208,136,,10,7,101,14,136,PM10,TIDAK SEHAT,DKI4 Lubang Buaya
8/7/2012,201208,97,,10,8,105,17,97,PM10,SEDANG,DKI4 Lubang Buaya
8/8/2012,201208,83,,11,8,109,10,109,O3,TIDAK SEHAT,DKI4 Lubang Buaya
8/9/2012,201208,171,,11,7,54,12,171,PM10,TIDAK SEHAT,DKI4 Lubang Buaya
8/10/2012,201208,140,,11,9,56.33333333,14,140,PM10,TIDAK SEHAT,DKI4 Lubang Buaya
8/11/2012,201208,114,,10,7,58.66666667,13,114,PM10,TIDAK SEHAT,DKI4 Lubang Buaya
8/12/2012,201208,121,,9,8,61,9,121,PM10,TIDAK SEHAT,DKI4 Lubang Buaya
8/13/2012,201208,132,,9,6,95,14,132,PM10,TIDAK SEHAT,DKI4 Lubang Buaya
8/14/2012,201208,97,,9,5,77,11,97,PM10,SEDANG,DKI4 Lubang Buaya
8/15/2012,201208,94,,10,6,68,12,94,PM10,SEDANG,DKI4 Lubang Buaya
8/16/2012,201208,99,,9,7,59,13,99,PM10,SEDANG,DKI4 Lubang Buaya
8/17/2012,201208,98,,9,8,75,11,98,PM10,SEDANG,DKI4 Lubang Buaya
8/18/2012,201208,166,,9,7,71,12,166,PM10,TIDAK SEHAT,DKI4 Lubang Buaya
8/19/2012,201208,109,,9,8,57,10,109,PM10,TIDAK SEHAT,DKI4 Lubang Buaya
8/20/2012,201208,65,,9,6,69,6,69,O3,SEDANG,DKI4 Lubang Buaya
8/21/2012,201208,72,,9,13,61,9,72,PM10,SEDANG,DKI4 Lubang Buaya
8/22/2012,201208,75,,9,9,76,9,76,O3,SEDANG,DKI4 Lubang Buaya
8/23/2012,201208,85,,9,8,83,9,85,PM10,SEDANG,DKI4 Lubang Buaya
8/24/2012,201208,89,,10,8,86,10,89,PM10,SEDANG,DKI4 Lubang Buaya
8/25/2012,201208,73,,10,9,89,7,89,O3,SEDANG,DKI4 Lubang Buaya
8/26/2012,201208,95,,9,10,62,11,95,PM10,SEDANG,DKI4 Lubang Buaya
8/27/2012,201208,78,,10,10,94,9,94,O3,SEDANG,DKI4 Lubang Buaya
8/28/2012,201208,128,,11,9,104,18,128,PM10,TIDAK SEHAT,DKI4 Lubang Buaya
8/29/2012,201208,77,,10,7,93,11,93,O3,SEDANG,DKI4 Lubang Buaya
8/30/2012,201208,149,,11,7,52,20,149,PM10,TIDAK SEHAT,DKI4 Lubang Buaya
8/31/2012,201208,106,,10,7,76,14,106,PM10,TIDAK SEHAT,DKI4 Lubang Buaya
9/1/2012,201209,77,,12,7,92,13,92,O3,SEDANG,DKI4 Lubang Buaya
9/2/2012,201209,128,,13,9,82,20,128,PM10,TIDAK SEHAT,DKI4 Lubang Buaya
9/3/2012,201209,124.3333333,,13,7,73,16,73,O3,SEDANG,DKI4 Lubang Buaya
9/14/2012,201209,84,,13,6,116,25,116,O3,TIDAK SEHAT,DKI4 Lubang Buaya
9/15/2012,201209,131,,13,6,165,29,165,O3,TIDAK SEHAT,DKI4 Lubang Buaya
9/16/2012,201209,111,,11,6,110,13,111,PM10,TIDAK SEHAT,DKI4 Lubang Buaya
9/17/2012,201209,178,,11,7,71,14,178,PM10,TIDAK SEHAT,DKI4 Lubang Buaya
9/18/2012,201209,100,,10,6,99,15,100,PM10,SEDANG,DKI4 Lubang Buaya
9/19/2012,201209,101,,11,6,51,13,101,PM10,TIDAK SEHAT,DKI4 Lubang Buaya
9/20/2012,201209,71,,11,5,82,12,82,O3,SEDANG,DKI4 Lubang Buaya
9/21/2012,201209,79,,12,6,110,17,110,O3,TIDAK SEHAT,DKI4 Lubang Buaya
9/22/2012,201209,110,,11,7,74,13,110,PM10,TIDAK SEHAT,DKI4 Lubang Buaya
9/23/2012,201209,102,,12,7,107,14,107,O3,TIDAK SEHAT,DKI4 Lubang Buaya
9/24/2012,201209,81,,10,6,77,12,81,PM10,SEDANG,DKI4 Lubang Buaya
9/25/2012,201209,77,,12,6,99,19,99,O3,SEDANG,DKI4 Lubang Buaya
9/26/2012,201209,86,,13,6,113,23,113,O3,TIDAK SEHAT,DKI4 Lubang Buaya
9/27/2012,201209,62,,10,7,79,25,79,O3,SEDANG,DKI4 Lubang Buaya
9/28/2012,201209,74,,10,28,61,21,74,PM10,SEDANG,DKI4 Lubang Buaya
9/29/2012,201209,109,,12,52,66,27,109,PM10,TIDAK SEHAT,DKI4 Lubang Buaya
9/30/2012,201209,89,,12,52,64,18,89,PM10,SEDANG,DKI4 Lubang Buaya
10/1/2012,201210,98,,14,47,67.57142857,15,98,PM10,SEDANG,DKI4 Lubang Buaya
10/2/2012,201210,92,,9,30,71.14285714,11,92,PM10,SEDANG,DKI4 Lubang Buaya
10/3/2012,201210,96,,10,69,74.71428571,13,96,PM10,SEDANG,DKI4 Lubang Buaya
10/4/2012,201210,76,,9,44,78.28571429,13,76,PM10,SEDANG,DKI4 Lubang Buaya
10/5/2012,201210,65,,9,47,81.85714286,14,65,PM10,SEDANG,DKI4 Lubang Buaya
10/6/2012,201210,63,,11,54,85.42857143,13,63,PM10,SEDANG,DKI4 Lubang Buaya
10/7/2012,201210,62,,13,27,89,16,89,O3,SEDANG,DKI4 Lubang Buaya
10/8/2012,201210,83,,11,37,116,14,116,O3,TIDAK SEHAT,DKI4 Lubang Buaya
10/9/2012,201210,92,,12,52,97,15,97,O3,SEDANG,DKI4 Lubang Buaya
10/10/2012,201210,67,,12,32,143,16,143,O3,TIDAK SEHAT,DKI4 Lubang Buaya
10/11/2012,201210,72,,11,30,159,13,159,O3,TIDAK SEHAT,DKI4 Lubang Buaya
10/12/2012,201210,64,,12,25,131,12,131,O3,TIDAK SEHAT,DKI4 Lubang Buaya
10/13/2012,201210,109,,13,55,58,14,109,PM10,TIDAK SEHAT,DKI4 Lubang Buaya
10/14/2012,201210,93,,11,46,56,8,93,PM10,SEDANG,DKI4 Lubang Buaya
10/15/2012,201210,139,,12,63,60,15,139,PM10,TIDAK SEHAT,DKI4 Lubang Buaya
10/16/2012,201210,92,,12,42,67,13,92,PM10,SEDANG,DKI4 Lubang Buaya
10/17/2012,201210,116,,12,52,68,14,116,PM10,TIDAK SEHAT,DKI4 Lubang Buaya
10/18/2012,201210,111,,11,41,45,9,111,PM10,TIDAK SEHAT,DKI4 Lubang Buaya
10/19/2012,201210,86,,11,40,97,25,97,O3,SEDANG,DKI4 Lubang Buaya
10/20/2012,201210,95,,10,106,81.5,16,106,CO,TIDAK SEHAT,DKI4 Lubang Buaya
10/21/2012,201210,76,,11,62,66,9,76,PM10,SEDANG,DKI4 Lubang Buaya
10/22/2012,201210,62,,12,36,99,10,99,O3,SEDANG,DKI4 Lubang Buaya
10/23/2012,201210,77,,12,41,139,17,139,O3,TIDAK SEHAT,DKI4 Lubang Buaya
10/24/2012,201210,109,,14,48,140,15,140,O3,TIDAK SEHAT,DKI4 Lubang Buaya
10/25/2012,201210,81,,12,33,85,11,85,O3,SEDANG,DKI4 Lubang Buaya
10/26/2012,201210,115,,11,80,81.5,16,115,PM10,TIDAK SEHAT,DKI4 Lubang Buaya
10/27/2012,201210,69,,9,55,78,8,69,PM10,SEDANG,DKI4 Lubang Buaya
10/28/2012,201210,75,,10,73,74.5,10,75,PM10,SEDANG,DKI4 Lubang Buaya
10/29/2012,201210,84,,10,67,71,10,84,PM10,SEDANG,DKI4 Lubang Buaya
10/30/2012,201210,68,,10,58,68,14,68,PM10,SEDANG,DKI4 Lubang Buaya
10/31/2012,201210,72,,12,42,89,14,89,O3,SEDANG,DKI4 Lubang Buaya
11/1/2012,201211,98,,15,51,103,17,98,PM10,SEDANG,DKI4 Lubang Buaya
11/2/2012,201211,84,,11,72,117,24,117,O3,TIDAK SEHAT,DKI4 Lubang Buaya
11/3/2012,201211,87,,11,61,133.5,15,87,PM10,SEDANG,DKI4 Lubang Buaya
11/4/2012,201211,85,,11,72,150,20,150,O3,TIDAK SEHAT,DKI4 Lubang Buaya
11/5/2012,201211,68,,10,78,87,20,87,O3,SEDANG,DKI4 Lubang Buaya
11/6/2012,201211,62,,12,47,84,22,84,O3,SEDANG,DKI4 Lubang Buaya
11/7/2012,201211,75,,12,65,95,18,95,O3,SEDANG,DKI4 Lubang Buaya
11/8/2012,201211,58,,11,42,77,13,77,O3,SEDANG,DKI4 Lubang Buaya
11/9/2012,201211,53,,10,31,87,9,87,O3,SEDANG,DKI4 Lubang Buaya
11/10/2012,201211,63,,11,118,85.5,14,118,CO,TIDAK SEHAT,DKI4 Lubang Buaya
11/11/2012,201211,60,,12,28,84,10,84,O3,SEDANG,DKI4 Lubang Buaya
11/12/2012,201211,53,,12,39,92,22,92,O3,SEDANG,DKI4 Lubang Buaya
11/13/2012,201211,62,,10,40,112,13,112,O3,TIDAK SEHAT,DKI4 Lubang Buaya
11/14/2012,201211,82,,10,78,118.5,13,82,PM10,SEDANG,DKI4 Lubang Buaya
11/15/2012,201211,73,,11,134,125,13,134,CO,TIDAK SEHAT,DKI4 Lubang Buaya
11/16/2012,201211,75,,10,78,105,13,105,O3,TIDAK SEHAT,DKI4 Lubang Buaya
11/21/2012,201211,65,,10,73,136,9,136,O3,TIDAK SEHAT,DKI4 Lubang Buaya
11/22/2012,201211,59,,11,48,93,13,93,O3,SEDANG,DKI4 Lubang Buaya
11/23/2012,201211,52,,10,40,116,11,116,O3,TIDAK SEHAT,DKI4 Lubang Buaya
11/28/2012,201211,59,,11,47,90,12,90,O3,SEDANG,DKI4 Lubang Buaya
11/29/2012,201211,61,,11,49,136,17,136,O3,TIDAK SEHAT,DKI4 Lubang Buaya
11/30/2012,201211,57,,11,76,105,15,105,O3,TIDAK SEHAT,DKI4 Lubang Buaya
12/1/2012,201212,40,,10,61,78,13,78,O3,SEDANG,DKI4 Lubang Buaya
12/2/2012,201212,66,,10,85,81,15,85,CO,SEDANG,DKI4 Lubang Buaya
12/3/2012,201212,52,,10,58,64,12,64,O3,SEDANG,DKI4 Lubang Buaya
12/4/2012,201212,46,,10,64,67,16,67,O3,SEDANG,DKI4 Lubang Buaya
12/5/2012,201212,50,,10,35,45,7,50,PM10,BAIK,DKI4 Lubang Buaya
12/6/2012,201212,56,,13,35,85,12,85,O3,SEDANG,DKI4 Lubang Buaya
12/7/2012,201212,71,,13,58,221,11,221,O3,SANGAT TIDAK SEHAT,DKI4 Lubang Buaya
12/8/2012,201212,57,,9,14,79,9,79,O3,SEDANG,DKI4 Lubang Buaya
12/9/2012,201212,54,,5,38,77,16,77,O3,SEDANG,DKI4 Lubang Buaya
12/10/2012,201212,54,,1,17,111,11,111,O3,TIDAK SEHAT,DKI4 Lubang Buaya
12/11/2012,201212,65,,2,31,72,15,72,O3,SEDANG,DKI4 Lubang Buaya
12/12/2012,201212,72,,3,20,87,19,87,O3,SEDANG,DKI4 Lubang Buaya
12/13/2012,201212,64,,2,39,81,17,81,O3,SEDANG,DKI4 Lubang Buaya
12/14/2012,201212,61,,1,31,144,17,144,O3,TIDAK SEHAT,DKI4 Lubang Buaya
12/15/2012,201212,55,,1,61,58,11,61,CO,SEDANG,DKI4 Lubang Buaya
12/16/2012,201212,51,,1,16,48,8,51,PM10,SEDANG,DKI4 Lubang Buaya
12/17/2012,201212,45,,1,32,97,11,97,O3,SEDANG,DKI4 Lubang Buaya
12/18/2012,201212,42,,1,26,40,12,42,PM10,BAIK,DKI4 Lubang Buaya
12/19/2012,201212,50,,1,24,62,8,62,O3,SEDANG,DKI4 Lubang Buaya
12/20/2012,201212,59,,1,23.75,86,12,86,O3,SEDANG,DKI4 Lubang Buaya
12/21/2012,201212,46,,0.888888889,23.5,53,12,53,O3,SEDANG,DKI4 Lubang Buaya
12/22/2012,201212,52,,0.777777778,23.25,97,9,97,O3,SEDANG,DKI4 Lubang Buaya
12/23/2012,201212,36,,0.666666667,23,58,9,58,O3,SEDANG,DKI4 Lubang Buaya
12/24/2012,201212,41,,0.555555556,22.75,63,6,63,O3,SEDANG,DKI4 Lubang Buaya
12/25/2012,201212,42,,0.444444444,22.5,61,4,61,O3,SEDANG,DKI4 Lubang Buaya
12/26/2012,201212,40.33333333,,0.333333333,22.25,88,8,88,O3,SEDANG,DKI4 Lubang Buaya
12/27/2012,201212,38.66666667,,0.222222222,22,42,10,42,O3,BAIK,DKI4 Lubang Buaya
12/28/2012,201212,37,,0.111111111,10,60,5,60,O3,SEDANG,DKI4 Lubang Buaya
12/29/2012,201212,32,,0,15,48,14,48,O3,BAIK,DKI4 Lubang Buaya
12/30/2012,201212,30,,0,10,45,4,45,O3,BAIK,DKI4 Lubang Buaya
12/31/2012,201212,36,,0,7,34,4,36,PM10,BAIK,DKI4 Lubang Buaya
1/8/2013,201301,33,,2,25,31,6,33,PM10,BAIK,DKI4 Lubang Buaya
4/3/2013,201304,71,,17,43,151,27,151,O3,TIDAK SEHAT,DKI4 Lubang Buaya
4/4/2013,201304,65,,13,35,144,17,144,O3,TIDAK SEHAT,DKI4 Lubang Buaya
4/5/2013,201304,56,,15,38,66,16,66,O3,SEDANG,DKI4 Lubang Buaya
4/6/2013,201304,51,,20,23,132,16,132,O3,TIDAK SEHAT,DKI4 Lubang Buaya
4/11/2013,201304,78,,14,33,93,20,93,O3,SEDANG,DKI4 Lubang Buaya
4/12/2013,201304,63,,14,33,54,21,63,PM10,SEDANG,DKI4 Lubang Buaya
4/16/2013,201304,62,,13,30,90,22,90,O3,SEDANG,DKI4 Lubang Buaya
4/21/2013,201304,75,,10,37,120,19,120,O3,TIDAK SEHAT,DKI4 Lubang Buaya
4/22/2013,201304,56,,16,32,71,12,71,O3,SEDANG,DKI4 Lubang Buaya
4/26/2013,201304,77,,20,58,99,24,99,O3,SEDANG,DKI4 Lubang Buaya
4/27/2013,201304,68,,16,26,75,11,75,O3,SEDANG,DKI4 Lubang Buaya
4/28/2013,201304,72,,15,26,60,13,72,PM10,SEDANG,DKI4 Lubang Buaya
4/29/2013,201304,67,,23,18,60,14,67,PM10,SEDANG,DKI4 Lubang Buaya
4/30/2013,201304,71,,19,15,68,13,71,PM10,SEDANG,DKI4 Lubang Buaya
5/1/2013,201305,71,,11,18,74,12,74,O3,SEDANG,DKI4 Lubang Buaya
5/5/2013,201305,76,,17,20,69,13,76,PM10,SEDANG,DKI4 Lubang Buaya
5/6/2013,201305,89,,18,36,113,18,113,O3,TIDAK SEHAT,DKI4 Lubang Buaya
5/7/2013,201305,89,,12,32,79,16,89,PM10,SEDANG,DKI4 Lubang Buaya
5/8/2013,201305,58,,10,31,71,17,71,O3,SEDANG,DKI4 Lubang Buaya
5/9/2013,201305,67,,18,28,77,17,77,O3,SEDANG,DKI4 Lubang Buaya
5/12/2013,201305,57,,11,32,110,18,110,O3,TIDAK SEHAT,DKI4 Lubang Buaya
5/13/2013,201305,69,,16,37,47,19,69,PM10,SEDANG,DKI4 Lubang Buaya
5/15/2013,201305,82,,19,40,56,28,82,PM10,SEDANG,DKI4 Lubang Buaya
5/16/2013,201305,69,,14,35,64,28,69,PM10,SEDANG,DKI4 Lubang Buaya
5/17/2013,201305,87,,27,30,77,18,87,PM10,SEDANG,DKI4 Lubang Buaya
5/18/2013,201305,68,,27,36,135,21,135,O3,TIDAK SEHAT,DKI4 Lubang Buaya
5/19/2013,201305,77,,18,31,133,28,133,O3,TIDAK SEHAT,DKI4 Lubang Buaya
5/25/2013,201305,77,,13,24,99,25,99,O3,SEDANG,DKI4 Lubang Buaya
5/26/2013,201305,63,,17,26,103,17,103,O3,TIDAK SEHAT,DKI4 Lubang Buaya
5/29/2013,201305,79,,22,67,120,22,120,O3,TIDAK SEHAT,DKI4 Lubang Buaya
5/30/2013,201305,59,,18,21,75,22,75,O3,SEDANG,DKI4 Lubang Buaya
5/31/2013,201305,52,,13,20,60,24,60,O3,SEDANG,DKI4 Lubang Buaya
6/1/2013,201306,50,,12,20,81,16,81,O3,SEDANG,DKI4 Lubang Buaya
6/2/2013,201306,67,,16,42,69,27,69,O3,SEDANG,DKI4 Lubang Buaya
6/3/2013,201306,64,,12,28,60,17,64,PM10,SEDANG,DKI4 Lubang Buaya
6/4/2013,201306,56,,10,31,45,17,56,PM10,SEDANG,DKI4 Lubang Buaya
6/5/2013,201306,62,,11,42,95,18,95,O3,SEDANG,DKI4 Lubang Buaya
6/6/2013,201306,53,,9,32,48,14,53,PM10,SEDANG,DKI4 Lubang Buaya
6/7/2013,201306,76,,18,53,149,29,149,O3,TIDAK SEHAT,DKI4 Lubang Buaya
6/8/2013,201306,111,,25,62,129,21,129,O3,TIDAK SEHAT,DKI4 Lubang Buaya
6/11/2013,201306,66,,19,35,116,19,116,O3,TIDAK SEHAT,DKI4 Lubang Buaya
6/12/2013,201306,37,,10,33,55,12,55,O3,SEDANG,DKI4 Lubang Buaya
6/13/2013,201306,70,,29,58,72,25,72,O3,SEDANG,DKI4 Lubang Buaya
6/15/2013,201306,67,,28,35,74,13,74,O3,SEDANG,DKI4 Lubang Buaya
6/18/2013,201306,78,,14,54,65,25,78,PM10,SEDANG,DKI4 Lubang Buaya
6/19/2013,201306,64,,18,35,60,15,64,PM10,SEDANG,DKI4 Lubang Buaya
6/21/2013,201306,99,,24,77,90,30,99,PM10,SEDANG,DKI4 Lubang Buaya
6/22/2013,201306,92,,31,81,82,16,92,PM10,SEDANG,DKI4 Lubang Buaya
6/23/2013,201306,74,,28,66,97,11,97,O3,SEDANG,DKI4 Lubang Buaya
6/25/2013,201306,87,,39,45,140,21,140,O3,TIDAK SEHAT,DKI4 Lubang Buaya
6/26/2013,201306,93,,40,34,101,26,101,O3,TIDAK SEHAT,DKI4 Lubang Buaya
6/27/2013,201306,83,,52,58,89,26,89,O3,SEDANG,DKI4 Lubang Buaya
6/30/2013,201306,73,,40,35,69,14,73,PM10,SEDANG,DKI4 Lubang Buaya
7/1/2013,201307,63,,30,31,71,20,71,O3,SEDANG,DKI4 Lubang Buaya
7/2/2013,201307,82,,28,43,79,21,82,PM10,SEDANG,DKI4 Lubang Buaya
7/5/2013,201307,60,,40,49,64,22,64,O3,SEDANG,DKI4 Lubang Buaya
7/7/2013,201307,83,,19,58,65,16,83,PM10,SEDANG,DKI4 Lubang Buaya
7/8/2013,201307,104,,36,98,109,17,109,O3,TIDAK SEHAT,DKI4 Lubang Buaya
7/10/2013,201307,57,,14,37,104,20,104,O3,TIDAK SEHAT,DKI4 Lubang Buaya
7/12/2013,201307,60,,28,45,88,21,88,O3,SEDANG,DKI4 Lubang Buaya
7/13/2013,201307,60,,27,39,83,19,83,O3,SEDANG,DKI4 Lubang Buaya
7/15/2013,201307,65,,27,48,76,19,76,O3,SEDANG,DKI4 Lubang Buaya
7/17/2013,201307,74,,20,50,117,25,117,O3,TIDAK SEHAT,DKI4 Lubang Buaya
7/18/2013,201307,75,,19,45,84,20,84,O3,SEDANG,DKI4 Lubang Buaya
7/25/2013,201307,65,,24,44,56,13,65,PM10,SEDANG,DKI4 Lubang Buaya
7/26/2013,201307,57,,19,25,51,9,57,PM10,SEDANG,DKI4 Lubang Buaya
7/27/2013,201307,72,,27,30,91,15,91,O3,SEDANG,DKI4 Lubang Buaya
7/28/2013,201307,78,,23,58,78,24,78,PM10,SEDANG,DKI4 Lubang Buaya
7/29/2013,201307,80,,23,35,115,19,115,O3,TIDAK SEHAT,DKI4 Lubang Buaya
7/31/2013,201307,75,,18,32,88,21,88,O3,SEDANG,DKI4 Lubang Buaya
8/8/2013,201308,67,,18,58,94,13,94,O3,SEDANG,DKI4 Lubang Buaya
8/9/2013,201308,53,,37,28,87,14,87,O3,SEDANG,DKI4 Lubang Buaya
8/10/2013,201308,66,,22,36,117,11,117,O3,TIDAK SEHAT,DKI4 Lubang Buaya
8/11/2013,201308,59,,24,32,92,15,92,O3,SEDANG,DKI4 Lubang Buaya
8/15/2013,201308,72,,32,25,59,15,72,PM10,SEDANG,DKI4 Lubang Buaya
8/17/2013,201308,68,,28,34,66,10,68,PM10,SEDANG,DKI4 Lubang Buaya
8/18/2013,201308,54,,16,25,79,13,79,O3,SEDANG,DKI4 Lubang Buaya
8/19/2013,201308,60,,29,32,71,16,71,O3,SEDANG,DKI4 Lubang Buaya
8/26/2013,201308,78,,40,25,71,14,78,PM10,SEDANG,DKI4 Lubang Buaya
8/28/2013,201308,74,,26,28,124,23,124,O3,TIDAK SEHAT,DKI4 Lubang Buaya
8/29/2013,201308,74,,30,27,71,13,74,PM10,SEDANG,DKI4 Lubang Buaya
8/30/2013,201308,91,,21,34,69,17,91,PM10,SEDANG,DKI4 Lubang Buaya
9/1/2013,201309,74,,23,33,67,13,74,PM10,SEDANG,DKI4 Lubang Buaya
9/6/2013,201309,67,,18,31,123,19,123,O3,TIDAK SEHAT,DKI4 Lubang Buaya
9/7/2013,201309,70,,20,32,78,20,78,O3,SEDANG,DKI4 Lubang Buaya
9/12/2013,201309,76,,33,29,70,17,76,PM10,SEDANG,DKI4 Lubang Buaya
9/14/2013,201309,71,,30,28,113,19,113,O3,TIDAK SEHAT,DKI4 Lubang Buaya
9/18/2013,201309,77,,19,30,110,27,110,O3,TIDAK SEHAT,DKI4 Lubang Buaya
9/26/2013,201309,67,,22,26,100,19,100,O3,SEDANG,DKI4 Lubang Buaya
9/27/2013,201309,65,,31,31,118,25,118,O3,TIDAK SEHAT,DKI4 Lubang Buaya
9/29/2013,201309,77,,37,26,88,12,88,O3,SEDANG,DKI4 Lubang Buaya
10/1/2013,201310,101,,40,39,85,25,101,PM10,TIDAK SEHAT,DKI4 Lubang Buaya
10/4/2013,201310,85,,22,31,134,23,134,O3,TIDAK SEHAT,DKI4 Lubang Buaya
10/13/2013,201310,67,,25,22,119,14,119,O3,TIDAK SEHAT,DKI4 Lubang Buaya
10/14/2013,201310,66,,32,36,120,18,120,O3,TIDAK SEHAT,DKI4 Lubang Buaya
10/17/2013,201310,72,,25,24,55,14,72,PM10,SEDANG,DKI4 Lubang Buaya
10/18/2013,201310,73,,27,23,83,13,83,O3,SEDANG,DKI4 Lubang Buaya
10/25/2013,201310,82,,29,38,159,30,159,O3,TIDAK SEHAT,DKI4 Lubang Buaya
10/28/2013,201310,65,,33,30,124,20,124,O3,TIDAK SEHAT,DKI4 Lubang Buaya
10/29/2013,201310,65,,38,42,125,25,125,O3,TIDAK SEHAT,DKI4 Lubang Buaya
10/30/2013,201310,69,,30,59,95,25,95,O3,SEDANG,DKI4 Lubang Buaya
10/31/2013,201310,77,,28,45,120,20,120,O3,TIDAK SEHAT,DKI4 Lubang Buaya
11/1/2013,201311,72,,35,34,130,22,130,O3,TIDAK SEHAT,DKI4 Lubang Buaya
11/6/2013,201311,80,,30,41,159,19,159,O3,TIDAK SEHAT,DKI4 Lubang Buaya
11/7/2013,201311,85,,34,39,152,28,152,O3,TIDAK SEHAT,DKI4 Lubang Buaya
11/8/2013,201311,80,,50,35,132,25,132,O3,TIDAK SEHAT,DKI4 Lubang Buaya
11/9/2013,201311,73,,55,53,101,19,101,O3,TIDAK SEHAT,DKI4 Lubang Buaya
11/11/2013,201311,68,,26,28,157,19,157,O3,TIDAK SEHAT,DKI4 Lubang Buaya
11/16/2013,201311,58,,33,33,97,17,97,O3,SEDANG,DKI4 Lubang Buaya
11/17/2013,201311,49,,24,32,111,13,111,O3,TIDAK SEHAT,DKI4 Lubang Buaya
11/18/2013,201311,48,,23,29,82,17,82,O3,SEDANG,DKI4 Lubang Buaya
11/20/2013,201311,50,,22,33,29,9,50,PM10,BAIK,DKI4 Lubang Buaya
11/23/2013,201311,67,,45,27,85,18,85,O3,SEDANG,DKI4 Lubang Buaya
11/24/2013,201311,62,,33,20,147,14,147,O3,TIDAK SEHAT,DKI4 Lubang Buaya
11/25/2013,201311,63,,28,27,147,19,147,O3,TIDAK SEHAT,DKI4 Lubang Buaya
11/28/2013,201311,80,,52,32,127,22,127,O3,TIDAK SEHAT,DKI4 Lubang Buaya
11/29/2013,201311,55,,42,28,140,15,140,O3,TIDAK SEHAT,DKI4 Lubang Buaya
11/30/2013,201311,71,,50,31,151,24,151,O3,TIDAK SEHAT,DKI4 Lubang Buaya
12/1/2013,201312,64,,27,26,158,16,158,O3,TIDAK SEHAT,DKI4 Lubang Buaya
12/2/2013,201312,72,,42,32,193,20,193,O3,TIDAK SEHAT,DKI4 Lubang Buaya
12/3/2013,201312,75,,36,37,169,22,169,O3,TIDAK SEHAT,DKI4 Lubang Buaya
12/4/2013,201312,72,,37,38,159,19,159,O3,TIDAK SEHAT,DKI4 Lubang Buaya
12/6/2013,201312,70,,54,27,102,18,102,O3,TIDAK SEHAT,DKI4 Lubang Buaya
12/7/2013,201312,57,,30,27,100,17,100,O3,SEDANG,DKI4 Lubang Buaya
12/8/2013,201312,59,,35,32,117,17,117,O3,TIDAK SEHAT,DKI4 Lubang Buaya
12/9/2013,201312,62,,29,33,88,23,88,O3,SEDANG,DKI4 Lubang Buaya
12/11/2013,201312,64,,50,37,96,18,96,O3,SEDANG,DKI4 Lubang Buaya
12/14/2013,201312,39,,11,38,79,11,79,O3,SEDANG,DKI4 Lubang Buaya
12/15/2013,201312,64,,25,66,101,16,101,O3,TIDAK SEHAT,DKI4 Lubang Buaya
12/17/2013,201312,52,,6,39,132,21,132,O3,TIDAK SEHAT,DKI4 Lubang Buaya
12/18/2013,201312,75,,4,65,123,21,123,O3,TIDAK SEHAT,DKI4 Lubang Buaya
12/19/2013,201312,61,,5,32,117,17,117,O3,TIDAK SEHAT,DKI4 Lubang Buaya
12/20/2013,201312,63,,6,50,79,15,79,O3,SEDANG,DKI4 Lubang Buaya
12/22/2013,201312,26,,6,50,54,9,54,O3,SEDANG,DKI4 Lubang Buaya
12/23/2013,201312,31,,7,50,53,12,53,O3,SEDANG,DKI4 Lubang Buaya
12/24/2013,201312,40,,6,32,47,10,47,O3,BAIK,DKI4 Lubang Buaya
12/26/2013,201312,57,,7,27,72,15,72,O3,SEDANG,DKI4 Lubang Buaya
12/27/2013,201312,72,,10,61,71,17,72,PM10,SEDANG,DKI4 Lubang Buaya
12/28/2013,201312,67,,7,50,65,11,67,PM10,SEDANG,DKI4 Lubang Buaya
12/29/2013,201312,53,,8,21,63,12,63,O3,SEDANG,DKI4 Lubang Buaya
12/30/2013,201312,41,,10,26,67,12,67,O3,SEDANG,DKI4 Lubang Buaya
12/31/2013,201312,28,,6,26,69,13,69,O3,SEDANG,DKI4 Lubang Buaya
1/1/2014,201401,63,,8,58,64,9,64,O3,SEDANG,DKI4 Lubang Buaya
1/2/2014,201401,37,,7,29,74,7,74,O3,SEDANG,DKI4 Lubang Buaya
1/3/2014,201401,55,,8,34,97,8,97,O3,SEDANG,DKI4 Lubang Buaya
1/4/2014,201401,47,,6,35,57,7.6,57,O3,SEDANG,DKI4 Lubang Buaya
1/5/2014,201401,29,,5,13,46,7.2,46,O3,BAIK,DKI4 Lubang Buaya
1/6/2014,201401,20,,5,7,35,6.8,35,O3,BAIK,DKI4 Lubang Buaya
1/7/2014,201401,27,,7,11,52,6.4,52,O3,SEDANG,DKI4 Lubang Buaya
1/8/2014,201401,51,,6,20,65,6,65,O3,SEDANG,DKI4 Lubang Buaya
1/9/2014,201401,39,,6,54,43,6,54,CO,SEDANG,DKI4 Lubang Buaya
1/10/2014,201401,33,,7,9,82,6,82,O3,SEDANG,DKI4 Lubang Buaya
1/11/2014,201401,56,,6,23,96,6,96,O3,SEDANG,DKI4 Lubang Buaya
1/12/2014,201401,34,,5,29,69,9,69,O3,SEDANG,DKI4 Lubang Buaya
1/13/2014,201401,20,,6,18,70,8,70,O3,SEDANG,DKI4 Lubang Buaya
1/14/2014,201401,34,,9,19,72,6,72,O3,SEDANG,DKI4 Lubang Buaya
1/15/2014,201401,27,,7,22,51,7,51,O3,SEDANG,DKI4 Lubang Buaya
1/16/2014,201401,20,,6,34,49,7,49,O3,BAIK,DKI4 Lubang Buaya
1/17/2014,201401,30,,5,20,61,9,61,O3,SEDANG,DKI4 Lubang Buaya
1/18/2014,201401,21,,5,16,54,8,54,O3,SEDANG,DKI4 Lubang Buaya
1/19/2014,201401,27,,5,24,60,7,60,O3,SEDANG,DKI4 Lubang Buaya
1/20/2014,201401,29,,5,23,50,6,50,O3,BAIK,DKI4 Lubang Buaya
1/21/2014,201401,19,,5,12,54,6,54,O3,SEDANG,DKI4 Lubang Buaya
1/22/2014,201401,25,,8,17,52,9,52,O3,SEDANG,DKI4 Lubang Buaya
1/23/2014,201401,23,,5,13,47,7,47,O3,BAIK,DKI4 Lubang Buaya
1/24/2014,201401,32,,6,29,50,10,50,O3,BAIK,DKI4 Lubang Buaya
1/25/2014,201401,26,,6,14,56,7,56,O3,SEDANG,DKI4 Lubang Buaya
1/26/2014,201401,42,,7,40,54,9,54,O3,SEDANG,DKI4 Lubang Buaya
1/27/2014,201401,45,,7,28,56,6,56,O3,SEDANG,DKI4 Lubang Buaya
1/28/2014,201401,19,,5,19,53,9,53,O3,SEDANG,DKI4 Lubang Buaya
1/29/2014,201401,19,,5,20,51,9,51,O3,SEDANG,DKI4 Lubang Buaya
1/30/2014,201401,26,,6,33,53,8,53,O3,SEDANG,DKI4 Lubang Buaya
1/31/2014,201401,31,,6,22,46,8,46,O3,BAIK,DKI4 Lubang Buaya
2/1/2014,201402,33,,6,30,43,5,43,O3,BAIK,DKI4 Lubang Buaya
2/2/2014,201402,38,,6,21,34,6,34,O3,BAIK,DKI4 Lubang Buaya
2/3/2014,201402,43,,6,26,31,8,31,O3,BAIK,DKI4 Lubang Buaya
2/4/2014,201402,48,,5,26,83,11,83,O3,SEDANG,DKI4 Lubang Buaya
2/5/2014,201402,53,,6,44,85,11,85,O3,SEDANG,DKI4 Lubang Buaya
2/6/2014,201402,51,,5,40,83,9,83,O3,SEDANG,DKI4 Lubang Buaya
2/7/2014,201402,46,,6,37,66,8,66,O3,SEDANG,DKI4 Lubang Buaya
2/8/2014,201402,38,,6,12,56,9,56,O3,SEDANG,DKI4 Lubang Buaya
2/9/2014,201402,46,,5,38,68,8,68,O3,SEDANG,DKI4 Lubang Buaya
2/10/2014,201402,39,,6,24,80,17,80,O3,SEDANG,DKI4 Lubang Buaya
2/11/2014,201402,55,,6,27,75,16,75,O3,SEDANG,DKI4 Lubang Buaya
2/12/2014,201402,63,,6,30,77,12,77,O3,SEDANG,DKI4 Lubang Buaya
2/13/2014,201402,61,,6,23,69,9,69,O3,SEDANG,DKI4 Lubang Buaya
2/14/2014,201402,60,,8,24,63,6,63,O3,SEDANG,DKI4 Lubang Buaya
2/15/2014,201402,65,,8,36,47,10,65,PM10,SEDANG,DKI4 Lubang Buaya
2/16/2014,201402,67,,12,41,52,12,67,PM10,SEDANG,DKI4 Lubang Buaya
2/17/2014,201402,75,,8,29,94,14,94,O3,SEDANG,DKI4 Lubang Buaya
2/18/2014,201402,66,,6,20,57,11,66,PM10,SEDANG,DKI4 Lubang Buaya
2/19/2014,201402,59,,9,27,65,9,65,O3,SEDANG,DKI4 Lubang Buaya
2/20/2014,201402,67,,10,22,80,9,80,O3,SEDANG,DKI4 Lubang Buaya
2/21/2014,201402,42,,8,10,60,7,60,O3,SEDANG,DKI4 Lubang Buaya
2/22/2014,201402,38,,7,18,52,6,52,O3,SEDANG,DKI4 Lubang Buaya
2/23/2014,201402,27,,6,42,54,10,54,O3,SEDANG,DKI4 Lubang Buaya
2/24/2014,201402,51,,7,17,59.42857143,10,51,PM10,SEDANG,DKI4 Lubang Buaya
2/25/2014,201402,51,,7,21,64.85714286,8,51,PM10,SEDANG,DKI4 Lubang Buaya
2/26/2014,201402,41,,7,13,70.28571429,8,41,PM10,BAIK,DKI4 Lubang Buaya
2/27/2014,201402,53,,6,23,75.71428571,9,53,PM10,SEDANG,DKI4 Lubang Buaya
2/28/2014,201402,88,,7,43,81.14285714,13,88,PM10,SEDANG,DKI4 Lubang Buaya
3/1/2014,201403,65,,8,15,86.57142857,9,65,PM10,SEDANG,DKI4 Lubang Buaya
3/2/2014,201403,52,,7,11,92,10,92,O3,SEDANG,DKI4 Lubang Buaya
3/3/2014,201403,56,,10,10,93,13,93,O3,SEDANG,DKI4 Lubang Buaya
3/4/2014,201403,59,,11,12,120,15,120,O3,TIDAK SEHAT,DKI4 Lubang Buaya
3/5/2014,201403,63,,8,9,98,15,98,O3,SEDANG,DKI4 Lubang Buaya
3/6/2014,201403,70,,10,18,100,21,100,O3,SEDANG,DKI4 Lubang Buaya
3/7/2014,201403,58,,7,6,85,17,85,O3,SEDANG,DKI4 Lubang Buaya
3/8/2014,201403,61,,10,15,85,11,85,O3,SEDANG,DKI4 Lubang Buaya
3/9/2014,201403,73,,6,29,70,10,73,PM10,SEDANG,DKI4 Lubang Buaya
3/10/2014,201403,72,,6,11,73,13,73,O3,SEDANG,DKI4 Lubang Buaya
3/11/2014,201403,95,,7,14,59,17,95,PM10,SEDANG,DKI4 Lubang Buaya
3/12/2014,201403,62,,6,9,62,9,62,PM10,SEDANG,DKI4 Lubang Buaya
3/13/2014,201403,89,,8,11,96,24,96,O3,SEDANG,DKI4 Lubang Buaya
3/14/2014,201403,63,,9,8,85,16,85,O3,SEDANG,DKI4 Lubang Buaya
3/15/2014,201403,81,,8,20,108,12,108,O3,TIDAK SEHAT,DKI4 Lubang Buaya
3/16/2014,201403,97,,8,16,76,13,97,PM10,SEDANG,DKI4 Lubang Buaya
3/17/2014,201403,77,,7,20,146,17,146,O3,TIDAK SEHAT,DKI4 Lubang Buaya
3/18/2014,201403,68,,8,14,126,19,126,O3,TIDAK SEHAT,DKI4 Lubang Buaya
3/19/2014,201403,57,,10,16,88,11,88,O3,SEDANG,DKI4 Lubang Buaya
3/20/2014,201403,59,,9,21,142,12,142,O3,TIDAK SEHAT,DKI4 Lubang Buaya
3/21/2014,201403,56,,8,23,78,14,78,O3,SEDANG,DKI4 Lubang Buaya
3/22/2014,201403,55,,7,23,62,12,62,O3,SEDANG,DKI4 Lubang Buaya
3/23/2014,201403,49,,7,13,71,8,71,O3,SEDANG,DKI4 Lubang Buaya
3/24/2014,201403,74,,7,37,68,15,74,PM10,SEDANG,DKI4 Lubang Buaya
3/25/2014,201403,62,,11,21,59,13,62,PM10,SEDANG,DKI4 Lubang Buaya
3/26/2014,201403,55,,9,14,66,10,66,O3,SEDANG,DKI4 Lubang Buaya
3/27/2014,201403,91,,9,48,114,18,114,O3,TIDAK SEHAT,DKI4 Lubang Buaya
3/28/2014,201403,58,,7,25,111,15,111,O3,TIDAK SEHAT,DKI4 Lubang Buaya
3/29/2014,201403,52,,9,24,104,13,104,O3,TIDAK SEHAT,DKI4 Lubang Buaya
3/30/2014,201403,52,,9,17,58,14,58,O3,SEDANG,DKI4 Lubang Buaya
3/31/2014,201403,62,,7,30,55,8,62,PM10,SEDANG,DKI4 Lubang Buaya
4/1/2014,201404,74,,9,27,71,15,74,PM10,SEDANG,DKI4 Lubang Buaya
4/2/2014,201404,68,,7,16,87,11,87,O3,SEDANG,DKI4 Lubang Buaya
4/3/2014,201404,61,,8,37,71,15,71,O3,SEDANG,DKI4 Lubang Buaya
4/4/2014,201404,69,,8,27.5,76.5,15.5,69,PM10,SEDANG,DKI4 Lubang Buaya
4/5/2014,201404,61,,8,18,82,16,82,O3,SEDANG,DKI4 Lubang Buaya
4/6/2014,201404,36,,8,8,52,12,52,O3,SEDANG,DKI4 Lubang Buaya
4/7/2014,201404,28,,8,9,41,8,41,O3,BAIK,DKI4 Lubang Buaya
4/8/2014,201404,41,,7,15,46,8,46,O3,BAIK,DKI4 Lubang Buaya
4/9/2014,201404,31,,7,9,32,4,32,O3,BAIK,DKI4 Lubang Buaya
4/10/2014,201404,43,,7,12,30,5,43,PM10,BAIK,DKI4 Lubang Buaya
4/11/2014,201404,63,,8,30,42,9,63,PM10,SEDANG,DKI4 Lubang Buaya
4/12/2014,201404,70,,7,19,49,9,70,PM10,SEDANG,DKI4 Lubang Buaya
4/13/2014,201404,52,,7,8,30,6,52,PM10,SEDANG,DKI4 Lubang Buaya
4/14/2014,201404,56,,7,14,41,7,56,PM10,SEDANG,DKI4 Lubang Buaya
4/15/2014,201404,48,,7,14,39,11,48,PM10,BAIK,DKI4 Lubang Buaya
4/16/2014,201404,52,,9,9,84,10,84,O3,SEDANG,DKI4 Lubang Buaya
4/17/2014,201404,58,,9,14,159,13,159,O3,TIDAK SEHAT,DKI4 Lubang Buaya
4/18/2014,201404,53,,9,10,125,13,125,O3,TIDAK SEHAT,DKI4 Lubang Buaya
4/19/2014,201404,55,,7,12,59,11,59,O3,SEDANG,DKI4 Lubang Buaya
4/20/2014,201404,58,,7,32,58,12,58,PM10,SEDANG,DKI4 Lubang Buaya
4/21/2014,201404,46,,7,25,37,8,46,PM10,BAIK,DKI4 Lubang Buaya
4/22/2014,201404,42,,8,15,78,9,78,O3,SEDANG,DKI4 Lubang Buaya
4/23/2014,201404,51,,8,22,68,15,68,O3,SEDANG,DKI4 Lubang Buaya
4/24/2014,201404,45,,9,19,66,9,66,O3,SEDANG,DKI4 Lubang Buaya
4/25/2014,201404,29,,7,9,42,7,42,O3,BAIK,DKI4 Lubang Buaya
4/26/2014,201404,39,,9,11,80,9,80,O3,SEDANG,DKI4 Lubang Buaya
4/27/2014,201404,51,,7,13,60,6,60,O3,SEDANG,DKI4 Lubang Buaya
4/28/2014,201404,36,,7,27,85,11,85,O3,SEDANG,DKI4 Lubang Buaya
4/29/2014,201404,48,,7,22,113,12,113,O3,TIDAK SEHAT,DKI4 Lubang Buaya
4/30/2014,201404,53,,8,15,95,14,95,O3,SEDANG,DKI4 Lubang Buaya
5/1/2014,201405,53,,9,19,78,12,78,O3,SEDANG,DKI4 Lubang Buaya
5/2/2014,201405,70,,7,49,63,12,70,PM10,SEDANG,DKI4 Lubang Buaya
5/3/2014,201405,63,,7,43,52,16,63,PM10,SEDANG,DKI4 Lubang Buaya
5/4/2014,201405,54,,8,16,50,10,54,PM10,SEDANG,DKI4 Lubang Buaya
5/5/2014,201405,53,,7,21,55,9,55,O3,SEDANG,DKI4 Lubang Buaya
5/6/2014,201405,55,,8,15,56,13,56,O3,SEDANG,DKI4 Lubang Buaya
5/7/2014,201405,48,,8,15,74,11,74,O3,SEDANG,DKI4 Lubang Buaya
5/8/2014,201405,41,,7,27,66,15,66,O3,SEDANG,DKI4 Lubang Buaya
5/9/2014,201405,34,,9,17,84,12,84,O3,SEDANG,DKI4 Lubang Buaya
5/10/2014,201405,60,,9,28,76,15,76,O3,SEDANG,DKI4 Lubang Buaya
5/11/2014,201405,57,,7,25,69,11,69,O3,SEDANG,DKI4 Lubang Buaya
5/12/2014,201405,56,,7,27,91,11,91,O3,SEDANG,DKI4 Lubang Buaya
5/13/2014,201405,57,,7,19,108,12,108,O3,TIDAK SEHAT,DKI4 Lubang Buaya
5/14/2014,201405,51,,8,19,91,16,91,O3,SEDANG,DKI4 Lubang Buaya
5/15/2014,201405,60,,9,22,68,15,68,O3,SEDANG,DKI4 Lubang Buaya
5/16/2014,201405,52,,11,29,56,12,56,O3,SEDANG,DKI4 Lubang Buaya
5/17/2014,201405,52,,9,25,65,8,65,O3,SEDANG,DKI4 Lubang Buaya
5/18/2014,201405,57,,8,26,64,8,64,O3,SEDANG,DKI4 Lubang Buaya
5/19/2014,201405,60,,9,25,73,14,73,O3,SEDANG,DKI4 Lubang Buaya
5/20/2014,201405,60,,8,20,58,17,60,PM10,SEDANG,DKI4 Lubang Buaya
5/21/2014,201405,70,,8,26,76,15,76,O3,SEDANG,DKI4 Lubang Buaya
5/22/2014,201405,57,,8,16,64,12,64,O3,SEDANG,DKI4 Lubang Buaya
5/23/2014,201405,55,,8,23,69,10,69,O3,SEDANG,DKI4 Lubang Buaya
5/24/2014,201405,68,,8,26,53,16,68,PM10,SEDANG,DKI4 Lubang Buaya
5/25/2014,201405,70,,8,32,48,9,70,PM10,SEDANG,DKI4 Lubang Buaya
5/26/2014,201405,60,,8,12,53,10,60,PM10,SEDANG,DKI4 Lubang Buaya
5/27/2014,201405,78,,8,46,81,11,81,O3,SEDANG,DKI4 Lubang Buaya
5/28/2014,201405,55,,7,14,71,10,71,O3,SEDANG,DKI4 Lubang Buaya
5/29/2014,201405,60,,8,19,59,7,60,PM10,SEDANG,DKI4 Lubang Buaya
5/30/2014,201405,76,,9,20,86,13,86,O3,SEDANG,DKI4 Lubang Buaya
5/31/2014,201405,57,,8,23,84,16,84,O3,SEDANG,DKI4 Lubang Buaya
6/1/2014,201406,79,,9,39,78,17,79,PM10,SEDANG,DKI4 Lubang Buaya
6/2/2014,201406,76,,10,21,65,13,76,PM10,SEDANG,DKI4 Lubang Buaya
6/3/2014,201406,86,,9,18,51,12,86,PM10,SEDANG,DKI4 Lubang Buaya
6/4/2014,201406,89,,9,22,76,19,89,PM10,SEDANG,DKI4 Lubang Buaya
6/5/2014,201406,94,,9,18,68,11,94,PM10,SEDANG,DKI4 Lubang Buaya
6/6/2014,201406,84,,9,27,66,17,84,PM10,SEDANG,DKI4 Lubang Buaya
6/7/2014,201406,111,,11,21,56,12,111,PM10,TIDAK SEHAT,DKI4 Lubang Buaya
6/8/2014,201406,92,,12,26,236,11,236,O3,SANGAT TIDAK SEHAT,DKI4 Lubang Buaya
6/9/2014,201406,87,,9,18,64,10,87,PM10,SEDANG,DKI4 Lubang Buaya
6/10/2014,201406,83,,9,19,66,13,83,PM10,SEDANG,DKI4 Lubang Buaya
6/11/2014,201406,83,,10,22,83,14,83,PM10,SEDANG,DKI4 Lubang Buaya
6/12/2014,201406,75,,9,18,86,11,86,O3,SEDANG,DKI4 Lubang Buaya
6/13/2014,201406,45,,9,15,101,9,101,O3,TIDAK SEHAT,DKI4 Lubang Buaya
6/14/2014,201406,75,,9,41,51,15,75,PM10,SEDANG,DKI4 Lubang Buaya
6/15/2014,201406,53,,8,25,65,12,65,O3,SEDANG,DKI4 Lubang Buaya
6/16/2014,201406,60,,11,23,58,8,60,PM10,SEDANG,DKI4 Lubang Buaya
6/17/2014,201406,54,,10,26,77,11,77,O3,SEDANG,DKI4 Lubang Buaya
6/18/2014,201406,63,,9,24,54,10,63,PM10,SEDANG,DKI4 Lubang Buaya
6/19/2014,201406,57,,10,11,51,9,57,PM10,SEDANG,DKI4 Lubang Buaya
6/20/2014,201406,67,,11,23,38,18,67,PM10,SEDANG,DKI4 Lubang Buaya
6/21/2014,201406,71,,9,14,43,9,71,PM10,SEDANG,DKI4 Lubang Buaya
6/22/2014,201406,79,,9,25,89,18,89,O3,SEDANG,DKI4 Lubang Buaya
6/23/2014,201406,79,,11,22,85,15,85,O3,SEDANG,DKI4 Lubang Buaya
6/24/2014,201406,68,,9,20,46,7,68,PM10,SEDANG,DKI4 Lubang Buaya
6/25/2014,201406,79,,10,30,61,8,79,PM10,SEDANG,DKI4 Lubang Buaya
6/26/2014,201406,60,,9,28,41,13,60,PM10,SEDANG,DKI4 Lubang Buaya
6/27/2014,201406,87,,10,57,61,17,87,PM10,SEDANG,DKI4 Lubang Buaya
6/28/2014,201406,64,,10,20,92,13,92,O3,SEDANG,DKI4 Lubang Buaya
6/29/2014,201406,90,,15,17,88,13,90,PM10,SEDANG,DKI4 Lubang Buaya
6/30/2014,201406,75,,11,21,94,13,94,O3,SEDANG,DKI4 Lubang Buaya
7/1/2014,201407,77,,13,14,95,13,95,O3,SEDANG,DKI4 Lubang Buaya
7/2/2014,201407,75,,13,12,61,10,75,PM10,SEDANG,DKI4 Lubang Buaya
7/3/2014,201407,76,,10,27,76,13,76,PM10,SEDANG,DKI4 Lubang Buaya
7/4/2014,201407,88,,12,24,64,15,88,PM10,SEDANG,DKI4 Lubang Buaya
7/5/2014,201407,70,,9,12,52,10,70,PM10,SEDANG,DKI4 Lubang Buaya
7/6/2014,201407,55,,9,11,37,9,55,PM10,SEDANG,DKI4 Lubang Buaya
7/7/2014,201407,45,,10,12,53,12,53,O3,SEDANG,DKI4 Lubang Buaya
7/8/2014,201407,53,,10,15,62,9,62,O3,SEDANG,DKI4 Lubang Buaya
7/9/2014,201407,77,,11,29,53,11,77,PM10,SEDANG,DKI4 Lubang Buaya
7/10/2014,201407,53,,11,11,44,9,53,PM10,SEDANG,DKI4 Lubang Buaya
7/11/2014,201407,58,,12,8,35,10,58,PM10,SEDANG,DKI4 Lubang Buaya
7/12/2014,201407,76,,11,29,32,12,76,PM10,SEDANG,DKI4 Lubang Buaya
7/13/2014,201407,68,,10,29,29,16,68,PM10,SEDANG,DKI4 Lubang Buaya
7/14/2014,201407,37,,11,10,26,12,37,PM10,BAIK,DKI4 Lubang Buaya
7/15/2014,201407,62,,13,12,43.5,13,62,PM10,SEDANG,DKI4 Lubang Buaya
7/16/2014,201407,56,,12,11,61,11,61,O3,SEDANG,DKI4 Lubang Buaya
7/17/2014,201407,68,,12,12,57.5,15,68,PM10,SEDANG,DKI4 Lubang Buaya
7/18/2014,201407,64,,11,15,54,7,64,PM10,SEDANG,DKI4 Lubang Buaya
7/19/2014,201407,68,,13,10,50.5,11,68,PM10,SEDANG,DKI4 Lubang Buaya
7/20/2014,201407,63,,10,11,47,10,63,PM10,SEDANG,DKI4 Lubang Buaya
7/21/2014,201407,67,,11,14,51,17,67,PM10,SEDANG,DKI4 Lubang Buaya
7/22/2014,201407,57,,13,11,71,17,57,PM10,SEDANG,DKI4 Lubang Buaya
7/23/2014,201407,44,,11,8,91,11,91,O3,SEDANG,DKI4 Lubang Buaya
7/24/2014,201407,51,,10,14,74.33333333,10,51,PM10,SEDANG,DKI4 Lubang Buaya
7/25/2014,201407,68,,10,22,57.66666667,11,68,PM10,SEDANG,DKI4 Lubang Buaya
7/26/2014,201407,53,,10,12,41,11,53,PM10,SEDANG,DKI4 Lubang Buaya
7/27/2014,201407,41,,9,9,42.33333333,8,41,PM10,BAIK,DKI4 Lubang Buaya
7/28/2014,201407,59,,10,22,43.66666667,11,59,PM10,SEDANG,DKI4 Lubang Buaya
7/29/2014,201407,35,,10,6,45,10,45,O3,BAIK,DKI4 Lubang Buaya
7/30/2014,201407,46,,9,10,58,7,46,PM10,BAIK,DKI4 Lubang Buaya
7/31/2014,201407,51,,10,7,71,9,71,O3,SEDANG,DKI4 Lubang Buaya
8/1/2014,201408,56,,11,8,72,7,72,O3,SEDANG,DKI4 Lubang Buaya
8/2/2014,201408,63,,12,7,64,9,64,O3,SEDANG,DKI4 Lubang Buaya
8/3/2014,201408,77,,10,17,63.11111111,11,77,PM10,SEDANG,DKI4 Lubang Buaya
8/4/2014,201408,60,,9,14,62.22222222,9,60,PM10,SEDANG,DKI4 Lubang Buaya
8/5/2014,201408,59,,11,8,61.33333333,8,59,PM10,SEDANG,DKI4 Lubang Buaya
8/6/2014,201408,53,,12,6,60.44444444,8,53,PM10,SEDANG,DKI4 Lubang Buaya
8/7/2014,201408,64,,12,7,59.55555556,8,64,PM10,SEDANG,DKI4 Lubang Buaya
8/8/2014,201408,70,,12,14,58.66666667,12,70,PM10,SEDANG,DKI4 Lubang Buaya
8/9/2014,201408,71,,12,14,57.77777778,10,71,PM10,SEDANG,DKI4 Lubang Buaya
8/10/2014,201408,39,,12,8,56.88888889,8,39,PM10,BAIK,DKI4 Lubang Buaya
8/11/2014,201408,45.66666667,,13,9,56,11,56,O3,SEDANG,DKI4 Lubang Buaya
8/12/2014,201408,52.33333333,,11,12,54,13,13,NO2,BAIK,DKI4 Lubang Buaya
8/13/2014,201408,59,,12,11,52,10,59,PM10,SEDANG,DKI4 Lubang Buaya
8/14/2014,201408,73,,12,10,50,10,73,PM10,SEDANG,DKI4 Lubang Buaya
8/15/2014,201408,65,,12,10,81,11,81,O3,SEDANG,DKI4 Lubang Buaya
8/16/2014,201408,56,,12,7,51,12,56,PM10,SEDANG,DKI4 Lubang Buaya
8/17/2014,201408,66,,12,16,53.28571429,10,66,PM10,SEDANG,DKI4 Lubang Buaya
8/18/2014,201408,70,,13,16,55.57142857,14,70,PM10,SEDANG,DKI4 Lubang Buaya
8/19/2014,201408,82,,13,14,57.85714286,21,82,PM10,SEDANG,DKI4 Lubang Buaya
8/20/2014,201408,75,,13,12,60.14285714,13,75,PM10,SEDANG,DKI4 Lubang Buaya
8/21/2014,201408,93,,14,16,62.42857143,14,93,PM10,SEDANG,DKI4 Lubang Buaya
8/22/2014,201408,108,,11,14,64.71428571,11,108,PM10,TIDAK SEHAT,DKI4 Lubang Buaya
8/23/2014,201408,76,,13,11,67,9,76,PM10,SEDANG,DKI4 Lubang Buaya
8/24/2014,201408,75,,12,8,54,8,75,PM10,SEDANG,DKI4 Lubang Buaya
8/25/2014,201408,72,,11,12,69,9,72,PM10,SEDANG,DKI4 Lubang Buaya
8/26/2014,201408,68,,19,12,76,20,76,O3,SEDANG,DKI4 Lubang Buaya
8/27/2014,201408,84,,12,13,56,15,84,PM10,SEDANG,DKI4 Lubang Buaya
8/28/2014,201408,72,,13,9,57,12,72,PM10,SEDANG,DKI4 Lubang Buaya
8/29/2014,201408,71,,12,9,63,10,71,PM10,SEDANG,DKI4 Lubang Buaya
8/30/2014,201408,78,,12,13,58,12,78,PM10,SEDANG,DKI4 Lubang Buaya
8/31/2014,201408,80,,13,9,61,7,80,PM10,SEDANG,DKI4 Lubang Buaya
9/1/2014,201409,68,,14,7,43,5,68,PM10,SEDANG,DKI4 Lubang Buaya
9/2/2014,201409,73,,13,7,82,8,82,O3,SEDANG,DKI4 Lubang Buaya
9/3/2014,201409,87,,15,9,101,10,101,O3,TIDAK SEHAT,DKI4 Lubang Buaya
9/4/2014,201409,85,,13,9,73,11,85,PM10,SEDANG,DKI4 Lubang Buaya
9/5/2014,201409,76,,13,10,88,14,88,O3,SEDANG,DKI4 Lubang Buaya
9/6/2014,201409,59,,12,8,95,15,95,O3,SEDANG,DKI4 Lubang Buaya
9/7/2014,201409,68,,14,12,89,15,89,O3,SEDANG,DKI4 Lubang Buaya
9/8/2014,201409,75,,12,12,63,11,75,PM10,SEDANG,DKI4 Lubang Buaya
9/9/2014,201409,86,,14,15,80,13,86,PM10,SEDANG,DKI4 Lubang Buaya
9/10/2014,201409,75,,14,9,71,14,75,PM10,SEDANG,DKI4 Lubang Buaya
9/11/2014,201409,81,,15,7,58,14,81,PM10,SEDANG,DKI4 Lubang Buaya
9/12/2014,201409,79,,15,10,62,15,79,PM10,SEDANG,DKI4 Lubang Buaya
9/13/2014,201409,79,,16,7,60,15,79,PM10,SEDANG,DKI4 Lubang Buaya
9/14/2014,201409,77,,14,7,59,12,77,PM10,SEDANG,DKI4 Lubang Buaya
9/15/2014,201409,69,,18,8,71,14,71,O3,SEDANG,DKI4 Lubang Buaya
9/16/2014,201409,83,,17,9,57,16,83,PM10,SEDANG,DKI4 Lubang Buaya
9/17/2014,201409,82,,15,8,53.25,18,82,PM10,SEDANG,DKI4 Lubang Buaya
9/18/2014,201409,80,,14,7,49.5,11,80,PM10,SEDANG,DKI4 Lubang Buaya
9/19/2014,201409,77,,14,5,45.75,11,77,PM10,SEDANG,DKI4 Lubang Buaya
9/20/2014,201409,74,,17,5,42,12,74,PM10,SEDANG,DKI4 Lubang Buaya
9/21/2014,201409,77,,12,13,58,13,77,PM10,SEDANG,DKI4 Lubang Buaya
9/22/2014,201409,68,,14,8,53,13,68,PM10,SEDANG,DKI4 Lubang Buaya
9/23/2014,201409,69,,13,7,43,10,69,PM10,SEDANG,DKI4 Lubang Buaya
9/24/2014,201409,99,,14,5,34,14,99,PM10,SEDANG,DKI4 Lubang Buaya
9/25/2014,201409,78,,15,6,60.5,14,78,PM10,SEDANG,DKI4 Lubang Buaya
9/26/2014,201409,93,,16,7,87,14,93,PM10,SEDANG,DKI4 Lubang Buaya
9/27/2014,201409,85,,16,7,78,15,85,PM10,SEDANG,DKI4 Lubang Buaya
9/28/2014,201409,90,,16,6,79,17,90,PM10,SEDANG,DKI4 Lubang Buaya
9/29/2014,201409,78,,15,5,93,13,93,O3,SEDANG,DKI4 Lubang Buaya
9/30/2014,201409,74,,20,6,76,14,76,O3,SEDANG,DKI4 Lubang Buaya
10/1/2014,201410,102,,16,6,67,15,102,PM10,TIDAK SEHAT,DKI4 Lubang Buaya
10/2/2014,201410,74,,14,4,74,12,74,PM10,SEDANG,DKI4 Lubang Buaya
10/3/2014,201410,78,,15,4,83,14,83,O3,SEDANG,DKI4 Lubang Buaya
10/4/2014,201410,74,,14,4,62,10,74,PM10,SEDANG,DKI4 Lubang Buaya
10/5/2014,201410,78,,15,6,69,15,78,PM10,SEDANG,DKI4 Lubang Buaya
10/6/2014,201410,82,,15,5,71,25,82,PM10,SEDANG,DKI4 Lubang Buaya
10/7/2014,201410,83,,18,5,75,14,83,PM10,SEDANG,DKI4 Lubang Buaya
10/8/2014,201410,72,,17,5,72,12,72,PM10,SEDANG,DKI4 Lubang Buaya
10/9/2014,201410,66,,16,4,78,16,78,O3,SEDANG,DKI4 Lubang Buaya
10/10/2014,201410,62,,16,5,58,9,62,PM10,SEDANG,DKI4 Lubang Buaya
10/11/2014,201410,86,,16,5,81,13,86,PM10,SEDANG,DKI4 Lubang Buaya
10/12/2014,201410,105,,17,5,94,15,105,PM10,TIDAK SEHAT,DKI4 Lubang Buaya
10/13/2014,201410,100,,14,5,93,18,100,PM10,SEDANG,DKI4 Lubang Buaya
10/14/2014,201410,77,,14,7,48,14,77,PM10,SEDANG,DKI4 Lubang Buaya
10/15/2014,201410,81,,15,5,89,13,89,O3,SEDANG,DKI4 Lubang Buaya
10/16/2014,201410,92,,17,5,71,21,92,PM10,SEDANG,DKI4 Lubang Buaya
10/17/2014,201410,93,,13,4,70,11,93,PM10,SEDANG,DKI4 Lubang Buaya
10/18/2014,201410,91,,14,4,46,12,91,PM10,SEDANG,DKI4 Lubang Buaya
10/19/2014,201410,94,,15,6,49,13,94,PM10,SEDANG,DKI4 Lubang Buaya
10/20/2014,201410,77,,14,4,61,11,77,PM10,SEDANG,DKI4 Lubang Buaya
10/21/2014,201410,81,,16,5,58,14,81,PM10,SEDANG,DKI4 Lubang Buaya
10/22/2014,201410,83,,12,7,70,11,83,PM10,SEDANG,DKI4 Lubang Buaya
10/23/2014,201410,79,,11,6,89,12,89,O3,SEDANG,DKI4 Lubang Buaya
10/24/2014,201410,66,,10,5,63,11,66,PM10,SEDANG,DKI4 Lubang Buaya
10/25/2014,201410,95,,11,7,77,13,95,PM10,SEDANG,DKI4 Lubang Buaya
10/26/2014,201410,86,,19,6,70,15,86,PM10,SEDANG,DKI4 Lubang Buaya
10/27/2014,201410,64,,18,5,68,11,64,PM10,SEDANG,DKI4 Lubang Buaya
10/28/2014,201410,70,,12,8,66,21,70,PM10,SEDANG,DKI4 Lubang Buaya
10/29/2014,201410,69,,11,6,64,13,69,PM10,SEDANG,DKI4 Lubang Buaya
10/30/2014,201410,71,,11.33333333,6,62,15,71,PM10,SEDANG,DKI4 Lubang Buaya
10/31/2014,201410,83,,11.66666667,7,60,12,83,PM10,SEDANG,DKI4 Lubang Buaya
11/1/2014,201411,58,,12,5,77,9,77,O3,SEDANG,DKI4 Lubang Buaya
11/2/2014,201411,92,,12.33333333,6,99,18,99,O3,SEDANG,DKI4 Lubang Buaya
11/3/2014,201411,74,,12.66666667,5,80.5,17,74,PM10,SEDANG,DKI4 Lubang Buaya
11/4/2014,201411,70,,13,4,62,10,70,PM10,SEDANG,DKI4 Lubang Buaya
11/5/2014,201411,59,,13,3,62,11,62,O3,SEDANG,DKI4 Lubang Buaya
11/6/2014,201411,71,,15,5,76,14,76,O3,SEDANG,DKI4 Lubang Buaya
11/7/2014,201411,82,,14,6,92,10,92,O3,SEDANG,DKI4 Lubang Buaya
11/8/2014,201411,68,,12,6,90,13,90,O3,SEDANG,DKI4 Lubang Buaya
11/9/2014,201411,69,,11,8,70,19,70,O3,SEDANG,DKI4 Lubang Buaya
11/10/2014,201411,61,,12,5,65,15,65,O3,SEDANG,DKI4 Lubang Buaya
11/11/2014,201411,55,,11,6,73,15,73,O3,SEDANG,DKI4 Lubang Buaya
11/12/2014,201411,69,,13,7,68,14,69,PM10,SEDANG,DKI4 Lubang Buaya
11/13/2014,201411,62,,18,7,69,18,69,O3,SEDANG,DKI4 Lubang Buaya
11/14/2014,201411,63,,12,8,87,14,87,O3,SEDANG,DKI4 Lubang Buaya
11/15/2014,201411,71,,13,7,81,10,81,O3,SEDANG,DKI4 Lubang Buaya
11/16/2014,201411,64,,11,4,62,11,64,PM10,SEDANG,DKI4 Lubang Buaya
11/17/2014,201411,64.66666667,,12,6,43,10,43,O3,BAIK,DKI4 Lubang Buaya
11/18/2014,201411,65.33333333,,13,6,39,13,39,O3,BAIK,DKI4 Lubang Buaya
11/19/2014,201411,66,,11,7,79,13,79,O3,SEDANG,DKI4 Lubang Buaya
11/20/2014,201411,50,,12,5,73,13,73,O3,SEDANG,DKI4 Lubang Buaya
11/21/2014,201411,62,,12,4,57,12,62,PM10,SEDANG,DKI4 Lubang Buaya
11/22/2014,201411,64,,12,8,59,14,64,PM10,SEDANG,DKI4 Lubang Buaya
11/23/2014,201411,78,,12,8,36,12,78,PM10,SEDANG,DKI4 Lubang Buaya
11/24/2014,201411,65,,12,6,76,12,76,O3,SEDANG,DKI4 Lubang Buaya
11/25/2014,201411,40,,10,6,45,13,45,O3,BAIK,DKI4 Lubang Buaya
11/26/2014,201411,59,,12,6,63,12,63,O3,SEDANG,DKI4 Lubang Buaya
11/27/2014,201411,80,,11.5,4.5,63,13,80,PM10,SEDANG,DKI4 Lubang Buaya
11/28/2014,201411,63,,11,3,63,14,63,PM10,SEDANG,DKI4 Lubang Buaya
11/29/2014,201411,77,,15,22,66,12,77,PM10,SEDANG,DKI4 Lubang Buaya
11/30/2014,201411,32,,10,6,40,10,40,O3,BAIK,DKI4 Lubang Buaya
12/1/2014,201412,25,,11,4,22,3,25,PM10,BAIK,DKI4 Lubang Buaya
12/2/2014,201412,47,,16,6,43,8,47,PM10,BAIK,DKI4 Lubang Buaya
12/3/2014,201412,39,,11,5,32,6,39,PM10,BAIK,DKI4 Lubang Buaya
12/4/2014,201412,54,,14,6,77,13,77,O3,SEDANG,DKI4 Lubang Buaya
12/5/2014,201412,68,,15,5,64,16,68,PM10,SEDANG,DKI4 Lubang Buaya
12/6/2014,201412,47,,11,7,29,10,47,PM10,BAIK,DKI4 Lubang Buaya
12/7/2014,201412,55,,11,15,19,8,55,PM10,SEDANG,DKI4 Lubang Buaya
12/8/2014,201412,19,,10,5,35,5,35,O3,BAIK,DKI4 Lubang Buaya
12/9/2014,201412,38,,12,19,35,10,38,PM10,BAIK,DKI4 Lubang Buaya
12/10/2014,201412,45,,13,11,51,9,51,O3,SEDANG,DKI4 Lubang Buaya
12/11/2014,201412,61,,14,8,35,12,61,PM10,SEDANG,DKI4 Lubang Buaya
12/12/2014,201412,52,,12,10,31,6,52,PM10,SEDANG,DKI4 Lubang Buaya
12/13/2014,201412,59,,13,9,58,6,59,PM10,SEDANG,DKI4 Lubang Buaya
12/14/2014,201412,50,,13,6,35,6,50,PM10,BAIK,DKI4 Lubang Buaya
12/15/2014,201412,41,,12,7,38,4,41,PM10,BAIK,DKI4 Lubang Buaya
12/16/2014,201412,72,,15,11,47,10,72,PM10,SEDANG,DKI4 Lubang Buaya
12/17/2014,201412,47,,12,6,16,6,47,PM10,BAIK,DKI4 Lubang Buaya
12/18/2014,201412,56,,15,15,29,8,56,PM10,SEDANG,DKI4 Lubang Buaya
12/19/2014,201412,57,,14,18,23,10,57,PM10,SEDANG,DKI4 Lubang Buaya
12/20/2014,201412,30,,10,16,17,8,30,PM10,BAIK,DKI4 Lubang Buaya
12/21/2014,201412,52,,11,39,11,15,52,PM10,SEDANG,DKI4 Lubang Buaya
12/22/2014,201412,39,,10,18,10,14,39,PM10,BAIK,DKI4 Lubang Buaya
12/23/2014,201412,36,,10,27,12,12,36,PM10,BAIK,DKI4 Lubang Buaya
12/24/2014,201412,61,,11,43,16,13,61,PM10,SEDANG,DKI4 Lubang Buaya
12/25/2014,201412,59,,12,27,13,12,59,PM10,SEDANG,DKI4 Lubang Buaya
12/26/2014,201412,50,,14,14,11,9,50,PM10,BAIK,DKI4 Lubang Buaya
12/27/2014,201412,30,,9,15,9,7,30,PM10,BAIK,DKI4 Lubang Buaya
12/28/2014,201412,39,,10,42,137,12,137,O3,TIDAK SEHAT,DKI4 Lubang Buaya
12/29/2014,201412,31,,9,13,201,6,201,O3,SANGAT TIDAK SEHAT,DKI4 Lubang Buaya
12/30/2014,201412,36,,10,16,81,11,81,O3,SEDANG,DKI4 Lubang Buaya
12/31/2014,201412,18,,9,11,217,5,217,O3,SANGAT TIDAK SEHAT,DKI4 Lubang Buaya
1/22/2015,201501,45,,11,36,36,15,45,PM10,BAIK,DKI4 Lubang Buaya
2/18/2015,201202,56,,19,48,66,24,66,O3,SEDANG,DKI4 Lubang Buaya
2/21/2015,201202,98,,15,60,62,27,98,PM10,SEDANG,DKI4 Lubang Buaya
2/22/2015,201202,71,,15,37,57,23,71,PM10,SEDANG,DKI4 Lubang Buaya
2/23/2015,201202,63,,16,32,46,15,63,PM10,SEDANG,DKI4 Lubang Buaya
2/28/2015,201202,78,,17,43,65,19,78,PM10,SEDANG,DKI4 Lubang Buaya
3/1/2015,201503,86,,16,48,39,16,86,PM10,SEDANG,DKI4 Lubang Buaya
3/7/2015,201503,53,,15,27,59,20,59,O3,SEDANG,DKI4 Lubang Buaya
3/8/2015,201503,46,,14,36,36,17,46,PM10,BAIK,DKI4 Lubang Buaya
3/12/2015,201503,43,,16,29,48,12,48,O3,BAIK,DKI4 Lubang Buaya
3/14/2015,201503,72,,17,44,52,13,72,PM10,SEDANG,DKI4 Lubang Buaya
3/16/2015,201503,55,,14,52,71,19,71,O3,SEDANG,DKI4 Lubang Buaya
3/17/2015,201503,66,,20,46,85,21,85,O3,SEDANG,DKI4 Lubang Buaya
3/25/2015,201503,75,,21,44,57,20,75,PM10,SEDANG,DKI4 Lubang Buaya
3/29/2015,201503,78,,15,53,74,12,78,PM10,SEDANG,DKI4 Lubang Buaya
3/31/2015,201503,80,,17,29,72,18,80,PM10,SEDANG,DKI4 Lubang Buaya
4/6/2015,201504,71,,17,41,61,20,71,PM10,SEDANG,DKI4 Lubang Buaya
4/7/2015,201504,57,,17,29,33,12,57,PM10,SEDANG,DKI4 Lubang Buaya
4/14/2015,201504,74,,22,54,67,30,74,PM10,SEDANG,DKI4 Lubang Buaya
4/18/2015,201504,84,,22,47,74,19,84,PM10,SEDANG,DKI4 Lubang Buaya
4/27/2015,201504,53,,16,47,67,9,67,O3,SEDANG,DKI4 Lubang Buaya
4/28/2015,201504,46,,15,28,42,12,46,PM10,BAIK,DKI4 Lubang Buaya
4/29/2015,201504,50,,15,27,42,12,50,PM10,BAIK,DKI4 Lubang Buaya
5/4/2015,201505,55,,19,43,71,16,71,O3,SEDANG,DKI4 Lubang Buaya
5/8/2015,201505,72,,22,27,53,15,72,PM10,SEDANG,DKI4 Lubang Buaya
5/11/2015,201505,65,,23,28,47,30,65,PM10,SEDANG,DKI4 Lubang Buaya
5/13/2015,201505,75,,24,33,63,43,75,PM10,SEDANG,DKI4 Lubang Buaya
5/14/2015,201505,67,,18,28,61,22,67,PM10,SEDANG,DKI4 Lubang Buaya
5/16/2015,201505,68,,17,46,92,17,92,O3,SEDANG,DKI4 Lubang Buaya
5/17/2015,201505,67,,17,37,66,42,67,PM10,SEDANG,DKI4 Lubang Buaya
5/21/2015,201505,87,,18,32,84,19,87,PM10,SEDANG,DKI4 Lubang Buaya
5/23/2015,201505,93,,22,36,90,18,93,PM10,SEDANG,DKI4 Lubang Buaya
5/24/2015,201505,87,,24,34,77,17,87,PM10,SEDANG,DKI4 Lubang Buaya
5/27/2015,201505,96,,20,32,74,16,96,PM10,SEDANG,DKI4 Lubang Buaya
5/28/2015,201505,69,,20,24,37,11,69,PM10,SEDANG,DKI4 Lubang Buaya
6/2/2015,201506,89,,20,45,77,17,89,PM10,SEDANG,DKI4 Lubang Buaya
6/4/2015,201506,79,,19,42,60,12,79,PM10,SEDANG,DKI4 Lubang Buaya
6/5/2015,201506,63,,21,31,51,16,63,PM10,SEDANG,DKI4 Lubang Buaya
6/6/2015,201506,79,,25,42,60,22,79,PM10,SEDANG,DKI4 Lubang Buaya
6/7/2015,201506,86,,22,37,65,16,86,PM10,SEDANG,DKI4 Lubang Buaya
6/8/2015,201506,85,,21,45,54,15,85,PM10,SEDANG,DKI4 Lubang Buaya
6/9/2015,201506,91,,21,43,51,18,91,PM10,SEDANG,DKI4 Lubang Buaya
6/17/2015,201506,115,,37,48,78,25,115,PM10,TIDAK SEHAT,DKI4 Lubang Buaya
6/18/2015,201506,83,,34,29,80,19,83,PM10,SEDANG,DKI4 Lubang Buaya
6/20/2015,201506,79,,37,34,77,25,79,PM10,SEDANG,DKI4 Lubang Buaya
6/22/2015,201506,98,,26,31,97,20,98,PM10,SEDANG,DKI4 Lubang Buaya
6/23/2015,201506,109,,30,32,98,30,109,PM10,TIDAK SEHAT,DKI4 Lubang Buaya
6/29/2015,201506,94,,28,35,101,22,101,O3,TIDAK SEHAT,DKI4 Lubang Buaya
7/1/2015,201507,83,,32,30,86,24,86,O3,SEDANG,DKI4 Lubang Buaya
7/2/2015,201507,86,,34,37,93,21,93,O3,SEDANG,DKI4 Lubang Buaya
7/14/2015,201507,70,,33,25,53,12,70,PM10,SEDANG,DKI4 Lubang Buaya
7/16/2015,201507,55,,31,21,45,9,55,PM10,SEDANG,DKI4 Lubang Buaya
7/17/2015,201507,56,,31,31,44,8,56,PM10,SEDANG,DKI4 Lubang Buaya
7/21/2015,201507,72,,30,22,64,9,72,PM10,SEDANG,DKI4 Lubang Buaya
7/22/2015,201507,62,,27,22,61,10,62,PM10,SEDANG,DKI4 Lubang Buaya
7/23/2015,201507,63,,28,30,56,11,63,PM10,SEDANG,DKI4 Lubang Buaya
7/24/2015,201507,59,,29,23,53,10,59,PM10,SEDANG,DKI4 Lubang Buaya
7/26/2015,201507,110,,28,27,80,30,110,PM10,TIDAK SEHAT,DKI4 Lubang Buaya
7/29/2015,201507,71,,33,26,54,17,71,PM10,SEDANG,DKI4 Lubang Buaya
7/30/2015,201507,80,,33,28,73,15,80,PM10,SEDANG,DKI4 Lubang Buaya
8/4/2015,201508,101,,38,37,86,24,101,PM10,TIDAK SEHAT,DKI4 Lubang Buaya
8/5/2015,201508,91,,35,21,73,20,91,PM10,SEDANG,DKI4 Lubang Buaya
8/6/2015,201508,86,,34,24,84,19,86,PM10,SEDANG,DKI4 Lubang Buaya
8/9/2015,201508,76,,30,31,71,20,76,PM10,SEDANG,DKI4 Lubang Buaya
8/10/2015,201508,68,,29,23,59,13,68,PM10,SEDANG,DKI4 Lubang Buaya
8/11/2015,201508,75,,29,24,74,15,75,PM10,SEDANG,DKI4 Lubang Buaya
8/13/2015,201508,92,,25,28,83,19,92,PM10,SEDANG,DKI4 Lubang Buaya
8/14/2015,201508,65,,25,22,56,13,65,PM10,SEDANG,DKI4 Lubang Buaya
8/16/2015,201508,69,,27,20,68,11,69,PM10,SEDANG,DKI4 Lubang Buaya
8/19/2015,201508,88,,29,24,82,16,88,PM10,SEDANG,DKI4 Lubang Buaya
8/20/2015,201508,94,,27,25,92,28,94,PM10,SEDANG,DKI4 Lubang Buaya
8/23/2015,201508,97,,31,22,77,20,97,PM10,SEDANG,DKI4 Lubang Buaya
8/24/2015,201508,87,,33,24,84,21,87,PM10,SEDANG,DKI4 Lubang Buaya
8/26/2015,201508,110,,35,24,95,26,110,PM10,TIDAK SEHAT,DKI4 Lubang Buaya
8/27/2015,201508,97,,34,25,83,22,97,PM10,SEDANG,DKI4 Lubang Buaya
8/28/2015,201508,88,,32,23,75,24,88,PM10,SEDANG,DKI4 Lubang Buaya
8/30/2015,201508,80,,30,19,75,13,80,PM10,SEDANG,DKI4 Lubang Buaya
9/1/2015,201509,78,,34,19,71,24,78,PM10,SEDANG,DKI4 Lubang Buaya
9/2/2015,201509,86,,39,23,70,25,86,PM10,SEDANG,DKI4 Lubang Buaya
9/3/2015,201509,101,,37,23,61,21,101,PM10,TIDAK SEHAT,DKI4 Lubang Buaya
9/4/2015,201509,89,,35,22,74,19,89,PM10,SEDANG,DKI4 Lubang Buaya
9/5/2015,201509,80,,33,20,71,18,80,PM10,SEDANG,DKI4 Lubang Buaya
9/6/2015,201509,89,,32,21,75,16,89,PM10,SEDANG,DKI4 Lubang Buaya
9/16/2015,201509,76,,31,23,71,17,76,PM10,SEDANG,DKI4 Lubang Buaya
9/17/2015,201509,96,,33,24,80,16,96,PM10,SEDANG,DKI4 Lubang Buaya
9/18/2015,201509,94,,31,22,67,14,94,PM10,SEDANG,DKI4 Lubang Buaya
9/19/2015,201509,100,,33,23,68,17,100,PM10,SEDANG,DKI4 Lubang Buaya
9/20/2015,201509,116,,30,28,92,19,116,PM10,TIDAK SEHAT,DKI4 Lubang Buaya
9/22/2015,201509,114,,34,31,80,24,114,PM10,TIDAK SEHAT,DKI4 Lubang Buaya
9/23/2015,201509,93,,37,43,92,26,93,PM10,SEDANG,DKI4 Lubang Buaya
9/24/2015,201509,98,,33,40,95,23,98,PM10,SEDANG,DKI4 Lubang Buaya
9/27/2015,201509,80,,32,22,78,13,80,PM10,SEDANG,DKI4 Lubang Buaya
9/29/2015,201509,105,,31,30,69,20,105,PM10,TIDAK SEHAT,DKI4 Lubang Buaya
9/30/2015,201509,92,,33,25,67,23,92,PM10,SEDANG,DKI4 Lubang Buaya
10/1/2015,201510,121,,36,28,69,33,121,PM10,TIDAK SEHAT,DKI4 Lubang Buaya
10/2/2015,201510,107,,33,33,57,16,107,PM10,TIDAK SEHAT,DKI4 Lubang Buaya
10/3/2015,201510,108,,32,27,54,13,108,PM10,TIDAK SEHAT,DKI4 Lubang Buaya
10/4/2015,201510,121,,33,26,66,11,121,PM10,TIDAK SEHAT,DKI4 Lubang Buaya
10/5/2015,201510,86,,31,23,81,21,86,PM10,SEDANG,DKI4 Lubang Buaya
10/9/2015,201510,79,,29,34,78,22,79,PM10,SEDANG,DKI4 Lubang Buaya
10/10/2015,201510,80,,31,36,69,18,80,PM10,SEDANG,DKI4 Lubang Buaya
10/11/2015,201510,87,,32,34,59,11,87,PM10,SEDANG,DKI4 Lubang Buaya
10/15/2015,201510,89,,32,30,75,19,89,PM10,SEDANG,DKI4 Lubang Buaya
10/20/2015,201510,100,,35,25,90,23,100,PM10,SEDANG,DKI4 Lubang Buaya
10/21/2015,201510,112,,33,30,71,23,112,PM10,TIDAK SEHAT,DKI4 Lubang Buaya
10/22/2015,201510,79,,34,22,70,16,79,PM10,SEDANG,DKI4 Lubang Buaya
10/23/2015,201510,93,,34,28,86,26,93,PM10,SEDANG,DKI4 Lubang Buaya
10/24/2015,201510,122,,34,43,97,25,122,PM10,TIDAK SEHAT,DKI4 Lubang Buaya
10/25/2015,201510,116,,29,31,83,19,116,PM10,TIDAK SEHAT,DKI4 Lubang Buaya
10/26/2015,201510,121,,29,34,84,24,121,PM10,TIDAK SEHAT,DKI4 Lubang Buaya
10/28/2015,201510,100,,29,32,86,21,100,PM10,SEDANG,DKI4 Lubang Buaya
10/30/2015,201510,92,,28,35,77,22,92,PM10,SEDANG,DKI4 Lubang Buaya
11/7/2015,201511,90,,31,29,87,24,90,PM10,SEDANG,DKI4 Lubang Buaya
11/18/2015,201511,74,,31,32,71,18,74,PM10,SEDANG,DKI4 Lubang Buaya
12/6/2015,201512,71,,34,40,79,20,79,O3,SEDANG,DKI4 Lubang Buaya
12/19/2015,201512,68,,18,19,75,13,75,O3,SEDANG,DKI4 Lubang Buaya
12/20/2015,201512,51,,18,35,97,13,97,O3,SEDANG,DKI4 Lubang Buaya
1/1/2016,201601,72,,32,12,37,11,72,PM10,SEDANG,DKI4 Lubang Buaya
1/2/2016,201601,42,,32,8,34,7,42,PM10,BAIK,DKI4 Lubang Buaya
1/3/2016,201601,37,,33,9,48,9,48,O3,BAIK,DKI4 Lubang Buaya
1/4/2016,201601,61,,33,6,40,20,61,PM10,SEDANG,DKI4 Lubang Buaya
1/5/2016,201601,99,,33,24,55,21,99,PM10,SEDANG,DKI4 Lubang Buaya
1/6/2016,201601,75,,33,9,32,11,75,PM10,SEDANG,DKI4 Lubang Buaya
1/7/2016,201601,75,,33,8,41,12,75,PM10,SEDANG,DKI4 Lubang Buaya
1/8/2016,201601,60,,33,5,35,7,60,PM10,SEDANG,DKI4 Lubang Buaya
1/9/2016,201601,77,,33,8,36,8,77,PM10,SEDANG,DKI4 Lubang Buaya
1/10/2016,201601,83,,33,7,61,11,83,PM10,SEDANG,DKI4 Lubang Buaya
1/11/2016,201601,82,,35,13,65,12,82,PM10,SEDANG,DKI4 Lubang Buaya
1/12/2016,201601,72,,35,11,40,12,72,PM10,SEDANG,DKI4 Lubang Buaya
1/12/2016,201612,65,,25,23,28,14,65,PM10,SEDANG,DKI4 Lubang Buaya
1/13/2016,201601,61,,34,19,30,12,61,PM10,SEDANG,DKI4 Lubang Buaya
1/14/2016,201601,57,,34,22,34,10,57,PM10,SEDANG,DKI4 Lubang Buaya
1/15/2016,201601,68,,35,21,39,10,68,PM10,SEDANG,DKI4 Lubang Buaya
1/16/2016,201601,68,,35,22,71,15,71,O3,SEDANG,DKI4 Lubang Buaya
1/17/2016,201601,94,,38,20,96,17,96,O3,SEDANG,DKI4 Lubang Buaya
1/18/2016,201601,96,,36,17,67,11,96,PM10,SEDANG,DKI4 Lubang Buaya
1/19/2016,201601,77,,39,17,70,13,77,PM10,SEDANG,DKI4 Lubang Buaya
1/20/2016,201601,59,,36,14,49,10,59,PM10,SEDANG,DKI4 Lubang Buaya
1/21/2016,201601,59,,37,15,48.15384615,11,59,PM10,SEDANG,DKI4 Lubang Buaya
1/22/2016,201601,79,,36,15,47.30769231,13,79,PM10,SEDANG,DKI4 Lubang Buaya
1/23/2016,201601,55,,37,17,46.46153846,9,55,PM10,SEDANG,DKI4 Lubang Buaya
1/24/2016,201601,53,,36,15,45.61538462,8,53,PM10,SEDANG,DKI4 Lubang Buaya
1/25/2016,201601,37,,36,15,44.76923077,8,37,PM10,BAIK,DKI4 Lubang Buaya
1/26/2016,201601,61,,36,17,43.92307692,7,61,PM10,SEDANG,DKI4 Lubang Buaya
1/27/2016,201601,80,,36,14,43.07692308,10,80,PM10,SEDANG,DKI4 Lubang Buaya
1/28/2016,201601,64,,36,13,42.23076923,11,64,PM10,SEDANG,DKI4 Lubang Buaya
1/29/2016,201601,69,,37,14,41.38461538,14,69,PM10,SEDANG,DKI4 Lubang Buaya
1/30/2016,201601,80,,35.75,12.25,40.53846154,12.75,80,PM10,SEDANG,DKI4 Lubang Buaya
1/31/2016,201601,80,,34.5,10.5,39.69230769,11.5,80,PM10,SEDANG,DKI4 Lubang Buaya
2/1/2016,201602,71,,33.25,8.75,38.84615385,10.25,71,PM10,SEDANG,DKI4 Lubang Buaya
2/2/2016,201602,52,,32,7,38,9,52,PM10,SEDANG,DKI4 Lubang Buaya
2/3/2016,201602,40,,9,9,56,10,56,O3,SEDANG,DKI4 Lubang Buaya
2/4/2016,201602,68,,13,12,56,11,68,PM10,SEDANG,DKI4 Lubang Buaya
2/5/2016,201602,61,,11,12,57,13,61,PM10,SEDANG,DKI4 Lubang Buaya
2/6/2016,201602,65,,12,17,60,9,65,PM10,SEDANG,DKI4 Lubang Buaya
2/7/2016,201602,64,,8,19,46,8,64,PM10,SEDANG,DKI4 Lubang Buaya
2/8/2016,201602,44,,8,21,39,8,44,PM10,BAIK,DKI4 Lubang Buaya
2/9/2016,201602,19,,8,19,31,4,31,O3,BAIK,DKI4 Lubang Buaya
2/10/2016,201602,38,,8,10,42,7,42,O3,BAIK,DKI4 Lubang Buaya
2/11/2016,201602,53,,8,14,38,7,53,PM10,SEDANG,DKI4 Lubang Buaya
2/12/2016,201602,43,,8,10,39,12,43,PM10,BAIK,DKI4 Lubang Buaya
2/12/2016,201612,43,,25,13,25,5,43,PM10,BAIK,DKI4 Lubang Buaya
2/13/2016,201602,58,,10,17,71,8,71,O3,SEDANG,DKI4 Lubang Buaya
2/14/2016,201602,68,,12,10,93,10,93,O3,SEDANG,DKI4 Lubang Buaya
2/15/2016,201602,53,,9,10,40,8,53,PM10,SEDANG,DKI4 Lubang Buaya
2/16/2016,201602,84,,10,14,29,15,84,PM10,SEDANG,DKI4 Lubang Buaya
2/17/2016,201602,71,,8,11,18,10,71,PM10,SEDANG,DKI4 Lubang Buaya
2/18/2016,201602,64,,8,21,44,11,64,PM10,SEDANG,DKI4 Lubang Buaya
2/19/2016,201602,73,,9,13,54,12,73,PM10,SEDANG,DKI4 Lubang Buaya
2/20/2016,201602,75,,8,10,28,15,75,PM10,SEDANG,DKI4 Lubang Buaya
2/21/2016,201602,83,,8,11,26,9,83,PM10,SEDANG,DKI4 Lubang Buaya
2/22/2016,201602,65,,8,7,30,11,65,PM10,SEDANG,DKI4 Lubang Buaya
2/23/2016,201602,63,,8,6,38,12,63,PM10,SEDANG,DKI4 Lubang Buaya
2/24/2016,201602,66,,8,9,25,13,66,PM10,SEDANG,DKI4 Lubang Buaya
2/25/2016,201602,46,,8,7,22,9,46,PM10,BAIK,DKI4 Lubang Buaya
2/26/2016,201602,25,,8,7,39,8,39,O3,BAIK,DKI4 Lubang Buaya
2/27/2016,201602,55,,9,9,31,8,55,PM10,SEDANG,DKI4 Lubang Buaya
2/28/2016,201602,46,,10,4,31,11,46,PM10,BAIK,DKI4 Lubang Buaya
2/29/2016,201602,53,,8,12,34,12,53,PM10,SEDANG,DKI4 Lubang Buaya
3/1/2016,201603,23,,8,4,23,9,23,PM10,BAIK,DKI4 Lubang Buaya
3/2/2016,201603,51,,8,9,34,8,51,PM10,SEDANG,DKI4 Lubang Buaya
3/3/2016,201603,52,,9,12,31,8,52,PM10,SEDANG,DKI4 Lubang Buaya
3/4/2016,201603,60,,9,12,21,6,60,PM10,SEDANG,DKI4 Lubang Buaya
3/5/2016,201603,53,,9,5,46,7,53,PM10,SEDANG,DKI4 Lubang Buaya
3/6/2016,201603,80,,11,16,63,13,80,PM10,SEDANG,DKI4 Lubang Buaya
3/7/2016,201603,49,,9,16,47,9,49,PM10,BAIK,DKI4 Lubang Buaya
3/8/2016,201603,74,,9,19,36,17,74,PM10,SEDANG,DKI4 Lubang Buaya
3/9/2016,201603,80,,9,20,48,10,80,PM10,SEDANG,DKI4 Lubang Buaya
3/10/2016,201603,71,,9,19,79,12,79,O3,SEDANG,DKI4 Lubang Buaya
3/11/2016,201603,65,,9,18,47,17,65,PM10,SEDANG,DKI4 Lubang Buaya
3/12/2016,201603,60,,11,16,51,13,60,PM10,SEDANG,DKI4 Lubang Buaya
3/12/2016,201612,25,,24,15,22,6,25,PM10,BAIK,DKI4 Lubang Buaya
3/13/2016,201603,65,,12,17,59,9,65,PM10,SEDANG,DKI4 Lubang Buaya
3/14/2016,201603,74,,12,17,50,12,74,PM10,SEDANG,DKI4 Lubang Buaya
3/15/2016,201603,68,,12,15,96,20,96,O3,SEDANG,DKI4 Lubang Buaya
3/16/2016,201603,59,,11,15,60,11,60,O3,SEDANG,DKI4 Lubang Buaya
3/17/2016,201603,64,,11,16,49,13,64,PM10,SEDANG,DKI4 Lubang Buaya
3/18/2016,201603,54,,11,15,53,9,54,PM10,SEDANG,DKI4 Lubang Buaya
3/19/2016,201603,65,,11,15,36,11,65,PM10,SEDANG,DKI4 Lubang Buaya
3/20/2016,201603,59,,11,16,37,11,59,PM10,SEDANG,DKI4 Lubang Buaya
3/21/2016,201603,66,,14,12,24,8,66,PM10,SEDANG,DKI4 Lubang Buaya
3/22/2016,201603,72,,14,10.75,30,11,72,PM10,SEDANG,DKI4 Lubang Buaya
3/23/2016,201603,30,,13,9.5,22,9,30,PM10,BAIK,DKI4 Lubang Buaya
3/24/2016,201603,50,,16,8.25,27.16666667,9,50,PM10,BAIK,DKI4 Lubang Buaya
3/25/2016,201603,53.5,,16,7,32.33333333,9,16,SO2,BAIK,DKI4 Lubang Buaya
3/26/2016,201603,57,,15,12,37.5,11,15,SO2,BAIK,DKI4 Lubang Buaya
3/27/2016,201603,60.5,,18,8,42.66666667,6,18,SO2,BAIK,DKI4 Lubang Buaya
3/28/2016,201603,64,,14,11,47.83333333,9,14,SO2,BAIK,DKI4 Lubang Buaya
3/29/2016,201603,67.5,,15,6,53,8,53,O3,SEDANG,DKI4 Lubang Buaya
3/30/2016,201603,71,,16,11,38,15,71,PM10,SEDANG,DKI4 Lubang Buaya
3/31/2016,201603,81,,15,10,26,11,81,PM10,SEDANG,DKI4 Lubang Buaya
4/1/2016,201604,73,,14,14,77,12,77,O3,SEDANG,DKI4 Lubang Buaya
4/2/2016,201604,35,,14,13,51,8,51,O3,SEDANG,DKI4 Lubang Buaya
4/3/2016,201604,58,,16,9,46,13,58,PM10,SEDANG,DKI4 Lubang Buaya
4/4/2016,201604,48,,16,6,44,8,48,PM10,BAIK,DKI4 Lubang Buaya
4/5/2016,201604,54,,16,8,34,9,54,PM10,SEDANG,DKI4 Lubang Buaya
4/6/2016,201604,67,,15,9,60,10,67,PM10,SEDANG,DKI4 Lubang Buaya
4/7/2016,201604,61,,16,8,37,10,61,PM10,SEDANG,DKI4 Lubang Buaya
4/8/2016,201604,65,,16,10,24,19,65,PM10,SEDANG,DKI4 Lubang Buaya
4/9/2016,201604,70,,14,16,52,10,70,PM10,SEDANG,DKI4 Lubang Buaya
4/10/2016,201604,61,,15,12,39,10,61,PM10,SEDANG,DKI4 Lubang Buaya
4/11/2016,201604,80,,14,14,53,9,80,PM10,SEDANG,DKI4 Lubang Buaya
4/12/2016,201604,99,,19,12,22,16,99,PM10,SEDANG,DKI4 Lubang Buaya
4/12/2016,201612,35,,24,13,15,5,35,PM10,BAIK,DKI4 Lubang Buaya
4/13/2016,201604,71,,18,9,34,13,71,PM10,SEDANG,DKI4 Lubang Buaya
4/14/2016,201604,72,,18,8,86,9,86,O3,SEDANG,DKI4 Lubang Buaya
4/15/2016,201604,65,,14,10,78,10,78,O3,SEDANG,DKI4 Lubang Buaya
4/16/2016,201604,55,,15,13,51,8,55,PM10,SEDANG,DKI4 Lubang Buaya
4/17/2016,201604,65,,14,16,31,7,65,PM10,SEDANG,DKI4 Lubang Buaya
4/18/2016,201604,39,,15,23,32,7,39,PM10,BAIK,DKI4 Lubang Buaya
4/19/2016,201604,52,,14,8,33,10,52,PM10,SEDANG,DKI4 Lubang Buaya
4/20/2016,201604,51,,14,15,34,10,51,PM10,SEDANG,DKI4 Lubang Buaya
4/21/2016,201604,39,,13,15,35,13,39,PM10,BAIK,DKI4 Lubang Buaya
4/22/2016,201604,50,,16,10,36,11,50,PM10,BAIK,DKI4 Lubang Buaya
4/23/2016,201604,49,,17,8,37,7,49,PM10,BAIK,DKI4 Lubang Buaya
4/24/2016,201604,40,,14,12,38,6,40,PM10,BAIK,DKI4 Lubang Buaya
4/25/2016,201604,58,,15,15,39,12,58,PM10,SEDANG,DKI4 Lubang Buaya
4/26/2016,201604,59,,16,14,40,13,59,PM10,SEDANG,DKI4 Lubang Buaya
4/27/2016,201604,66,,15,28,41,12,66,PM10,SEDANG,DKI4 Lubang Buaya
4/28/2016,201604,60,,17,22,48,12,60,PM10,SEDANG,DKI4 Lubang Buaya
4/29/2016,201604,50,,18,11,57,8,57,O3,SEDANG,DKI4 Lubang Buaya
4/30/2016,201604,71,,16,21,39,10,71,PM10,SEDANG,DKI4 Lubang Buaya
5/1/2016,201605,56,,14,43,29,10,56,PM10,SEDANG,DKI4 Lubang Buaya
5/2/2016,201605,64,,15,21,40,12,64,PM10,SEDANG,DKI4 Lubang Buaya
5/3/2016,201605,70,,17,18,28,6,70,PM10,SEDANG,DKI4 Lubang Buaya
5/4/2016,201605,75,,14,32,28,7,75,PM10,SEDANG,DKI4 Lubang Buaya
5/5/2016,201605,63,,14,24,17,6,63,PM10,SEDANG,DKI4 Lubang Buaya
5/6/2016,201605,74,,15,49,77,12,77,O3,SEDANG,DKI4 Lubang Buaya
5/7/2016,201605,73,,16,28,68,8,73,PM10,SEDANG,DKI4 Lubang Buaya
5/8/2016,201605,70,,14,57,64,15,70,PM10,SEDANG,DKI4 Lubang Buaya
5/9/2016,201605,58,,15,29,75,12,75,O3,SEDANG,DKI4 Lubang Buaya
5/10/2016,201605,59,,15,27,59,8,59,PM10,SEDANG,DKI4 Lubang Buaya
5/11/2016,201605,67,,17,17,61,6,67,PM10,SEDANG,DKI4 Lubang Buaya
5/12/2016,201605,88,,18,27,73,14,88,PM10,SEDANG,DKI4 Lubang Buaya
5/12/2016,201612,21,,24,7,19,4,24,SO2,BAIK,DKI4 Lubang Buaya
5/13/2016,201605,52,,17,18,66,11,66,O3,SEDANG,DKI4 Lubang Buaya
5/14/2016,201605,56,,15,14,62,11,62,O3,SEDANG,DKI4 Lubang Buaya
5/15/2016,201605,50,,16,14,38,5,50,PM10,BAIK,DKI4 Lubang Buaya
5/16/2016,201605,42,,15,13,36,11,42,PM10,BAIK,DKI4 Lubang Buaya
5/17/2016,201605,69,,16,22,79,13,79,O3,SEDANG,DKI4 Lubang Buaya
5/18/2016,201605,64,,17,41,51,9,64,PM10,SEDANG,DKI4 Lubang Buaya
5/19/2016,201605,67,,17,37,74,11,74,O3,SEDANG,DKI4 Lubang Buaya
5/20/2016,201605,63,,20,18,84,17,84,O3,SEDANG,DKI4 Lubang Buaya
5/21/2016,201605,61,,15,25,52,21,61,PM10,SEDANG,DKI4 Lubang Buaya
5/22/2016,201605,56,,15,25,65.5,14,56,PM10,SEDANG,DKI4 Lubang Buaya
5/23/2016,201605,51,,16,16,79,11,79,O3,SEDANG,DKI4 Lubang Buaya
5/24/2016,201605,59,,16,28,53,15,59,PM10,SEDANG,DKI4 Lubang Buaya
5/25/2016,201605,49,,17,14,52,11,52,O3,SEDANG,DKI4 Lubang Buaya
5/26/2016,201605,66,,17,28,46,13,66,PM10,SEDANG,DKI4 Lubang Buaya
5/27/2016,201605,79,,17,39,47,16,79,PM10,SEDANG,DKI4 Lubang Buaya
5/28/2016,201605,86,,19,45,64,10,86,PM10,SEDANG,DKI4 Lubang Buaya
5/29/2016,201605,61,,18,16,31,13,61,PM10,SEDANG,DKI4 Lubang Buaya
5/30/2016,201605,61,,19,26,43,12,61,PM10,SEDANG,DKI4 Lubang Buaya
5/31/2016,201605,64,,19,19,80,8,80,O3,SEDANG,DKI4 Lubang Buaya
6/1/2016,201606,67,,20,21,82,8,82,O3,SEDANG,DKI4 Lubang Buaya
6/2/2016,201606,69,,17,28,43,9,69,PM10,SEDANG,DKI4 Lubang Buaya
6/3/2016,201606,48,,18,16,72,12,72,O3,SEDANG,DKI4 Lubang Buaya
6/4/2016,201606,75,,20,30,74,9,75,PM10,SEDANG,DKI4 Lubang Buaya
6/5/2016,201606,84,,18,49,52,16,84,PM10,SEDANG,DKI4 Lubang Buaya
6/6/2016,201606,95,,19,47,80,11,95,PM10,SEDANG,DKI4 Lubang Buaya
6/7/2016,201606,65,,17,44,55,13,65,PM10,SEDANG,DKI4 Lubang Buaya
6/8/2016,201606,40,,17,11,60,14,60,O3,SEDANG,DKI4 Lubang Buaya
6/9/2016,201606,51,,17,14,55,12,55,O3,SEDANG,DKI4 Lubang Buaya
6/10/2016,201606,65,,18,25,48,15,65,PM10,SEDANG,DKI4 Lubang Buaya
6/11/2016,201606,56,,17,25,53,9,56,PM10,SEDANG,DKI4 Lubang Buaya
6/12/2016,201606,73,,19,33,73,11,73,PM10,SEDANG,DKI4 Lubang Buaya
6/12/2016,201612,29,,24,9,23,5,29,PM10,BAIK,DKI4 Lubang Buaya
6/13/2016,201606,62,,17,24,55,14,62,PM10,SEDANG,DKI4 Lubang Buaya
6/14/2016,201606,58,,19,20,84,12,84,O3,SEDANG,DKI4 Lubang Buaya
6/15/2016,201606,64,,21,25,64,14,64,PM10,SEDANG,DKI4 Lubang Buaya
6/16/2016,201606,65,,22,33,41,19,65,PM10,SEDANG,DKI4 Lubang Buaya
6/17/2016,201606,61,,21,15,44,11,61,PM10,SEDANG,DKI4 Lubang Buaya
6/18/2016,201606,35,,16,22,23,12,35,PM10,BAIK,DKI4 Lubang Buaya
6/19/2016,201606,53,,20,44,126,9,126,O3,TIDAK SEHAT,DKI4 Lubang Buaya
6/20/2016,201606,65,,19,34,85,10,85,O3,SEDANG,DKI4 Lubang Buaya
6/21/2016,201606,77,,20,31,95,20,95,O3,SEDANG,DKI4 Lubang Buaya
6/22/2016,201606,53,,18,12,67,10,67,O3,SEDANG,DKI4 Lubang Buaya
6/23/2016,201606,43,,18,12,70,11,70,O3,SEDANG,DKI4 Lubang Buaya
6/24/2016,201606,55,,17,18,79,14,79,O3,SEDANG,DKI4 Lubang Buaya
6/25/2016,201606,68,,20,28,83,19,83,O3,SEDANG,DKI4 Lubang Buaya
6/26/2016,201606,74,,20,32,63,14,74,PM10,SEDANG,DKI4 Lubang Buaya
6/27/2016,201606,51,,16,26,54,7,54,O3,SEDANG,DKI4 Lubang Buaya
6/28/2016,201606,76,,17.5,31.5,50,13,76,PM10,SEDANG,DKI4 Lubang Buaya
6/29/2016,201606,26,,19,37,46,19,46,O3,BAIK,DKI4 Lubang Buaya
6/30/2016,201606,23,,17,19,53,12,53,O3,SEDANG,DKI4 Lubang Buaya
7/1/2016,201607,37,,18,35,91,10,91,O3,SEDANG,DKI4 Lubang Buaya
7/2/2016,201607,20,,18,27,92,14,92,O3,SEDANG,DKI4 Lubang Buaya
7/3/2016,201607,16,,17,18,49,7,49,O3,BAIK,DKI4 Lubang Buaya
7/4/2016,201607,13,,17,12,37,6,37,O3,BAIK,DKI4 Lubang Buaya
7/5/2016,201607,8,,17,18,41,8,41,O3,BAIK,DKI4 Lubang Buaya
7/6/2016,201607,10,,17,33,45,9,45,O3,BAIK,DKI4 Lubang Buaya
7/7/2016,201607,10,,18,7,51,5,51,O3,SEDANG,DKI4 Lubang Buaya
7/8/2016,201607,7,,17,9,59,7,59,O3,SEDANG,DKI4 Lubang Buaya
7/9/2016,201607,9,,18,15,59,7,59,O3,SEDANG,DKI4 Lubang Buaya
7/10/2016,201607,9,,19,15,46,7,46,O3,BAIK,DKI4 Lubang Buaya
7/11/2016,201607,7,,19,37,33,9,37,CO,BAIK,DKI4 Lubang Buaya
7/12/2016,201607,17,,17,14,53,7,53,O3,SEDANG,DKI4 Lubang Buaya
7/12/2016,201612,38,,24,11,38,7,38,PM10,BAIK,DKI4 Lubang Buaya
7/13/2016,201607,73,,18,27,67,10,73,PM10,SEDANG,DKI4 Lubang Buaya
7/14/2016,201607,86,,18,37,40,10,86,PM10,SEDANG,DKI4 Lubang Buaya
7/15/2016,201607,62,,19,11,31,6,62,PM10,SEDANG,DKI4 Lubang Buaya
7/16/2016,201607,56,,17,12,31,8,56,PM10,SEDANG,DKI4 Lubang Buaya
7/17/2016,201607,58.33333333,,18,36,59,8,59,O3,SEDANG,DKI4 Lubang Buaya
7/18/2016,201607,60.66666667,,18,27,134,10,134,O3,TIDAK SEHAT,DKI4 Lubang Buaya
7/19/2016,201607,63,,21,20,92,12,92,O3,SEDANG,DKI4 Lubang Buaya
7/20/2016,201607,60,,19,19,55,9,60,PM10,SEDANG,DKI4 Lubang Buaya
7/21/2016,201607,69,,21,20,97,10,97,O3,SEDANG,DKI4 Lubang Buaya
7/22/2016,201607,56,,19,15,37,8,56,PM10,SEDANG,DKI4 Lubang Buaya
7/23/2016,201607,55,,21,16,49.5,11,55,PM10,SEDANG,DKI4 Lubang Buaya
7/24/2016,201607,70,,20,35,62,10,70,PM10,SEDANG,DKI4 Lubang Buaya
7/25/2016,201607,49,,18,16,74.5,8,49,PM10,BAIK,DKI4 Lubang Buaya
7/26/2016,201607,70,,21,24,87,9,87,O3,SEDANG,DKI4 Lubang Buaya
7/27/2016,201607,68,,22,13,85,14,85,O3,SEDANG,DKI4 Lubang Buaya
7/28/2016,201607,81,,22,14,62,13,81,PM10,SEDANG,DKI4 Lubang Buaya
7/29/2016,201607,90,,22,17,88,12,90,PM10,SEDANG,DKI4 Lubang Buaya
7/30/2016,201607,55,,20,16,88,14,88,O3,SEDANG,DKI4 Lubang Buaya
7/31/2016,201607,71,,20,14,65,8,71,PM10,SEDANG,DKI4 Lubang Buaya
8/1/2016,201609,61,,21,16,74,11,61,PM10,SEDANG,DKI4 Lubang Buaya
8/1/2016,201608,73,,20,10,74,9,74,O3,SEDANG,DKI4 Lubang Buaya
8/2/2016,201609,82,,21,30,92,14,92,O3,SEDANG,DKI4 Lubang Buaya
8/2/2016,201608,58,,22,12,79,12,79,O3,SEDANG,DKI4 Lubang Buaya
8/3/2016,201609,69,,21,20,60,13,69,PM10,SEDANG,DKI4 Lubang Buaya
8/3/2016,201608,64,,22,15,98,19,98,O3,SEDANG,DKI4 Lubang Buaya
8/4/2016,201609,73,,26,17,52,17,73,PM10,SEDANG,DKI4 Lubang Buaya
8/4/2016,201608,87,,21,23,106,11,106,O3,TIDAK SEHAT,DKI4 Lubang Buaya
8/5/2016,201609,53,,21,15,39,9,53,PM10,SEDANG,DKI4 Lubang Buaya
8/5/2016,201608,107,,21,27,82,15,107,PM10,TIDAK SEHAT,DKI4 Lubang Buaya
8/6/2016,201609,66,,22,23,53,8,66,PM10,SEDANG,DKI4 Lubang Buaya
8/6/2016,201608,72,,22,12,62,14,72,PM10,SEDANG,DKI4 Lubang Buaya
8/7/2016,201608,81,,25,11,87,10,87,O3,SEDANG,DKI4 Lubang Buaya
8/7/2016,201609,56,,21,18,42,14,56,PM10,SEDANG,DKI4 Lubang Buaya
8/8/2016,201608,58,,21,7,64,7,64,O3,SEDANG,DKI4 Lubang Buaya
8/8/2016,201609,54,,22,23,72,13,72,O3,SEDANG,DKI4 Lubang Buaya
8/9/2016,201608,60,,20,26,44,12,60,PM10,SEDANG,DKI4 Lubang Buaya
8/9/2016,201609,84,,21,33,59,17,84,PM10,SEDANG,DKI4 Lubang Buaya
8/10/2016,201608,57,,21,18,80,9,80,O3,SEDANG,DKI4 Lubang Buaya
8/10/2016,201609,94,,23,32,59,9,94,PM10,SEDANG,DKI4 Lubang Buaya
8/11/2016,201608,63,,21,10,70,9,70,O3,SEDANG,DKI4 Lubang Buaya
8/11/2016,201609,61,,25,12,55,11,61,PM10,SEDANG,DKI4 Lubang Buaya
8/12/2016,201608,64,,21,12,65,12,65,O3,SEDANG,DKI4 Lubang Buaya
8/12/2016,201609,58,,22,12,65,9,58,PM10,SEDANG,DKI4 Lubang Buaya
8/13/2016,201608,63,,24,13,49,10,63,PM10,SEDANG,DKI4 Lubang Buaya
8/13/2016,201609,64,,23,14,49,9,64,PM10,SEDANG,DKI4 Lubang Buaya
8/14/2016,201608,50,,20,14,49,9,50,PM10,BAIK,DKI4 Lubang Buaya
8/14/2016,201609,91,,26,11,71,14,91,PM10,SEDANG,DKI4 Lubang Buaya
8/15/2016,201608,42,,19,16,111,14,111,O3,TIDAK SEHAT,DKI4 Lubang Buaya
8/15/2016,201609,54,,26,16,61,14,61,O3,SEDANG,DKI4 Lubang Buaya
8/16/2016,201608,67,,24,16,74,8,74,O3,SEDANG,DKI4 Lubang Buaya
8/16/2016,201609,66,,23,19,56,11,66,PM10,SEDANG,DKI4 Lubang Buaya
8/17/2016,201608,69,,21,21,52,8,69,PM10,SEDANG,DKI4 Lubang Buaya
8/17/2016,201609,64,,21,18,56,9,64,PM10,SEDANG,DKI4 Lubang Buaya
8/18/2016,201608,55,,21,9,60,10,60,O3,SEDANG,DKI4 Lubang Buaya
8/18/2016,201609,50,,25,13,79,8,79,O3,SEDANG,DKI4 Lubang Buaya
8/19/2016,201608,65,,21,22,83,10,83,O3,SEDANG,DKI4 Lubang Buaya
8/19/2016,201609,52,,21,14,45,10,52,PM10,SEDANG,DKI4 Lubang Buaya
8/20/2016,201608,51,,21,12,71,12,71,O3,SEDANG,DKI4 Lubang Buaya
8/20/2016,201609,59,,21,23,69,12,69,O3,SEDANG,DKI4 Lubang Buaya
8/21/2016,201608,69,,23,13,70,9,70,O3,SEDANG,DKI4 Lubang Buaya
8/21/2016,201609,58,,21,11,69,13,69,O3,SEDANG,DKI4 Lubang Buaya
8/22/2016,201608,59,,22,10,64,8,64,O3,SEDANG,DKI4 Lubang Buaya
8/22/2016,201609,43,,23,21,60,9,60,O3,SEDANG,DKI4 Lubang Buaya
8/23/2016,201608,52,,24,8,142,7,142,O3,TIDAK SEHAT,DKI4 Lubang Buaya
8/23/2016,201609,51,,22,16,57,12,57,O3,SEDANG,DKI4 Lubang Buaya
8/24/2016,201608,57,,24,7,101,15,101,O3,TIDAK SEHAT,DKI4 Lubang Buaya
8/24/2016,201609,54,,23,14,37,8,54,PM10,SEDANG,DKI4 Lubang Buaya
8/25/2016,201608,80,,26,15,88,12,88,O3,SEDANG,DKI4 Lubang Buaya
8/25/2016,201609,42,,21,25,51,9,51,O3,SEDANG,DKI4 Lubang Buaya
8/26/2016,201608,78,,24,17,41,11,78,PM10,SEDANG,DKI4 Lubang Buaya
8/26/2016,201609,33,,21,12,41,7,41,O3,BAIK,DKI4 Lubang Buaya
8/27/2016,201608,79,,23,16,62,10,79,PM10,SEDANG,DKI4 Lubang Buaya
8/27/2016,201609,62,,23,20,62,12,62,PM10,SEDANG,DKI4 Lubang Buaya
8/28/2016,201608,60,,20,36,62,8,60,PM10,SEDANG,DKI4 Lubang Buaya
8/28/2016,201609,59,,23,15,62,10,62,O3,SEDANG,DKI4 Lubang Buaya
8/29/2016,201608,75,,21,26,63,10,75,PM10,SEDANG,DKI4 Lubang Buaya
8/29/2016,201609,40,,22,11,63,7,63,O3,SEDANG,DKI4 Lubang Buaya
8/30/2016,201608,81,,21,26,46,12,81,PM10,SEDANG,DKI4 Lubang Buaya
8/30/2016,201609,52,,23,14,46,9,52,PM10,SEDANG,DKI4 Lubang Buaya
8/31/2016,201608,78,,21,38,44.61538462,17,78,PM10,SEDANG,DKI4 Lubang Buaya
9/12/2016,201612,33,,24,12,28,7,33,PM10,BAIK,DKI4 Lubang Buaya
10/1/2016,201610,61,,23,32,48,12,61,PM10,SEDANG,DKI4 Lubang Buaya
10/2/2016,201610,45,,21,17,21,5,45,PM10,BAIK,DKI4 Lubang Buaya
10/3/2016,201610,56,,23,10,94,7,94,O3,SEDANG,DKI4 Lubang Buaya
10/4/2016,201610,66,,22,18,72,12,72,O3,SEDANG,DKI4 Lubang Buaya
10/5/2016,201610,69,,22.5,40,99,15,99,O3,SEDANG,DKI4 Lubang Buaya
10/6/2016,201610,53,,23,13,108,10,108,O3,TIDAK SEHAT,DKI4 Lubang Buaya
10/7/2016,201610,73,,24,18,106,12,106,O3,TIDAK SEHAT,DKI4 Lubang Buaya
10/9/2016,201610,52,,23.33333333,16,82,11.33333333,52,PM10,SEDANG,DKI4 Lubang Buaya
10/10/2016,201610,57,,23,15,70,11,70,O3,SEDANG,DKI4 Lubang Buaya
10/10/2016,201610,44,,23,15,70,11,44,PM10,BAIK,DKI4 Lubang Buaya
10/11/2016,201610,59,,23,21,51.5,12,59,PM10,SEDANG,DKI4 Lubang Buaya
10/12/2016,201610,62,,23,27,33,13,62,PM10,SEDANG,DKI4 Lubang Buaya
10/12/2016,201612,48,,25,15,21,7,48,PM10,BAIK,DKI4 Lubang Buaya
10/13/2016,201610,74,,24,23,63,8,74,PM10,SEDANG,DKI4 Lubang Buaya
10/14/2016,201610,67,,24,74,20,12,74,CO,SEDANG,DKI4 Lubang Buaya
10/15/2016,201610,53,,23,16,50,10,53,PM10,SEDANG,DKI4 Lubang Buaya
10/16/2016,201610,53,,23,18,43,8,53,PM10,SEDANG,DKI4 Lubang Buaya
10/17/2016,201610,63,,24,13,82,8,82,O3,SEDANG,DKI4 Lubang Buaya
10/18/2016,201610,66,,24,15,77,20,77,O3,SEDANG,DKI4 Lubang Buaya
10/19/2016,201610,56,,23,11,59,9,59,O3,SEDANG,DKI4 Lubang Buaya
10/20/2016,201610,82,,26,15,88,13,88,O3,SEDANG,DKI4 Lubang Buaya
10/21/2016,201610,81,,24,18,71,13,81,PM10,SEDANG,DKI4 Lubang Buaya
10/22/2016,201610,85,,24,27,51,13,85,PM10,SEDANG,DKI4 Lubang Buaya
10/23/2016,201610,34,,22,9,27,6,34,PM10,BAIK,DKI4 Lubang Buaya
10/24/2016,201610,52,,25,26,76,8,76,O3,SEDANG,DKI4 Lubang Buaya
10/25/2016,201610,59,,23,23,64,12,64,O3,SEDANG,DKI4 Lubang Buaya
10/26/2016,201610,50,,25,13,52,11,52,O3,SEDANG,DKI4 Lubang Buaya
10/27/2016,201610,59,,26,13,68,14,68,O3,SEDANG,DKI4 Lubang Buaya
10/28/2016,201610,55,,24,27,80,12,80,O3,SEDANG,DKI4 Lubang Buaya
10/29/2016,201610,54,,23,34,47,8,54,PM10,SEDANG,DKI4 Lubang Buaya
10/30/2016,201610,48,,23,23,64,6,64,O3,SEDANG,DKI4 Lubang Buaya
10/31/2016,201610,50,,27,19,89,16,89,O3,SEDANG,DKI4 Lubang Buaya
11/1/2016,201611,46,,23,14,42,11,46,PM10,BAIK,DKI4 Lubang Buaya
11/2/2016,201611,40,,22,21,23,7,40,PM10,BAIK,DKI4 Lubang Buaya
11/3/2016,201611,55,,25,13,62,6,62,O3,SEDANG,DKI4 Lubang Buaya
11/4/2016,201611,61,,24,16,94,16,94,O3,SEDANG,DKI4 Lubang Buaya
11/5/2016,201611,67,,23,13,104,12,104,O3,TIDAK SEHAT,DKI4 Lubang Buaya
11/6/2016,201611,128,,23,32,97,14,128,PM10,TIDAK SEHAT,DKI4 Lubang Buaya
11/7/2016,201611,79,,23,24,96,14,96,O3,SEDANG,DKI4 Lubang Buaya
11/10/2016,201611,50,,27,11,80,9,80,O3,SEDANG,DKI4 Lubang Buaya
11/11/2016,201611,66,,23,17,62,11,66,PM10,SEDANG,DKI4 Lubang Buaya
11/11/2016,201611,57,,27,12,72,12,72,O3,SEDANG,DKI4 Lubang Buaya
11/11/2016,201611,62,,23,10,103,12,103,O3,TIDAK SEHAT,DKI4 Lubang Buaya
11/12/2016,201611,53,,23,17,61,10,61,O3,SEDANG,DKI4 Lubang Buaya
11/12/2016,201612,33,,24,10,38,4,38,O3,BAIK,DKI4 Lubang Buaya
11/13/2016,201611,38,,23,17,56,11,56,O3,SEDANG,DKI4 Lubang Buaya
11/14/2016,201611,50,,23,17,118,9,118,O3,TIDAK SEHAT,DKI4 Lubang Buaya
11/15/2016,201611,51,,23,21,58,8,58,O3,SEDANG,DKI4 Lubang Buaya
11/16/2016,201611,55,,23,30,104,9,104,O3,TIDAK SEHAT,DKI4 Lubang Buaya
11/17/2016,201611,59,,23,11,100,10,100,O3,SEDANG,DKI4 Lubang Buaya
11/18/2016,201611,74,,24,23,48,15,74,PM10,SEDANG,DKI4 Lubang Buaya
11/19/2016,201611,58,,24,31,55,13,58,PM10,SEDANG,DKI4 Lubang Buaya
11/20/2016,201611,60,,23,25,43,10,60,PM10,SEDANG,DKI4 Lubang Buaya
11/21/2016,201611,61,,24,17,37,13,61,PM10,SEDANG,DKI4 Lubang Buaya
11/22/2016,201611,65,,24,20,34.25,11.75,65,PM10,SEDANG,DKI4 Lubang Buaya
11/23/2016,201611,66,,24,17,31.5,10.5,66,PM10,SEDANG,DKI4 Lubang Buaya
11/24/2016,201611,64,,24,14,28.75,9.25,64,PM10,SEDANG,DKI4 Lubang Buaya
11/25/2016,201611,49,,24,11,26,8,49,PM10,BAIK,DKI4 Lubang Buaya
11/26/2016,201611,75,,25,19,66,12,75,PM10,SEDANG,DKI4 Lubang Buaya
11/27/2016,201611,93,,24,41,50,9,93,PM10,SEDANG,DKI4 Lubang Buaya
11/28/2016,201611,82,,24,26,45,14,82,PM10,SEDANG,DKI4 Lubang Buaya
11/29/2016,201611,42,,24,17,70,10,70,O3,SEDANG,DKI4 Lubang Buaya
11/30/2016,201611,58,,25,21,59,10,59,O3,SEDANG,DKI4 Lubang Buaya
12/12/2016,201612,61,,25,22,70,8,70,O3,SEDANG,DKI4 Lubang Buaya
12/12/2016,201612,32,,24,19,31,7,32,PM10,BAIK,DKI4 Lubang Buaya
1/1/2017,201701,69,,27,23,54,5,69,PM10,SEDANG,DKI4 Lubang Buaya
1/2/2017,201701,35,,26,7,36,4,36,O3,BAIK,DKI4 Lubang Buaya
1/3/2017,201701,55,,26,7,61.5,5,55,PM10,SEDANG,DKI4 Lubang Buaya
1/4/2017,201701,51,,26,13,87,7,87,O3,SEDANG,DKI4 Lubang Buaya
1/5/2017,201701,48,,27,16,67,9,67,O3,SEDANG,DKI4 Lubang Buaya
1/6/2017,201701,38,,26,10,64,7,64,O3,SEDANG,DKI4 Lubang Buaya
1/7/2017,201701,32,,26,11,67,5,67,O3,SEDANG,DKI4 Lubang Buaya
1/8/2017,201701,43,,28,14,54,5,54,O3,SEDANG,DKI4 Lubang Buaya
1/9/2017,201701,38,,27,10,55,4,55,O3,SEDANG,DKI4 Lubang Buaya
1/10/2017,201701,59,,27,14,48,8,59,PM10,SEDANG,DKI4 Lubang Buaya
1/11/2017,201701,49,,27,12,48,7,49,PM10,BAIK,DKI4 Lubang Buaya
1/12/2017,201701,25,,26,7,26,5,26,SO2,BAIK,DKI4 Lubang Buaya
1/13/2017,201701,19,,27,4,16,3,27,SO2,BAIK,DKI4 Lubang Buaya
1/14/2017,201701,21,,27,4,16,3,27,SO2,BAIK,DKI4 Lubang Buaya
1/15/2017,201701,29,,27,12,27,4,29,PM10,BAIK,DKI4 Lubang Buaya
1/16/2017,201701,27,,27,8,26.5,3.5,27,PM10,BAIK,DKI4 Lubang Buaya
1/17/2017,201701,20,,27,4,26,3,27,SO2,BAIK,DKI4 Lubang Buaya
1/18/2017,201701,28,,27,9,21,3,28,PM10,BAIK,DKI4 Lubang Buaya
1/19/2017,201701,24,,27,4,18,3,27,SO2,BAIK,DKI4 Lubang Buaya
1/20/2017,201701,24,,27,4,20,3,27,SO2,BAIK,DKI4 Lubang Buaya
1/21/2017,201701,53,,28,8,39,5,53,PM10,SEDANG,DKI4 Lubang Buaya
1/22/2017,201701,63,,27,9,35,4,63,PM10,SEDANG,DKI4 Lubang Buaya
1/23/2017,201701,34,,28,5,34,4,34,PM10,BAIK,DKI4 Lubang Buaya
1/24/2017,201701,33,,28,4.5,29,2,33,PM10,BAIK,DKI4 Lubang Buaya
1/25/2017,201701,25,,27,4,30,3,30,O3,BAIK,DKI4 Lubang Buaya
1/26/2017,201701,38,,28,5,30,4,30,O3,BAIK,DKI4 Lubang Buaya
1/27/2017,201701,51,,28,14,40,7,51,PM10,SEDANG,DKI4 Lubang Buaya
1/28/2017,201701,40,,28,12,46,4,46,O3,BAIK,DKI4 Lubang Buaya
1/29/2017,201701,33,,28,13,30,8,33,PM10,BAIK,DKI4 Lubang Buaya
1/30/2017,201701,39,,28,15,46,3,46,O3,BAIK,DKI4 Lubang Buaya
1/31/2017,201701,30,,28,8,35,5,35,O3,BAIK,DKI4 Lubang Buaya
2/1/2017,201702,38,,28,11,39,6,39,O3,BAIK,DKI4 Lubang Buaya
2/2/2017,201702,35,,28,14,34,4,35,PM10,BAIK,DKI4 Lubang Buaya
2/3/2017,201702,34,,28,12,25,5,34,PM10,BAIK,DKI4 Lubang Buaya
2/4/2017,201702,30,,28,3,20,3,30,PM10,BAIK,DKI4 Lubang Buaya
2/5/2017,201702,23,,28,4.666666667,18,2,28,SO2,BAIK,DKI4 Lubang Buaya
2/6/2017,201702,17,,28,6.333333333,18,2,28,SO2,BAIK,DKI4 Lubang Buaya
2/7/2017,201702,31,,28,8,30,4,31,PM10,BAIK,DKI4 Lubang Buaya
2/8/2017,201702,25,,29,4,26,5,29,SO2,BAIK,DKI4 Lubang Buaya
2/9/2017,201702,31,,29,8,15,3,31,PM10,BAIK,DKI4 Lubang Buaya
2/10/2017,201702,22,,28,9,27,3,28,SO2,BAIK,DKI4 Lubang Buaya
2/11/2017,201702,32,,29,13,25,5,32,PM10,BAIK,DKI4 Lubang Buaya
2/12/2017,201702,37,,28,13,27,6,37,PM10,BAIK,DKI4 Lubang Buaya
2/13/2017,201702,43,,29,12,41,6,43,PM10,BAIK,DKI4 Lubang Buaya
2/14/2017,201702,39,,29,17,43,5,43,O3,BAIK,DKI4 Lubang Buaya
2/15/2017,201702,29,,29,4,50,6,50,O3,BAIK,DKI4 Lubang Buaya
2/16/2017,201702,27,,29,7,41,6,41,O3,BAIK,DKI4 Lubang Buaya
2/17/2017,201702,61,,29,22,37,7,61,PM10,SEDANG,DKI4 Lubang Buaya
2/18/2017,201702,62,,29,15,33,7,62,PM10,SEDANG,DKI4 Lubang Buaya
2/19/2017,201702,78,,29,26,27,4,78,PM10,SEDANG,DKI4 Lubang Buaya
2/20/2017,201702,59,,29,31,17,5,59,PM10,SEDANG,DKI4 Lubang Buaya
2/21/2017,201702,51,,29,24,38,6,51,PM10,SEDANG,DKI4 Lubang Buaya
2/22/2017,201702,53,,30,26,101,7,101,O3,TIDAK SEHAT,DKI4 Lubang Buaya
2/23/2017,201702,54,,29,18,114,8,114,O3,TIDAK SEHAT,DKI4 Lubang Buaya
2/24/2017,201702,62,,29,22,63,12,63,O3,SEDANG,DKI4 Lubang Buaya
2/25/2017,201702,51,,29,13,69,7,69,O3,SEDANG,DKI4 Lubang Buaya
2/26/2017,201702,49,,30,12,58,7,58,O3,SEDANG,DKI4 Lubang Buaya
2/27/2017,201702,36,,30,12,69,10,69,O3,SEDANG,DKI4 Lubang Buaya
2/28/2017,201702,64,,30,16,98,11,98,O3,SEDANG,DKI4 Lubang Buaya
3/1/2017,201703,54,,30,14,58,11,58,O3,SEDANG,DKI4 Lubang Buaya
3/2/2017,201703,64,,31,19,71,7,71,O3,SEDANG,DKI4 Lubang Buaya
3/3/2017,201703,60,,30,15,49,9,60,PM10,SEDANG,DKI4 Lubang Buaya
3/4/2017,201703,43,,30,13,79,6,79,O3,SEDANG,DKI4 Lubang Buaya
3/5/2017,201703,60,,31,20,60,12,60,PM10,SEDANG,DKI4 Lubang Buaya
3/6/2017,201703,52,,30,8,58,7,58,O3,SEDANG,DKI4 Lubang Buaya
3/7/2017,201703,52,,30,11,53,9,53,O3,SEDANG,DKI4 Lubang Buaya
3/8/2017,201703,40,,31,11,82,11,82,O3,SEDANG,DKI4 Lubang Buaya
3/9/2017,201703,53,,31,8,110,24,110,O3,TIDAK SEHAT,DKI4 Lubang Buaya
3/10/2017,201703,77,,31,21,65,18,77,PM10,SEDANG,DKI4 Lubang Buaya
3/11/2017,201703,60,,31,8,73,12,73,O3,SEDANG,DKI4 Lubang Buaya
3/12/2017,201703,75,,32,23,57,11,75,PM10,SEDANG,DKI4 Lubang Buaya
3/13/2017,201703,72,,32,14,41,13,72,PM10,SEDANG,DKI4 Lubang Buaya
3/14/2017,201703,71,,32,8,36,9,71,PM10,SEDANG,DKI4 Lubang Buaya
3/15/2017,201703,47,,32,4,27,6,47,PM10,BAIK,DKI4 Lubang Buaya
3/16/2017,201703,51,,32,9,64,9,64,O3,SEDANG,DKI4 Lubang Buaya
3/17/2017,201703,94,,32,21,62,23,94,PM10,SEDANG,DKI4 Lubang Buaya
3/18/2017,201703,52,,31,12,41,8,52,PM10,SEDANG,DKI4 Lubang Buaya
3/19/2017,201703,49,,32,21,38,5,49,PM10,BAIK,DKI4 Lubang Buaya
3/20/2017,201703,28,,31,7,23,4,31,SO2,BAIK,DKI4 Lubang Buaya
3/21/2017,201703,46,,31,19,40,8,46,PM10,BAIK,DKI4 Lubang Buaya
3/22/2017,201703,41,,32,9,44,7,44,O3,BAIK,DKI4 Lubang Buaya
3/23/2017,201703,56,,31,21,34,11,56,PM10,SEDANG,DKI4 Lubang Buaya
3/24/2017,201703,88,,32,59,89,15,89,O3,SEDANG,DKI4 Lubang Buaya
3/25/2017,201703,66,,32,13,49,9,66,PM10,SEDANG,DKI4 Lubang Buaya
3/26/2017,201703,66,,32,39,47,6,66,PM10,SEDANG,DKI4 Lubang Buaya
3/27/2017,201703,52,,32,19,78,20,78,O3,SEDANG,DKI4 Lubang Buaya
3/28/2017,201703,72,,32,20,58,6,72,PM10,SEDANG,DKI4 Lubang Buaya
3/29/2017,201703,57,,32,18,52,9,57,PM10,SEDANG,DKI4 Lubang Buaya
3/30/2017,201703,45,,32,14,48,6,48,O3,BAIK,DKI4 Lubang Buaya
3/31/2017,201703,27,,33,5,17,5,33,SO2,BAIK,DKI4 Lubang Buaya
4/1/2017,201704,48,,32,11,78,6,78,O3,SEDANG,DKI4 Lubang Buaya
4/2/2017,201704,50,,32,17,88,10,88,O3,SEDANG,DKI4 Lubang Buaya
4/3/2017,201704,33,,32,13,61,8,61,O3,SEDANG,DKI4 Lubang Buaya
4/4/2017,201704,47,,32,19,93,9,93,O3,SEDANG,DKI4 Lubang Buaya
4/5/2017,201704,53,,32,30,41,7,53,PM10,SEDANG,DKI4 Lubang Buaya
4/6/2017,201704,23,,32,4,18,3,32,SO2,BAIK,DKI4 Lubang Buaya
4/7/2017,201704,28,,32,5,25,3,32,SO2,BAIK,DKI4 Lubang Buaya
4/8/2017,201704,20,,32,5,20,3,32,SO2,BAIK,DKI4 Lubang Buaya
4/9/2017,201704,30,,32,6,19,4,32,SO2,BAIK,DKI4 Lubang Buaya
4/11/2017,201704,52,,33,17,97,9,97,O3,SEDANG,DKI4 Lubang Buaya
4/12/2017,201704,44,,33,11,85,8,85,O3,SEDANG,DKI4 Lubang Buaya
4/13/2017,201704,43,,33,8,85,11,85,O3,SEDANG,DKI4 Lubang Buaya
4/14/2017,201704,53,,33,16,51,11,53,PM10,SEDANG,DKI4 Lubang Buaya
4/15/2017,201704,71,,33,17,76,4,76,O3,SEDANG,DKI4 Lubang Buaya
4/16/2017,201704,64,,33,28,72,6,72,O3,SEDANG,DKI4 Lubang Buaya
4/17/2017,201704,83,,34,15,62,7,83,PM10,SEDANG,DKI4 Lubang Buaya
4/18/2017,201704,84,,33,12,73,12,84,PM10,SEDANG,DKI4 Lubang Buaya
4/19/2017,201704,62,,33,14,95,16,95,O3,SEDANG,DKI4 Lubang Buaya
4/20/2017,201704,65,,33,20,76,10,76,O3,SEDANG,DKI4 Lubang Buaya
4/21/2017,201704,63,,33,18,50,9,63,PM10,SEDANG,DKI4 Lubang Buaya
4/22/2017,201704,71,,33,22,66,17,71,PM10,SEDANG,DKI4 Lubang Buaya
4/23/2017,201704,55,,33,19,63,10,63,O3,SEDANG,DKI4 Lubang Buaya
4/24/2017,201704,70,,34,10,50,13,70,PM10,SEDANG,DKI4 Lubang Buaya
4/25/2017,201704,93,,34,18,38,8,93,PM10,SEDANG,DKI4 Lubang Buaya
4/26/2017,201704,57,,34,6,36,8,57,PM10,SEDANG,DKI4 Lubang Buaya
4/27/2017,201704,66,,34,35,63,10,66,PM10,SEDANG,DKI4 Lubang Buaya
4/28/2017,201704,56,,34,14,63,8,63,O3,SEDANG,DKI4 Lubang Buaya
4/29/2017,201704,54,,40,9,28,10,54,PM10,SEDANG,DKI4 Lubang Buaya
4/30/2017,201704,63,,43,11,91,10,91,O3,SEDANG,DKI4 Lubang Buaya
5/1/2017,201705,68,,43,11,85,6,85,O3,SEDANG,DKI4 Lubang Buaya
5/2/2017,201705,62,,39,15,85,7,85,O3,SEDANG,DKI4 Lubang Buaya
5/3/2017,201705,58.5,,41,19,76,9,41,SO2,BAIK,DKI4 Lubang Buaya
5/4/2017,201705,55,,42,13,67,10,55,PM10,SEDANG,DKI4 Lubang Buaya
5/5/2017,201705,56,,42,12,58,11,58,O3,SEDANG,DKI4 Lubang Buaya
5/6/2017,201705,48,,40,12,56.33333333,9,48,PM10,BAIK,DKI4 Lubang Buaya
5/7/2017,201705,53,,40,15,54.66666667,9,53,PM10,SEDANG,DKI4 Lubang Buaya
5/8/2017,201705,50,,41,17,53,9,53,O3,SEDANG,DKI4 Lubang Buaya
5/9/2017,201705,69,,42,18.33333333,47,14,69,PM10,SEDANG,DKI4 Lubang Buaya
5/10/2017,201705,80,,41,19.66666667,37,7,80,PM10,SEDANG,DKI4 Lubang Buaya
5/11/2017,201705,82,,44,21,78,9,82,PM10,SEDANG,DKI4 Lubang Buaya
5/12/2017,201705,84,,42,10,93,10,93,O3,SEDANG,DKI4 Lubang Buaya
5/13/2017,201705,70,,42,11,76,8,76,O3,SEDANG,DKI4 Lubang Buaya
5/14/2017,201705,71,,41,13,67,10,71,PM10,SEDANG,DKI4 Lubang Buaya
5/15/2017,201705,85,,46,12,83,10,85,PM10,SEDANG,DKI4 Lubang Buaya
5/16/2017,201705,88,,44,12,93,9,93,O3,SEDANG,DKI4 Lubang Buaya
5/17/2017,201705,102,,44,15,83,15,102,PM10,TIDAK SEHAT,DKI4 Lubang Buaya
5/18/2017,201705,76,,42,8,73,7,76,PM10,SEDANG,DKI4 Lubang Buaya
5/19/2017,201705,83,,44,15,77,9,83,PM10,SEDANG,DKI4 Lubang Buaya
5/20/2017,201705,91,,44,8,84,10,91,PM10,SEDANG,DKI4 Lubang Buaya
5/21/2017,201705,80,,46,10,56,15,80,PM10,SEDANG,DKI4 Lubang Buaya
5/22/2017,201705,65,,45,6,56,8,65,PM10,SEDANG,DKI4 Lubang Buaya
5/23/2017,201705,70,,44,7,75,11,75,O3,SEDANG,DKI4 Lubang Buaya
5/24/2017,201705,82,,44,9,80.75,9,82,PM10,SEDANG,DKI4 Lubang Buaya
5/25/2017,201705,95,,44,7,86.5,7,95,PM10,SEDANG,DKI4 Lubang Buaya
5/26/2017,201705,83,,45,9,92.25,8,83,PM10,SEDANG,DKI4 Lubang Buaya
5/27/2017,201705,107,,46,10.33333333,98,18,107,PM10,TIDAK SEHAT,DKI4 Lubang Buaya
5/28/2017,201705,63,,46,11.66666667,62,7,63,PM10,SEDANG,DKI4 Lubang Buaya
5/29/2017,201705,63,,43,13,52.5,5,63,PM10,SEDANG,DKI4 Lubang Buaya
5/30/2017,201705,62,,48,18,43,8,62,PM10,SEDANG,DKI4 Lubang Buaya
5/31/2017,201705,56,,45,11,33.5,6,56,PM10,SEDANG,DKI4 Lubang Buaya
6/1/2017,201706,30,,41,11,24,6,41,SO2,BAIK,DKI4 Lubang Buaya
6/2/2017,201706,57,,43,22,67,9,67,O3,SEDANG,DKI4 Lubang Buaya
6/3/2017,201706,81,,45,23,68.66666667,9,81,PM10,SEDANG,DKI4 Lubang Buaya
6/4/2017,201706,80,,47,27,70.33333333,13,80,PM10,SEDANG,DKI4 Lubang Buaya
6/5/2017,201706,82,,45,21,72,10,82,PM10,SEDANG,DKI4 Lubang Buaya
6/6/2017,201706,53,,44,16,65,13,65,O3,SEDANG,DKI4 Lubang Buaya
6/7/2017,201706,60,,48,12,51,7,60,PM10,SEDANG,DKI4 Lubang Buaya
6/8/2017,201706,68,,49,15,61.33333333,10,68,PM10,SEDANG,DKI4 Lubang Buaya
6/9/2017,201706,69,,47,16,71.66666667,11,69,PM10,SEDANG,DKI4 Lubang Buaya
6/10/2017,201706,73,,46,16,82,8,82,O3,SEDANG,DKI4 Lubang Buaya
6/11/2017,201706,80,,46,23,63.5,11,80,PM10,SEDANG,DKI4 Lubang Buaya
6/12/2017,201706,67,,47,14,45,9,67,PM10,SEDANG,DKI4 Lubang Buaya
6/13/2017,201706,84,,46,23,48.6,11,84,PM10,SEDANG,DKI4 Lubang Buaya
6/14/2017,201706,54,,44,16,52.2,11,54,PM10,SEDANG,DKI4 Lubang Buaya
6/15/2017,201706,74,,47,17,55.8,9,74,PM10,SEDANG,DKI4 Lubang Buaya
6/16/2017,201706,74,,47,19,59.4,6,74,PM10,SEDANG,DKI4 Lubang Buaya
6/17/2017,201706,67,,48,12,63,7,67,PM10,SEDANG,DKI4 Lubang Buaya
6/18/2017,201706,55,,44,20,70,9,70,O3,SEDANG,DKI4 Lubang Buaya
6/19/2017,201706,65,,47,15,81,7,81,O3,SEDANG,DKI4 Lubang Buaya
6/20/2017,201706,66,,49,13,95,8,95,O3,SEDANG,DKI4 Lubang Buaya
6/21/2017,201706,78,,48,20,84,8,78,PM10,SEDANG,DKI4 Lubang Buaya
6/22/2017,201706,91,,48,23,73,8,91,PM10,SEDANG,DKI4 Lubang Buaya
6/23/2017,201706,109,,46,25,62,6,109,PM10,TIDAK SEHAT,DKI4 Lubang Buaya
6/24/2017,201706,60,,46,13,51,5,60,PM10,SEDANG,DKI4 Lubang Buaya
6/25/2017,201706,66,,47,29,40,4,66,PM10,SEDANG,DKI4 Lubang Buaya
6/26/2017,201706,22,,44,8,29,3,44,SO2,BAIK,DKI4 Lubang Buaya
6/27/2017,201706,20,,44,7,35,3,44,SO2,BAIK,DKI4 Lubang Buaya
6/28/2017,201706,57,,44,27,35.33333333,6,57,PM10,SEDANG,DKI4 Lubang Buaya
6/29/2017,201706,42,,44,13,35.66666667,5,44,SO2,BAIK,DKI4 Lubang Buaya
6/30/2017,201706,28,,44,8,36,4,44,SO2,BAIK,DKI4 Lubang Buaya
7/1/2017,201707,41,,44,16,41,7,44,SO2,BAIK,DKI4 Lubang Buaya
7/2/2017,201707,54,,47,10,39,5,54,PM10,SEDANG,DKI4 Lubang Buaya
7/3/2017,201707,51,,46,8,43,5,51,PM10,SEDANG,DKI4 Lubang Buaya
7/4/2017,201707,65,,47,12,58,7,65,PM10,SEDANG,DKI4 Lubang Buaya
7/5/2017,201707,70,,47,12,72,5,72,O3,SEDANG,DKI4 Lubang Buaya
7/6/2017,201707,59,,49,11,87,7,87,O3,SEDANG,DKI4 Lubang Buaya
7/7/2017,201707,89,,49,19,83,8,89,PM10,SEDANG,DKI4 Lubang Buaya
7/8/2017,201707,93,,48,31,79,11,93,PM10,SEDANG,DKI4 Lubang Buaya
7/9/2017,201707,62,,47,13,65,6,65,O3,SEDANG,DKI4 Lubang Buaya
7/10/2017,201707,46,,47,13,63,10,63,O3,SEDANG,DKI4 Lubang Buaya
7/11/2017,201707,61,,50,18,67,15,61,PM10,SEDANG,DKI4 Lubang Buaya
7/12/2017,201707,53,,50,11,71,9,71,O3,SEDANG,DKI4 Lubang Buaya
7/13/2017,201707,57,,50,16,75.5,9,57,PM10,SEDANG,DKI4 Lubang Buaya
7/14/2017,201707,78,,51,21,80,10,80,O3,SEDANG,DKI4 Lubang Buaya
7/15/2017,201707,71,,49,29,46,7,71,PM10,SEDANG,DKI4 Lubang Buaya
7/16/2017,201707,73,,49,32,70,9,73,PM10,SEDANG,DKI4 Lubang Buaya
7/17/2017,201707,70,,50,10,83,6,83,O3,SEDANG,DKI4 Lubang Buaya
7/18/2017,201707,94,,51,27,77,13,94,PM10,SEDANG,DKI4 Lubang Buaya
7/19/2017,201707,89,,51,20,76,7,89,PM10,SEDANG,DKI4 Lubang Buaya
7/20/2017,201707,76,,49,22,86,6,86,O3,SEDANG,DKI4 Lubang Buaya
7/21/2017,201707,66,,48,22,122,12,122,O3,TIDAK SEHAT,DKI4 Lubang Buaya
7/22/2017,201707,71,,50,19,108,6,108,O3,TIDAK SEHAT,DKI4 Lubang Buaya
7/23/2017,201707,67,,49,14,70,6,70,O3,SEDANG,DKI4 Lubang Buaya
7/24/2017,201707,75,,50,21,86,8,86,O3,SEDANG,DKI4 Lubang Buaya
7/25/2017,201707,71,,50,14,72.5,7,71,PM10,SEDANG,DKI4 Lubang Buaya
7/26/2017,201707,70,,51,17,59,7,70,PM10,SEDANG,DKI4 Lubang Buaya
7/27/2017,201707,63,,50,15,69,7,69,O3,SEDANG,DKI4 Lubang Buaya
7/28/2017,201707,56,,50,13,58,4,58,O3,SEDANG,DKI4 Lubang Buaya
7/29/2017,201707,50,,50,13,48,5,50,PM10,BAIK,DKI4 Lubang Buaya
8/1/2017,201708,64,,51,12,55.5,4,64,PM10,SEDANG,DKI4 Lubang Buaya
8/2/2017,201708,56,,51,12,58,5,58,O3,SEDANG,DKI4 Lubang Buaya
8/3/2017,201708,54,,51,10,65,4,65,O3,SEDANG,DKI4 Lubang Buaya
8/4/2017,201708,64,,51,11,93,5,93,O3,SEDANG,DKI4 Lubang Buaya
8/5/2017,201708,79,,51,19,79,4,79,PM10,SEDANG,DKI4 Lubang Buaya
8/6/2017,201708,81,,51,19,80,4,81,PM10,SEDANG,DKI4 Lubang Buaya
8/7/2017,201708,85,,50,20,56,3,85,PM10,SEDANG,DKI4 Lubang Buaya
8/8/2017,201708,74.66666667,,51,19,83,6,83,O3,SEDANG,DKI4 Lubang Buaya
8/9/2017,201708,64.33333333,,51,24,109,7,109,O3,TIDAK SEHAT,DKI4 Lubang Buaya
8/10/2017,201708,54,,50,14,85,9,85,O3,SEDANG,DKI4 Lubang Buaya
8/11/2017,201708,59,,50,33,83,7,83,O3,SEDANG,DKI4 Lubang Buaya
8/12/2017,201708,68,,51,18,70,4,70,O3,SEDANG,DKI4 Lubang Buaya
8/13/2017,201708,69,,51,15,62,1,69,PM10,SEDANG,DKI4 Lubang Buaya
8/14/2017,201708,80,,51,21,94,5,94,O3,SEDANG,DKI4 Lubang Buaya
8/15/2017,201708,87,,50,23,66,4,87,PM10,SEDANG,DKI4 Lubang Buaya
8/16/2017,201708,66,,51,19,76,3,66,PM10,SEDANG,DKI4 Lubang Buaya
8/17/2017,201708,72,,51,16,86,3,86,O3,SEDANG,DKI4 Lubang Buaya
8/18/2017,201708,73,,51,13,62,3,73,PM10,SEDANG,DKI4 Lubang Buaya
8/19/2017,201708,60,,51,8,56,2,60,PM10,SEDANG,DKI4 Lubang Buaya
8/20/2017,201708,58,,50,9,62,2.5,62,O3,SEDANG,DKI4 Lubang Buaya
8/21/2017,201708,86,,51,15,64,3,86,PM10,SEDANG,DKI4 Lubang Buaya
8/22/2017,201708,92,,51,25,91,3.5,92,PM10,SEDANG,DKI4 Lubang Buaya
8/23/2017,201708,101,,52,19,51,4,101,PM10,TIDAK SEHAT,DKI4 Lubang Buaya
8/24/2017,201708,61,,51,10,50,4.5,61,PM10,SEDANG,DKI4 Lubang Buaya
8/25/2017,201708,64,,51,9,52,5,64,PM10,SEDANG,DKI4 Lubang Buaya
8/26/2017,201708,71,,52,12,48,5.5,71,PM10,SEDANG,DKI4 Lubang Buaya
8/27/2017,201708,77,,51,17,41,6,77,PM10,SEDANG,DKI4 Lubang Buaya
8/28/2017,201708,66,,51,12,39,6.5,66,PM10,SEDANG,DKI4 Lubang Buaya
8/29/2017,201708,77,,52,14,103,7,103,O3,TIDAK SEHAT,DKI4 Lubang Buaya
8/30/2017,201708,62,,51,13,45,7.5,62,PM10,SEDANG,DKI4 Lubang Buaya
8/31/2017,201708,74,,51,13,68,8,74,PM10,SEDANG,DKI4 Lubang Buaya
9/1/2017,201709,64,,51,9,62,7,64,PM10,SEDANG,DKI4 Lubang Buaya
9/2/2017,201709,78,,51,10,65,11,78,PM10,SEDANG,DKI4 Lubang Buaya
9/3/2017,201709,107,,51,19,57,10,107,PM10,TIDAK SEHAT,DKI4 Lubang Buaya
9/4/2017,201709,103,,52,18,89,11,103,PM10,TIDAK SEHAT,DKI4 Lubang Buaya
9/5/2017,201709,64,,52,9,64,9,64,PM10,SEDANG,DKI4 Lubang Buaya
9/6/2017,201709,66,,51,18,55,12,66,PM10,SEDANG,DKI4 Lubang Buaya
9/7/2017,201709,68,,51,13,51,11,68,PM10,SEDANG,DKI4 Lubang Buaya
9/8/2017,201709,78,,52,11,56,12,78,PM10,SEDANG,DKI4 Lubang Buaya
9/9/2017,201709,72,,52,11,61,10,72,PM10,SEDANG,DKI4 Lubang Buaya
9/10/2017,201709,59,,52,9,86,8,86,O3,SEDANG,DKI4 Lubang Buaya
9/11/2017,201709,65,,51,14,75,9,75,O3,SEDANG,DKI4 Lubang Buaya
9/12/2017,201709,91,,52,17,67,20,91,PM10,SEDANG,DKI4 Lubang Buaya
9/13/2017,201709,71,,53,14,120,11,120,O3,TIDAK SEHAT,DKI4 Lubang Buaya
9/14/2017,201709,89,,53,18,105,11,105,O3,TIDAK SEHAT,DKI4 Lubang Buaya
9/15/2017,201709,93,,52,23,99,11,99,O3,SEDANG,DKI4 Lubang Buaya
9/16/2017,201709,75,,52,16,57,12,75,PM10,SEDANG,DKI4 Lubang Buaya
9/17/2017,201709,60,,52,11,56,9,60,PM10,SEDANG,DKI4 Lubang Buaya
9/18/2017,201709,66,,52,8,40,10,66,PM10,SEDANG,DKI4 Lubang Buaya
9/19/2017,201709,60,,52,7,79,7,79,O3,SEDANG,DKI4 Lubang Buaya
9/20/2017,201709,58,,52,7,83,7,83,O3,SEDANG,DKI4 Lubang Buaya
9/21/2017,201709,77,,54,14,63,21,77,PM10,SEDANG,DKI4 Lubang Buaya
9/22/2017,201709,68,,52,15,93,12,93,O3,SEDANG,DKI4 Lubang Buaya
9/23/2017,201709,81,,53,22,75,13,81,PM10,SEDANG,DKI4 Lubang Buaya
9/24/2017,201709,73,,54,12,64,9,73,PM10,SEDANG,DKI4 Lubang Buaya
9/25/2017,201709,68,,52,15,62,12,68,PM10,SEDANG,DKI4 Lubang Buaya
9/26/2017,201709,75,,51,22,47,11,75,PM10,SEDANG,DKI4 Lubang Buaya
9/27/2017,201709,45,,51,6,22,6,51,SO2,SEDANG,DKI4 Lubang Buaya
9/28/2017,201709,61,,51,29,89,12,89,O3,SEDANG,DKI4 Lubang Buaya
9/29/2017,201709,69,,51.5,13,86,8,86,O3,SEDANG,DKI4 Lubang Buaya
9/30/2017,201709,54,,52,11,43,11,54,PM10,SEDANG,DKI4 Lubang Buaya
10/1/2017,201710,47,,52,12,61,10,61,O3,SEDANG,DKI4 Lubang Buaya
10/2/2017,201710,55,,52,23,52,9,55,PM10,SEDANG,DKI4 Lubang Buaya
10/3/2017,201710,58,,51,28,56,13,58,PM10,SEDANG,DKI4 Lubang Buaya
10/4/2017,201710,56,,52,15,72,11,72,O3,SEDANG,DKI4 Lubang Buaya
10/5/2017,201710,66,,52,16,50,9,66,PM10,SEDANG,DKI4 Lubang Buaya
10/6/2017,201710,62,,52,8,56,8,62,PM10,SEDANG,DKI4 Lubang Buaya
10/7/2017,201710,71,,52,17,76,9,76,O3,SEDANG,DKI4 Lubang Buaya
10/8/2017,201710,66,,52,10,57,9,66,PM10,SEDANG,DKI4 Lubang Buaya
10/9/2017,201710,72,,52,17,64,13,72,PM10,SEDANG,DKI4 Lubang Buaya
10/10/2017,201710,58,,51,27,82,14,82,O3,SEDANG,DKI4 Lubang Buaya
10/11/2017,201710,67,,52,16,75,22,75,O3,SEDANG,DKI4 Lubang Buaya
10/12/2017,201710,77,,52,16,81,16,81,O3,SEDANG,DKI4 Lubang Buaya
10/13/2017,201710,55,,52,23,72,15,72,O3,SEDANG,DKI4 Lubang Buaya
10/14/2017,201710,52,,53,8,69,10,69,O3,SEDANG,DKI4 Lubang Buaya
10/15/2017,201710,61,,53,5,89,8,89,O3,SEDANG,DKI4 Lubang Buaya
10/16/2017,201710,44,,53,6,55,10,55,O3,SEDANG,DKI4 Lubang Buaya
10/17/2017,201710,52,,52,11,62,10,62,O3,SEDANG,DKI4 Lubang Buaya
10/18/2017,201710,61,,53,9,91,15,91,O3,SEDANG,DKI4 Lubang Buaya
10/19/2017,201710,57,,52,16,86,14,86,O3,SEDANG,DKI4 Lubang Buaya
10/20/2017,201710,51,,52,25,71,13,71,O3,SEDANG,DKI4 Lubang Buaya
10/21/2017,201710,84,,53,42,104,15,104,O3,TIDAK SEHAT,DKI4 Lubang Buaya
10/22/2017,201710,67,,53,13,80,9,80,O3,SEDANG,DKI4 Lubang Buaya
10/23/2017,201710,66,,52,16,78,10,78,O3,SEDANG,DKI4 Lubang Buaya
10/24/2017,201710,51,,52,10,110,8,110,O3,TIDAK SEHAT,DKI4 Lubang Buaya
10/25/2017,201710,52,,52,9,93,10,93,O3,SEDANG,DKI4 Lubang Buaya
10/26/2017,201710,61,,53,9,53,12,61,PM10,SEDANG,DKI4 Lubang Buaya
10/27/2017,201710,56,,53,10,77,14,77,O3,SEDANG,DKI4 Lubang Buaya
10/28/2017,201710,73,,52,15,69,11,73,PM10,SEDANG,DKI4 Lubang Buaya
10/29/2017,201710,80,,52,29,53,9,80,PM10,SEDANG,DKI4 Lubang Buaya
10/30/2017,201710,74,,52,16,52,15,74,PM10,SEDANG,DKI4 Lubang Buaya
10/31/2017,201710,57,,52,9,77,12,77,O3,SEDANG,DKI4 Lubang Buaya
11/1/2017,201711,55,,53,6,100,9,100,O3,SEDANG,DKI4 Lubang Buaya
11/2/2017,201711,83,,54,8,98,10,98,O3,SEDANG,DKI4 Lubang Buaya
11/3/2017,201711,65,,53,8,86,15,86,O3,SEDANG,DKI4 Lubang Buaya
11/4/2017,201711,66,,53,4,71,24,71,O3,SEDANG,DKI4 Lubang Buaya
11/5/2017,201711,72,,53,7,63,12,72,PM10,SEDANG,DKI4 Lubang Buaya
11/6/2017,201711,54,,53,6.5,58.33333333,7,54,PM10,SEDANG,DKI4 Lubang Buaya
11/7/2017,201711,51,,53,6,53.66666667,10,53,SO2,SEDANG,DKI4 Lubang Buaya
11/8/2017,201711,57,,53,18,49,9,57,PM10,SEDANG,DKI4 Lubang Buaya
11/9/2017,201711,59,,53,15,77.5,10,59,PM10,SEDANG,DKI4 Lubang Buaya
11/10/2017,201711,52,,53,10,106,11,106,O3,TIDAK SEHAT,DKI4 Lubang Buaya
11/11/2017,201711,58,,53,12,122,12,122,O3,TIDAK SEHAT,DKI4 Lubang Buaya
11/12/2017,201711,48,,52,9,99,9,99,O3,SEDANG,DKI4 Lubang Buaya
11/13/2017,201711,51,,53,13,52,11,53,SO2,SEDANG,DKI4 Lubang Buaya
11/14/2017,201711,54,,53,19,89,11,89,O3,SEDANG,DKI4 Lubang Buaya
11/15/2017,201711,46,,53,10,98,20,98,O3,SEDANG,DKI4 Lubang Buaya
11/16/2017,201711,72,,53,11,85,15,85,O3,SEDANG,DKI4 Lubang Buaya
11/17/2017,201711,51,,53,20,126,18,126,O3,TIDAK SEHAT,DKI4 Lubang Buaya
11/18/2017,201711,55,,53,16,55,10,55,PM10,SEDANG,DKI4 Lubang Buaya
11/19/2017,201711,56.33333333,,53,16,80,8,80,O3,SEDANG,DKI4 Lubang Buaya
11/20/2017,201711,57.66666667,,53,12,79,9,79,O3,SEDANG,DKI4 Lubang Buaya
11/21/2017,201711,59,,54,12.5,97,15,97,O3,SEDANG,DKI4 Lubang Buaya
11/22/2017,201711,65,,53,13,117,10,117,O3,TIDAK SEHAT,DKI4 Lubang Buaya
11/23/2017,201711,51,,53,10,50,8,53,SO2,SEDANG,DKI4 Lubang Buaya
11/24/2017,201711,38,,53,6,31,6,53,SO2,SEDANG,DKI4 Lubang Buaya
11/25/2017,201711,40,,53,6,24,7,53,SO2,SEDANG,DKI4 Lubang Buaya
11/26/2017,201711,25,,53,6.285714286,24,3,53,SO2,SEDANG,DKI4 Lubang Buaya
11/27/2017,201711,12,,52,6.571428571,17,5,52,SO2,SEDANG,DKI4 Lubang Buaya
11/28/2017,201711,16,,53,6.857142857,17,4,53,SO2,SEDANG,DKI4 Lubang Buaya
11/29/2017,201711,25,,53,7.142857143,28,4,53,SO2,SEDANG,DKI4 Lubang Buaya
11/30/2017,201711,20,,27,7.428571429,24,6,27,SO2,BAIK,DKI4 Lubang Buaya
12/1/2017,201712,16,,26,7.714285714,17,4,26,SO2,BAIK,DKI4 Lubang Buaya
12/2/2017,201712,35,,26,8,22,5,35,PM10,BAIK,DKI4 Lubang Buaya
12/3/2017,201712,39,,27,7.666666667,32,5,39,PM10,BAIK,DKI4 Lubang Buaya
12/4/2017,201712,30,,27,7.333333333,22,3,30,PM10,BAIK,DKI4 Lubang Buaya
12/5/2017,201712,37,,27,7,50,6,50,O3,BAIK,DKI4 Lubang Buaya
12/6/2017,201712,43,,28,6,86,7,86,O3,SEDANG,DKI4 Lubang Buaya
12/7/2017,201712,41,,31,5,66,8,66,O3,SEDANG,DKI4 Lubang Buaya
12/8/2017,201712,41,,29,6.4,63,6,63,O3,SEDANG,DKI4 Lubang Buaya
12/9/2017,201712,21,,27,7.8,28,5,28,O3,BAIK,DKI4 Lubang Buaya
12/10/2017,201712,20,,27,9.2,17,3,27,SO2,BAIK,DKI4 Lubang Buaya
12/11/2017,201712,31,,27,10.6,20,4,31,PM10,BAIK,DKI4 Lubang Buaya
12/12/2017,201712,24,,27,12,46,8,46,O3,BAIK,DKI4 Lubang Buaya
12/13/2017,201712,24,,27,9.5,14,7,27,SO2,BAIK,DKI4 Lubang Buaya
12/14/2017,201712,35,,28,7,58,13,58,O3,SEDANG,DKI4 Lubang Buaya
12/15/2017,201712,41,,28,7,35,7,41,PM10,BAIK,DKI4 Lubang Buaya
12/16/2017,201712,63,,29,14,38,7,63,PM10,SEDANG,DKI4 Lubang Buaya
12/17/2017,201712,31,,28,12.5,27,7,31,PM10,BAIK,DKI4 Lubang Buaya
12/18/2017,201712,20,,29,11,32,7,32,O3,BAIK,DKI4 Lubang Buaya
12/19/2017,201712,33,,29,9.5,38,8,38,O3,BAIK,DKI4 Lubang Buaya
12/20/2017,201712,39,,28,8,33,9,39,PM10,BAIK,DKI4 Lubang Buaya
12/21/2017,201712,35,,28,15,34,7,35,PM10,BAIK,DKI4 Lubang Buaya
12/22/2017,201712,25,,28,16.5,33,5,33,O3,BAIK,DKI4 Lubang Buaya
12/23/2017,201712,28,,30,18,37,4,37,O3,BAIK,DKI4 Lubang Buaya
12/24/2017,201712,38,,30,19.5,43,5,43,O3,BAIK,DKI4 Lubang Buaya
12/25/2017,201712,30,,29,21,30,5,30,PM10,BAIK,DKI4 Lubang Buaya
12/26/2017,201712,38,,30,22.5,33,4,38,PM10,BAIK,DKI4 Lubang Buaya
12/27/2017,201712,55,,30,24,27,5,55,PM10,SEDANG,DKI4 Lubang Buaya
12/28/2017,201712,29,,30,25.5,48,6,48,O3,BAIK,DKI4 Lubang Buaya
12/29/2017,201712,72,,35,27,77,13,77,O3,SEDANG,DKI4 Lubang Buaya
12/30/2017,201712,60,,34,19,56,9,60,PM10,SEDANG,DKI4 Lubang Buaya
12/31/2017,201712,63,,33,25,36,9,63,PM10,SEDANG,DKI4 Lubang Buaya
1/1/2018,201801,76,,31,38,35,9,76,PM10,SEDANG,DKI4 Lubang Buaya
5/1/2018,201801,44,,32,26,28,10,44,PM10,BAIK,DKI4 Lubang Buaya
2/20/2019,201902,69,,24,41,70,23,70,O3,SEDANG,DKI4 Lubang Buaya
4/17/2019,201904,69,,22,39,80,16,80,O3,SEDANG,DKI4 Lubang Buaya
4/19/2019,201904,60,,22,21,42,9,60,PM10,SEDANG,DKI4 Lubang Buaya
5/12/2019,201905,69,,22,24,76,12,76,O3,SEDANG,DKI4 Lubang Buaya
6/5/2019,201906,82,,25,26,65,13,82,PM10,SEDANG,DKI4 Lubang Buaya
6/7/2019,201906,51,,24,11,54,8,54,O3,SEDANG,DKI4 Lubang Buaya
6/13/2019,201906,79,,24,25,148,21,148,O3,TIDAK SEHAT,DKI4 Lubang Buaya
6/22/2019,201906,80,,28,19,133,15,133,O3,TIDAK SEHAT,DKI4 Lubang Buaya
7/1/2019,201907,69,,26,23,96,15,96,O3,SEDANG,DKI4 Lubang Buaya
7/11/2019,201907,71,,28,20,63,14,71,PM10,SEDANG,DKI4 Lubang Buaya
7/13/2019,201907,67,,27,18,163,14,163,O3,TIDAK SEHAT,DKI4 Lubang Buaya
7/14/2019,201907,84,,29,22,160,17,160,O3,TIDAK SEHAT,DKI4 Lubang Buaya
7/16/2019,201907,78,,27,24,92,19,92,O3,SEDANG,DKI4 Lubang Buaya
7/28/2019,201907,90,,27,17,115,13,115,O3,TIDAK SEHAT,DKI4 Lubang Buaya
8/5/2019,201908,64,,28,0,117,22,117,O3,TIDAK SEHAT,DKI4 Lubang Buaya
8/15/2019,201908,72,,28,22,102,17,102,O3,TIDAK SEHAT,DKI4 Lubang Buaya
8/19/2019,201908,71,,29,25,185,19,185,O3,TIDAK SEHAT,DKI4 Lubang Buaya
10/25/2019,201910,75,,33,19,172,12,172,O3,TIDAK SEHAT,DKI4 Lubang Buaya
11/8/2019,201911,85,,35,26,150,24,150,O3,TIDAK SEHAT,DKI4 Lubang Buaya
11/11/2019,201911,70,,36,13,162,18,162,O3,TIDAK SEHAT,DKI4 Lubang Buaya
11/15/2019,201911,73,,37,33,94,11,94,O3,SEDANG,DKI4 Lubang Buaya
11/29/2019,201911,63,,35,25,124,11,124,O3,TIDAK SEHAT,DKI4 Lubang Buaya
11/30/2019,201911,56,,34,26,111,13,111,O3,TIDAK SEHAT,DKI4 Lubang Buaya
12/1/2019,201912,63,,34,30,117,10,117,O3,TIDAK SEHAT,DKI4 Lubang Buaya
12/4/2019,201912,61,,36,29,125,13,125,O3,TIDAK SEHAT,DKI4 Lubang Buaya
12/5/2019,201912,61,,34,22,143,13,143,O3,TIDAK SEHAT,DKI4 Lubang Buaya
12/6/2019,201912,61,,35,25,159,11,159,O3,TIDAK SEHAT,DKI4 Lubang Buaya
12/7/2019,201912,48,,35,20,86,10,86,O3,SEDANG,DKI4 Lubang Buaya
12/8/2019,201912,56,,35,29,120,10,120,O3,TIDAK SEHAT,DKI4 Lubang Buaya
12/10/2019,201912,63,,35,24,91,12,91,O3,SEDANG,DKI4 Lubang Buaya
12/13/2019,201912,71,,37,29,120,13,120,O3,TIDAK SEHAT,DKI4 Lubang Buaya
12/19/2019,201912,64,,37,30,96,14,96,O3,SEDANG,DKI4 Lubang Buaya
12/21/2019,201912,72,,37,35,109,15,109,O3,TIDAK SEHAT,DKI4 Lubang Buaya
12/27/2019,201912,55,,38,26,84,11,84,O3,SEDANG,DKI4 Lubang Buaya
1/1/2020,202001,33,,36,25.16666667,36,6,36,SO2,BAIK,DKI4 Lubang Buaya
1/2/2020,202001,45,,36,25,46,5,46,O3,BAIK,DKI4 Lubang Buaya
1/3/2020,202001,51,,37,15,46,6,51,PM10,SEDANG,DKI4 Lubang Buaya
1/4/2020,202001,48,,38,14,51,5,51,O3,SEDANG,DKI4 Lubang Buaya
1/5/2020,202001,40,,39,19,50,5,50,O3,BAIK,DKI4 Lubang Buaya
1/6/2020,202001,56,,37,33,41,6,56,PM10,SEDANG,DKI4 Lubang Buaya
1/7/2020,202001,50,,38,18,47,6,50,PM10,BAIK,DKI4 Lubang Buaya
1/8/2020,202001,52,,40,16,47,5,52,PM10,SEDANG,DKI4 Lubang Buaya
1/9/2020,202001,82,,38,31,30,6,82,PM10,SEDANG,DKI4 Lubang Buaya
1/10/2020,202001,44,,37,18,33,6,44,PM10,BAIK,DKI4 Lubang Buaya
1/11/2020,202001,36,,38,20,30,5,38,SO2,BAIK,DKI4 Lubang Buaya
1/11/2020,202011,53,,38,16,55,10,55,CO,SEDANG,DKI4 Lubang Buaya
1/12/2020,202001,43,,38,9,43,2,43,PM10,BAIK,DKI4 Lubang Buaya
1/13/2020,202001,33,,38,11,51,3,51,O3,SEDANG,DKI4 Lubang Buaya
1/14/2020,202001,32,,32,11,48,6,48,O3,BAIK,DKI4 Lubang Buaya
1/15/2020,202001,35,,29,10,52,5,52,O3,SEDANG,DKI4 Lubang Buaya
1/16/2020,202001,70,,30,37,63,5,70,PM10,SEDANG,DKI4 Lubang Buaya
1/17/2020,202001,71,,29,36,125,6,125,O3,TIDAK SEHAT,DKI4 Lubang Buaya
1/18/2020,202001,59,,30,15,75,6,75,O3,SEDANG,DKI4 Lubang Buaya
1/19/2020,202001,76,,31,71,94,5,94,O3,SEDANG,DKI4 Lubang Buaya
1/20/2020,202001,56,,31,13,50,7,56,PM10,SEDANG,DKI4 Lubang Buaya
1/21/2020,202001,54,,30,17,50,4,54,PM10,SEDANG,DKI4 Lubang Buaya
1/22/2020,202001,82,,31,25,53,5,82,PM10,SEDANG,DKI4 Lubang Buaya
1/23/2020,202001,60,,32,20,44,7,60,PM10,SEDANG,DKI4 Lubang Buaya
1/24/2020,202001,71,,30,22,29,5,71,PM10,SEDANG,DKI4 Lubang Buaya
1/25/2020,202001,37,,29,26,35,3,37,PM10,BAIK,DKI4 Lubang Buaya
1/26/2020,202001,63,,30,29,71,4,71,O3,SEDANG,DKI4 Lubang Buaya
1/27/2020,202001,47,,30,13,73,4,73,O3,SEDANG,DKI4 Lubang Buaya
1/28/2020,202001,72,,31,36,82.5,6,72,PM10,SEDANG,DKI4 Lubang Buaya
1/29/2020,202001,63,,30,27,92,5,92,O3,SEDANG,DKI4 Lubang Buaya
1/30/2020,202001,33,,30,14,80,5,80,O3,SEDANG,DKI4 Lubang Buaya
1/31/2020,202001,56,,30,18,37,5,56,PM10,SEDANG,DKI4 Lubang Buaya
2/1/2020,202002,57,,30,14,33,3,57,PM10,SEDANG,DKI4 Lubang Buaya
2/2/2020,202002,52,,30,16,36,3,52,PM10,SEDANG,DKI4 Lubang Buaya
2/2/2020,202202,66,101,47,22,64,26,101,PM2.5,TIDAK SEHAT,DKI4 Lubang Buaya
2/3/2020,202002,59,99,30,40,35,3,59,PM10,SEDANG,DKI4 Lubang Buaya
2/3/2020,202202,58,99,48,20,65,33,99,PM2.5,SEDANG,DKI4 Lubang Buaya
2/4/2020,202002,43,101,30,32,32,5,43,PM10,BAIK,DKI4 Lubang Buaya
2/5/2020,202002,59,103,30,36,41,4,59,PM10,SEDANG,DKI4 Lubang Buaya
2/6/2020,202002,59,105,30,16,33,3,59,PM10,SEDANG,DKI4 Lubang Buaya
2/8/2020,202002,74,109,30,11,66,3,74,PM10,SEDANG,DKI4 Lubang Buaya
2/8/2020,202202,58,109,39,18,60,31,109,PM2.5,TIDAK SEHAT,DKI4 Lubang Buaya
2/9/2020,202002,47,101,30,23,38,4,47,PM10,BAIK,DKI4 Lubang Buaya
2/9/2020,202202,64,101,39,36,55,45,101,PM2.5,TIDAK SEHAT,DKI4 Lubang Buaya
2/10/2020,202002,51,102.6,31,22,76,4,76,O3,SEDANG,DKI4 Lubang Buaya
2/11/2020,202002,69,104.2,32,24,98,7,98,O3,SEDANG,DKI4 Lubang Buaya
2/11/2020,202011,49,104.2,36,8,38,5,49,PM10,BAIK,DKI4 Lubang Buaya
2/12/2020,202002,59.66666667,105.8,35,13,101,4,101,O3,TIDAK SEHAT,DKI4 Lubang Buaya
2/13/2020,202002,70.33333333,107.4,33,16,75,4,33,SO2,BAIK,DKI4 Lubang Buaya
2/14/2020,202002,81,109,33,19,49,4,81,PM10,SEDANG,DKI4 Lubang Buaya
2/14/2020,202202,66,109,51,29,49,39,109,PM2.5,TIDAK SEHAT,DKI4 Lubang Buaya
2/15/2020,202002,74,111.25,26,47,191,7,191,O3,TIDAK SEHAT,DKI4 Lubang Buaya
2/16/2020,202002,67,113.5,23,27,118,4,118,O3,TIDAK SEHAT,DKI4 Lubang Buaya
2/17/2020,202002,43,115.75,21,22,170,4,170,O3,TIDAK SEHAT,DKI4 Lubang Buaya
2/18/2020,202002,62,118,23,32,93,4,93,O3,SEDANG,DKI4 Lubang Buaya
2/18/2020,202202,65,118,47,18,67,30,118,PM2.5,TIDAK SEHAT,DKI4 Lubang Buaya
2/19/2020,202002,54,108,22,20,51,3,54,PM10,SEDANG,DKI4 Lubang Buaya
2/19/2020,202202,67,108,44,23,69,37,108,PM2.5,TIDAK SEHAT,DKI4 Lubang Buaya
2/20/2020,202002,30,115,20,11,68,3,68,O3,SEDANG,DKI4 Lubang Buaya
2/20/2020,202202,70,115,47,26,62,36,115,PM2.5,TIDAK SEHAT,DKI4 Lubang Buaya
2/21/2020,202002,34,103.5,20,22,80,4,80,O3,SEDANG,DKI4 Lubang Buaya
2/22/2020,202002,58,92,19,34,85,4,85,O3,SEDANG,DKI4 Lubang Buaya
2/22/2020,202202,54,92,42,13,56,35,92,PM2.5,SEDANG,DKI4 Lubang Buaya
2/23/2020,202002,39,87,49,16,43,38,39,PM10,BAIK,DKI4 Lubang Buaya
2/23/2020,202202,55,87,49,16,43,38,87,PM2.5,SEDANG,DKI4 Lubang Buaya
2/24/2020,202002,32,71,19,14,65,21,65,O3,SEDANG,DKI4 Lubang Buaya
2/24/2020,202202,45,71,41,14,38,21,71,PM2.5,SEDANG,DKI4 Lubang Buaya
2/25/2020,202002,40,65.5,19,15,92,4,92,O3,SEDANG,DKI4 Lubang Buaya
2/26/2020,202002,52,60,19,21,89,5,89,O3,SEDANG,DKI4 Lubang Buaya
2/26/2020,202202,40,60,39,15,28,16,60,PM2.5,SEDANG,DKI4 Lubang Buaya
2/27/2020,202002,54,51,18,20,84,2,84,O3,SEDANG,DKI4 Lubang Buaya
2/27/2020,202202,31,51,39,14,30,12,51,PM2.5,SEDANG,DKI4 Lubang Buaya
2/28/2020,202002,56,51.02346041,21,27,104,6,104,O3,TIDAK SEHAT,DKI4 Lubang Buaya
2/29/2020,202002,64,51.04692082,22,41,78,7,78,O3,SEDANG,DKI4 Lubang Buaya
3/1/2020,202003,22,51.07038123,16,35,213,11,213,O3,SANGAT TIDAK SEHAT,DKI4 Lubang Buaya
3/1/2020,202003,43,51.07038123,16,23,54,8,54,O3,SEDANG,DKI4 Lubang Buaya
3/1/2020,202003,55,51.07038123,21,11,81,6,81,O3,SEDANG,DKI4 Lubang Buaya
3/2/2020,202003,22,51.09384164,16,21,201,15,201,O3,SANGAT TIDAK SEHAT,DKI4 Lubang Buaya
3/2/2020,202003,34,51.09384164,7,15,40,8,40,O3,BAIK,DKI4 Lubang Buaya
3/2/2020,202003,34,51.09384164,16,30,55,14,55,O3,SEDANG,DKI4 Lubang Buaya
3/2/2020,202003,40,51.09384164,22,21,105,6,105,O3,TIDAK SEHAT,DKI4 Lubang Buaya
3/3/2020,202003,54,51.11730205,16,39,152,13,152,O3,TIDAK SEHAT,DKI4 Lubang Buaya
3/3/2020,202003,66,51.11730205,16,51,70,13,70,O3,SEDANG,DKI4 Lubang Buaya
3/3/2020,202003,76,51.11730205,22,25,108,8,108,O3,TIDAK SEHAT,DKI4 Lubang Buaya
3/4/2020,202003,59,51.14076246,21,32,206,5,206,O3,SANGAT TIDAK SEHAT,DKI4 Lubang Buaya
3/4/2020,202003,58,51.14076246,8,18,60,4,60,O3,SEDANG,DKI4 Lubang Buaya
3/4/2020,202003,70,51.14076246,21,18,172,5,172,O3,TIDAK SEHAT,DKI4 Lubang Buaya
3/5/2020,202003,24,51.16422287,17,52,95,3,95,O3,SEDANG,DKI4 Lubang Buaya
3/5/2020,202003,33,51.16422287,8,12,46,3,46,O3,BAIK,DKI4 Lubang Buaya
3/5/2020,202003,35,51.16422287,16,19,38,4,38,O3,BAIK,DKI4 Lubang Buaya
3/5/2020,202003,35,51.16422287,22,8,66,3,66,O3,SEDANG,DKI4 Lubang Buaya
3/6/2020,202003,34,51.18768328,27,40,54,7,54,O3,SEDANG,DKI4 Lubang Buaya
3/6/2020,202003,38,51.18768328,17,23,67,8,67,O3,SEDANG,DKI4 Lubang Buaya
3/6/2020,202003,44,51.18768328,24,10,100,14,100,O3,SEDANG,DKI4 Lubang Buaya
3/7/2020,202003,30,51.2111437,24,40,58,5,58,O3,SEDANG,DKI4 Lubang Buaya
3/7/2020,202003,37,51.2111437,8,9,43,5,43,O3,BAIK,DKI4 Lubang Buaya
3/7/2020,202003,43,51.2111437,17,16,64,5,64,O3,SEDANG,DKI4 Lubang Buaya
3/7/2020,202003,50,51.2111437,23,9,74,12,74,O3,SEDANG,DKI4 Lubang Buaya
3/8/2020,202003,52,51.23460411,22,38,59,7,59,O3,SEDANG,DKI4 Lubang Buaya
3/8/2020,202003,49,51.23460411,9,15,50,5,50,O3,BAIK,DKI4 Lubang Buaya
3/8/2020,202003,47,51.23460411,16,24,63,4,63,O3,SEDANG,DKI4 Lubang Buaya
3/8/2020,202003,53,51.23460411,23,18,86,16,86,O3,SEDANG,DKI4 Lubang Buaya
3/9/2020,202003,32,51.25806452,21,39,43,4,43,O3,BAIK,DKI4 Lubang Buaya
3/9/2020,202003,40,51.25806452,8,9,42,3,42,O3,BAIK,DKI4 Lubang Buaya
3/9/2020,202003,50,51.25806452,23,9,72,11,72,O3,SEDANG,DKI4 Lubang Buaya
3/10/2020,202003,25,51.28152493,20,36,41,4,41,O3,BAIK,DKI4 Lubang Buaya
3/10/2020,202003,30,51.28152493,5,12,33,11,33,O3,BAIK,DKI4 Lubang Buaya
3/10/2020,202003,36,51.28152493,8,9,40,8,40,O3,BAIK,DKI4 Lubang Buaya
3/10/2020,202003,43,51.28152493,22,6,55,7,55,O3,SEDANG,DKI4 Lubang Buaya
3/11/2020,202003,34,51.30498534,20,46,63,4,63,O3,SEDANG,DKI4 Lubang Buaya
3/11/2020,202003,39,51.30498534,8,7,40,5,40,O3,BAIK,DKI4 Lubang Buaya
3/11/2020,202003,43,51.30498534,23,14,108,15,108,O3,TIDAK SEHAT,DKI4 Lubang Buaya
3/11/2020,202011,46,51.30498534,38,14,69,7,69,CO,SEDANG,DKI4 Lubang Buaya
3/12/2020,202003,44,51.32844575,19,58,72,10,72,O3,SEDANG,DKI4 Lubang Buaya
3/12/2020,202003,43,51.32844575,9,11,46,8,46,O3,BAIK,DKI4 Lubang Buaya
3/12/2020,202003,51,51.32844575,17,24,68,5,68,O3,SEDANG,DKI4 Lubang Buaya
3/13/2020,202003,32,51.35190616,19,51,69,6,69,O3,SEDANG,DKI4 Lubang Buaya
3/13/2020,202003,34,51.35190616,4,17,36,12,36,O3,BAIK,DKI4 Lubang Buaya
3/13/2020,202003,40,51.35190616,8,11,49,12,49,O3,BAIK,DKI4 Lubang Buaya
3/13/2020,202003,43,51.35190616,16,19,75,4,75,O3,SEDANG,DKI4 Lubang Buaya
3/13/2020,202003,53,51.35190616,22,19,110,73,110,O3,TIDAK SEHAT,DKI4 Lubang Buaya
3/14/2020,202003,66,51.37536657,22,59,179,8,179,O3,TIDAK SEHAT,DKI4 Lubang Buaya
3/14/2020,202003,64,51.37536657,6,19,87,17,87,O3,SEDANG,DKI4 Lubang Buaya
3/14/2020,202003,65,51.37536657,10,14,92,11,92,O3,SEDANG,DKI4 Lubang Buaya
3/14/2020,202003,65,51.37536657,17,45,137,5,137,O3,TIDAK SEHAT,DKI4 Lubang Buaya
3/14/2020,202003,89,51.37536657,25,28,197,13,197,O3,TIDAK SEHAT,DKI4 Lubang Buaya
3/15/2020,202003,53,51.39882698,18,63,92,8,92,O3,SEDANG,DKI4 Lubang Buaya
3/15/2020,202003,56,51.39882698,17,16,62,6,62,O3,SEDANG,DKI4 Lubang Buaya
3/15/2020,202003,51,51.39882698,16,35,93,5,93,O3,SEDANG,DKI4 Lubang Buaya
3/15/2020,202003,69,51.39882698,22,21,131,10,131,O3,TIDAK SEHAT,DKI4 Lubang Buaya
3/16/2020,202003,48,51.42228739,19,62,70,9,70,O3,SEDANG,DKI4 Lubang Buaya
3/16/2020,202003,51,51.42228739,11,17,61,6,61,O3,SEDANG,DKI4 Lubang Buaya
3/16/2020,202003,50,51.42228739,16,31,109,5,109,O3,TIDAK SEHAT,DKI4 Lubang Buaya
3/16/2020,202003,59,51.42228739,23,18,133,10,133,O3,TIDAK SEHAT,DKI4 Lubang Buaya
3/17/2020,202003,40,51.4457478,18,38,101,9,101,O3,TIDAK SEHAT,DKI4 Lubang Buaya
3/17/2020,202003,41,51.4457478,4,21,57,15,57,O3,SEDANG,DKI4 Lubang Buaya
3/17/2020,202003,54,51.4457478,13,19,63,7,63,O3,SEDANG,DKI4 Lubang Buaya
3/17/2020,202003,43,51.4457478,16,27,105,5,105,O3,TIDAK SEHAT,DKI4 Lubang Buaya
3/17/2020,202003,101,51.4457478,23,16,129,10,129,O3,TIDAK SEHAT,DKI4 Lubang Buaya
3/18/2020,202003,45,51.46920821,18,35,90,6,90,O3,SEDANG,DKI4 Lubang Buaya
3/18/2020,202003,44,51.46920821,3,15,54,12,54,O3,SEDANG,DKI4 Lubang Buaya
3/18/2020,202003,51,51.46920821,16,24,74,7,74,O3,SEDANG,DKI4 Lubang Buaya
3/18/2020,202003,57,51.46920821,23,13,108,10,108,O3,TIDAK SEHAT,DKI4 Lubang Buaya
3/19/2020,202003,69,51.49266862,9,33,99,7,99,O3,SEDANG,DKI4 Lubang Buaya
3/19/2020,202003,62,51.49266862,9,26,63,8,63,O3,SEDANG,DKI4 Lubang Buaya
3/20/2020,202003,54,51.51612903,20,19,66,7,66,O3,SEDANG,DKI4 Lubang Buaya
3/20/2020,202003,51,51.51612903,20,11,83,8,83,O3,SEDANG,DKI4 Lubang Buaya
3/20/2020,202003,48,51.51612903,4,12,51,14,51,O3,SEDANG,DKI4 Lubang Buaya
3/20/2020,202003,45,51.51612903,10,15,109,7,109,O3,TIDAK SEHAT,DKI4 Lubang Buaya
3/20/2020,202003,38,51.51612903,15,19,47,12,47,O3,BAIK,DKI4 Lubang Buaya
3/21/2020,202003,42,51.53958944,17,15,84,6,84,O3,SEDANG,DKI4 Lubang Buaya
3/21/2020,202003,54,51.53958944,9,20,60,9,60,O3,SEDANG,DKI4 Lubang Buaya
3/21/2020,202003,32,51.53958944,17,18,55,5,55,O3,SEDANG,DKI4 Lubang Buaya
3/22/2020,202003,45,51.56304985,5,5,50,1,50,O3,BAIK,DKI4 Lubang Buaya
3/22/2020,202003,27,51.56304985,9,5,71,7,71,O3,SEDANG,DKI4 Lubang Buaya
3/22/2020,202003,34,51.56304985,4,7,42,9,42,O3,BAIK,DKI4 Lubang Buaya
3/22/2020,202003,27,51.56304985,9,6,46,2,46,O3,BAIK,DKI4 Lubang Buaya
3/22/2020,202003,39,51.56304985,17,23,50,6,50,O3,BAIK,DKI4 Lubang Buaya
3/23/2020,202003,54,51.58651026,7,14,100,1,100,O3,SEDANG,DKI4 Lubang Buaya
3/23/2020,202003,52,51.58651026,11,14,105,7,105,O3,TIDAK SEHAT,DKI4 Lubang Buaya
3/23/2020,202003,40,51.58651026,4,12,66,13,66,O3,SEDANG,DKI4 Lubang Buaya
3/23/2020,202003,44,51.58651026,11,14,84,4,84,O3,SEDANG,DKI4 Lubang Buaya
3/23/2020,202003,43,51.58651026,17,21,95,7,95,O3,SEDANG,DKI4 Lubang Buaya
3/24/2020,202003,70,51.60997067,17,25,93,11,93,O3,SEDANG,DKI4 Lubang Buaya
3/24/2020,202003,54,51.60997067,17,31,72,10,72,O3,SEDANG,DKI4 Lubang Buaya
3/25/2020,202003,56,51.63343109,23,10,82,4,82,O3,SEDANG,DKI4 Lubang Buaya
3/25/2020,202003,34,51.63343109,3,6,99,5,99,O3,SEDANG,DKI4 Lubang Buaya
3/25/2020,202003,33,51.63343109,3,7,63,8,63,O3,SEDANG,DKI4 Lubang Buaya
3/25/2020,202003,44,51.63343109,11,10,65,4,65,O3,SEDANG,DKI4 Lubang Buaya
3/25/2020,202003,40,51.63343109,18,18,97,7,97,O3,SEDANG,DKI4 Lubang Buaya
3/26/2020,202003,54,51.6568915,25,9,58,5,58,O3,SEDANG,DKI4 Lubang Buaya
3/26/2020,202003,44,51.6568915,17,9,67,5,67,O3,SEDANG,DKI4 Lubang Buaya
3/26/2020,202003,48,51.6568915,12,9,51,3,51,O3,SEDANG,DKI4 Lubang Buaya
3/26/2020,202003,44,51.6568915,17,22,68,8,68,O3,SEDANG,DKI4 Lubang Buaya
3/27/2020,202003,65,51.68035191,25,9,70,5,70,O3,SEDANG,DKI4 Lubang Buaya
3/27/2020,202003,40,51.68035191,12,6,117,5,117,O3,TIDAK SEHAT,DKI4 Lubang Buaya
3/27/2020,202003,43,51.68035191,4,9,62,10,62,O3,SEDANG,DKI4 Lubang Buaya
3/27/2020,202003,52,51.68035191,12,11,60,6,60,O3,SEDANG,DKI4 Lubang Buaya
3/27/2020,202003,48,51.68035191,16,19,73,4,73,O3,SEDANG,DKI4 Lubang Buaya
3/28/2020,202003,74,51.70381232,26,19,104,11,104,O3,TIDAK SEHAT,DKI4 Lubang Buaya
3/28/2020,202003,58,51.70381232,11,12,124,6,124,O3,TIDAK SEHAT,DKI4 Lubang Buaya
3/28/2020,202003,58,51.70381232,6,12,67,14,67,O3,SEDANG,DKI4 Lubang Buaya
3/28/2020,202003,63,51.70381232,17,16,124,5,124,O3,TIDAK SEHAT,DKI4 Lubang Buaya
3/28/2020,202003,49,51.70381232,17,21,112,5,112,O3,TIDAK SEHAT,DKI4 Lubang Buaya
3/29/2020,202003,78,51.72727273,25,22,86,10,86,O3,SEDANG,DKI4 Lubang Buaya
3/29/2020,202003,65,51.72727273,14,11,91,7,91,O3,SEDANG,DKI4 Lubang Buaya
3/29/2020,202003,56,51.72727273,10,8,80,4,80,O3,SEDANG,DKI4 Lubang Buaya
3/30/2020,202003,62,51.75073314,25,12,66,12,66,O3,SEDANG,DKI4 Lubang Buaya
3/30/2020,202003,53,51.75073314,9,10,76,5,76,O3,SEDANG,DKI4 Lubang Buaya
3/30/2020,202003,47,51.75073314,6,9,68,12,68,O3,SEDANG,DKI4 Lubang Buaya
3/30/2020,202003,59,51.75073314,12,13,106,4,106,O3,TIDAK SEHAT,DKI4 Lubang Buaya
3/30/2020,202003,42,51.75073314,19,21,68,5,68,O3,SEDANG,DKI4 Lubang Buaya
3/31/2020,202003,47,51.77419355,11,14,96,6,96,O3,SEDANG,DKI4 Lubang Buaya
3/31/2020,202003,51,51.77419355,11,9,84,10,84,O3,SEDANG,DKI4 Lubang Buaya
3/31/2020,202003,60,51.77419355,14,14,90,6,90,O3,SEDANG,DKI4 Lubang Buaya
4/1/2020,202004,42,51.79765396,25,11,90,8,90,O3,SEDANG,DKI4 Lubang Buaya
4/2/2020,202004,51,51.82111437,25,10,36,6,51,PM10,SEDANG,DKI4 Lubang Buaya
4/3/2020,202004,55,51.84457478,27,14,48,6,55,PM10,SEDANG,DKI4 Lubang Buaya
4/4/2020,202004,66,51.86803519,28,22,63,7,66,PM10,SEDANG,DKI4 Lubang Buaya
4/5/2020,202004,66,51.8914956,28,14,83,8,83,O3,SEDANG,DKI4 Lubang Buaya
4/6/2020,202004,56,51.91495601,26,18,60,8,60,O3,SEDANG,DKI4 Lubang Buaya
4/7/2020,202004,42,51.93841642,25,17,28,9,42,PM10,BAIK,DKI4 Lubang Buaya
4/8/2020,202004,33,51.96187683,26,10,58,7,58,O3,SEDANG,DKI4 Lubang Buaya
4/9/2020,202004,59,51.98533724,28,13,57,8,59,PM10,SEDANG,DKI4 Lubang Buaya
4/10/2020,202004,65,52.00879765,27,19,107,8,107,O3,TIDAK SEHAT,DKI4 Lubang Buaya
4/11/2020,202004,109,52.03225806,27,13,87,5,109,PM10,TIDAK SEHAT,DKI4 Lubang Buaya
4/11/2020,202011,54,52.03225806,39,12,79,7,79,CO,SEDANG,DKI4 Lubang Buaya
4/12/2020,202004,82,52.05571848,27,24,89,10,89,O3,SEDANG,DKI4 Lubang Buaya
4/13/2020,202004,52,52.07917889,26,13,64,7,64,O3,SEDANG,DKI4 Lubang Buaya
4/14/2020,202004,54,52.1026393,28,13,61,9,61,O3,SEDANG,DKI4 Lubang Buaya
4/15/2020,202004,57,52.12609971,27,15,72,9,72,O3,SEDANG,DKI4 Lubang Buaya
4/16/2020,202004,60,52.14956012,27,16,66,8,66,O3,SEDANG,DKI4 Lubang Buaya
4/17/2020,202004,60,52.17302053,27,19,75,8,75,O3,SEDANG,DKI4 Lubang Buaya
4/18/2020,202004,52,52.19648094,28,12,82,6,82,O3,SEDANG,DKI4 Lubang Buaya
4/19/2020,202004,73,52.21994135,29,17,86,10,86,O3,SEDANG,DKI4 Lubang Buaya
4/20/2020,202004,78,52.24340176,28,13,73,6,78,PM10,SEDANG,DKI4 Lubang Buaya
4/21/2020,202004,69,52.26686217,28,14,57,7,69,PM10,SEDANG,DKI4 Lubang Buaya
4/22/2020,202004,111,52.29032258,31,25,58,10,111,PM10,TIDAK SEHAT,DKI4 Lubang Buaya
4/23/2020,202004,66,52.31378299,27,13,51,7,66,PM10,SEDANG,DKI4 Lubang Buaya
4/24/2020,202004,71,52.3372434,27,19,42,8,71,PM10,SEDANG,DKI4 Lubang Buaya
4/25/2020,202004,64,52.36070381,26,25,53,9,64,PM10,SEDANG,DKI4 Lubang Buaya
4/26/2020,202004,75,52.38416422,26,21.33333333,55,5,75,PM10,SEDANG,DKI4 Lubang Buaya
4/27/2020,202004,51,52.40762463,25,17.66666667,76,4,76,O3,SEDANG,DKI4 Lubang Buaya
4/28/2020,202004,59,52.43108504,20,14,60,9,60,O3,SEDANG,DKI4 Lubang Buaya
4/29/2020,202004,67,52.45454545,22,20,52,7,67,PM10,SEDANG,DKI4 Lubang Buaya
4/30/2020,202004,80,52.47800587,22,26,44,9,80,PM10,SEDANG,DKI4 Lubang Buaya
5/1/2020,202005,78.14285714,52.50146628,21,20,45,5,45,O3,BAIK,DKI4 Lubang Buaya
5/2/2020,202005,76.28571429,52.52492669,22,11,36,4,36,O3,BAIK,DKI4 Lubang Buaya
5/3/2020,202005,74.42857143,52.5483871,23,26,44,4,44,O3,BAIK,DKI4 Lubang Buaya
5/4/2020,202005,72.57142857,52.57184751,21,10,35,4,35,O3,BAIK,DKI4 Lubang Buaya
5/5/2020,202005,70.71428571,52.59530792,22,9,29,5,29,O3,BAIK,DKI4 Lubang Buaya
5/6/2020,202005,68.85714286,52.61876833,22,14,31,4,31,O3,BAIK,DKI4 Lubang Buaya
5/7/2020,202005,67,52.64222874,21,18,59,5,67,PM10,SEDANG,DKI4 Lubang Buaya
5/8/2020,202005,91,52.66568915,22,15,60,5,91,PM10,SEDANG,DKI4 Lubang Buaya
5/9/2020,202005,77,52.68914956,22,22,36,8,77,PM10,SEDANG,DKI4 Lubang Buaya
5/10/2020,202005,72,52.71260997,23,27,56,8,72,PM10,SEDANG,DKI4 Lubang Buaya
5/11/2020,202005,54,52.73607038,22,14,54,5,54,PM10,SEDANG,DKI4 Lubang Buaya
5/11/2020,202011,51,52.73607038,38,13,64,10,64,CO,SEDANG,DKI4 Lubang Buaya
5/12/2020,202005,57,52.75953079,23,17,49,5,57,PM10,SEDANG,DKI4 Lubang Buaya
5/13/2020,202005,52,52.7829912,22,12,52,5,52,PM10,SEDANG,DKI4 Lubang Buaya
5/14/2020,202005,60,52.80645161,23,11,51,6,60,PM10,SEDANG,DKI4 Lubang Buaya
5/15/2020,202005,66,52.82991202,23,13,48,7,66,PM10,SEDANG,DKI4 Lubang Buaya
5/16/2020,202005,65,52.85337243,23,12,57,5,65,PM10,SEDANG,DKI4 Lubang Buaya
5/17/2020,202005,74,52.87683284,23,15,72,6,74,PM10,SEDANG,DKI4 Lubang Buaya
5/18/2020,202005,56,52.90029326,21,11,61,5,61,O3,SEDANG,DKI4 Lubang Buaya
5/19/2020,202005,40,52.92375367,23,13,78,6,78,O3,SEDANG,DKI4 Lubang Buaya
5/20/2020,202005,61,52.94721408,23,11,73,3,73,O3,SEDANG,DKI4 Lubang Buaya
5/21/2020,202005,25,52.97067449,22,9,52,4,52,O3,SEDANG,DKI4 Lubang Buaya
5/22/2020,202005,70,52.9941349,22,15,59,4,70,PM10,SEDANG,DKI4 Lubang Buaya
5/23/2020,202005,38,53.01759531,22,9,43,3,43,O3,BAIK,DKI4 Lubang Buaya
5/24/2020,202005,62,53.04105572,21,25,28,4,62,PM10,SEDANG,DKI4 Lubang Buaya
5/25/2020,202005,50,53.06451613,22,10,28,4,50,PM10,BAIK,DKI4 Lubang Buaya
5/26/2020,202005,52,53.08797654,22,14,40,4,52,PM10,SEDANG,DKI4 Lubang Buaya
5/27/2020,202005,35,53.11143695,22,8,72,3,72,O3,SEDANG,DKI4 Lubang Buaya
5/28/2020,202005,64,53.13489736,22,16,78,3,78,O3,SEDANG,DKI4 Lubang Buaya
5/29/2020,202005,62,53.15835777,23,12,76,4,76,O3,SEDANG,DKI4 Lubang Buaya
5/30/2020,202005,63,53.18181818,22,20,54,5,63,PM10,SEDANG,DKI4 Lubang Buaya
6/6/2020,202006,61,53.34604106,22,19,58,4,61,PM10,SEDANG,DKI4 Lubang Buaya
6/6/2020,202006,50,53.34604106,22,14,49,5,50,PM10,BAIK,DKI4 Lubang Buaya
6/6/2020,202006,43,53.34604106,21,12,41,4,43,PM10,BAIK,DKI4 Lubang Buaya
6/6/2020,202006,55,53.34604106,22,13,35,3,55,PM10,SEDANG,DKI4 Lubang Buaya
6/6/2020,202006,56,53.34604106,24,11,79,4,79,O3,SEDANG,DKI4 Lubang Buaya
6/6/2020,202006,64,53.34604106,24,13,87,5,87,O3,SEDANG,DKI4 Lubang Buaya
6/6/2020,202006,66,53.34604106,26,16,74,5,74,O3,SEDANG,DKI4 Lubang Buaya
6/6/2020,202006,72,53.34604106,23,13,45,4,72,PM10,SEDANG,DKI4 Lubang Buaya
6/6/2020,202006,81,53.34604106,24,19,57,5,81,PM10,SEDANG,DKI4 Lubang Buaya
6/6/2020,202006,63,53.34604106,24,9,70,4,70,O3,SEDANG,DKI4 Lubang Buaya
6/6/2020,202006,50,53.34604106,22,9,72,4,72,O3,SEDANG,DKI4 Lubang Buaya
6/6/2020,202006,54,53.34604106,23,10,75,4,75,O3,SEDANG,DKI4 Lubang Buaya
6/6/2020,202006,63,53.34604106,23,12,72,4,72,O3,SEDANG,DKI4 Lubang Buaya
6/6/2020,202006,76,53.34604106,23,14,62,3,76,PM10,SEDANG,DKI4 Lubang Buaya
6/6/2020,202006,74,53.34604106,24,13,43,3,74,PM10,SEDANG,DKI4 Lubang Buaya
6/6/2020,202006,70,53.34604106,23,14,59,4,70,PM10,SEDANG,DKI4 Lubang Buaya
6/6/2020,202006,63,53.34604106,24,12,64,4,64,O3,SEDANG,DKI4 Lubang Buaya
6/6/2020,202006,54,53.34604106,22,10,53,4,54,PM10,SEDANG,DKI4 Lubang Buaya
6/6/2020,202006,70,53.34604106,23,16,59,7,70,PM10,SEDANG,DKI4 Lubang Buaya
6/6/2020,202006,60,53.34604106,22,12,53,4,60,PM10,SEDANG,DKI4 Lubang Buaya
6/6/2020,202006,63,53.34604106,25,11,44,5,63,PM10,SEDANG,DKI4 Lubang Buaya
6/6/2020,202006,53,53.34604106,22,14,57,5,57,O3,SEDANG,DKI4 Lubang Buaya
6/6/2020,202006,44,53.34604106,22,10,82,3,82,O3,SEDANG,DKI4 Lubang Buaya
6/6/2020,202006,77,53.34604106,22,53,77,9,77,PM10,SEDANG,DKI4 Lubang Buaya
6/6/2020,202006,78,53.34604106,24,23,86,6,86,O3,SEDANG,DKI4 Lubang Buaya
6/6/2020,202006,68,53.34604106,25,14,52,5,68,PM10,SEDANG,DKI4 Lubang Buaya
6/6/2020,202006,80,53.34604106,24,12,69,3,80,PM10,SEDANG,DKI4 Lubang Buaya
6/6/2020,202006,78,53.34604106,24,11,66,4,78,PM10,SEDANG,DKI4 Lubang Buaya
6/6/2020,202006,79,53.34604106,23,13,70,5,79,PM10,SEDANG,DKI4 Lubang Buaya
6/11/2020,202011,80,53.46334311,41,22,62,11,80,PM10,SEDANG,DKI4 Lubang Buaya
7/1/2020,202007,63,53.93255132,22,8,74,4,74,O3,SEDANG,DKI4 Lubang Buaya
7/2/2020,202007,73,53.95601173,22,19,45,5,73,PM10,SEDANG,DKI4 Lubang Buaya
7/3/2020,202007,58,53.97947214,23,14,47,6,58,PM10,SEDANG,DKI4 Lubang Buaya
7/4/2020,202007,65,54.00293255,23,13,52,5,65,PM10,SEDANG,DKI4 Lubang Buaya
7/5/2020,202007,67,54.02639296,24,9,45,4,67,PM10,SEDANG,DKI4 Lubang Buaya
7/6/2020,202007,61,54.04985337,24,13,40,6,61,PM10,SEDANG,DKI4 Lubang Buaya
7/7/2020,202007,56,54.07331378,23,8,44,4,56,PM10,SEDANG,DKI4 Lubang Buaya
7/8/2020,202007,65,54.09677419,25,10,48,5,65,PM10,SEDANG,DKI4 Lubang Buaya
7/9/2020,202007,52,54.1202346,22,8,97,4,97,O3,SEDANG,DKI4 Lubang Buaya
7/10/2020,202007,69,54.14369501,23,13,113,7,113,O3,TIDAK SEHAT,DKI4 Lubang Buaya
7/11/2020,202007,86,54.16715543,23,18,53,5,86,PM10,SEDANG,DKI4 Lubang Buaya
7/11/2020,202011,64,54.16715543,41,19,61,9,64,PM10,SEDANG,DKI4 Lubang Buaya
7/12/2020,202007,59,54.19061584,22,17,64,4,64,O3,SEDANG,DKI4 Lubang Buaya
7/13/2020,202007,67,54.21407625,25,14,51,3,67,PM10,SEDANG,DKI4 Lubang Buaya
7/14/2020,202007,65,54.23753666,23,12.5,49,3.5,23,SO2,BAIK,DKI4 Lubang Buaya
7/15/2020,202007,63,54.26099707,22,11,47,4,63,PM10,SEDANG,DKI4 Lubang Buaya
7/16/2020,202007,52,54.28445748,27,5,26,4,52,PM10,SEDANG,DKI4 Lubang Buaya
7/17/2020,202007,66,54.30791789,26,13,49,5,66,PM10,SEDANG,DKI4 Lubang Buaya
7/18/2020,202007,59,54.3313783,24,10,73,4,73,O3,SEDANG,DKI4 Lubang Buaya
7/19/2020,202007,70,54.35483871,24,15,69,5,70,PM10,SEDANG,DKI4 Lubang Buaya
7/21/2020,202007,57,54.40175953,24,12,87,4,87,O3,SEDANG,DKI4 Lubang Buaya
7/22/2020,202007,63,54.42521994,23,12,53,5,63,PM10,SEDANG,DKI4 Lubang Buaya
7/23/2020,202007,55,54.44868035,25,7,67,4,67,O3,SEDANG,DKI4 Lubang Buaya
7/24/2020,202007,59,54.47214076,24,10,78,4,78,O3,SEDANG,DKI4 Lubang Buaya
7/25/2020,202007,59,54.49560117,24,8,65,4,65,O3,SEDANG,DKI4 Lubang Buaya
7/26/2020,202007,58,54.51906158,26,8,52,6,58,PM10,SEDANG,DKI4 Lubang Buaya
7/27/2020,202007,62,54.54252199,26,9,61,5,62,PM10,SEDANG,DKI4 Lubang Buaya
7/28/2020,202007,66.66666667,54.5659824,24,18,76,7,76,O3,SEDANG,DKI4 Lubang Buaya
7/29/2020,202007,71.33333333,54.58944282,24,12,99,5,99,O3,SEDANG,DKI4 Lubang Buaya
7/30/2020,202007,76,54.61290323,24,13,96,7,96,O3,SEDANG,DKI4 Lubang Buaya
7/31/2020,202007,68,54.63636364,25,13,76,5,76,O3,SEDANG,DKI4 Lubang Buaya
8/2/2020,202008,91,54.68328446,27,26,90,7,91,PM10,SEDANG,DKI4 Lubang Buaya
8/3/2020,202008,95,54.70674487,26,18,84,8,95,PM10,SEDANG,DKI4 Lubang Buaya
8/4/2020,202008,73,54.73020528,27,7,69,5,73,PM10,SEDANG,DKI4 Lubang Buaya
8/5/2020,202008,86,54.75366569,26,13,81,5,86,PM10,SEDANG,DKI4 Lubang Buaya
8/6/2020,202008,88,54.7771261,27,13,72,5,88,PM10,SEDANG,DKI4 Lubang Buaya
8/7/2020,202008,81,54.80058651,26,11,97,4,97,O3,SEDANG,DKI4 Lubang Buaya
8/8/2020,202008,79,54.82404692,28,9,70,3,79,PM10,SEDANG,DKI4 Lubang Buaya
8/9/2020,202008,74,54.84750733,25,8,66,2,74,PM10,SEDANG,DKI4 Lubang Buaya
8/10/2020,202008,81,54.87096774,25,10,62,3,81,PM10,SEDANG,DKI4 Lubang Buaya
8/11/2020,202008,96,54.89442815,26,11,47,4,96,PM10,SEDANG,DKI4 Lubang Buaya
8/11/2020,202011,67,54.89442815,40,30,55,10,67,PM10,SEDANG,DKI4 Lubang Buaya
8/12/2020,202008,93,54.91788856,25,37,52,6,93,PM10,SEDANG,DKI4 Lubang Buaya
8/13/2020,202008,81,54.94134897,24,16,37,4,81,PM10,SEDANG,DKI4 Lubang Buaya
8/14/2020,202008,79.8,54.96480938,15,14,36,8,36,O3,BAIK,DKI4 Lubang Buaya
8/15/2020,202008,78.6,54.98826979,23,21,35,9,35,O3,BAIK,DKI4 Lubang Buaya
8/16/2020,202008,77.4,55.01173021,24,11,54,8,54,O3,SEDANG,DKI4 Lubang Buaya
8/17/2020,202008,76.2,55.03519062,22,17,50,7,50,O3,BAIK,DKI4 Lubang Buaya
8/18/2020,202008,75,55.05865103,23,17,64,10,75,PM10,SEDANG,DKI4 Lubang Buaya
8/19/2020,202008,80,55.08211144,32,20,75,11,80,PM10,SEDANG,DKI4 Lubang Buaya
8/20/2020,202008,62,55.10557185,30,6,46,6,62,PM10,SEDANG,DKI4 Lubang Buaya
8/21/2020,202008,71,55.12903226,32,5,44,7,71,PM10,SEDANG,DKI4 Lubang Buaya
8/22/2020,202008,84,55.15249267,31,13,49,10,84,PM10,SEDANG,DKI4 Lubang Buaya
8/23/2020,202008,72,55.17595308,32,17,64,10,72,PM10,SEDANG,DKI4 Lubang Buaya
8/24/2020,202008,79,55.19941349,31,15,45,9,79,PM10,SEDANG,DKI4 Lubang Buaya
8/25/2020,202008,74,55.2228739,33,11,48,10,74,PM10,SEDANG,DKI4 Lubang Buaya
8/26/2020,202008,57,55.24633431,31,7,57,7,57,PM10,SEDANG,DKI4 Lubang Buaya
8/27/2020,202008,55,55.26979472,31,6,64,6,64,O3,SEDANG,DKI4 Lubang Buaya
8/28/2020,202008,84,55.29325513,33,14,56,10,84,PM10,SEDANG,DKI4 Lubang Buaya
8/29/2020,202008,70,55.31671554,33,6,59,7,70,PM10,SEDANG,DKI4 Lubang Buaya
8/30/2020,202008,74,55.34017595,33,11,66,8,74,PM10,SEDANG,DKI4 Lubang Buaya
8/31/2020,202008,69,55.36363636,33,8,83,8,83,O3,SEDANG,DKI4 Lubang Buaya
9/1/2020,202009,71,55.38709677,33,10,55,9,71,PM10,SEDANG,DKI4 Lubang Buaya
9/2/2020,202009,71,55.41055718,34,9,91,8,91,CO,SEDANG,DKI4 Lubang Buaya
9/3/2020,202009,77,55.4340176,32,10,83,9,83,CO,SEDANG,DKI4 Lubang Buaya
9/4/2020,202009,66,55.45747801,32,6,43,6,66,PM10,SEDANG,DKI4 Lubang Buaya
9/5/2020,202009,70,55.48093842,32,8,82,6,82,CO,SEDANG,DKI4 Lubang Buaya
9/6/2020,202009,75,55.50439883,35,10,94,8,94,CO,SEDANG,DKI4 Lubang Buaya
9/7/2020,202009,72,55.52785924,35,12,65,8,72,PM10,SEDANG,DKI4 Lubang Buaya
9/8/2020,202009,78,55.55131965,35,9,51,8,78,PM10,SEDANG,DKI4 Lubang Buaya
9/9/2020,202009,82,55.57478006,36,6,60,7,82,PM10,SEDANG,DKI4 Lubang Buaya
9/10/2020,202009,77,55.59824047,33,4,86,6,86,CO,SEDANG,DKI4 Lubang Buaya
9/11/2020,202009,89,55.62170088,34,13,82,11,89,PM10,SEDANG,DKI4 Lubang Buaya
9/11/2020,202011,68,55.62170088,41,24,80,11,80,CO,SEDANG,DKI4 Lubang Buaya
9/12/2020,202009,67,55.64516129,33,7,87,6,87,CO,SEDANG,DKI4 Lubang Buaya
9/13/2020,202009,72,55.6686217,34,8,89,5,89,CO,SEDANG,DKI4 Lubang Buaya
9/14/2020,202009,69,55.69208211,37,6,70,7,70,CO,SEDANG,DKI4 Lubang Buaya
9/15/2020,202009,68,55.71554252,33,9,76,10,76,CO,SEDANG,DKI4 Lubang Buaya
9/16/2020,202009,67,55.73900293,33,9,94,7,94,CO,SEDANG,DKI4 Lubang Buaya
9/17/2020,202009,65,55.76246334,36,8,84,9,84,CO,SEDANG,DKI4 Lubang Buaya
9/18/2020,202009,70,55.78592375,34,7,57,6,70,PM10,SEDANG,DKI4 Lubang Buaya
9/19/2020,202009,88,55.80938416,34,8,63,6,88,PM10,SEDANG,DKI4 Lubang Buaya
9/20/2020,202009,73,55.83284457,36,5,35,5,73,PM10,SEDANG,DKI4 Lubang Buaya
9/21/2020,202009,65,55.85630499,33,18,77,8,77,CO,SEDANG,DKI4 Lubang Buaya
9/22/2020,202009,62,55.8797654,33,8,58,7,62,PM10,SEDANG,DKI4 Lubang Buaya
9/23/2020,202009,73,55.90322581,33,15,84,10,84,CO,SEDANG,DKI4 Lubang Buaya
9/25/2020,202009,74,55.95014663,37,11,80,8,80,CO,SEDANG,DKI4 Lubang Buaya
9/26/2020,202009,73,55.97360704,35,16,92,7,92,CO,SEDANG,DKI4 Lubang Buaya
9/27/2020,202009,70,55.99706745,36,17,74,11,74,CO,SEDANG,DKI4 Lubang Buaya
9/28/2020,202009,74,56.02052786,37,6,63,8,74,PM10,SEDANG,DKI4 Lubang Buaya
9/29/2020,202009,68,56.04398827,38,6,97,10,97,CO,SEDANG,DKI4 Lubang Buaya
10/1/2020,202010,73,56.09090909,8,64,11,73,1,PM10,SEDANG,DKI4 Lubang Buaya
10/2/2020,202010,83,56.1143695,16,62,7,83,1,PM10,SEDANG,DKI4 Lubang Buaya
10/3/2020,202010,74,56.13782991,13,80,11,80,4,CO,SEDANG,DKI4 Lubang Buaya
10/4/2020,202010,79,56.16129032,11,92,8,92,4,CO,SEDANG,DKI4 Lubang Buaya
10/5/2020,202010,62,56.18475073,4,95,5,95,4,CO,SEDANG,DKI4 Lubang Buaya
10/6/2020,202010,64,56.20821114,6,103,8,103,4,CO,TIDAK SEHAT,DKI4 Lubang Buaya
10/7/2020,202010,77,56.23167155,7,92,11,92,4,CO,SEDANG,DKI4 Lubang Buaya
10/8/2020,202010,68,56.25513196,6,92,7,92,4,CO,SEDANG,DKI4 Lubang Buaya
10/9/2020,202010,74,56.27859238,7,75,6,75,4,CO,SEDANG,DKI4 Lubang Buaya
10/10/2020,202010,70,56.30205279,11,71,10,71,4,CO,SEDANG,DKI4 Lubang Buaya
10/11/2020,202010,69,56.3255132,7,65,7,69,1,PM10,SEDANG,DKI4 Lubang Buaya
10/11/2020,202011,82,56.3255132,41,15,68,8,82,PM10,SEDANG,DKI4 Lubang Buaya
10/13/2020,202010,72,56.37243402,21,75,7,75,4,CO,SEDANG,DKI4 Lubang Buaya
10/14/2020,202010,81,56.39589443,23,69,13,81,1,PM10,SEDANG,DKI4 Lubang Buaya
10/15/2020,202010,79,56.41935484,9,69,8,79,1,PM10,SEDANG,DKI4 Lubang Buaya
10/16/2020,202010,68,56.44281525,6,79,9,79,4,CO,SEDANG,DKI4 Lubang Buaya
10/17/2020,202010,70,56.46627566,15,54,11,70,1,PM10,SEDANG,DKI4 Lubang Buaya
10/18/2020,202010,59,56.48973607,11,62,7,62,4,CO,SEDANG,DKI4 Lubang Buaya
10/19/2020,202010,64,56.51319648,11,74,8,74,4,CO,SEDANG,DKI4 Lubang Buaya
10/20/2020,202010,63,56.53665689,26,62,9,63,1,PM10,SEDANG,DKI4 Lubang Buaya
10/21/2020,202010,57,56.5601173,15,104,9,104,4,CO,TIDAK SEHAT,DKI4 Lubang Buaya
10/22/2020,202010,53,56.58357771,15,44,8,53,1,PM10,SEDANG,DKI4 Lubang Buaya
10/23/2020,202010,34,56.60703812,7,48,5,48,4,CO,BAIK,DKI4 Lubang Buaya
10/24/2020,202010,51,56.63049853,14,80,7,80,4,CO,SEDANG,DKI4 Lubang Buaya
10/25/2020,202010,52,56.65395894,11,68,7,68,4,CO,SEDANG,DKI4 Lubang Buaya
10/26/2020,202010,57,56.67741935,17,87,8,87,4,CO,SEDANG,DKI4 Lubang Buaya
10/27/2020,202010,46,56.70087977,18,61,9,61,4,CO,SEDANG,DKI4 Lubang Buaya
10/28/2020,202010,63,56.72434018,26,107,8,107,4,CO,TIDAK SEHAT,DKI4 Lubang Buaya
10/29/2020,202010,54,56.74780059,11,88,10,88,4,CO,SEDANG,DKI4 Lubang Buaya
10/30/2020,202010,63,56.771261,12,42,7,63,1,PM10,SEDANG,DKI4 Lubang Buaya
10/31/2020,202010,45,56.79472141,6,63,6,63,4,CO,SEDANG,DKI4 Lubang Buaya
11/11/2020,202011,79,57.05278592,41,13,75,10,79,PM10,SEDANG,DKI4 Lubang Buaya
12/1/2020,202012,29,57.52199413,40,13,20,4,40,PM2.5,BAIK,DKI4 Lubang Buaya
12/2/2020,202012,38,57.54545455,40,10,41,6,41,CO,BAIK,DKI4 Lubang Buaya
12/3/2020,202012,31,57.56891496,41,10,47,6,47,CO,BAIK,DKI4 Lubang Buaya
12/4/2020,202012,40,57.59237537,45,10,54,7,54,CO,SEDANG,DKI4 Lubang Buaya
12/5/2020,202012,28,57.61583578,42,7,23,3,42,PM2.5,BAIK,DKI4 Lubang Buaya
12/6/2020,202012,31,57.63929619,41,9,25,4,41,PM2.5,BAIK,DKI4 Lubang Buaya
12/7/2020,202012,23,57.6627566,42,8,34,3,42,PM2.5,BAIK,DKI4 Lubang Buaya
12/8/2020,202012,31,57.68621701,42,13,34,4,42,PM2.5,BAIK,DKI4 Lubang Buaya
12/9/2020,202012,27,57.70967742,41,6,28,2,41,PM2.5,BAIK,DKI4 Lubang Buaya
12/10/2020,202012,29,57.73313783,43,6,36,3,43,PM2.5,BAIK,DKI4 Lubang Buaya
12/11/2020,202011,61,57.75659824,41,6,57,7,61,PM10,SEDANG,DKI4 Lubang Buaya
12/11/2020,202012,36,57.75659824,43,12,35,6,43,PM2.5,BAIK,DKI4 Lubang Buaya
12/12/2020,202012,33,57.78005865,42,10,25,5,42,PM2.5,BAIK,DKI4 Lubang Buaya
12/13/2020,202012,29,57.80351906,43,6,30,4,43,PM2.5,BAIK,DKI4 Lubang Buaya
12/14/2020,202012,27,57.82697947,42,10,29,5,42,PM2.5,BAIK,DKI4 Lubang Buaya
12/15/2020,202012,36,57.85043988,41,11,22,6,41,PM2.5,BAIK,DKI4 Lubang Buaya
12/16/2020,202012,25,57.87390029,41,8,20,4,41,PM2.5,BAIK,DKI4 Lubang Buaya
12/17/2020,202012,29,57.8973607,43,9,22,4,43,PM2.5,BAIK,DKI4 Lubang Buaya
12/18/2020,202012,25,57.92082111,42,5,30,3,42,PM2.5,BAIK,DKI4 Lubang Buaya
12/19/2020,202012,29,57.94428152,42,7,24,3,42,PM2.5,BAIK,DKI4 Lubang Buaya
12/20/2020,202012,28,57.96774194,42,9,25,3,42,PM2.5,BAIK,DKI4 Lubang Buaya
12/21/2020,202012,16,57.99120235,41,6,15,3,41,PM2.5,BAIK,DKI4 Lubang Buaya
12/22/2020,202012,27,58.01466276,40,10,29,3,40,PM2.5,BAIK,DKI4 Lubang Buaya
12/23/2020,202012,56,58.03812317,34,18,43,7,56,PM10,SEDANG,DKI4 Lubang Buaya
12/24/2020,202012,51,58.06158358,36,11,38,7,51,PM10,SEDANG,DKI4 Lubang Buaya
12/25/2020,202012,25,58.08504399,34,10,34,4,34,PM2.5,BAIK,DKI4 Lubang Buaya
12/26/2020,202012,25,58.1085044,34,7,33,3,34,PM2.5,BAIK,DKI4 Lubang Buaya
12/27/2020,202012,30,58.13196481,35,10,44,4,44,CO,BAIK,DKI4 Lubang Buaya
12/28/2020,202012,29,58.15542522,34,9,31,3,34,PM2.5,BAIK,DKI4 Lubang Buaya
12/29/2020,202012,21,58.17888563,34,5,20,2,34,PM2.5,BAIK,DKI4 Lubang Buaya
12/30/2020,202012,26,58.20234604,34,6,15,3,34,PM2.5,BAIK,DKI4 Lubang Buaya
12/31/2020,202012,28,58.22580645,36,10,27,3,36,PM2.5,BAIK,DKI4 Lubang Buaya
1/1/2021,202101,41,58.24926686,37,14,35,4,41,PM10,BAIK,DKI4 Lubang Buaya
1/2/2021,202101,44,58.27272727,38,38,59,3,59,CO,SEDANG,DKI4 Lubang Buaya
1/3/2021,202101,50,58.29618768,37,16,52,5,52,CO,SEDANG,DKI4 Lubang Buaya
1/4/2021,202101,45,58.31964809,36,16,24,3,45,PM10,BAIK,DKI4 Lubang Buaya
1/5/2021,202101,52,58.3431085,36,15,35,8,52,PM10,SEDANG,DKI4 Lubang Buaya
1/6/2021,202101,73,58.36656891,32,29,66,6,73,PM10,SEDANG,DKI4 Lubang Buaya
1/7/2021,202101,36,58.39002933,30,19,55,5,55,CO,SEDANG,DKI4 Lubang Buaya
1/8/2021,202101,36,58.41348974,31,23,51,6,51,CO,SEDANG,DKI4 Lubang Buaya
1/9/2021,202101,60,58.43695015,30,34,42,6,60,PM10,SEDANG,DKI4 Lubang Buaya
1/10/2021,202101,14,58.46041056,28,9,38,3,38,CO,BAIK,DKI4 Lubang Buaya
1/11/2021,202101,51,58.48387097,29,17,57,4,57,CO,SEDANG,DKI4 Lubang Buaya
1/12/2021,202101,23,58.50733138,28,11,44,4,44,CO,BAIK,DKI4 Lubang Buaya
1/13/2021,202101,36,58.53079179,27,8,32,3,36,PM10,BAIK,DKI4 Lubang Buaya
1/14/2021,202101,35,58.5542522,28,13,38,5,38,CO,BAIK,DKI4 Lubang Buaya
1/15/2021,202101,51,58.57771261,26,20,56,5,56,CO,SEDANG,DKI4 Lubang Buaya
1/16/2021,202101,47,58.60117302,27,18,38,7,47,PM10,BAIK,DKI4 Lubang Buaya
1/17/2021,202101,52,58.62463343,28,12,41,8,52,PM10,SEDANG,DKI4 Lubang Buaya
1/18/2021,202101,34,58.64809384,28,10,37,4,37,CO,BAIK,DKI4 Lubang Buaya
1/19/2021,202101,25,58.67155425,26,12,31,7,31,CO,BAIK,DKI4 Lubang Buaya
1/20/2021,202101,54,58.69501466,25,16,33,8,54,PM10,SEDANG,DKI4 Lubang Buaya
1/21/2021,202101,63,58.71847507,25,21,38,7,63,PM10,SEDANG,DKI4 Lubang Buaya
1/22/2021,202101,52,58.74193548,26,32,54,8,54,CO,SEDANG,DKI4 Lubang Buaya
1/23/2021,202101,89,58.76539589,27,47,61,11,89,PM10,SEDANG,DKI4 Lubang Buaya
1/26/2021,202101,57,58.83577713,26,34,39,7,57,PM10,SEDANG,DKI4 Lubang Buaya
1/27/2021,202101,18,58.85923754,25,7,19,4,25,PM2.5,BAIK,DKI4 Lubang Buaya
1/28/2021,202101,23,58.88269795,25,11,20,5,25,PM2.5,BAIK,DKI4 Lubang Buaya
1/29/2021,202101,27,58.90615836,26,9,36,4,36,CO,BAIK,DKI4 Lubang Buaya
1/30/2021,202101,21,58.92961877,26,16,32,6,32,CO,BAIK,DKI4 Lubang Buaya
1/31/2021,202101,26.33333333,58.95307918,30.66666667,17,28.66666667,8,17,SO2,BAIK,DKI4 Lubang Buaya
2/2/2021,202102,37,59,40,14,22,12,59,PM2.5,SEDANG,DKI4 Lubang Buaya
2/3/2021,202102,24,52,40,9,21,8,52,PM2.5,SEDANG,DKI4 Lubang Buaya
2/4/2021,202102,19,53,40,12,19,10,53,PM2.5,SEDANG,DKI4 Lubang Buaya
2/5/2021,202102,19,41,40,12,20,9,41,PM2.5,BAIK,DKI4 Lubang Buaya
2/6/2021,202102,18,48,40,7,28,6,48,PM2.5,BAIK,DKI4 Lubang Buaya
2/7/2021,202102,25,55,40,10,22,11,55,PM2.5,SEDANG,DKI4 Lubang Buaya
2/8/2021,202102,17,44,39,10,21,9,44,PM2.5,BAIK,DKI4 Lubang Buaya
2/9/2021,202102,31,57,40,13,19,9,57,PM2.5,SEDANG,DKI4 Lubang Buaya
2/10/2021,202102,30,58,40,13,20,8,58,PM2.5,SEDANG,DKI4 Lubang Buaya
2/11/2021,202102,21,50,40,7,16,5,50,PM2.5,BAIK,DKI4 Lubang Buaya
2/12/2021,202102,33,65,40,12,19,5,65,PM2.5,SEDANG,DKI4 Lubang Buaya
2/13/2021,202102,43,62,40,11,25,9,62,PM2.5,SEDANG,DKI4 Lubang Buaya
2/14/2021,202102,34,57,39,11,26,9,57,PM2.5,SEDANG,DKI4 Lubang Buaya
2/15/2021,202102,42,66,40,11,25,12,66,PM2.5,SEDANG,DKI4 Lubang Buaya
2/16/2021,202102,43,63,40,11,23,13,63,PM2.5,SEDANG,DKI4 Lubang Buaya
2/17/2021,202102,38,66,40,22,21,15,66,PM2.5,SEDANG,DKI4 Lubang Buaya
2/18/2021,202102,37,60,41,10,22,11,60,PM2.5,SEDANG,DKI4 Lubang Buaya
2/19/2021,202102,25,51,39,16,20,13,51,PM2.5,SEDANG,DKI4 Lubang Buaya
2/20/2021,202102,33,63,39,12,24,12,63,PM2.5,SEDANG,DKI4 Lubang Buaya
2/21/2021,202102,21,50,39,10,23,10,50,PM2.5,BAIK,DKI4 Lubang Buaya
2/22/2021,202102,59,95,40,21,25,12,95,PM2.5,SEDANG,DKI4 Lubang Buaya
2/23/2021,202102,51,83,40,16,24,11,83,PM2.5,SEDANG,DKI4 Lubang Buaya
2/24/2021,202102,42,61,39,9,13,6,61,PM2.5,SEDANG,DKI4 Lubang Buaya
2/25/2021,202102,16,45,39,9,19,4,45,PM2.5,BAIK,DKI4 Lubang Buaya
2/26/2021,202102,48,75,39,11,23,13,75,PM2.5,SEDANG,DKI4 Lubang Buaya
2/27/2021,202102,59,94,40,13,30,12,94,PM2.5,SEDANG,DKI4 Lubang Buaya
2/28/2021,202102,68,113,39,18,24,14,113,PM2.5,TIDAK SEHAT,DKI4 Lubang Buaya
3/1/2021,202103,56,96,40,13,19,9,96,PM2.5,SEDANG,DKI4 Lubang Buaya
3/2/2021,202103,46,81,39,17,29,14,81,PM2.5,SEDANG,DKI4 Lubang Buaya
3/3/2021,202103,52,92,41,19,31,14,52,PM10,SEDANG,DKI4 Lubang Buaya
3/4/2021,202103,62,103,40,19,33,11,103,PM2.5,TIDAK SEHAT,DKI4 Lubang Buaya
3/5/2021,202103,51,79,40,14,32,13,79,PM2.5,SEDANG,DKI4 Lubang Buaya
3/6/2021,202103,61,95,40,22,32,13,95,PM2.5,SEDANG,DKI4 Lubang Buaya
3/7/2021,202103,60,102,41,23,34,14,102,PM2.5,TIDAK SEHAT,DKI4 Lubang Buaya
3/8/2021,202103,58,81,40,16,19,6,81,PM2.5,SEDANG,DKI4 Lubang Buaya
3/9/2021,202103,24,55,41,10,18,8,55,PM2.5,SEDANG,DKI4 Lubang Buaya
3/10/2021,202103,56,89,40,21,21,12,89,PM2.5,SEDANG,DKI4 Lubang Buaya
3/11/2021,202103,28,53,39,9,25,9,53,PM2.5,SEDANG,DKI4 Lubang Buaya
3/12/2021,202103,53,83,41,19,22,13,83,PM2.5,SEDANG,DKI4 Lubang Buaya
3/13/2021,202103,37,69,41,10,20,9,69,PM2.5,SEDANG,DKI4 Lubang Buaya
3/14/2021,202103,40,68,41,16,14,9,68,PM2.5,SEDANG,DKI4 Lubang Buaya
3/15/2021,202103,37,77,42,14,24,12,77,PM2.5,SEDANG,DKI4 Lubang Buaya
3/16/2021,202103,57,101,46,13,37,18,101,PM2.5,TIDAK SEHAT,DKI4 Lubang Buaya
3/17/2021,202103,68,123,43,20,37,14,123,PM2.5,TIDAK SEHAT,DKI4 Lubang Buaya
3/18/2021,202103,68,125,45,16,37,22,125,PM2.5,TIDAK SEHAT,DKI4 Lubang Buaya
3/19/2021,202103,57,91,42,12,42,15,91,PM2.5,SEDANG,DKI4 Lubang Buaya
3/20/2021,202103,55,98,44,12,38,18,98,PM2.5,SEDANG,DKI4 Lubang Buaya
3/21/2021,202103,57,85,41,16,22,17,85,PM2.5,SEDANG,DKI4 Lubang Buaya
3/22/2021,202103,52,78,41,15,20,11,78,PM2.5,SEDANG,DKI4 Lubang Buaya
3/23/2021,202103,38,62,41,8,12,7,62,PM2.5,SEDANG,DKI4 Lubang Buaya
3/24/2021,202103,30,55,40,7,13,9,55,PM2.5,SEDANG,DKI4 Lubang Buaya
3/25/2021,202103,36,68,41,8,19,12,68,PM2.5,SEDANG,DKI4 Lubang Buaya
3/26/2021,202103,52,83,42,17,31,16,83,PM2.5,SEDANG,DKI4 Lubang Buaya
3/27/2021,202103,58,91,43,13,35,20,91,PM2.5,SEDANG,DKI4 Lubang Buaya
3/28/2021,202103,50,75,41,14,37,16,75,PM2.5,SEDANG,DKI4 Lubang Buaya
3/29/2021,202103,54,84,41,18,35,19,84,PM2.5,SEDANG,DKI4 Lubang Buaya
3/30/2021,202103,41,76,42,14,21,25,76,PM2.5,SEDANG,DKI4 Lubang Buaya
3/31/2021,202103,48,69,43,12,25,18,69,PM2.5,SEDANG,DKI4 Lubang Buaya
4/1/2021,202104,22,49,41,7,18,12,49,PM2.5,BAIK,DKI4 Lubang Buaya
4/2/2021,202104,37,62,44,11,18,12,62,PM2.5,SEDANG,DKI4 Lubang Buaya
4/3/2021,202104,39,67,42,9,22,14,67,PM2.5,SEDANG,DKI4 Lubang Buaya
4/4/2021,202104,64,103,43,26,23,20,103,PM2.5,TIDAK SEHAT,DKI4 Lubang Buaya
4/5/2021,202104,52,80,43,14,23,16,80,PM2.5,SEDANG,DKI4 Lubang Buaya
4/6/2021,202104,30,50,43,6,15,10,50,PM2.5,BAIK,DKI4 Lubang Buaya
4/7/2021,202104,22,38,42,5,16,8,42,SO2,BAIK,DKI4 Lubang Buaya
4/8/2021,202104,24,55,48,8,14,10,55,PM2.5,SEDANG,DKI4 Lubang Buaya
4/9/2021,202104,42,63,43,8,21,13,63,PM2.5,SEDANG,DKI4 Lubang Buaya
4/10/2021,202104,61,90,43,15,27,21,90,PM2.5,SEDANG,DKI4 Lubang Buaya
4/11/2021,202104,66,108,47,18,35,24,108,PM2.5,TIDAK SEHAT,DKI4 Lubang Buaya
4/12/2021,202104,57,92,43,18,27,17,92,PM2.5,SEDANG,DKI4 Lubang Buaya
4/13/2021,202104,52,78,44,13,31,20,78,PM2.5,SEDANG,DKI4 Lubang Buaya
4/14/2021,202104,52,79,42,13,31,14,79,PM2.5,SEDANG,DKI4 Lubang Buaya
4/15/2021,202104,55,87,42,27,25,27,87,PM2.5,SEDANG,DKI4 Lubang Buaya
4/16/2021,202104,61,90,42,17,21,20,90,PM2.5,SEDANG,DKI4 Lubang Buaya
4/17/2021,202104,63,109,43,20,27,19,109,PM2.5,TIDAK SEHAT,DKI4 Lubang Buaya
4/18/2021,202104,57,82,42,16,29.33333333,16,82,PM2.5,SEDANG,DKI4 Lubang Buaya
4/19/2021,202104,58,94,46,12,31.66666667,19,94,PM2.5,SEDANG,DKI4 Lubang Buaya
4/20/2021,202104,56,90,45,10,34,17,90,PM2.5,SEDANG,DKI4 Lubang Buaya
4/21/2021,202104,64,103,43,16,27,17,103,PM2.5,TIDAK SEHAT,DKI4 Lubang Buaya
4/22/2021,202104,60,99,45,10,34,17,99,PM2.5,SEDANG,DKI4 Lubang Buaya
4/23/2021,202104,67,112,19,13,31,24,112,PM2.5,TIDAK SEHAT,DKI4 Lubang Buaya
4/24/2021,202104,65,98,33,13,31,20,98,PM2.5,SEDANG,DKI4 Lubang Buaya
4/25/2021,202104,73,116,37,17,20,17,116,PM2.5,TIDAK SEHAT,DKI4 Lubang Buaya
4/26/2021,202104,64,117,37,11,22,14,117,PM2.5,TIDAK SEHAT,DKI4 Lubang Buaya
4/27/2021,202104,75,138,38,11,27,13,138,PM2.5,TIDAK SEHAT,DKI4 Lubang Buaya
4/28/2021,202104,55,94,37,9,28,17,94,PM2.5,SEDANG,DKI4 Lubang Buaya
4/29/2021,202104,51,78,37,12,23,19,78,PM2.5,SEDANG,DKI4 Lubang Buaya
4/30/2021,202104,57,85,36,12.6,26,17,85,PM2.5,SEDANG,DKI4 Lubang Buaya
5/1/2021,202105,58,91,37,13.2,26,13,91,PM2.5,SEDANG,DKI4 Lubang Buaya
5/2/2021,202105,54,89,38,13.8,22,10,89,PM2.5,SEDANG,DKI4 Lubang Buaya
5/3/2021,202105,61,95,39,14.4,22,12,95,PM2.5,SEDANG,DKI4 Lubang Buaya
5/4/2021,202105,74,113,41,15,17,13,113,PM2.5,TIDAK SEHAT,DKI4 Lubang Buaya
5/5/2021,202105,73,117,38,20,21,21,117,PM2.5,TIDAK SEHAT,DKI4 Lubang Buaya
5/6/2021,202105,54,77,37,7,27,16,77,PM2.5,SEDANG,DKI4 Lubang Buaya
5/7/2021,202105,51,78,38,22,25,20,78,PM2.5,SEDANG,DKI4 Lubang Buaya
5/8/2021,202105,56,87,39,9,29,15,87,PM2.5,SEDANG,DKI4 Lubang Buaya
5/9/2021,202105,46,66,37,6,31,11,66,PM2.5,SEDANG,DKI4 Lubang Buaya
5/10/2021,202105,42,73,37,7,31,12,73,PM2.5,SEDANG,DKI4 Lubang Buaya
5/11/2021,202105,65,102,38,8,31,11,102,PM2.5,TIDAK SEHAT,DKI4 Lubang Buaya
5/12/2021,202105,67,105,37,9,27,11,105,PM2.5,TIDAK SEHAT,DKI4 Lubang Buaya
5/13/2021,202105,75,112,36,13,24,13,112,PM2.5,TIDAK SEHAT,DKI4 Lubang Buaya
5/14/2021,202105,51,76,38,3,27,8,76,PM2.5,SEDANG,DKI4 Lubang Buaya
5/15/2021,202105,62,89,38,3.333333333,16,13,89,PM2.5,SEDANG,DKI4 Lubang Buaya
5/16/2021,202105,54,92,37,3.666666667,25,15,92,PM2.5,SEDANG,DKI4 Lubang Buaya
5/17/2021,202105,49,74,37,4,28,17,74,PM2.5,SEDANG,DKI4 Lubang Buaya
5/18/2021,202105,39,57,36,7,32,18,57,PM2.5,SEDANG,DKI4 Lubang Buaya
5/19/2021,202105,61,99,39,10,25,23,99,PM2.5,SEDANG,DKI4 Lubang Buaya
5/20/2021,202105,60,103,36,9,29,19,103,PM2.5,TIDAK SEHAT,DKI4 Lubang Buaya
5/21/2021,202105,55,95,37,9,27,20,95,PM2.5,SEDANG,DKI4 Lubang Buaya
5/22/2021,202105,53,85,32,20,36,22,85,PM2.5,SEDANG,DKI4 Lubang Buaya
5/23/2021,202105,64,107,43,31,30,26,107,PM2.5,TIDAK SEHAT,DKI4 Lubang Buaya
5/24/2021,202105,72,118,57,26,33,24,118,PM2.5,TIDAK SEHAT,DKI4 Lubang Buaya
5/25/2021,202105,42,68,49,7,37,22,68,PM2.5,SEDANG,DKI4 Lubang Buaya
5/26/2021,202105,55,93,38,9,28,20,93,PM2.5,SEDANG,DKI4 Lubang Buaya
5/27/2021,202105,50,79,41,6,26,18,79,PM2.5,SEDANG,DKI4 Lubang Buaya
5/28/2021,202105,56,93,40,11,26,20,93,PM2.5,SEDANG,DKI4 Lubang Buaya
5/29/2021,202105,57,91,40,10,29,26,91,PM2.5,SEDANG,DKI4 Lubang Buaya
5/30/2021,202105,47,72,41,15,26,23,72,PM2.5,SEDANG,DKI4 Lubang Buaya
5/31/2021,202105,59,93,41,9,37,24,93,PM2.5,SEDANG,DKI4 Lubang Buaya
6/1/2021,202106,65,105,41,9.666666667,36,30,105,PM2.5,TIDAK SEHAT,DKI4 Lubang Buaya
6/2/2021,202106,63,100,41,10.33333333,36,21,100,PM2.5,SEDANG,DKI4 Lubang Buaya
6/3/2021,202106,54,89,41,11,32,20,89,PM2.5,SEDANG,DKI4 Lubang Buaya
6/4/2021,202106,62,100,43,7,41,17,100,PM2.5,SEDANG,DKI4 Lubang Buaya
6/5/2021,202106,57,93,41,11,36,23,93,PM2.5,SEDANG,DKI4 Lubang Buaya
6/6/2021,202106,56,93,41,9,38,20,93,PM2.5,SEDANG,DKI4 Lubang Buaya
6/7/2021,202106,50,86,41,9,37,21,86,PM2.5,SEDANG,DKI4 Lubang Buaya
6/8/2021,202106,62,103,44,9,30,29,103,PM2.5,TIDAK SEHAT,DKI4 Lubang Buaya
6/9/2021,202106,68,108,43,9,27,28,108,PM2.5,TIDAK SEHAT,DKI4 Lubang Buaya
6/10/2021,202106,68,108,37,9,32,28,108,PM2.5,TIDAK SEHAT,DKI4 Lubang Buaya
6/11/2021,202106,64,99,32,9,35,26,99,PM2.5,SEDANG,DKI4 Lubang Buaya
6/12/2021,202106,55,93,27,13,30,24,93,PM2.5,SEDANG,DKI4 Lubang Buaya
6/13/2021,202106,49,80,36,12,32,23,80,PM2.5,SEDANG,DKI4 Lubang Buaya
6/14/2021,202106,63,103,35,13,28,21,103,PM2.5,TIDAK SEHAT,DKI4 Lubang Buaya
6/15/2021,202106,67,111,42,13,22,25,111,PM2.5,TIDAK SEHAT,DKI4 Lubang Buaya
6/16/2021,202106,62,88,35,20,19,22,88,PM2.5,SEDANG,DKI4 Lubang Buaya
6/17/2021,202106,64,102,35,28,20,28,102,PM2.5,TIDAK SEHAT,DKI4 Lubang Buaya
6/18/2021,202106,67,102,38,19,18,24,102,PM2.5,TIDAK SEHAT,DKI4 Lubang Buaya
6/19/2021,202106,56,102,31,19,15,31,102,PM2.5,TIDAK SEHAT,DKI4 Lubang Buaya
6/20/2021,202106,74,140,36,22,20,26,140,PM2.5,TIDAK SEHAT,DKI4 Lubang Buaya
6/21/2021,202106,51,90,29,14,19,21,90,PM2.5,SEDANG,DKI4 Lubang Buaya
6/22/2021,202106,47,84,33,16,21,22,84,PM2.5,SEDANG,DKI4 Lubang Buaya
6/23/2021,202106,58,107,38,14,23,25,107,PM2.5,TIDAK SEHAT,DKI4 Lubang Buaya
6/24/2021,202106,66,119,37,15,16,27,119,PM2.5,TIDAK SEHAT,DKI4 Lubang Buaya
6/25/2021,202106,82,147,39,18,20,24,147,PM2.5,TIDAK SEHAT,DKI4 Lubang Buaya
6/26/2021,202106,67,118,36,10,26,18,118,PM2.5,TIDAK SEHAT,DKI4 Lubang Buaya
6/27/2021,202106,72,134,34,18,29,22,134,PM2.5,TIDAK SEHAT,DKI4 Lubang Buaya
6/28/2021,202106,60,117,36,18,30,22,117,PM2.5,TIDAK SEHAT,DKI4 Lubang Buaya
6/29/2021,202106,65,124,34,13,27,21,124,PM2.5,TIDAK SEHAT,DKI4 Lubang Buaya
6/30/2021,202106,65,125,36,14,21,29,125,PM2.5,TIDAK SEHAT,DKI4 Lubang Buaya
7/1/2021,202107,62,114,37,13,23,27,114,PM2.5,TIDAK SEHAT,DKI4 Lubang Buaya
7/2/2021,202107,59,108,40,10,18,23,108,PM2.5,TIDAK SEHAT,DKI4 Lubang Buaya
7/3/2021,202107,72,141,37,13,25,20,141,PM2.5,TIDAK SEHAT,DKI4 Lubang Buaya
7/4/2021,202107,84,161,38,14,27,22,161,PM2.5,TIDAK SEHAT,DKI4 Lubang Buaya
7/5/2021,202107,83,153,39,13,31,26,153,PM2.5,TIDAK SEHAT,DKI4 Lubang Buaya
7/6/2021,202107,58,100,38,9,31,22,100,PM2.5,SEDANG,DKI4 Lubang Buaya
7/7/2021,202107,69,130,40,12,26,26,130,PM2.5,TIDAK SEHAT,DKI4 Lubang Buaya
7/8/2021,202107,74,145,40,10,29,25,145,PM2.5,TIDAK SEHAT,DKI4 Lubang Buaya
7/9/2021,202107,87,156,42,11,30,25,156,PM2.5,TIDAK SEHAT,DKI4 Lubang Buaya
7/10/2021,202107,71,132,45,9,29,21,132,PM2.5,TIDAK SEHAT,DKI4 Lubang Buaya
7/11/2021,202107,66,119,39,10,21,17,119,PM2.5,TIDAK SEHAT,DKI4 Lubang Buaya
7/13/2021,202107,67,119,39,11,20,23,119,PM2.5,TIDAK SEHAT,DKI4 Lubang Buaya
7/14/2021,202107,57,116,39,13,20,26,116,PM2.5,TIDAK SEHAT,DKI4 Lubang Buaya
7/15/2021,202107,95,174,40,15,22,24,174,PM2.5,TIDAK SEHAT,DKI4 Lubang Buaya
7/16/2021,202107,71,138,37,11,24,29,138,PM2.5,TIDAK SEHAT,DKI4 Lubang Buaya
7/17/2021,202107,73,134,35,9,26,19,134,PM2.5,TIDAK SEHAT,DKI4 Lubang Buaya
7/18/2021,202107,75,150,37,12,32,22,150,PM2.5,TIDAK SEHAT,DKI4 Lubang Buaya
7/19/2021,202107,74,140,36,11,32,21,140,PM2.5,TIDAK SEHAT,DKI4 Lubang Buaya
7/20/2021,202107,80,147,38,13,26,21,147,PM2.5,TIDAK SEHAT,DKI4 Lubang Buaya
7/21/2021,202107,55,102,36,9,30,18,102,PM2.5,TIDAK SEHAT,DKI4 Lubang Buaya
7/22/2021,202107,57,110,39,9,28,26,110,PM2.5,TIDAK SEHAT,DKI4 Lubang Buaya
7/23/2021,202107,56,104,36,10,35,25,104,PM2.5,TIDAK SEHAT,DKI4 Lubang Buaya
7/24/2021,202107,56,104,37,12,27,25,104,PM2.5,TIDAK SEHAT,DKI4 Lubang Buaya
7/25/2021,202107,81,148,38,22,28,24,148,PM2.5,TIDAK SEHAT,DKI4 Lubang Buaya
7/26/2021,202107,68,131,39,14,24,25,131,PM2.5,TIDAK SEHAT,DKI4 Lubang Buaya
7/27/2021,202107,71,140,40,12,24,26,140,PM2.5,TIDAK SEHAT,DKI4 Lubang Buaya
7/28/2021,202107,73,145,39,14,24,27,145,PM2.5,TIDAK SEHAT,DKI4 Lubang Buaya
7/29/2021,202107,66,130,40,12,25,25,130,PM2.5,TIDAK SEHAT,DKI4 Lubang Buaya
7/30/2021,202107,83,154,39,15,37,34,154,PM2.5,TIDAK SEHAT,DKI4 Lubang Buaya
7/31/2021,202107,56,100,38,9,29,22,100,PM2.5,SEDANG,DKI4 Lubang Buaya
8/1/2021,202108,51,86,39,8,30,22,86,PM2.5,SEDANG,DKI4 Lubang Buaya
8/2/2021,202108,42,81,38,9,27,20,81,PM2.5,SEDANG,DKI4 Lubang Buaya
8/3/2021,202108,55,104,38,12,21,25,104,PM2.5,TIDAK SEHAT,DKI4 Lubang Buaya
8/4/2021,202108,51,87,41,7,23,20,87,PM2.5,SEDANG,DKI4 Lubang Buaya
8/5/2021,202108,53,90,38,8,21,19,90,PM2.5,SEDANG,DKI4 Lubang Buaya
8/6/2021,202108,59,105,37,16,13,21,105,PM2.5,TIDAK SEHAT,DKI4 Lubang Buaya
8/7/2021,202108,59,101,38,8,19,18,101,PM2.5,TIDAK SEHAT,DKI4 Lubang Buaya
8/8/2021,202108,54,92,40,7,21,17,92,PM2.5,SEDANG,DKI4 Lubang Buaya
8/9/2021,202108,48,82,40,6,26,16,82,PM2.5,SEDANG,DKI4 Lubang Buaya
8/10/2021,202108,35,68,38,6,30,19,68,PM2.5,SEDANG,DKI4 Lubang Buaya
8/11/2021,202108,56,102,39,11,27,23,102,PM2.5,TIDAK SEHAT,DKI4 Lubang Buaya
8/12/2021,202108,57,104,40,8,21,20,104,PM2.5,TIDAK SEHAT,DKI4 Lubang Buaya
8/13/2021,202108,55,101,40,11,19,25,101,PM2.5,TIDAK SEHAT,DKI4 Lubang Buaya
8/14/2021,202108,58,98,41,9,21,21,98,PM2.5,SEDANG,DKI4 Lubang Buaya
8/15/2021,202108,63,114,39,11,15,21,114,PM2.5,TIDAK SEHAT,DKI4 Lubang Buaya
8/16/2021,202108,55,100,41,8,17,21,100,PM2.5,SEDANG,DKI4 Lubang Buaya
8/17/2021,202108,59,103,41,8,24,20,103,PM2.5,TIDAK SEHAT,DKI4 Lubang Buaya
8/18/2021,202108,58,97,38,9,30,20,97,PM2.5,SEDANG,DKI4 Lubang Buaya
8/19/2021,202108,67,119,42,13,28,28,119,PM2.5,TIDAK SEHAT,DKI4 Lubang Buaya
8/20/2021,202108,64,106,40,11,28,23,106,PM2.5,TIDAK SEHAT,DKI4 Lubang Buaya
8/21/2021,202108,50,85,39,8,25,21,85,PM2.5,SEDANG,DKI4 Lubang Buaya
8/22/2021,202108,74,134,43,14,22,29,134,PM2.5,TIDAK SEHAT,DKI4 Lubang Buaya
8/23/2021,202108,63,106,40,10,24,20,106,PM2.5,TIDAK SEHAT,DKI4 Lubang Buaya
8/24/2021,202108,61,110,42,11,26,24,110,PM2.5,TIDAK SEHAT,DKI4 Lubang Buaya
8/25/2021,202108,62,106,42,9,26,28,106,PM2.5,TIDAK SEHAT,DKI4 Lubang Buaya
8/26/2021,202108,53,91,40,7,28,19,91,PM2.5,SEDANG,DKI4 Lubang Buaya
8/27/2021,202108,58,105,39,10,28,22,105,PM2.5,TIDAK SEHAT,DKI4 Lubang Buaya
8/28/2021,202108,65,123,38,10,36,23,123,PM2.5,TIDAK SEHAT,DKI4 Lubang Buaya
8/29/2021,202108,66,122,39,12,28,25,122,PM2.5,TIDAK SEHAT,DKI4 Lubang Buaya
8/30/2021,202108,76,140,41,16,30,31,140,PM2.5,TIDAK SEHAT,DKI4 Lubang Buaya
8/31/2021,202108,61,109,41,10,32,26,109,PM2.5,TIDAK SEHAT,DKI4 Lubang Buaya
9/1/2021,202109,68,118,40,16,26,27,118,PM2.5,TIDAK SEHAT,DKI4 Lubang Buaya
9/2/2021,202109,65,115,39,12,26,25,115,PM2.5,TIDAK SEHAT,DKI4 Lubang Buaya
9/3/2021,202109,62,111,42,10,34,23,111,PM2.5,TIDAK SEHAT,DKI4 Lubang Buaya
9/4/2021,202109,57,93,42,9,31,19,93,PM2.5,SEDANG,DKI4 Lubang Buaya
9/5/2021,202109,69,120,43,12,27,26,120,PM2.5,TIDAK SEHAT,DKI4 Lubang Buaya
9/6/2021,202109,62,109,42,9,29,16,109,PM2.5,TIDAK SEHAT,DKI4 Lubang Buaya
9/7/2021,202109,56,86,42,8,21,21,86,PM2.5,SEDANG,DKI4 Lubang Buaya
9/8/2021,202109,63,106,40,15,29,25,106,PM2.5,TIDAK SEHAT,DKI4 Lubang Buaya
9/9/2021,202109,52,82,41,12,27,24,82,PM2.5,SEDANG,DKI4 Lubang Buaya
9/10/2021,202109,45,80,42,8,26,19,80,PM2.5,SEDANG,DKI4 Lubang Buaya
9/11/2021,202109,59,109,43,10,33,30,109,PM2.5,TIDAK SEHAT,DKI4 Lubang Buaya
9/12/2021,202109,63,111,41,10,24,19,111,PM2.5,TIDAK SEHAT,DKI4 Lubang Buaya
9/13/2021,202109,54,88,42,7,18,16,88,PM2.5,SEDANG,DKI4 Lubang Buaya
9/14/2021,202109,36,61,41,6,19,15,61,PM2.5,SEDANG,DKI4 Lubang Buaya
9/15/2021,202109,60,110,42,19,18,23,110,PM2.5,TIDAK SEHAT,DKI4 Lubang Buaya
9/16/2021,202109,53,89,42,7,28,15,89,PM2.5,SEDANG,DKI4 Lubang Buaya
9/17/2021,202109,50,85,42,6,29,14,85,PM2.5,SEDANG,DKI4 Lubang Buaya
9/18/2021,202109,57,101,43,7,23,15,101,PM2.5,TIDAK SEHAT,DKI4 Lubang Buaya
9/21/2021,202109,58.5,99,44,9,32,20,99,PM2.5,SEDANG,DKI4 Lubang Buaya
9/22/2021,202109,59,119,44,10,22,21,119,PM2.5,TIDAK SEHAT,DKI4 Lubang Buaya
9/23/2021,202109,59.5,116,43,9,24,18,116,PM2.5,TIDAK SEHAT,DKI4 Lubang Buaya
9/24/2021,202109,60,109,46,8,21,18,109,PM2.5,TIDAK SEHAT,DKI4 Lubang Buaya
9/25/2021,202109,60.5,102,45,7,26,16,102,PM2.5,TIDAK SEHAT,DKI4 Lubang Buaya
9/26/2021,202109,61,98,45,7,33,12,98,PM2.5,SEDANG,DKI4 Lubang Buaya
9/27/2021,202109,61.5,89,42,11,29,19,89,PM2.5,SEDANG,DKI4 Lubang Buaya
9/28/2021,202109,62,69,41,6,38,15,69,PM2.5,SEDANG,DKI4 Lubang Buaya
9/29/2021,202109,62.5,102,45,13,38,24,102,PM2.5,TIDAK SEHAT,DKI4 Lubang Buaya
9/30/2021,202109,63,117,45,13,40,27,117,PM2.5,TIDAK SEHAT,DKI4 Lubang Buaya
10/1/2021,202110,63.5,91,45,10,35,33,91,PM2.5,SEDANG,DKI4 Lubang Buaya
10/2/2021,202110,64,127,46,10,35,19,127,PM2.5,TIDAK SEHAT,DKI4 Lubang Buaya
10/3/2021,202110,64.5,96,44,9,32,19,96,PM2.5,SEDANG,DKI4 Lubang Buaya
10/4/2021,202110,65,110,44,11,33,24,110,PM2.5,TIDAK SEHAT,DKI4 Lubang Buaya
10/6/2021,202110,66,103,47,8,37,17,103,PM2.5,TIDAK SEHAT,DKI4 Lubang Buaya
10/7/2021,202110,52,77,41,7,27,23,77,PM2.5,SEDANG,DKI4 Lubang Buaya
10/8/2021,202110,58,98,45,9,30,22,98,PM2.5,SEDANG,DKI4 Lubang Buaya
10/9/2021,202110,55,83,47,7,36,21,83,PM2.5,SEDANG,DKI4 Lubang Buaya
10/10/2021,202110,61,97,42,9,43,16,97,PM2.5,SEDANG,DKI4 Lubang Buaya
10/11/2021,202110,62,100,43,10,44,26,100,PM2.5,SEDANG,DKI4 Lubang Buaya
10/12/2021,202110,70,111,47,9,32,25,111,PM2.5,TIDAK SEHAT,DKI4 Lubang Buaya
10/13/2021,202110,80,91,44,8,38,19,91,PM2.5,SEDANG,DKI4 Lubang Buaya
10/14/2021,202110,90,131,44,12,45,32,131,PM2.5,TIDAK SEHAT,DKI4 Lubang Buaya
10/15/2021,202110,100,157,41,15,50,26,157,PM2.5,TIDAK SEHAT,DKI4 Lubang Buaya
10/16/2021,202110,67,122,40,14,51,23,122,PM2.5,TIDAK SEHAT,DKI4 Lubang Buaya
10/17/2021,202110,62,126,39,13,53,27,126,PM2.5,TIDAK SEHAT,DKI4 Lubang Buaya
10/18/2021,202110,57,88,42,11,32,19,88,PM2.5,SEDANG,DKI4 Lubang Buaya
10/19/2021,202110,52,80,41,18,31,23,80,PM2.5,SEDANG,DKI4 Lubang Buaya
10/20/2021,202110,58.33333333,96,45,10,33,17,96,PM2.5,SEDANG,DKI4 Lubang Buaya
10/21/2021,202110,64.66666667,108,44,10,48,18,48,O3,BAIK,DKI4 Lubang Buaya
10/22/2021,202110,71,120,45,13,36,21,120,PM2.5,TIDAK SEHAT,DKI4 Lubang Buaya
10/23/2021,202110,65,109,45,10,35,20,109,PM2.5,TIDAK SEHAT,DKI4 Lubang Buaya
10/24/2021,202110,68,113,44,15,39,23,113,PM2.5,TIDAK SEHAT,DKI4 Lubang Buaya
10/25/2021,202110,62,104,44,11,41,22,104,PM2.5,TIDAK SEHAT,DKI4 Lubang Buaya
10/26/2021,202110,75,130,45,16,36,24,130,PM2.5,TIDAK SEHAT,DKI4 Lubang Buaya
10/27/2021,202110,59,90,43,10,50,21,90,PM2.5,SEDANG,DKI4 Lubang Buaya
10/28/2021,202110,54,78,40,11,56,18,78,PM2.5,SEDANG,DKI4 Lubang Buaya
10/29/2021,202110,51,79,41,15,45,15,79,PM2.5,SEDANG,DKI4 Lubang Buaya
10/30/2021,202110,62,103,43,15,58,18,103,PM2.5,TIDAK SEHAT,DKI4 Lubang Buaya
10/31/2021,202110,59.33333333,79,42,16,54.33333333,19.33333333,79,PM2.5,SEDANG,DKI4 Lubang Buaya
11/2/2021,202111,54,77,40,18,47,22,77,PM2.5,SEDANG,DKI4 Lubang Buaya
11/3/2021,202111,51,83,42,12,73,17,83,PM2.5,SEDANG,DKI4 Lubang Buaya
11/4/2021,202111,58,93,43,17,27,24,93,PM2.5,SEDANG,DKI4 Lubang Buaya
11/5/2021,202111,61,95,43,16,14,20,95,PM2.5,SEDANG,DKI4 Lubang Buaya
11/6/2021,202111,55,86,44,11,26,29,86,PM2.5,SEDANG,DKI4 Lubang Buaya
11/7/2021,202111,52,81,44,9,35,17,81,PM2.5,SEDANG,DKI4 Lubang Buaya
11/8/2021,202111,52,70,44,14,26,16,70,PM2.5,SEDANG,DKI4 Lubang Buaya
11/9/2021,202111,64,106,43,15,31,19,106,PM2.5,TIDAK SEHAT,DKI4 Lubang Buaya
11/10/2021,202111,61,100,37,11,20,19,100,PM2.5,SEDANG,DKI4 Lubang Buaya
11/11/2021,202111,45,71,37,10,13,14,71,PM2.5,SEDANG,DKI4 Lubang Buaya
11/12/2021,202111,32,63,37,7,19,14,63,PM2.5,SEDANG,DKI4 Lubang Buaya
11/13/2021,202111,52,82,38,14,30,17,82,PM2.5,SEDANG,DKI4 Lubang Buaya
11/14/2021,202111,48,68,36,13,24,14,68,PM2.5,SEDANG,DKI4 Lubang Buaya
11/15/2021,202111,36,58,36,7,16,11,58,PM2.5,SEDANG,DKI4 Lubang Buaya
11/16/2021,202111,42,68,36,10,15,14,68,PM2.5,SEDANG,DKI4 Lubang Buaya
11/17/2021,202111,60,99,39,10,19,14,99,PM2.5,SEDANG,DKI4 Lubang Buaya
11/18/2021,202111,63,106,41,9,27,18,106,PM2.5,TIDAK SEHAT,DKI4 Lubang Buaya
11/19/2021,202111,23,38,36,3,17,8,38,PM2.5,BAIK,DKI4 Lubang Buaya
11/20/2021,202111,26,58,38,6,21,13,58,PM2.5,SEDANG,DKI4 Lubang Buaya
11/21/2021,202111,44,65,37,19,13,14,65,PM2.5,SEDANG,DKI4 Lubang Buaya
11/22/2021,202111,23,45,37,4,14,9,45,PM2.5,BAIK,DKI4 Lubang Buaya
11/23/2021,202111,17,37,36,3,15,7,37,PM2.5,BAIK,DKI4 Lubang Buaya
11/24/2021,202111,27,59,37,5,26,12,59,PM2.5,SEDANG,DKI4 Lubang Buaya
11/25/2021,202111,54,80,38,11,24,18,80,PM2.5,SEDANG,DKI4 Lubang Buaya
11/26/2021,202111,58,78,38,14,17,13,78,PM2.5,SEDANG,DKI4 Lubang Buaya
11/27/2021,202111,37,56,37,8,13,12,56,PM2.5,SEDANG,DKI4 Lubang Buaya
11/28/2021,202111,18,33,37,4,18,10,37,SO2,BAIK,DKI4 Lubang Buaya
11/29/2021,202111,29,55,37,8,17,11,55,PM2.5,SEDANG,DKI4 Lubang Buaya
11/30/2021,202111,39,66,38,8,24,15,66,PM2.5,SEDANG,DKI4 Lubang Buaya
12/1/2021,202112,63,100,39,12,19,23,100,PM2.5,SEDANG,DKI4 Lubang Buaya
12/2/2021,202112,33,56,38,5,18,13,56,PM2.5,SEDANG,DKI4 Lubang Buaya
12/3/2021,202112,41,71,39,7,23,15,71,PM2.5,SEDANG,DKI4 Lubang Buaya
12/4/2021,202112,42,62,39,8,14,15,62,PM2.5,SEDANG,DKI4 Lubang Buaya
12/5/2021,202112,53,80,39,17,13,15,80,PM2.5,SEDANG,DKI4 Lubang Buaya
12/6/2021,202112,52,83,41,20,23,19,83,PM2.5,SEDANG,DKI4 Lubang Buaya
12/7/2021,202112,179,58,39,9,17,15,179,PM10,TIDAK SEHAT,DKI4 Lubang Buaya
12/8/2021,202112,47,76,40,14,25,14,76,PM2.5,SEDANG,DKI4 Lubang Buaya
12/9/2021,202112,38,63,40,9,28,19,63,PM2.5,SEDANG,DKI4 Lubang Buaya
12/10/2021,202112,45,73,42,10,24,19,73,PM2.5,SEDANG,DKI4 Lubang Buaya
12/11/2021,202112,32,60,39,7,22,17,60,PM2.5,SEDANG,DKI4 Lubang Buaya
12/14/2021,202112,50,76,40,7,28,14,76,PM2.5,SEDANG,DKI4 Lubang Buaya
12/15/2021,202112,69,124,40,15,29,23,124,PM2.5,TIDAK SEHAT,DKI4 Lubang Buaya
12/16/2021,202112,78,136,41,14,32,18,136,PM2.5,TIDAK SEHAT,DKI4 Lubang Buaya
12/17/2021,202112,55,81,39,13,34,17,81,PM2.5,SEDANG,DKI4 Lubang Buaya
12/18/2021,202112,59.5,69,42,13,24,17,69,PM2.5,SEDANG,DKI4 Lubang Buaya
12/19/2021,202112,64,102,41,21,40,22,102,PM2.5,TIDAK SEHAT,DKI4 Lubang Buaya
12/20/2021,202112,57,86,42,10,30,16,86,PM2.5,SEDANG,DKI4 Lubang Buaya
12/21/2021,202112,62,92,42,17,13,27,62,PM10,SEDANG,DKI4 Lubang Buaya
12/22/2021,202112,62,98,27,22,14.90909091,34,98,PM2.5,SEDANG,DKI4 Lubang Buaya
12/23/2021,202112,62,99,26,13,16.81818182,26,99,PM2.5,SEDANG,DKI4 Lubang Buaya
12/24/2021,202112,34,65,20.5,18,18.72727273,20,65,PM2.5,SEDANG,DKI4 Lubang Buaya
12/25/2021,202112,56,85,15,23,20.63636364,14,85,PM2.5,SEDANG,DKI4 Lubang Buaya
12/26/2021,202112,44,71,13,14,22.54545455,8,71,PM2.5,SEDANG,DKI4 Lubang Buaya
12/27/2021,202112,68,121,17,21,24.45454545,12,121,PM2.5,TIDAK SEHAT,DKI4 Lubang Buaya
12/28/2021,202112,59,89,38,15,26.36363636,22,89,PM2.5,SEDANG,DKI4 Lubang Buaya
12/29/2021,202112,61,98,37,15,28.27272727,19,98,PM2.5,SEDANG,DKI4 Lubang Buaya
12/30/2021,202112,60,102,38,17,30.18181818,21,102,PM2.5,TIDAK SEHAT,DKI4 Lubang Buaya
12/31/2021,202112,58,90,36,21,32.09090909,22,90,PM2.5,SEDANG,DKI4 Lubang Buaya
1/1/2022,202201,57,85,48,13,34,18,85,PM2.5,SEDANG,DKI4 Lubang Buaya
1/2/2022,202201,40,70,45,10,36,11,70,PM2.5,SEDANG,DKI4 Lubang Buaya
1/3/2022,202201,49,80,49,13,37,21,80,PM2.5,SEDANG,DKI4 Lubang Buaya
1/4/2022,202201,59,102,51,14,51,26,102,PM2.5,TIDAK SEHAT,DKI4 Lubang Buaya
1/5/2022,202201,95,165,53,18,55,32,165,PM2.5,TIDAK SEHAT,DKI4 Lubang Buaya
1/6/2022,202201,73,117,53,16,48,42,117,PM2.5,TIDAK SEHAT,DKI4 Lubang Buaya
1/7/2022,202201,71,113,48,22,38,41,113,PM2.5,TIDAK SEHAT,DKI4 Lubang Buaya
1/8/2022,202201,55,77,52,17,41,29,77,PM2.5,SEDANG,DKI4 Lubang Buaya
1/12/2022,202201,46,59,51,15,38,29,59,PM2.5,SEDANG,DKI4 Lubang Buaya
1/17/2022,202201,67,93,44,19,63,28,93,PM2.5,SEDANG,DKI4 Lubang Buaya
1/18/2022,202201,54,67,47,14,59,33,67,PM2.5,SEDANG,DKI4 Lubang Buaya
1/22/2022,202201,52,73,51,12,39,20,73,PM2.5,SEDANG,DKI4 Lubang Buaya
1/29/2022,202201,65,120,52,30,52,46,120,PM2.5,TIDAK SEHAT,DKI4 Lubang Buaya
1/30/2022,202201,75,129,53,25,59,50,129,PM2.5,TIDAK SEHAT,DKI4 Lubang Buaya
1/31/2022,202201,72,119,58,44,53,44,119,PM2.5,TIDAK SEHAT,DKI4 Lubang Buaya
3/3/2022,202203,30,55,43,12,35,18,55,PM2.5,SEDANG,DKI4 Lubang Buaya
3/4/2022,202203,32,53,41,13,45,20,53,PM2.5,SEDANG,DKI4 Lubang Buaya
3/5/2022,202203,48,68,40,17,36,22,68,PM2.5,SEDANG,DKI4 Lubang Buaya
3/6/2022,202203,53,90,38,21,28,18,90,PM2.5,SEDANG,DKI4 Lubang Buaya
3/7/2022,202203,29,53,37,13,37,13,53,PM2.5,SEDANG,DKI4 Lubang Buaya
3/8/2022,202203,55,102,40,15,45,25,102,PM2.5,TIDAK SEHAT,DKI4 Lubang Buaya
3/9/2022,202203,50,75,40,20,58,28,75,PM2.5,SEDANG,DKI4 Lubang Buaya
3/10/2022,202203,60,112,42,24,79,40,112,PM2.5,TIDAK SEHAT,DKI4 Lubang Buaya
3/11/2022,202203,77,107,46,23,52,52,107,PM2.5,TIDAK SEHAT,DKI4 Lubang Buaya
3/12/2022,202203,50,59,39,13,41,21,59,PM2.5,SEDANG,DKI4 Lubang Buaya
3/14/2022,202203,60,109,39,25,80,31,109,PM2.5,TIDAK SEHAT,DKI4 Lubang Buaya
3/15/2022,202203,56,97,41,22,54,28,97,PM2.5,SEDANG,DKI4 Lubang Buaya
3/16/2022,202203,51,76,41,21,53,25,76,PM2.5,SEDANG,DKI4 Lubang Buaya
3/17/2022,202203,77,141,40,23,77,28,141,PM2.5,TIDAK SEHAT,DKI4 Lubang Buaya
3/18/2022,202203,67,111,40,23,69,32,111,PM2.5,TIDAK SEHAT,DKI4 Lubang Buaya
3/19/2022,202203,46,73,40,15,48,20,73,PM2.5,SEDANG,DKI4 Lubang Buaya
3/20/2022,202203,55,71,39,13,34,14,71,PM2.5,SEDANG,DKI4 Lubang Buaya
3/21/2022,202203,38,53,38,10,34,8,53,PM2.5,SEDANG,DKI4 Lubang Buaya
3/24/2022,202203,43,65,43,15,40,22,65,PM2.5,SEDANG,DKI4 Lubang Buaya
3/26/2022,202203,67,92,43,17,49,29,92,PM2.5,SEDANG,DKI4 Lubang Buaya
3/29/2022,202203,61,117,44,17,52,31,117,PM2.5,TIDAK SEHAT,DKI4 Lubang Buaya
3/30/2022,202203,75,119,42,20,109,35,119,PM2.5,TIDAK SEHAT,DKI4 Lubang Buaya
3/31/2022,202203,95,160,49,34,137,34,160,PM2.5,TIDAK SEHAT,DKI4 Lubang Buaya
4/1/2022,202204,74,114,47,19,76,38,114,PM2.5,TIDAK SEHAT,DKI4 Lubang Buaya
4/2/2022,202204,61,99,42,18,70,28,99,PM2.5,SEDANG,DKI4 Lubang Buaya
4/3/2022,202204,51,74,39,14,40,17,74,PM2.5,SEDANG,DKI4 Lubang Buaya
4/4/2022,202204,49,71,43,23,69,27,71,PM2.5,SEDANG,DKI4 Lubang Buaya
4/5/2022,202204,73,92,53,19,73,43,92,PM2.5,SEDANG,DKI4 Lubang Buaya
4/6/2022,202204,54,87,40,20,57,32,87,PM2.5,SEDANG,DKI4 Lubang Buaya
4/7/2022,202204,58,90,42,22,62,35,90,PM2.5,SEDANG,DKI4 Lubang Buaya
4/8/2022,202204,52,81,40,17,50,29,81,PM2.5,SEDANG,DKI4 Lubang Buaya
4/9/2022,202204,50,76,42,21,59,28,76,PM2.5,SEDANG,DKI4 Lubang Buaya
4/10/2022,202204,82,164,46,27,80,38,164,PM2.5,TIDAK SEHAT,DKI4 Lubang Buaya
4/11/2022,202204,63,98,44,17,95,31,98,PM2.5,SEDANG,DKI4 Lubang Buaya
4/12/2022,202204,71,107,52,22,78,43,107,PM2.5,TIDAK SEHAT,DKI4 Lubang Buaya
4/15/2022,202204,61,102,41,15,81,28,102,PM2.5,TIDAK SEHAT,DKI4 Lubang Buaya
4/16/2022,202204,63,119,46,16,91,21,119,PM2.5,TIDAK SEHAT,DKI4 Lubang Buaya
4/17/2022,202204,76,148,52,21,93,24,148,PM2.5,TIDAK SEHAT,DKI4 Lubang Buaya
4/18/2022,202204,73,135,40,13,88,14,135,PM2.5,TIDAK SEHAT,DKI4 Lubang Buaya
4/20/2022,202204,61,105,42,18,69,34,105,PM2.5,TIDAK SEHAT,DKI4 Lubang Buaya
4/22/2022,202204,83,128,49,25,52,42,128,PM2.5,TIDAK SEHAT,DKI4 Lubang Buaya
4/23/2022,202204,60,108,42,30,52,43,108,PM2.5,TIDAK SEHAT,DKI4 Lubang Buaya
4/24/2022,202204,63,114,41,24,82,30,114,PM2.5,TIDAK SEHAT,DKI4 Lubang Buaya
4/25/2022,202204,60,118,44,14,99,28,118,PM2.5,TIDAK SEHAT,DKI4 Lubang Buaya
4/26/2022,202204,59,82,41,13,70,29,82,PM2.5,SEDANG,DKI4 Lubang Buaya
4/27/2022,202204,47,91,44,13,45,26,91,PM2.5,SEDANG,DKI4 Lubang Buaya
4/28/2022,202204,42,83,41,12,59,20,83,PM2.5,SEDANG,DKI4 Lubang Buaya
4/29/2022,202204,35,60,40,10,46,16,60,PM2.5,SEDANG,DKI4 Lubang Buaya
5/1/2022,202205,66,126,48,24,61,26,126,PM2.5,TIDAK SEHAT,DKI4 Lubang Buaya
5/2/2022,202205,58,90,41,16,82,17,90,PM2.5,SEDANG,DKI4 Lubang Buaya
5/4/2022,202205,51,85,41,11,77,18,85,PM2.5,SEDANG,DKI4 Lubang Buaya
5/5/2022,202205,53,102,41,13,72,20,102,PM2.5,TIDAK SEHAT,DKI4 Lubang Buaya
5/6/2022,202205,39,73,42,10,58,12,73,PM2.5,SEDANG,DKI4 Lubang Buaya
5/7/2022,202205,56,92,41,12,82,13,92,PM2.5,SEDANG,DKI4 Lubang Buaya
5/8/2022,202205,63,98,42,19,76,21,98,PM2.5,SEDANG,DKI4 Lubang Buaya
5/9/2022,202205,58,95,44,12,73,24,95,PM2.5,SEDANG,DKI4 Lubang Buaya
5/10/2022,202205,54,86,50,17,74,28,86,PM2.5,SEDANG,DKI4 Lubang Buaya
5/14/2022,202205,57,101,44,14,72,30,101,PM2.5,TIDAK SEHAT,DKI4 Lubang Buaya
5/15/2022,202205,77,126,42,19,87,23,126,PM2.5,TIDAK SEHAT,DKI4 Lubang Buaya
5/16/2022,202205,58,100,42,22,81,31,100,PM2.5,SEDANG,DKI4 Lubang Buaya
5/17/2022,202205,66,128,42,22,77,31,128,PM2.5,TIDAK SEHAT,DKI4 Lubang Buaya
5/18/2022,202205,62,99,42,15,89,24,99,PM2.5,SEDANG,DKI4 Lubang Buaya
5/19/2022,202205,75,136,43,28,64,46,136,PM2.5,TIDAK SEHAT,DKI4 Lubang Buaya
5/20/2022,202205,70,128,43,24,71,43,128,PM2.5,TIDAK SEHAT,DKI4 Lubang Buaya
5/21/2022,202205,58,82,44,20,58,32,82,PM2.5,SEDANG,DKI4 Lubang Buaya
5/22/2022,202205,58,110,44,17,55,25,110,PM2.5,TIDAK SEHAT,DKI4 Lubang Buaya
5/23/2022,202205,68,123,47,17,53,24,123,PM2.5,TIDAK SEHAT,DKI4 Lubang Buaya
5/24/2022,202205,58,98,46,11,54,21,98,PM2.5,SEDANG,DKI4 Lubang Buaya
5/25/2022,202205,74,121,48,16,58,27,121,PM2.5,TIDAK SEHAT,DKI4 Lubang Buaya
5/26/2022,202205,57,93,45,15,52,26,93,PM2.5,SEDANG,DKI4 Lubang Buaya
5/27/2022,202205,79,146,52,25,76,35,146,PM2.5,TIDAK SEHAT,DKI4 Lubang Buaya
5/29/2022,202205,64,107,43,23,65,40,107,PM2.5,TIDAK SEHAT,DKI4 Lubang Buaya
5/30/2022,202205,51,89,45,17,58,31,89,PM2.5,SEDANG,DKI4 Lubang Buaya
6/2/2022,202206,56,100,44,15,76,33,100,PM2.5,SEDANG,DKI4 Lubang Buaya
6/4/2022,202206,78,136,44,26,92,51,136,PM2.5,TIDAK SEHAT,DKI4 Lubang Buaya
6/5/2022,202206,62,116,45,15,87,27,116,PM2.5,TIDAK SEHAT,DKI4 Lubang Buaya
6/6/2022,202206,64,111,44,21,62,35,111,PM2.5,TIDAK SEHAT,DKI4 Lubang Buaya
6/7/2022,202206,61,76,44,18,50,32,76,PM2.5,SEDANG,DKI4 Lubang Buaya
6/8/2022,202206,65,110,44,18,54,25,110,PM2.5,TIDAK SEHAT,DKI4 Lubang Buaya
6/9/2022,202206,65,97,51,27,34,46,97,PM2.5,SEDANG,DKI4 Lubang Buaya
6/10/2022,202206,56,82,44,26,49,36,82,PM2.5,SEDANG,DKI4 Lubang Buaya
6/11/2022,202206,58,92,45,15,67,28,92,PM2.5,SEDANG,DKI4 Lubang Buaya
6/12/2022,202206,61,112,45,22,71,33,112,PM2.5,TIDAK SEHAT,DKI4 Lubang Buaya
6/13/2022,202206,61,97,46,22,71,38,97,PM2.5,SEDANG,DKI4 Lubang Buaya
6/14/2022,202206,75,112,49,27,52,50,112,PM2.5,TIDAK SEHAT,DKI4 Lubang Buaya
6/15/2022,202206,80,141,45,25,44,43,141,PM2.5,TIDAK SEHAT,DKI4 Lubang Buaya
6/16/2022,202206,79,146,46,32,50,45,146,PM2.5,TIDAK SEHAT,DKI4 Lubang Buaya
6/17/2022,202206,85,130,45,25,50,37,130,PM2.5,TIDAK SEHAT,DKI4 Lubang Buaya
6/18/2022,202206,75,117,45,30,58,42,117,PM2.5,TIDAK SEHAT,DKI4 Lubang Buaya
6/19/2022,202206,73,118,47,23,82,37,118,PM2.5,TIDAK SEHAT,DKI4 Lubang Buaya
6/20/2022,202206,78,131,45,17,99,27,131,PM2.5,TIDAK SEHAT,DKI4 Lubang Buaya
6/21/2022,202206,79,114,47,18,70,32,114,PM2.5,TIDAK SEHAT,DKI4 Lubang Buaya
6/22/2022,202206,71,123,47,17,72,27,123,PM2.5,TIDAK SEHAT,DKI4 Lubang Buaya
6/23/2022,202206,82,119,46,19,68,32,119,PM2.5,TIDAK SEHAT,DKI4 Lubang Buaya
6/24/2022,202206,85,123,46,22,77,38,123,PM2.5,TIDAK SEHAT,DKI4 Lubang Buaya
6/25/2022,202206,82,131,46,23,60,31,131,PM2.5,TIDAK SEHAT,DKI4 Lubang Buaya
6/26/2022,202206,68,106,45,22,69,36,106,PM2.5,TIDAK SEHAT,DKI4 Lubang Buaya
6/27/2022,202206,74,102,45,22,76,33,102,PM2.5,TIDAK SEHAT,DKI4 Lubang Buaya
6/29/2022,202206,59,79,46,14,72,32,79,PM2.5,SEDANG,DKI4 Lubang Buaya
6/30/2022,202206,68,117,48,13,84,26,117,PM2.5,TIDAK SEHAT,DKI4 Lubang Buaya
7/1/2022,202207,73,111,49,15,87,31,111,PM2.5,TIDAK SEHAT,DKI4 Lubang Buaya
7/2/2022,202207,81,137,47,18,106,29,137,PM2.5,TIDAK SEHAT,DKI4 Lubang Buaya
7/4/2022,202207,56,78,49,11,60,13,78,PM2.5,SEDANG,DKI4 Lubang Buaya
7/5/2022,202207,66,110,47,16,61,23,110,PM2.5,TIDAK SEHAT,DKI4 Lubang Buaya
7/6/2022,202207,75,129,45,25,71,26,129,PM2.5,TIDAK SEHAT,DKI4 Lubang Buaya
7/10/2022,202207,63,93,47,13,84,19,93,PM2.5,SEDANG,DKI4 Lubang Buaya
7/11/2022,202207,66,112,47,15,84,29,112,PM2.5,TIDAK SEHAT,DKI4 Lubang Buaya
7/12/2022,202207,77,123,49,17,84,28,123,PM2.5,TIDAK SEHAT,DKI4 Lubang Buaya
7/13/2022,202207,69,114,48,16,65,29,114,PM2.5,TIDAK SEHAT,DKI4 Lubang Buaya
7/14/2022,202207,85,125,47,25,57,33,125,PM2.5,TIDAK SEHAT,DKI4 Lubang Buaya
7/15/2022,202207,58,86,49,12,65,18,86,PM2.5,SEDANG,DKI4 Lubang Buaya
7/16/2022,202207,36,59,46,15,48,31,59,PM2.5,SEDANG,DKI4 Lubang Buaya
7/17/2022,202207,59,89,48,28,51,36,89,PM2.5,SEDANG,DKI4 Lubang Buaya
7/18/2022,202207,75,143,48,30,84,36,143,PM2.5,TIDAK SEHAT,DKI4 Lubang Buaya
7/19/2022,202207,75,114,50,15,98,25,114,PM2.5,TIDAK SEHAT,DKI4 Lubang Buaya
7/20/2022,202207,76,124,49,18,94,26,124,PM2.5,TIDAK SEHAT,DKI4 Lubang Buaya
7/22/2022,202207,74,121,50,17,96,25,121,PM2.5,TIDAK SEHAT,DKI4 Lubang Buaya
7/23/2022,202207,61,99,50,14,67,19,99,PM2.5,SEDANG,DKI4 Lubang Buaya
7/26/2022,202207,67,110,49,16,85,20,110,PM2.5,TIDAK SEHAT,DKI4 Lubang Buaya
7/28/2022,202207,82,132,50,16,90,30,132,PM2.5,TIDAK SEHAT,DKI4 Lubang Buaya
7/29/2022,202207,74,123,50,12,86,22,123,PM2.5,TIDAK SEHAT,DKI4 Lubang Buaya
7/30/2022,202207,66,118,49,15,95,22,118,PM2.5,TIDAK SEHAT,DKI4 Lubang Buaya
7/31/2022,202207,80,143,49,17,115,27,143,PM2.5,TIDAK SEHAT,DKI4 Lubang Buaya
8/1/2022,202208,68,109,50,12,91,19,109,PM2.5,TIDAK SEHAT,DKI4 Lubang Buaya
8/2/2022,202208,67,113,50,15,84,28,113,PM2.5,TIDAK SEHAT,DKI4 Lubang Buaya
8/3/2022,202208,82,141,51,19,129,24,141,PM2.5,TIDAK SEHAT,DKI4 Lubang Buaya
8/4/2022,202208,69,99,48,15,82,20,99,PM2.5,SEDANG,DKI4 Lubang Buaya
8/5/2022,202208,60,82,47,17,79,26,82,PM2.5,SEDANG,DKI4 Lubang Buaya
8/6/2022,202208,69,101,49,19,87,29,101,PM2.5,TIDAK SEHAT,DKI4 Lubang Buaya
8/7/2022,202208,76,119,50,18,114,29,119,PM2.5,TIDAK SEHAT,DKI4 Lubang Buaya
8/10/2022,202208,73,116,49,19,82,29,116,PM2.5,TIDAK SEHAT,DKI4 Lubang Buaya
8/11/2022,202208,74,107,52,19,80,27,107,PM2.5,TIDAK SEHAT,DKI4 Lubang Buaya
8/14/2022,202208,68,93,50,14,80,20,93,PM2.5,SEDANG,DKI4 Lubang Buaya
8/15/2022,202208,64,84,50,17,63,28,84,PM2.5,SEDANG,DKI4 Lubang Buaya
8/18/2022,202208,64,89,49,25,84,28,89,PM2.5,SEDANG,DKI4 Lubang Buaya
8/19/2022,202208,70,105,49,14,66,26,105,PM2.5,TIDAK SEHAT,DKI4 Lubang Buaya
8/20/2022,202208,76,117,50,14,69,18,117,PM2.5,TIDAK SEHAT,DKI4 Lubang Buaya
8/21/2022,202208,59,101,49,13,65,17,101,PM2.5,TIDAK SEHAT,DKI4 Lubang Buaya
8/23/2022,202208,76,116,49,17,81,27,116,PM2.5,TIDAK SEHAT,DKI4 Lubang Buaya
8/24/2022,202208,71,119,50,15,82,20,119,PM2.5,TIDAK SEHAT,DKI4 Lubang Buaya
8/25/2022,202208,64,98,50,12,66,19,98,PM2.5,SEDANG,DKI4 Lubang Buaya
8/26/2022,202208,76,119,53,19,53,31,119,PM2.5,TIDAK SEHAT,DKI4 Lubang Buaya
8/27/2022,202208,80,130,50,25,57,37,130,PM2.5,TIDAK SEHAT,DKI4 Lubang Buaya
8/29/2022,202208,58,82,49,16,55,29,82,PM2.5,SEDANG,DKI4 Lubang Buaya
8/30/2022,202208,59,84,50,15,56,29,84,PM2.5,SEDANG,DKI4 Lubang Buaya
8/31/2022,202208,85,148,51,25,74,37,148,PM2.5,TIDAK SEHAT,DKI4 Lubang Buaya
9/1/2022,202209,83,130,51,15,42,25,130,PM2.5,TIDAK SEHAT,DKI4 Lubang Buaya
9/2/2022,202209,71,108,51,21,35,32,108,PM2.5,TIDAK SEHAT,DKI4 Lubang Buaya
9/3/2022,202209,64,102,50,18,37,31,102,PM2.5,TIDAK SEHAT,DKI4 Lubang Buaya
9/4/2022,202209,42,76,50,9,33,14,76,PM2.5,SEDANG,DKI4 Lubang Buaya
9/5/2022,202209,59,105,51,15,45,23,105,PM2.5,TIDAK SEHAT,DKI4 Lubang Buaya
9/6/2022,202209,63,86,51,12,43,17,86,PM2.5,SEDANG,DKI4 Lubang Buaya
9/7/2022,202209,55,79,49,15,38,21,79,PM2.5,SEDANG,DKI4 Lubang Buaya
9/8/2022,202209,61,87,48,26,32,45,87,PM2.5,SEDANG,DKI4 Lubang Buaya
9/10/2022,202209,56,72,48,22,41,39,72,PM2.5,SEDANG,DKI4 Lubang Buaya
9/11/2022,202209,64,88,51,20,37,34,88,PM2.5,SEDANG,DKI4 Lubang Buaya
9/12/2022,202209,53,79,52,18,35,27,79,PM2.5,SEDANG,DKI4 Lubang Buaya
9/14/2022,202209,67,113,53,18,42,38,113,PM2.5,TIDAK SEHAT,DKI4 Lubang Buaya
9/15/2022,202209,78,117,51,26,34,39,117,PM2.5,TIDAK SEHAT,DKI4 Lubang Buaya
9/16/2022,202209,62,100,51,18,52,33,100,PM2.5,SEDANG,DKI4 Lubang Buaya
9/17/2022,202209,70,103,51,19,49,35,103,PM2.5,TIDAK SEHAT,DKI4 Lubang Buaya
9/18/2022,202209,72,113,51,21,43,33,113,PM2.5,TIDAK SEHAT,DKI4 Lubang Buaya
9/19/2022,202209,70,113,51,17,46,28,113,PM2.5,TIDAK SEHAT,DKI4 Lubang Buaya
9/20/2022,202209,66,110,51,21,37,41,110,PM2.5,TIDAK SEHAT,DKI4 Lubang Buaya
9/21/2022,202209,69,112,50,17,42,32,112,PM2.5,TIDAK SEHAT,DKI4 Lubang Buaya
9/24/2022,202209,57,83,50,17,39,33,83,PM2.5,SEDANG,DKI4 Lubang Buaya
9/25/2022,202209,58,94,50,14,48,25,94,PM2.5,SEDANG,DKI4 Lubang Buaya
9/27/2022,202209,63,86,51,14,58,26,86,PM2.5,SEDANG,DKI4 Lubang Buaya
9/28/2022,202209,62,92,51,13,55,24,92,PM2.5,SEDANG,DKI4 Lubang Buaya
9/29/2022,202209,62,100,51,14,50,21,100,PM2.5,SEDANG,DKI4 Lubang Buaya
9/30/2022,202209,71,103,51,14,45,23,103,PM2.5,TIDAK SEHAT,DKI4 Lubang Buaya
10/1/2022,202210,80,128,52,14,39,21,128,PM2.5,TIDAK SEHAT,DKI4 Lubang Buaya
10/2/2022,202210,54,79,50,12,43,19,79,PM2.5,SEDANG,DKI4 Lubang Buaya
10/4/2022,202210,67,98,51,15,40,33,98,PM2.5,SEDANG,DKI4 Lubang Buaya
10/5/2022,202210,51,68,50,22,36,42,68,PM2.5,SEDANG,DKI4 Lubang Buaya
10/6/2022,202210,61,89,51,20,39,32,89,PM2.5,SEDANG,DKI4 Lubang Buaya
10/9/2022,202210,58,95,50,24,39,35,95,PM2.5,SEDANG,DKI4 Lubang Buaya
10/10/2022,202210,54,74,50,14,38,25,74,PM2.5,SEDANG,DKI4 Lubang Buaya
10/11/2022,202210,77,126,51,23,59,45,126,PM2.5,TIDAK SEHAT,DKI4 Lubang Buaya
10/12/2022,202210,70,97,54,27,44,42,97,PM2.5,SEDANG,DKI4 Lubang Buaya
10/13/2022,202210,63,91,52,17,54,36,91,PM2.5,SEDANG,DKI4 Lubang Buaya
10/14/2022,202210,67,94,50,28,47,45,94,PM2.5,SEDANG,DKI4 Lubang Buaya
10/15/2022,202210,55,78,51,13,58,27,78,PM2.5,SEDANG,DKI4 Lubang Buaya
10/16/2022,202210,62,93,51,19,52,36,93,PM2.5,SEDANG,DKI4 Lubang Buaya
10/17/2022,202210,56,85,51,13,54,25,85,PM2.5,SEDANG,DKI4 Lubang Buaya
10/19/2022,202210,64,92,51,22,42,44,92,PM2.5,SEDANG,DKI4 Lubang Buaya
10/20/2022,202210,67,88,51,28,47,45,88,PM2.5,SEDANG,DKI4 Lubang Buaya
10/21/2022,202210,52,67,50,16,31,27,67,PM2.5,SEDANG,DKI4 Lubang Buaya
10/22/2022,202210,58,82,51,19,39,41,82,PM2.5,SEDANG,DKI4 Lubang Buaya
10/23/2022,202210,52,66,51,11,45,21,66,PM2.5,SEDANG,DKI4 Lubang Buaya
10/24/2022,202210,41,57,50,10,31,18,57,PM2.5,SEDANG,DKI4 Lubang Buaya
10/26/2022,202210,39,43,51,11,27,17,51,SO2,SEDANG,DKI4 Lubang Buaya
10/27/2022,202210,41,66,51,18,35,27,66,PM2.5,SEDANG,DKI4 Lubang Buaya
10/28/2022,202210,54,77,51,16,33,32,77,PM2.5,SEDANG,DKI4 Lubang Buaya
10/29/2022,202210,53,86,51,15,41,29,86,PM2.5,SEDANG,DKI4 Lubang Buaya
10/30/2022,202210,51,87,51,11,49,19,87,PM2.5,SEDANG,DKI4 Lubang Buaya
10/31/2022,202210,60,78,51,21,44,22,78,PM2.5,SEDANG,DKI4 Lubang Buaya
11/1/2022,202211,49,70,51,10,44,21,70,PM2.5,SEDANG,DKI4 Lubang Buaya
11/2/2022,202211,84,144,51,14,54,34,144,PM2.5,TIDAK SEHAT,DKI4 Lubang Buaya
11/3/2022,202211,65,89,51,13,49,23,89,PM2.5,SEDANG,DKI4 Lubang Buaya
11/4/2022,202211,66,95,52,23,49,42,95,PM2.5,SEDANG,DKI4 Lubang Buaya
11/5/2022,202211,62,81,51,22,55,42,81,PM2.5,SEDANG,DKI4 Lubang Buaya
11/7/2022,202211,74,104,51,13,48,22,104,PM2.5,TIDAK SEHAT,DKI4 Lubang Buaya
11/9/2022,202211,64,96,51,25,41,47,96,PM2.5,SEDANG,DKI4 Lubang Buaya
11/11/2022,202211,46,71,51,19,31,25,71,PM2.5,SEDANG,DKI4 Lubang Buaya
11/13/2022,202211,38,63,51,17,38,27,63,PM2.5,SEDANG,DKI4 Lubang Buaya
11/14/2022,202211,60,85,51,17,44,28,85,PM2.5,SEDANG,DKI4 Lubang Buaya
11/15/2022,202211,59,95,51,16,39,33,95,PM2.5,SEDANG,DKI4 Lubang Buaya
11/17/2022,202211,58,72,52,12,35,25,72,PM2.5,SEDANG,DKI4 Lubang Buaya
11/19/2022,202211,47,77,56,12,27,24,77,PM2.5,SEDANG,DKI4 Lubang Buaya
11/20/2022,202211,34,51,51,7,30,12,51,PM2.5,SEDANG,DKI4 Lubang Buaya
11/24/2022,202211,51,66,52,10,34,24,66,PM2.5,SEDANG,DKI4 Lubang Buaya
11/25/2022,202211,52,77,52,15,38,26,77,PM2.5,SEDANG,DKI4 Lubang Buaya
11/26/2022,202211,80,131,51,20,42,45,131,PM2.5,TIDAK SEHAT,DKI4 Lubang Buaya
11/27/2022,202211,74,112,52,24,37,36,112,PM2.5,TIDAK SEHAT,DKI4 Lubang Buaya
11/28/2022,202211,59,83,51,14,50,31,83,PM2.5,SEDANG,DKI4 Lubang Buaya
11/29/2022,202211,53,73,51,22,48,32,73,PM2.5,SEDANG,DKI4 Lubang Buaya
11/30/2022,202211,65,97,52,13,40,31,97,PM2.5,SEDANG,DKI4 Lubang Buaya
12/1/2022,202212,64,93,52,17,50,31,93,PM2.5,SEDANG,DKI4 Lubang Buaya
12/1/2022,202212,64,93,52,7,27,19,93,PM2.5,SEDANG,DKI4 Lubang Buaya
12/2/2022,202212,60,94,52,18,42,30,94,PM2.5,SEDANG,DKI4 Lubang Buaya
12/2/2022,202212,60,94,52,9,20,18,94,PM2.5,SEDANG,DKI4 Lubang Buaya
12/3/2022,202212,60,100,52,16,49,31,100,PM2.5,SEDANG,DKI4 Lubang Buaya
12/3/2022,202212,55,100,52,7,26,17,100,PM2.5,SEDANG,DKI4 Lubang Buaya
12/4/2022,202212,65,95,52,19,45,34,95,PM2.5,SEDANG,DKI4 Lubang Buaya
12/4/2022,202212,65,95,52,9,18,14,95,PM2.5,SEDANG,DKI4 Lubang Buaya
12/5/2022,202212,74,117,52,19,48,33,117,PM2.5,TIDAK SEHAT,DKI4 Lubang Buaya
12/5/2022,202212,74,117,52,9,21,13,117,PM2.5,TIDAK SEHAT,DKI4 Lubang Buaya
12/6/2022,202212,70,107,49,24,41,44,107,PM2.5,TIDAK SEHAT,DKI4 Lubang Buaya
12/6/2022,202212,70,107,49,24,41,44,107,PM2.5,TIDAK SEHAT,DKI4 Lubang Buaya
12/7/2022,202212,53,88,52,21,37,40,88,PM2.5,SEDANG,DKI4 Lubang Buaya
12/7/2022,202212,53,88,52,11,13,18,88,PM2.5,SEDANG,DKI4 Lubang Buaya
12/8/2022,202212,51,85,52,16,47,35,85,PM2.5,SEDANG,DKI4 Lubang Buaya
12/8/2022,202212,50,85,52,6,25,18,85,PM2.5,SEDANG,DKI4 Lubang Buaya
12/9/2022,202212,54,91,51,10,12,18,91,PM2.5,SEDANG,DKI4 Lubang Buaya
12/10/2022,202212,42,72,52,27,29,35,72,PM2.5,SEDANG,DKI4 Lubang Buaya
12/10/2022,202212,42,72,52,8,10,11,72,PM2.5,SEDANG,DKI4 Lubang Buaya
12/11/2022,202212,44,72,52,20,31,32,72,PM2.5,SEDANG,DKI4 Lubang Buaya
12/11/2022,202212,44,72,52,6,10,16,72,PM2.5,SEDANG,DKI4 Lubang Buaya
12/12/2022,202212,37,62,51,10,32,22,62,PM2.5,SEDANG,DKI4 Lubang Buaya
12/12/2022,202212,37,62,51,3,16,10,62,PM2.5,SEDANG,DKI4 Lubang Buaya
12/13/2022,202212,47,67,51,6,8,15,67,PM2.5,SEDANG,DKI4 Lubang Buaya
12/14/2022,202212,39,66,51,5,8,12,66,PM2.5,SEDANG,DKI4 Lubang Buaya
12/15/2022,202212,28,60,52,10,29,23,60,PM2.5,SEDANG,DKI4 Lubang Buaya
12/15/2022,202212,27,60,52,1,13,8,60,PM2.5,SEDANG,DKI4 Lubang Buaya
12/16/2022,202212,56,83,52,12,28,30,83,PM2.5,SEDANG,DKI4 Lubang Buaya
12/16/2022,202212,56,83,52,5,14,13,83,PM2.5,SEDANG,DKI4 Lubang Buaya
12/17/2022,202212,65,98,52,30,38,45,98,PM2.5,SEDANG,DKI4 Lubang Buaya
12/17/2022,202212,65,98,52,14,13,15,98,PM2.5,SEDANG,DKI4 Lubang Buaya
12/18/2022,202212,64,96,52,26,46,45,96,PM2.5,SEDANG,DKI4 Lubang Buaya
12/18/2022,202212,61,96,52,7,17,19,96,PM2.5,SEDANG,DKI4 Lubang Buaya
12/19/2022,202212,64,99,57,28,39,48,99,PM2.5,SEDANG,DKI4 Lubang Buaya
12/19/2022,202212,64,99,52,10,20,15,99,PM2.5,SEDANG,DKI4 Lubang Buaya
12/20/2022,202212,85,154,54,23,29,47,154,PM2.5,TIDAK SEHAT,DKI4 Lubang Buaya
12/20/2022,202212,85,154,52,10,11,13,154,PM2.5,TIDAK SEHAT,DKI4 Lubang Buaya
12/21/2022,202212,53,77,54,5,16,19,77,PM2.5,SEDANG,DKI4 Lubang Buaya
12/22/2022,202212,49,65,59,49,23,24,65,PM2.5,SEDANG,DKI4 Lubang Buaya
12/22/2022,202212,49,65,52,5,10,12,65,PM2.5,SEDANG,DKI4 Lubang Buaya
12/23/2022,202212,22,39,52,2,11,8,52,SO2,SEDANG,DKI4 Lubang Buaya
12/24/2022,202212,23.42857143,83,52,7,13,16,83,PM2.5,SEDANG,DKI4 Lubang Buaya
12/25/2022,202212,24.85714286,56,52,5,10,13,56,PM2.5,SEDANG,DKI4 Lubang Buaya
12/26/2022,202212,26.28571429,58,52,4,10,14,58,PM2.5,SEDANG,DKI4 Lubang Buaya
12/27/2022,202212,27.71428571,47,52,3,7,9,52,SO2,SEDANG,DKI4 Lubang Buaya
12/28/2022,202212,29.14285714,63,52,5,6,9,63,PM2.5,SEDANG,DKI4 Lubang Buaya
12/29/2022,202212,30.57142857,35,52,2,8,8,52,SO2,SEDANG,DKI4 Lubang Buaya
12/30/2022,202212,40,64,57,21,17,24,64,PM2.5,SEDANG,DKI4 Lubang Buaya
12/30/2022,202212,32,64,52,7,8,12,64,PM2.5,SEDANG,DKI4 Lubang Buaya
12/31/2022,202212,49,73,55.66666667,5.666666667,9.333333333,19.33333333,73,PM2.5,SEDANG,DKI4 Lubang Buaya
1/1/2023,202301,23,57,54.33333333,4.333333333,10.66666667,14.66666667,57,PM2.5,SEDANG,DKI4 Lubang Buaya
1/2/2023,202301,27,53,53,3,12,10,53,PM2.5,SEDANG,DKI4 Lubang Buaya
1/3/2023,202301,19,43,53,3,11,9,53,SO2,SEDANG,DKI4 Lubang Buaya
1/4/2023,202301,17,51,53,4,9,10,53,SO2,SEDANG,DKI4 Lubang Buaya
1/5/2023,202301,21,59,53,19,14,11,59,PM2.5,SEDANG,DKI4 Lubang Buaya
1/6/2023,202301,38,68,53,16,12,10,68,PM2.5,SEDANG,DKI4 Lubang Buaya
1/7/2023,202301,30,64,53,14,9,7,64,PM2.5,SEDANG,DKI4 Lubang Buaya
1/8/2023,202301,21,60,53,13,9,5,60,PM2.5,SEDANG,DKI4 Lubang Buaya
1/9/2023,202301,37,68,53,15,9,8,68,PM2.5,SEDANG,DKI4 Lubang Buaya
1/10/2023,202301,32,63,53,13,11,8,63,PM2.5,SEDANG,DKI4 Lubang Buaya
1/11/2023,202301,36,81,54,14,23,12,81,PM2.5,SEDANG,DKI4 Lubang Buaya
1/12/2023,202301,42,111,54,15,26,14,111,PM2.5,TIDAK SEHAT,DKI4 Lubang Buaya
1/13/2023,202301,48,135,55,15,28,15,135,PM2.5,TIDAK SEHAT,DKI4 Lubang Buaya
1/14/2023,202301,54,91,54,17,19,19,91,PM2.5,SEDANG,DKI4 Lubang Buaya
1/15/2023,202301,47,73,54,12,15,11,73,PM2.5,SEDANG,DKI4 Lubang Buaya
1/17/2023,202301,45,66,53,13,7,8,66,PM2.5,SEDANG,DKI4 Lubang Buaya
1/18/2023,202301,42,80,54,14,8,14,80,PM2.5,SEDANG,DKI4 Lubang Buaya
1/19/2023,202301,40,79,54,16,7,10,79,PM2.5,SEDANG,DKI4 Lubang Buaya
1/20/2023,202301,39,65,54,13,11,10,65,PM2.5,SEDANG,DKI4 Lubang Buaya
1/21/2023,202301,43,75,54,14,10,10,75,PM2.5,SEDANG,DKI4 Lubang Buaya
1/22/2023,202301,40,66,53,13,9,9,66,PM2.5,SEDANG,DKI4 Lubang Buaya
1/23/2023,202301,37,51,53,11,11,4,53,SO2,SEDANG,DKI4 Lubang Buaya
1/24/2023,202301,32,43,53,10,11,3,53,SO2,SEDANG,DKI4 Lubang Buaya
1/25/2023,202301,52,53,55,10,10,5,55,SO2,SEDANG,DKI4 Lubang Buaya
1/26/2023,202301,41,61,54,13,12,11,61,PM2.5,SEDANG,DKI4 Lubang Buaya
1/27/2023,202301,50,66,54,13,10,15,66,PM2.5,SEDANG,DKI4 Lubang Buaya
1/28/2023,202301,44,68,54,14,7,17,68,PM2.5,SEDANG,DKI4 Lubang Buaya
1/29/2023,202301,53,82,54,20,8,11,82,PM2.5,SEDANG,DKI4 Lubang Buaya
1/30/2023,202301,51,65,53,14,14,13,65,PM2.5,SEDANG,DKI4 Lubang Buaya
1/31/2023,202301,56,90,54,16,15,20,90,PM2.5,SEDANG,DKI4 Lubang Buaya
2/1/2023,202302,51,65,55,12,13,16,65,PM2.5,SEDANG,DKI4 Lubang Buaya
2/2/2023,202302,46,66,53,13,8,15,66,PM2.5,SEDANG,DKI4 Lubang Buaya
2/3/2023,202302,40,53,54,10,9,12,54,SO2,SEDANG,DKI4 Lubang Buaya
2/4/2023,202302,55,74,55,14,9,12,74,PM2.5,SEDANG,DKI4 Lubang Buaya
2/5/2023,202302,44,71,54,16,7,10,71,PM2.5,SEDANG,DKI4 Lubang Buaya
2/6/2023,202302,41,56,54,11,12,4,56,PM2.5,SEDANG,DKI4 Lubang Buaya
2/7/2023,202302,38,65,54,12,12,10,65,PM2.5,SEDANG,DKI4 Lubang Buaya
2/8/2023,202302,44,61,53,15,7,15,61,PM2.5,SEDANG,DKI4 Lubang Buaya
2/9/2023,202302,44,61,53,13,7,10,61,PM2.5,SEDANG,DKI4 Lubang Buaya
2/10/2023,202302,31,42,53,10,11,6,53,SO2,SEDANG,DKI4 Lubang Buaya
2/11/2023,202302,38,51,53,12,8,9,53,SO2,SEDANG,DKI4 Lubang Buaya
2/12/2023,202302,33,42,53,12,8,10,53,SO2,SEDANG,DKI4 Lubang Buaya
2/13/2023,202302,35,51,53,14,7,8,53,SO2,SEDANG,DKI4 Lubang Buaya
2/14/2023,202302,31,39,53,11,7,6,53,SO2,SEDANG,DKI4 Lubang Buaya
2/15/2023,202302,33,48,53,11,9,5,53,SO2,SEDANG,DKI4 Lubang Buaya
2/16/2023,202302,29,53,26,5,7,8,53,PM2.5,SEDANG,DKI4 Lubang Buaya
2/17/2023,202302,33,48,27,6,8,9,48,PM2.5,BAIK,DKI4 Lubang Buaya
2/18/2023,202302,51,75,27,11,14,14,75,PM2.5,SEDANG,DKI4 Lubang Buaya
2/19/2023,202302,60,82,27,13,13,14,82,PM2.5,SEDANG,DKI4 Lubang Buaya
2/20/2023,202302,52,56,26,12,6,7,56,PM2.5,SEDANG,DKI4 Lubang Buaya
2/21/2023,202302,40,41,26,6,6,6,41,PM2.5,BAIK,DKI4 Lubang Buaya
2/22/2023,202302,39,43,27,6,9,8,43,PM2.5,BAIK,DKI4 Lubang Buaya
2/23/2023,202302,50,59,27,11,8,14,59,PM2.5,SEDANG,DKI4 Lubang Buaya
2/24/2023,202302,51,49,26,9,10,17,51,PM10,SEDANG,DKI4 Lubang Buaya
2/25/2023,202302,45,55,26,11,14,18,55,PM2.5,SEDANG,DKI4 Lubang Buaya
2/26/2023,202302,40,52,27,8,15,12,52,PM2.5,SEDANG,DKI4 Lubang Buaya
2/27/2023,202302,46,50,27,7,16,15,50,PM2.5,BAIK,DKI4 Lubang Buaya
2/28/2023,202302,54,61,29,10,14,18,61,PM2.5,SEDANG,DKI4 Lubang Buaya
3/1/2023,202303,35,50,28,11,7,17,50,2,BAIK,DKI4 Lubang Buaya
3/2/2023,202303,38,39,27,10,5,13,39,2,BAIK,DKI4 Lubang Buaya
3/3/2023,202303,35,50,28,10,8,14,50,2,BAIK,DKI4 Lubang Buaya
3/4/2023,202303,31,51,28,10,10,14,51,2,SEDANG,DKI4 Lubang Buaya
3/5/2023,202303,46,50,28,9,8,11,50,2,BAIK,DKI4 Lubang Buaya
3/6/2023,202303,51,54,28,6,8,7,54,2,SEDANG,DKI4 Lubang Buaya
3/7/2023,202303,34,64,29,8,10,10,64,2,SEDANG,DKI4 Lubang Buaya
3/8/2023,202303,42,86,31,12,8,17,86,2,SEDANG,DKI4 Lubang Buaya
3/9/2023,202303,50,87,30,13,14,20,87,2,SEDANG,DKI4 Lubang Buaya
3/10/2023,202303,49.5,77,29,15,17,17,77,2,SEDANG,DKI4 Lubang Buaya
3/11/2023,202303,49,73,29,11,20,23,73,2,SEDANG,DKI4 Lubang Buaya
3/12/2023,202303,64,109,30,16,14,22,109,2,TIDAK SEHAT,DKI4 Lubang Buaya
3/13/2023,202303,64,107,31,11,23,16,107,2,TIDAK SEHAT,DKI4 Lubang Buaya
3/14/2023,202303,57,76,30,11,12,20,76,2,SEDANG,DKI4 Lubang Buaya
3/15/2023,202303,50,63,30,9,15,19,63,2,SEDANG,DKI4 Lubang Buaya
3/16/2023,202303,52.75,107,30,19,15,20,107,2,TIDAK SEHAT,DKI4 Lubang Buaya
3/17/2023,202303,55.5,92,30,16,16,18,92,2,SEDANG,DKI4 Lubang Buaya
3/18/2023,202303,58.25,85,30,10,23,17,85,2,SEDANG,DKI4 Lubang Buaya
3/19/2023,202303,61,84,32,12,20,16,84,2,SEDANG,DKI4 Lubang Buaya
3/20/2023,202303,52,91,32,12,26,19,91,2,SEDANG,DKI4 Lubang Buaya
3/21/2023,202303,59,94,31,11,21,17,94,2,SEDANG,DKI4 Lubang Buaya
3/22/2023,202303,60,87,31,7,22,16,87,2,SEDANG,DKI4 Lubang Buaya
3/23/2023,202303,63,87,33,13,15,11,87,2,SEDANG,DKI4 Lubang Buaya
3/24/2023,202303,57,85,33,8,19,13,85,2,SEDANG,DKI4 Lubang Buaya
3/25/2023,202303,56,91,32,11,18,22,91,2,SEDANG,DKI4 Lubang Buaya
3/26/2023,202303,55,71,31,11,14,14,71,2,SEDANG,DKI4 Lubang Buaya
3/27/2023,202303,54,76,31,16,12,13,76,2,SEDANG,DKI4 Lubang Buaya
3/28/2023,202303,53,85,32,18,7,18,85,2,SEDANG,DKI4 Lubang Buaya
3/29/2023,202303,52,113,32,21,13,20,113,2,TIDAK SEHAT,DKI4 Lubang Buaya
3/30/2023,202303,51,85,33,17,12,15,85,2,SEDANG,DKI4 Lubang Buaya
3/31/2023,202303,50,56,31,11,10,13,56,2,SEDANG,DKI4 Lubang Buaya
4/1/2023,202304,49,50,31,3,13,8,50,PM2.5,BAIK,DKI4 Lubang Buaya
4/2/2023,202304,48,56,31,6,12,10,56,PM2.5,SEDANG,DKI4 Lubang Buaya
4/3/2023,202304,47,91,33,8,15,15,91,PM2.5,SEDANG,DKI4 Lubang Buaya
4/4/2023,202304,46,61,31,6,11,11,61,PM2.5,SEDANG,DKI4 Lubang Buaya
4/5/2023,202304,45,86,36,7,26,16,86,PM2.5,SEDANG,DKI4 Lubang Buaya
4/6/2023,202304,44,85,35,6,24,16,85,PM2.5,SEDANG,DKI4 Lubang Buaya
4/7/2023,202304,43,72,37,5,22,15,72,PM2.5,SEDANG,DKI4 Lubang Buaya
4/8/2023,202304,42,95,35,4,32,16,95,PM2.5,SEDANG,DKI4 Lubang Buaya
4/9/2023,202304,41,99,35,10,14,17,99,PM2.5,SEDANG,DKI4 Lubang Buaya
4/10/2023,202304,40,55,32,3,7,9,55,PM2.5,SEDANG,DKI4 Lubang Buaya
4/12/2023,202304,38,55,32,3,7,7,55,PM2.5,SEDANG,DKI4 Lubang Buaya
4/13/2023,202304,37,58,32,3,11,8,58,PM2.5,SEDANG,DKI4 Lubang Buaya
4/14/2023,202304,50,70,34,3,17,13,70,PM2.5,SEDANG,DKI4 Lubang Buaya
4/15/2023,202304,65,88,33,5,16,14,88,PM2.5,SEDANG,DKI4 Lubang Buaya
4/16/2023,202304,57,82,33,6,17,11,82,PM2.5,SEDANG,DKI4 Lubang Buaya
4/17/2023,202304,51,72,32,4,19,13,72,PM2.5,SEDANG,DKI4 Lubang Buaya
4/18/2023,202304,62,86,38,5,20,14,86,PM2.5,SEDANG,DKI4 Lubang Buaya
4/19/2023,202304,62.18309859,88,33,7,19,11,88,PM2.5,SEDANG,DKI4 Lubang Buaya
4/20/2023,202304,62.36619718,85,32,13,18,15,85,PM2.5,SEDANG,DKI4 Lubang Buaya
4/21/2023,202304,62.54929577,78,32,8,18,13,78,PM2.5,SEDANG,DKI4 Lubang Buaya
4/22/2023,202304,62.73239437,79,33,7.333333333,19,11,79,PM2.5,SEDANG,DKI4 Lubang Buaya
4/23/2023,202304,62.91549296,78,34,6.666666667,21,5,78,PM2.5,SEDANG,DKI4 Lubang Buaya
4/24/2023,202304,63.09859155,76,33,6,19,10,76,PM2.5,SEDANG,DKI4 Lubang Buaya
4/25/2023,202304,63.28169014,64,33,5,18,11,64,PM2.5,SEDANG,DKI4 Lubang Buaya
4/26/2023,202304,63.46478873,80,34,7,15,13,80,PM2.5,SEDANG,DKI4 Lubang Buaya
4/27/2023,202304,63.64788732,83,34,10,16,13,83,PM2.5,SEDANG,DKI4 Lubang Buaya
4/28/2023,202304,63.83098592,81,33,6,14,10,81,PM2.5,SEDANG,DKI4 Lubang Buaya
4/29/2023,202304,64.01408451,98,34,9,18,18,98,PM2.5,SEDANG,DKI4 Lubang Buaya
4/30/2023,202304,64.1971831,104,33,6,18,13,104,PM2.5,TIDAK SEHAT,DKI4 Lubang Buaya
5/1/2023,202305,64.38028169,76,33,9.75,18,14,76,PM2.5,SEDANG,DKI4 Lubang Buaya
5/2/2023,202305,64.56338028,113,35,13.5,15,14,113,PM2.5,TIDAK SEHAT,DKI4 Lubang Buaya
5/3/2023,202305,64.74647887,92,35,17.25,18,13,92,PM2.5,SEDANG,DKI4 Lubang Buaya
5/4/2023,202305,64.92957746,62,33,21,15,15,62,PM2.5,SEDANG,DKI4 Lubang Buaya
5/5/2023,202305,65.11267606,82,34,24,23,15,82,PM2.5,SEDANG,DKI4 Lubang Buaya
5/6/2023,202305,65.29577465,71,34,20,26,13,71,PM2.5,SEDANG,DKI4 Lubang Buaya
5/7/2023,202305,65.47887324,107,37,37,17,19,107,PM2.5,TIDAK SEHAT,DKI4 Lubang Buaya
5/8/2023,202305,65.66197183,88,34,34,21,20,88,PM2.5,SEDANG,DKI4 Lubang Buaya
5/9/2023,202305,65.84507042,86,35,36,21,17,86,PM2.5,SEDANG,DKI4 Lubang Buaya
5/10/2023,202305,66.02816901,123,36,26,19,13,123,PM2.5,TIDAK SEHAT,DKI4 Lubang Buaya
5/11/2023,202305,66.21126761,109,36,21,16,13,109,PM2.5,TIDAK SEHAT,DKI4 Lubang Buaya
5/12/2023,202305,66.3943662,59,39,13,12,13,59,PM2.5,SEDANG,DKI4 Lubang Buaya
5/13/2023,202305,66.57746479,89,36,20,17,12,89,PM2.5,SEDANG,DKI4 Lubang Buaya
5/14/2023,202305,66.76056338,78,34,23,17,12,78,PM2.5,SEDANG,DKI4 Lubang Buaya
5/15/2023,202305,66.94366197,102,37,24,25,17,102,PM2.5,TIDAK SEHAT,DKI4 Lubang Buaya
5/16/2023,202305,67.12676056,104,37,22,26,17,104,PM2.5,TIDAK SEHAT,DKI4 Lubang Buaya
5/17/2023,202305,67.30985915,114,37,22,22,15,114,PM2.5,TIDAK SEHAT,DKI4 Lubang Buaya
5/18/2023,202305,67.49295775,113,37,21,22,16,113,PM2.5,TIDAK SEHAT,DKI4 Lubang Buaya
5/19/2023,202305,67.67605634,114,37,23,23,16,114,PM2.5,TIDAK SEHAT,DKI4 Lubang Buaya
5/20/2023,202305,67.85915493,119,36,27,16,16,119,PM2.5,TIDAK SEHAT,DKI4 Lubang Buaya
5/21/2023,202305,68.04225352,118,37,26,22,15,118,PM2.5,TIDAK SEHAT,DKI4 Lubang Buaya
5/22/2023,202305,68.22535211,97,35,30,27,17,97,PM2.5,SEDANG,DKI4 Lubang Buaya
5/23/2023,202305,68.4084507,115,35,33,18,21,115,PM2.5,TIDAK SEHAT,DKI4 Lubang Buaya
5/24/2023,202305,68.5915493,170,38,35,17,18,170,PM2.5,TIDAK SEHAT,DKI4 Lubang Buaya
5/25/2023,202305,68.77464789,136,38,29,20,17,136,PM2.5,TIDAK SEHAT,DKI4 Lubang Buaya
5/26/2023,202305,68.95774648,135,39,28,22,24,135,PM2.5,TIDAK SEHAT,DKI4 Lubang Buaya
5/27/2023,202305,69.14084507,139,38,23,22,12,139,PM2.5,TIDAK SEHAT,DKI4 Lubang Buaya
5/28/2023,202305,69.32394366,115,36,30,19,19,115,PM2.5,TIDAK SEHAT,DKI4 Lubang Buaya
5/29/2023,202305,69.50704225,126,37,32,19,15,126,PM2.5,TIDAK SEHAT,DKI4 Lubang Buaya
5/30/2023,202305,69.69014085,128,38,28,24,17,128,PM2.5,TIDAK SEHAT,DKI4 Lubang Buaya
5/31/2023,202305,69.87323944,110,37,26,21,24,110,PM2.5,TIDAK SEHAT,DKI4 Lubang Buaya
6/1/2023,202306,70.05633803,111,39,25,23,21,111,PM2.5,TIDAK SEHAT,DKI4 Lubang Buaya
6/2/2023,202306,70.23943662,136,38,25,21,12,136,PM2.5,TIDAK SEHAT,DKI4 Lubang Buaya
6/3/2023,202306,70.42253521,116,39,21,21,15,116,PM2.5,TIDAK SEHAT,DKI4 Lubang Buaya
6/4/2023,202306,70.6056338,117,38,24,21,13,117,PM2.5,TIDAK SEHAT,DKI4 Lubang Buaya
6/5/2023,202306,70.78873239,105,40,22,22,13,105,PM2.5,TIDAK SEHAT,DKI4 Lubang Buaya
6/6/2023,202306,70.97183099,105,37,25,14,13,105,PM2.5,TIDAK SEHAT,DKI4 Lubang Buaya
6/7/2023,202306,71.15492958,102,37,29,18,16,102,PM2.5,TIDAK SEHAT,DKI4 Lubang Buaya
6/8/2023,202306,71.33802817,118,39,22,15,17,118,PM2.5,TIDAK SEHAT,DKI4 Lubang Buaya
6/9/2023,202306,71.52112676,115,38,24,15,14,115,PM2.5,TIDAK SEHAT,DKI4 Lubang Buaya
6/10/2023,202306,71.70422535,106,37,22,18,13,106,PM2.5,TIDAK SEHAT,DKI4 Lubang Buaya
6/11/2023,202306,71.88732394,116,39,22,25,14,116,PM2.5,TIDAK SEHAT,DKI4 Lubang Buaya
6/12/2023,202306,72.07042254,113,38,20,22,15,113,PM2.5,TIDAK SEHAT,DKI4 Lubang Buaya
6/13/2023,202306,72.25352113,133,40,24,19,13,133,PM2.5,TIDAK SEHAT,DKI4 Lubang Buaya
6/14/2023,202306,72.43661972,102,37,22,15,13,102,PM2.5,TIDAK SEHAT,DKI4 Lubang Buaya
6/15/2023,202306,72.61971831,121,39,31,14,17,121,PM2.5,TIDAK SEHAT,DKI4 Lubang Buaya
6/16/2023,202306,72.8028169,108,37,24,14,15,108,PM2.5,TIDAK SEHAT,DKI4 Lubang Buaya
6/17/2023,202306,72.98591549,84,39,27,10,17,84,PM2.5,SEDANG,DKI4 Lubang Buaya
6/18/2023,202306,73.16901408,112,37,39,12,15,112,PM2.5,TIDAK SEHAT,DKI4 Lubang Buaya
6/19/2023,202306,73.35211268,83,36,22,13,14,83,PM2.5,SEDANG,DKI4 Lubang Buaya
6/20/2023,202306,73.53521127,102,38,36,11,15,102,PM2.5,TIDAK SEHAT,DKI4 Lubang Buaya
6/21/2023,202306,73.71830986,108,39,22,20,16,108,PM2.5,TIDAK SEHAT,DKI4 Lubang Buaya
6/22/2023,202306,73.90140845,119,37,40,16,22,119,PM2.5,TIDAK SEHAT,DKI4 Lubang Buaya
6/23/2023,202306,74.08450704,98,38,21,17,14,98,PM2.5,SEDANG,DKI4 Lubang Buaya
6/24/2023,202306,74.26760563,92,38,21,25,14,92,PM2.5,SEDANG,DKI4 Lubang Buaya
6/25/2023,202306,74.45070423,104,38,25,20,19,104,PM2.5,TIDAK SEHAT,DKI4 Lubang Buaya
6/26/2023,202306,74.63380282,93,38,24,23,17,93,PM2.5,SEDANG,DKI4 Lubang Buaya
6/27/2023,202306,74.81690141,113,39,27,23,17,113,PM2.5,TIDAK SEHAT,DKI4 Lubang Buaya
6/28/2023,202306,75,84,39,19,22,14,84,PM2.5,SEDANG,DKI4 Lubang Buaya
6/29/2023,202306,75.18309859,64,38,16,18,10,64,PM2.5,SEDANG,DKI4 Lubang Buaya
6/30/2023,202306,75.36619718,77,39,17,21,11,77,PM2.5,SEDANG,DKI4 Lubang Buaya
7/1/2023,202307,75.54929577,98,38,27,17,18,98,PM2.5,SEDANG,DKI4 Lubang Buaya
7/2/2023,202307,75.73239437,79,37,27,18,14,79,PM2.5,SEDANG,DKI4 Lubang Buaya
7/3/2023,202307,75.91549296,97,39,21,23,13,97,PM2.5,SEDANG,DKI4 Lubang Buaya
7/4/2023,202307,76.09859155,88,39,22,23,17,88,PM2.5,SEDANG,DKI4 Lubang Buaya
7/5/2023,202307,76.28169014,119,39,31,22,16,119,PM2.5,TIDAK SEHAT,DKI4 Lubang Buaya
7/6/2023,202307,76.46478873,113,38,38,12,24,113,PM2.5,TIDAK SEHAT,DKI4 Lubang Buaya
7/7/2023,202307,76.64788732,107,39,33,12,21,107,PM2.5,TIDAK SEHAT,DKI4 Lubang Buaya
7/8/2023,202307,76.83098592,98,39,34,15,18,98,PM2.5,SEDANG,DKI4 Lubang Buaya
7/9/2023,202307,77.01408451,92,38,30,13,11,92,PM2.5,SEDANG,DKI4 Lubang Buaya
7/10/2023,202307,77.1971831,84,39,18,16,12,84,PM2.5,SEDANG,DKI4 Lubang Buaya
7/11/2023,202307,77.38028169,151,40,29,14,18,151,PM2.5,TIDAK SEHAT,DKI4 Lubang Buaya
7/12/2023,202307,77.56338028,136,40,29,20,15,136,PM2.5,TIDAK SEHAT,DKI4 Lubang Buaya
7/13/2023,202307,77.74647887,120,42,23,29,21,120,PM2.5,TIDAK SEHAT,DKI4 Lubang Buaya
7/14/2023,202307,77.92957746,104,42,21,32,21,104,PM2.5,TIDAK SEHAT,DKI4 Lubang Buaya
7/15/2023,202307,78.11267606,90,42,20,23,19,90,PM2.5,SEDANG,DKI4 Lubang Buaya
7/16/2023,202307,78.29577465,101,41,21,23,17,101,PM2.5,TIDAK SEHAT,DKI4 Lubang Buaya
7/17/2023,202307,78.47887324,97,41,19,24,16,97,PM2.5,SEDANG,DKI4 Lubang Buaya
7/18/2023,202307,78.66197183,114,37.75,21,23,16,114,PM2.5,TIDAK SEHAT,DKI4 Lubang Buaya
7/19/2023,202307,78.84507042,130,34.5,22,22,15,130,PM2.5,TIDAK SEHAT,DKI4 Lubang Buaya
7/20/2023,202307,79.02816901,110,31.25,21,30,15,110,PM2.5,TIDAK SEHAT,DKI4 Lubang Buaya
7/21/2023,202307,79.21126761,112,28,24,32,20,112,PM2.5,TIDAK SEHAT,DKI4 Lubang Buaya
7/22/2023,202307,79.3943662,125,29,24,33,20,125,PM2.5,TIDAK SEHAT,DKI4 Lubang Buaya
7/23/2023,202307,79.57746479,146,27,23,22,13,146,PM2.5,TIDAK SEHAT,DKI4 Lubang Buaya
7/24/2023,202307,79.76056338,104,25,19,22,12,104,PM2.5,TIDAK SEHAT,DKI4 Lubang Buaya
7/25/2023,202307,79.94366197,117,26,27,19,19,117,PM2.5,TIDAK SEHAT,DKI4 Lubang Buaya
7/26/2023,202307,80.12676056,124,26,24,28,18,124,PM2.5,TIDAK SEHAT,DKI4 Lubang Buaya
7/27/2023,202307,80.30985915,129,26,34,25,24,129,PM2.5,TIDAK SEHAT,DKI4 Lubang Buaya
7/28/2023,202307,80.49295775,129,28,31,23,21,129,PM2.5,TIDAK SEHAT,DKI4 Lubang Buaya
7/29/2023,202307,80.67605634,117,27,21,26,17,117,PM2.5,TIDAK SEHAT,DKI4 Lubang Buaya
7/30/2023,202307,80.85915493,129,27,22,26,13,129,PM2.5,TIDAK SEHAT,DKI4 Lubang Buaya
7/31/2023,202307,81.04225352,115,26,18,24,14,115,PM2.5,TIDAK SEHAT,DKI4 Lubang Buaya
8/1/2023,202308,81.22535211,103,28,17,20,14,103,PM2.5,TIDAK SEHAT,DKI4 Lubang Buaya
8/2/2023,202308,81.4084507,99,29,18,23,13,99,PM2.5,SEDANG,DKI4 Lubang Buaya
8/3/2023,202308,81.5915493,106,28,21,22,14,106,PM2.5,TIDAK SEHAT,DKI4 Lubang Buaya
8/4/2023,202308,81.77464789,110,27,19,25,13,110,PM2.5,TIDAK SEHAT,DKI4 Lubang Buaya
8/5/2023,202308,81.95774648,111,26,18,26,12,111,PM2.5,TIDAK SEHAT,DKI4 Lubang Buaya
8/6/2023,202308,82.14084507,118,26,22,23,14,118,PM2.5,TIDAK SEHAT,DKI4 Lubang Buaya
8/7/2023,202308,82.32394366,139,25,31,28,18,139,PM2.5,TIDAK SEHAT,DKI4 Lubang Buaya
8/8/2023,202308,82.50704225,105,26,19,22,12,105,PM2.5,TIDAK SEHAT,DKI4 Lubang Buaya
8/9/2023,202308,82.69014085,104,27,16,24,10,104,PM2.5,TIDAK SEHAT,DKI4 Lubang Buaya
8/10/2023,202308,82.87323944,102,26,16,32,10,102,PM2.5,TIDAK SEHAT,DKI4 Lubang Buaya
8/11/2023,202308,83.05633803,119,28,21,32,14,119,PM2.5,TIDAK SEHAT,DKI4 Lubang Buaya
8/12/2023,202308,83.23943662,126,27,20,29,15,126,PM2.5,TIDAK SEHAT,DKI4 Lubang Buaya
8/13/2023,202308,83.42253521,128,26,22,26,13,128,PM2.5,TIDAK SEHAT,DKI4 Lubang Buaya
8/14/2023,202308,83.6056338,115,26,19,27,14,115,PM2.5,TIDAK SEHAT,DKI4 Lubang Buaya
8/15/2023,202308,83.78873239,122,28,23,30,18,122,PM2.5,TIDAK SEHAT,DKI4 Lubang Buaya
8/16/2023,202308,83.97183099,138,27,24,29,15,138,PM2.5,TIDAK SEHAT,DKI4 Lubang Buaya
8/17/2023,202308,84.15492958,111,27,23,23,18,111,PM2.5,TIDAK SEHAT,DKI4 Lubang Buaya
8/18/2023,202308,84.33802817,82,26,15,25,12,82,PM2.5,SEDANG,DKI4 Lubang Buaya
8/19/2023,202308,84.52112676,127,27,23,29,16,127,PM2.5,TIDAK SEHAT,DKI4 Lubang Buaya
8/20/2023,202308,84.70422535,113,27,17,28,10,113,PM2.5,TIDAK SEHAT,DKI4 Lubang Buaya
8/21/2023,202308,84.88732394,105,26,19,26,13,105,PM2.5,TIDAK SEHAT,DKI4 Lubang Buaya
8/22/2023,202308,85.07042254,123,27,22,23,20,123,PM2.5,TIDAK SEHAT,DKI4 Lubang Buaya
8/23/2023,202308,85.25352113,110,27,19,26,15,110,PM2.5,TIDAK SEHAT,DKI4 Lubang Buaya
8/24/2023,202308,85.43661972,114,28,20,26,17,114,PM2.5,TIDAK SEHAT,DKI4 Lubang Buaya
8/25/2023,202308,85.61971831,112,28,20,33,15,112,PM2.5,TIDAK SEHAT,DKI4 Lubang Buaya
8/26/2023,202308,85.8028169,96,27,17,30,10,96,PM2.5,SEDANG,DKI4 Lubang Buaya
8/27/2023,202308,85.98591549,139,27,23,29,18,139,PM2.5,TIDAK SEHAT,DKI4 Lubang Buaya
8/28/2023,202308,86.16901408,98,27,25,20,22,98,PM2.5,SEDANG,DKI4 Lubang Buaya
8/29/2023,202308,86.35211268,108,28,22,21,21,108,PM2.5,TIDAK SEHAT,DKI4 Lubang Buaya
8/30/2023,202308,86.53521127,113,27,24,29,17,113,PM2.5,TIDAK SEHAT,DKI4 Lubang Buaya
8/31/2023,202308,86.71830986,108,27,22,32,19,108,PM2.5,TIDAK SEHAT,DKI4 Lubang Buaya
9/1/2023,202309,86.90140845,117,27,24,34,24,117,PM2.5,TIDAK SEHAT,DKI4 Lubang Buaya
9/2/2023,202309,87.08450704,112,28,23,33,21,112,PM2.5,TIDAK SEHAT,DKI4 Lubang Buaya
9/3/2023,202309,87.26760563,102,26,18,32,17,102,PM2.5,TIDAK SEHAT,DKI4 Lubang Buaya
9/4/2023,202309,87.45070423,96,27,18,33,14,96,PM2.5,SEDANG,DKI4 Lubang Buaya
9/5/2023,202309,87.63380282,134,27,28,29,21,134,PM2.5,TIDAK SEHAT,DKI4 Lubang Buaya
9/6/2023,202309,87.81690141,104,28,21,29,20,104,PM2.5,TIDAK SEHAT,DKI4 Lubang Buaya
9/7/2023,202309,88,121,27,26,39,22,121,PM2.5,TIDAK SEHAT,DKI4 Lubang Buaya
9/8/2023,202309,89,117,29,22,28,17,117,PM2.5,TIDAK SEHAT,DKI4 Lubang Buaya
9/9/2023,202309,80,111,28,21,29,16,111,PM2.5,TIDAK SEHAT,DKI4 Lubang Buaya
9/10/2023,202309,69,99,27,18,27,15,99,PM2.5,SEDANG,DKI4 Lubang Buaya
9/11/2023,202309,75,126,27,22,33,18,126,PM2.5,TIDAK SEHAT,DKI4 Lubang Buaya
9/12/2023,202309,81,152,27,19,19,19,152,PM2.5,TIDAK SEHAT,DKI4 Lubang Buaya
9/13/2023,202309,71,107,28,17,23,15,107,PM2.5,TIDAK SEHAT,DKI4 Lubang Buaya
9/14/2023,202309,62,93,27,16,24,13,93,PM2.5,SEDANG,DKI4 Lubang Buaya
9/15/2023,202309,70,108,27,21,29,18,108,PM2.5,TIDAK SEHAT,DKI4 Lubang Buaya
9/16/2023,202309,76,113,28,20,26,18,113,PM2.5,TIDAK SEHAT,DKI4 Lubang Buaya
9/17/2023,202309,77,110,27,19,25,15,110,PM2.5,TIDAK SEHAT,DKI4 Lubang Buaya
9/18/2023,202309,59,86,28,16,28,12,86,PM2.5,SEDANG,DKI4 Lubang Buaya
9/19/2023,202309,77,109,28,24,40,21,109,PM2.5,TIDAK SEHAT,DKI4 Lubang Buaya
9/20/2023,202309,71,98,28,21,26,17,98,PM2.5,SEDANG,DKI4 Lubang Buaya
9/21/2023,202309,69,101,28,24,29,19,101,PM2.5,TIDAK SEHAT,DKI4 Lubang Buaya
9/22/2023,202309,68,93,28,20,26,23,93,PM2.5,SEDANG,DKI4 Lubang Buaya
9/23/2023,202309,78,111,28,22,30,20,111,PM2.5,TIDAK SEHAT,DKI4 Lubang Buaya
9/24/2023,202309,65,92,28,23,26,16,92,PM2.5,SEDANG,DKI4 Lubang Buaya
9/25/2023,202309,76,114,30,23,26,24,114,PM2.5,TIDAK SEHAT,DKI4 Lubang Buaya
9/26/2023,202309,85,249,28,18,26,20,249,PM2.5,SANGAT TIDAK SEHAT,DKI4 Lubang Buaya
9/27/2023,202309,124,217,28,22,23,22,217,PM2.5,SANGAT TIDAK SEHAT,DKI4 Lubang Buaya
9/28/2023,202309,163,287,29,17,29,19,287,PM2.5,SANGAT TIDAK SEHAT,DKI4 Lubang Buaya
9/29/2023,202309,129,143,29,21,24,23,143,PM2.5,TIDAK SEHAT,DKI4 Lubang Buaya
10/1/2023,202310,126,199,29,26,27,25,199,PM2.5,TIDAK SEHAT,DKI4 Lubang Buaya
10/2/2023,202310,86,120,30,25,24,25,120,PM2.5,TIDAK SEHAT,DKI4 Lubang Buaya
10/3/2023,202310,64,93,29,15,28,19,93,PM2.5,SEDANG,DKI4 Lubang Buaya
10/4/2023,202310,76,115,29,20,26,25,115,PM2.5,TIDAK SEHAT,DKI4 Lubang Buaya
10/5/2023,202310,84,123,28,20,21,12,123,PM2.5,TIDAK SEHAT,DKI4 Lubang Buaya
10/6/2023,202310,80,111,28,20,24,15,111,PM2.5,TIDAK SEHAT,DKI4 Lubang Buaya
10/7/2023,202310,97,141,29,33,23,28,141,PM2.5,TIDAK SEHAT,DKI4 Lubang Buaya
10/8/2023,202310,97,148,29,21,21,16,148,PM2.5,TIDAK SEHAT,DKI4 Lubang Buaya
10/9/2023,202310,80,122,28,17,20,11,122,PM2.5,TIDAK SEHAT,DKI4 Lubang Buaya
10/10/2023,202310,88,121,30,16,18,10,121,PM2.5,TIDAK SEHAT,DKI4 Lubang Buaya
10/11/2023,202310,75,106,31,18,19,14,106,PM2.5,TIDAK SEHAT,DKI4 Lubang Buaya
10/12/2023,202310,82,123,30,22,23,15,123,PM2.5,TIDAK SEHAT,DKI4 Lubang Buaya
10/13/2023,202310,82,121,29,19,29,12,121,PM2.5,TIDAK SEHAT,DKI4 Lubang Buaya
10/14/2023,202310,78,110,29,20,24,17,110,PM2.5,TIDAK SEHAT,DKI4 Lubang Buaya
10/15/2023,202310,79,117,29,20,20,14,117,PM2.5,TIDAK SEHAT,DKI4 Lubang Buaya
10/16/2023,202310,82,122,30,20,22,16,122,PM2.5,TIDAK SEHAT,DKI4 Lubang Buaya
10/17/2023,202310,81,129,29,18,24,14,129,PM2.5,TIDAK SEHAT,DKI4 Lubang Buaya
10/18/2023,202310,88,122,29,25,24,21,122,PM2.5,TIDAK SEHAT,DKI4 Lubang Buaya
10/19/2023,202310,82,116,30,19,23,14,116,PM2.5,TIDAK SEHAT,DKI4 Lubang Buaya
10/20/2023,202310,75,106,29,16,23,10,106,PM2.5,TIDAK SEHAT,DKI4 Lubang Buaya
10/21/2023,202310,77,109,30,24,19,21,109,PM2.5,TIDAK SEHAT,DKI4 Lubang Buaya
10/22/2023,202310,77,114,29,26,23,20,114,PM2.5,TIDAK SEHAT,DKI4 Lubang Buaya
10/23/2023,202310,86,133,29,20,22,16,133,PM2.5,TIDAK SEHAT,DKI4 Lubang Buaya
10/24/2023,202310,75,107,29,20,27,17,107,PM2.5,TIDAK SEHAT,DKI4 Lubang Buaya
10/25/2023,202310,61,103,28,20,34,17,103,PM2.5,TIDAK SEHAT,DKI4 Lubang Buaya
10/26/2023,202310,82,114,30,29,26,22,114,PM2.5,TIDAK SEHAT,DKI4 Lubang Buaya
10/27/2023,202310,83,116,30,27,27,23,116,PM2.5,TIDAK SEHAT,DKI4 Lubang Buaya
10/28/2023,202310,81,122,29,26,22,22,122,PM2.5,TIDAK SEHAT,DKI4 Lubang Buaya
10/29/2023,202310,94,150,30,20,25,16,150,PM2.5,TIDAK SEHAT,DKI4 Lubang Buaya
10/30/2023,202310,92,108,32,22,28,20,108,PM2.5,TIDAK SEHAT,DKI4 Lubang Buaya
10/31/2023,202310,81,108,29,22,33,20,108,PM2.5,TIDAK SEHAT,DKI4 Lubang Buaya
11/1/2023,202311,80,104,34,24,24,27,104,PM2.5,TIDAK SEHAT,DKI4 Lubang Buaya
11/2/2023,202311,80,109,29,31,27,26,109,PM2.5,TIDAK SEHAT,DKI4 Lubang Buaya
11/3/2023,202311,82,108,29,34,24,28,108,PM2.5,TIDAK SEHAT,DKI4 Lubang Buaya
11/4/2023,202311,89,124,30,32,19,27,124,PM2.5,TIDAK SEHAT,DKI4 Lubang Buaya
11/5/2023,202311,59,74,28,22,15,16,74,PM2.5,SEDANG,DKI4 Lubang Buaya
11/6/2023,202311,67,92,30,43,16.5,19,92,PM2.5,SEDANG,DKI4 Lubang Buaya
11/7/2023,202311,71,107,29,26,18,19,107,PM2.5,TIDAK SEHAT,DKI4 Lubang Buaya
11/8/2023,202311,66,92,29,21,18,18,92,PM2.5,SEDANG,DKI4 Lubang Buaya
11/9/2023,202311,73,109,30,20,24,19,109,PM2.5,TIDAK SEHAT,DKI4 Lubang Buaya
11/10/2023,202311,78,109,30,27,27,24,109,PM2.5,TIDAK SEHAT,DKI4 Lubang Buaya
11/11/2023,202311,67,90,28,23,24,17,90,PM2.5,SEDANG,DKI4 Lubang Buaya
11/12/2023,202311,65,93,30,21,23,15,93,PM2.5,SEDANG,DKI4 Lubang Buaya
11/14/2023,202311,75,109,30,22,19,16,109,PM2.5,TIDAK SEHAT,DKI4 Lubang Buaya
11/15/2023,202311,55,79,29,20,15,15,79,PM2.5,SEDANG,DKI4 Lubang Buaya
11/16/2023,202311,63,95,30,25,21,26,95,PM2.5,SEDANG,DKI4 Lubang Buaya
11/17/2023,202311,65,87,30,27,25,28,87,PM2.5,SEDANG,DKI4 Lubang Buaya
11/18/2023,202311,60,87.5,31,22,14,27,60,PM10,SEDANG,DKI4 Lubang Buaya
11/19/2023,202311,56,88,29,22,20,18,56,PM10,SEDANG,DKI4 Lubang Buaya
11/20/2023,202311,63,88.5,30,14,22,12,63,PM10,SEDANG,DKI4 Lubang Buaya
11/21/2023,202311,59,89,30,18,19,18,89,PM2.5,SEDANG,DKI4 Lubang Buaya
11/22/2023,202311,58,74,30,19,24,19,74,PM2.5,SEDANG,DKI4 Lubang Buaya
11/23/2023,202311,67,75,31,21,21,22,75,PM2.5,SEDANG,DKI4 Lubang Buaya
11/24/2023,202311,83,82,29,41,20,29,83,PM10,SEDANG,DKI4 Lubang Buaya
11/25/2023,202311,63,54,29,25,15,21,63,PM10,SEDANG,DKI4 Lubang Buaya
11/26/2023,202311,55,33,30,28,17,19,55,PM10,SEDANG,DKI4 Lubang Buaya
11/27/2023,202311,67,57,31,19,24,20,67,PM10,SEDANG,DKI4 Lubang Buaya
11/28/2023,202311,60,81,30,22,17,23,60,PM10,SEDANG,DKI4 Lubang Buaya
11/29/2023,202311,71,105,30,19,22,14,105,PM2.5,TIDAK SEHAT,DKI4 Lubang Buaya
11/30/2023,202311,46,67,29,18,23,17,67,PM2.5,SEDANG,DKI4 Lubang Buaya
11/27/2012,201211,84,,,42,47,16,84,PM10,SEDANG,DKI5 Kebon Jeruk
11/28/2012,201211,62,,,23,49,8,62,PM10,SEDANG,DKI5 Kebon Jeruk
11/29/2012,201211,69,,,19,123,10,123,O3,TIDAK SEHAT,DKI5 Kebon Jeruk
11/30/2012,201211,72,,1,25,113,14,113,O3,TIDAK SEHAT,DKI5 Kebon Jeruk
12/1/2012,201212,54,,0.666666667,25,72,10,72,O3,SEDANG,DKI5 Kebon Jeruk
12/2/2012,201212,63,,0.333333333,19,63,8,63,PM10,SEDANG,DKI5 Kebon Jeruk
12/3/2012,201212,38,,0,16,21,8,38,PM10,BAIK,DKI5 Kebon Jeruk
12/4/2012,201212,34,,0,8,24,6,34,PM10,BAIK,DKI5 Kebon Jeruk
12/5/2012,201212,48,,0,18,197,7,197,O3,TIDAK SEHAT,DKI5 Kebon Jeruk
12/6/2012,201212,55,,2,20,73,11,73,O3,SEDANG,DKI5 Kebon Jeruk
12/7/2012,201212,73,,2,40,66,14,73,PM10,SEDANG,DKI5 Kebon Jeruk
12/8/2012,201212,46,,2,17,75,11,75,O3,SEDANG,DKI5 Kebon Jeruk
12/9/2012,201212,56,,4,23,96,13,96,O3,SEDANG,DKI5 Kebon Jeruk
12/10/2012,201212,56.36697248,,1,12,79,7,79,O3,SEDANG,DKI5 Kebon Jeruk
12/11/2012,201212,56.73394495,,2,27,50,15,50,O3,BAIK,DKI5 Kebon Jeruk
12/12/2012,201212,57.10091743,,4,33,39,15,39,O3,BAIK,DKI5 Kebon Jeruk
12/13/2012,201212,57.46788991,,3,20,33,12,33,O3,BAIK,DKI5 Kebon Jeruk
12/14/2012,201212,57.83486239,,2,26,73,13,73,O3,SEDANG,DKI5 Kebon Jeruk
12/15/2012,201212,58.20183486,,2,44,32,13,44,CO,BAIK,DKI5 Kebon Jeruk
12/16/2012,201212,58.56880734,,2,20,31,12,31,O3,BAIK,DKI5 Kebon Jeruk
12/17/2012,201212,58.93577982,,6,14,65,7,65,O3,SEDANG,DKI5 Kebon Jeruk
12/18/2012,201212,59.30275229,,2,26,33,15,33,O3,BAIK,DKI5 Kebon Jeruk
12/19/2012,201212,59.66972477,,3,51,30,8,51,CO,SEDANG,DKI5 Kebon Jeruk
12/20/2012,201212,60.03669725,,3,17,37,12,37,O3,BAIK,DKI5 Kebon Jeruk
12/21/2012,201212,60.40366972,,2,26,40,14,40,O3,BAIK,DKI5 Kebon Jeruk
12/22/2012,201212,60.7706422,,1,20,28,6,28,O3,BAIK,DKI5 Kebon Jeruk
12/23/2012,201212,61.13761468,,1,33,29,8,33,CO,BAIK,DKI5 Kebon Jeruk
12/24/2012,201212,61.50458716,,3,12,45,5,45,O3,BAIK,DKI5 Kebon Jeruk
12/25/2012,201212,61.87155963,,2,7,33,5,33,O3,BAIK,DKI5 Kebon Jeruk
12/26/2012,201212,62.23853211,,1.5,8,55,5,55,O3,SEDANG,DKI5 Kebon Jeruk
12/27/2012,201212,62.60550459,,1,8,33,4,33,O3,BAIK,DKI5 Kebon Jeruk
12/28/2012,201212,62.97247706,,1,7,30,4,30,O3,BAIK,DKI5 Kebon Jeruk
12/29/2012,201212,63.33944954,,2,9,26,11,26,O3,BAIK,DKI5 Kebon Jeruk
12/30/2012,201212,63.70642202,,1,8,25,4,25,O3,BAIK,DKI5 Kebon Jeruk
12/31/2012,201212,64.0733945,,1,6,21,3,21,O3,BAIK,DKI5 Kebon Jeruk
3/28/2013,201303,96,,17,68,213,28,213,O3,SANGAT TIDAK SEHAT,DKI5 Kebon Jeruk
4/8/2013,201304,56,,25,42,167,25,167,O3,TIDAK SEHAT,DKI5 Kebon Jeruk
4/9/2013,201304,56,,10,37,167,23,167,O3,TIDAK SEHAT,DKI5 Kebon Jeruk
4/19/2013,201304,60,,16,46,133,22,133,O3,TIDAK SEHAT,DKI5 Kebon Jeruk
4/20/2013,201304,67,,22,34,128,20,128,O3,TIDAK SEHAT,DKI5 Kebon Jeruk
4/24/2013,201304,71,,20,33,66,16,71,PM10,SEDANG,DKI5 Kebon Jeruk
4/25/2013,201304,82,,14,43,140,14,140,O3,TIDAK SEHAT,DKI5 Kebon Jeruk
5/2/2013,201305,56,,12,33,83,19,83,O3,SEDANG,DKI5 Kebon Jeruk
5/10/2013,201305,74,,13,32,117,25,117,O3,TIDAK SEHAT,DKI5 Kebon Jeruk
5/14/2013,201305,90,,17,54,93,27,93,O3,SEDANG,DKI5 Kebon Jeruk
5/20/2013,201305,54,,14,34,154,28,154,O3,TIDAK SEHAT,DKI5 Kebon Jeruk
5/21/2013,201305,81,,19,32,127,24,127,O3,TIDAK SEHAT,DKI5 Kebon Jeruk
5/22/2013,201305,88,,36,62,58,16,88,PM10,SEDANG,DKI5 Kebon Jeruk
5/23/2013,201305,68,,39,53,149,24,149,O3,TIDAK SEHAT,DKI5 Kebon Jeruk
5/24/2013,201305,63,,22,30,119,24,119,O3,TIDAK SEHAT,DKI5 Kebon Jeruk
6/14/2013,201306,56,,23,51,71,13,71,O3,SEDANG,DKI5 Kebon Jeruk
6/16/2013,201306,85,,33,71,151,21,151,O3,TIDAK SEHAT,DKI5 Kebon Jeruk
6/28/2013,201306,59,,23,38,68,19,68,O3,SEDANG,DKI5 Kebon Jeruk
6/29/2013,201306,87,,34,81,79,14,87,PM10,SEDANG,DKI5 Kebon Jeruk
7/19/2013,201307,64,,23,41,99,21,99,O3,SEDANG,DKI5 Kebon Jeruk
7/20/2013,201307,76,,19,39,129,17,129,O3,TIDAK SEHAT,DKI5 Kebon Jeruk
7/22/2013,201307,62,,21,40,112,19,112,O3,TIDAK SEHAT,DKI5 Kebon Jeruk
7/23/2013,201307,81,,23,81,93,23,93,O3,SEDANG,DKI5 Kebon Jeruk
8/3/2013,201308,68,,23,33,72,16,72,O3,SEDANG,DKI5 Kebon Jeruk
8/5/2013,201308,69,,19,33,87,27,87,O3,SEDANG,DKI5 Kebon Jeruk
8/6/2013,201308,95,,19,59,122,19,122,O3,TIDAK SEHAT,DKI5 Kebon Jeruk
8/7/2013,201308,61,,15,22,86,17,86,O3,SEDANG,DKI5 Kebon Jeruk
8/23/2013,201308,87,,21,39,113,22,113,O3,TIDAK SEHAT,DKI5 Kebon Jeruk
8/24/2013,201308,75,,26,40,88,19,88,O3,SEDANG,DKI5 Kebon Jeruk
8/25/2013,201308,73,,42,26,75,13,75,O3,SEDANG,DKI5 Kebon Jeruk
8/27/2013,201308,72,,32,27,85,14,85,O3,SEDANG,DKI5 Kebon Jeruk
9/3/2013,201309,82,,22,42,125,24,125,O3,TIDAK SEHAT,DKI5 Kebon Jeruk
9/5/2013,201309,77,,20,32,139,24,139,O3,TIDAK SEHAT,DKI5 Kebon Jeruk
9/16/2013,201309,54,,21,35,63,17,63,O3,SEDANG,DKI5 Kebon Jeruk
9/17/2013,201309,68,,30,34,138,26,138,O3,TIDAK SEHAT,DKI5 Kebon Jeruk
9/19/2013,201309,71,,37,30,91,19,91,O3,SEDANG,DKI5 Kebon Jeruk
9/21/2013,201309,70,,26,25,134,19,134,O3,TIDAK SEHAT,DKI5 Kebon Jeruk
9/23/2013,201309,69,,27,30,128,27,128,O3,TIDAK SEHAT,DKI5 Kebon Jeruk
9/24/2013,201309,76,,30,27,79,22,79,O3,SEDANG,DKI5 Kebon Jeruk
9/25/2013,201309,76,,31,30,117,30,117,O3,TIDAK SEHAT,DKI5 Kebon Jeruk
9/30/2013,201309,73,,33,29,69,18,73,PM10,SEDANG,DKI5 Kebon Jeruk
10/2/2013,201310,82,,31,45,110,21,110,O3,TIDAK SEHAT,DKI5 Kebon Jeruk
10/6/2013,201310,75,,26,30,134,21,134,O3,TIDAK SEHAT,DKI5 Kebon Jeruk
10/8/2013,201310,90,,26,32,88,22,90,PM10,SEDANG,DKI5 Kebon Jeruk
10/9/2013,201310,70,,34,29,117,19,117,O3,TIDAK SEHAT,DKI5 Kebon Jeruk
10/20/2013,201310,56,,30,19,91,14,91,O3,SEDANG,DKI5 Kebon Jeruk
10/23/2013,201310,69,,37,34,91,25,91,O3,SEDANG,DKI5 Kebon Jeruk
10/26/2013,201310,105,,37,50,110,21,110,O3,TIDAK SEHAT,DKI5 Kebon Jeruk
11/2/2013,201311,64,,29,44,97,25,97,O3,SEDANG,DKI5 Kebon Jeruk
11/3/2013,201311,70,,29,38,98,15,98,O3,SEDANG,DKI5 Kebon Jeruk
11/12/2013,201311,76,,40,42,87,23,87,O3,SEDANG,DKI5 Kebon Jeruk
11/13/2013,201311,60,,45,37,140,19,140,O3,TIDAK SEHAT,DKI5 Kebon Jeruk
11/26/2013,201311,66,,33,27,38,17,66,PM10,SEDANG,DKI5 Kebon Jeruk
12/5/2013,201312,53,,39,23,133,19,133,O3,TIDAK SEHAT,DKI5 Kebon Jeruk
12/10/2013,201312,56,,30,42,142,17,142,O3,TIDAK SEHAT,DKI5 Kebon Jeruk
1/1/2014,201401,67,,3,44,44,10,67,PM10,SEDANG,DKI5 Kebon Jeruk
1/2/2014,201401,45,,4,24,43,9,45,PM10,BAIK,DKI5 Kebon Jeruk
1/3/2014,201401,62,,3,35,61,11,62,PM10,SEDANG,DKI5 Kebon Jeruk
1/4/2014,201401,53,,7,21,39,10,53,PM10,SEDANG,DKI5 Kebon Jeruk
1/5/2014,201401,36,,3,11,23,3,36,PM10,BAIK,DKI5 Kebon Jeruk
1/6/2014,201401,21,,1,7,23,3,23,O3,BAIK,DKI5 Kebon Jeruk
1/7/2014,201401,26,,4,9,33,6,33,O3,BAIK,DKI5 Kebon Jeruk
1/8/2014,201401,48,,3,17,33,8,48,PM10,BAIK,DKI5 Kebon Jeruk
1/9/2014,201401,51,,1,41,22,8,51,PM10,SEDANG,DKI5 Kebon Jeruk
1/10/2014,201401,26,,1,9,31,4,31,O3,BAIK,DKI5 Kebon Jeruk
1/11/2014,201401,44,,1,23,85,11,85,O3,SEDANG,DKI5 Kebon Jeruk
1/12/2014,201401,38,,1,22,50,11,50,O3,BAIK,DKI5 Kebon Jeruk
1/13/2014,201401,34,,3,25,39,12,39,O3,BAIK,DKI5 Kebon Jeruk
1/14/2014,201401,52,,8,18,38,8,52,PM10,SEDANG,DKI5 Kebon Jeruk
1/15/2014,201401,33,,4,14,35,7,35,O3,BAIK,DKI5 Kebon Jeruk
1/16/2014,201401,40,,2,31,33,9,40,PM10,BAIK,DKI5 Kebon Jeruk
1/17/2014,201401,47,,2,19,39,13,47,PM10,BAIK,DKI5 Kebon Jeruk
1/18/2014,201401,32,,1,16,37,11,37,O3,BAIK,DKI5 Kebon Jeruk
1/19/2014,201401,37,,1,25,36,13,37,PM10,BAIK,DKI5 Kebon Jeruk
1/20/2014,201401,53,,2,27,36,8,53,PM10,SEDANG,DKI5 Kebon Jeruk
1/21/2014,201401,37,,2,13,32,11,37,PM10,BAIK,DKI5 Kebon Jeruk
1/22/2014,201401,53,,3,15,38,8,53,PM10,SEDANG,DKI5 Kebon Jeruk
1/23/2014,201401,41,,1,12,39,8,41,PM10,BAIK,DKI5 Kebon Jeruk
1/24/2014,201401,56,,2,30,37,12,56,PM10,SEDANG,DKI5 Kebon Jeruk
1/25/2014,201401,47,,1,13,37,8,47,PM10,BAIK,DKI5 Kebon Jeruk
1/26/2014,201401,67,,3,43,36,10,67,PM10,SEDANG,DKI5 Kebon Jeruk
1/27/2014,201401,63,,3,23,34,10,63,PM10,SEDANG,DKI5 Kebon Jeruk
1/28/2014,201401,47,,1,16,30,11,47,PM10,BAIK,DKI5 Kebon Jeruk
1/29/2014,201401,33,,1,13,30,9,33,PM10,BAIK,DKI5 Kebon Jeruk
1/30/2014,201401,54,,2,25,35,9,54,PM10,SEDANG,DKI5 Kebon Jeruk
1/31/2014,201401,56,,1,23,43,9,56,PM10,SEDANG,DKI5 Kebon Jeruk
2/1/2014,201402,61,,1,22,47,9,61,PM10,SEDANG,DKI5 Kebon Jeruk
2/2/2014,201402,37,,1,11,35,6,37,PM10,BAIK,DKI5 Kebon Jeruk
2/3/2014,201402,42,,2,29,35,13,42,PM10,BAIK,DKI5 Kebon Jeruk
2/4/2014,201402,41,,1,21,51,12,51,O3,SEDANG,DKI5 Kebon Jeruk
2/5/2014,201402,71,,2,53,51,15,71,PM10,SEDANG,DKI5 Kebon Jeruk
2/6/2014,201402,55,,2,22,46,11,55,PM10,SEDANG,DKI5 Kebon Jeruk
2/7/2014,201402,55,,3,19,58,8,58,O3,SEDANG,DKI5 Kebon Jeruk
2/8/2014,201402,37,,4,11,60,6,60,O3,SEDANG,DKI5 Kebon Jeruk
2/9/2014,201402,56,,2,60,61,14,61,O3,SEDANG,DKI5 Kebon Jeruk
2/10/2014,201402,35,,2,19,49,11,49,O3,BAIK,DKI5 Kebon Jeruk
2/11/2014,201402,58,,3,22,56,10,58,PM10,SEDANG,DKI5 Kebon Jeruk
2/12/2014,201402,58,,2,14,77,9,77,O3,SEDANG,DKI5 Kebon Jeruk
2/13/2014,201402,70,,3,30,65,13,70,PM10,SEDANG,DKI5 Kebon Jeruk
2/14/2014,201402,58,,4,18,51,9,58,PM10,SEDANG,DKI5 Kebon Jeruk
2/15/2014,201402,78,,3,37,40,12,78,PM10,SEDANG,DKI5 Kebon Jeruk
2/16/2014,201402,82,,7,43,45,10,82,PM10,SEDANG,DKI5 Kebon Jeruk
2/17/2014,201402,113,,4,61,66,20,113,PM10,TIDAK SEHAT,DKI5 Kebon Jeruk
2/18/2014,201402,76,,4,35,61,12,76,PM10,SEDANG,DKI5 Kebon Jeruk
2/19/2014,201402,75,,7,22,62,11,75,PM10,SEDANG,DKI5 Kebon Jeruk
2/20/2014,201402,91,,4,36,75,11,91,PM10,SEDANG,DKI5 Kebon Jeruk
2/21/2014,201402,52,,3,13,73,7,73,O3,SEDANG,DKI5 Kebon Jeruk
2/22/2014,201402,43,,3,26,48,9,48,O3,BAIK,DKI5 Kebon Jeruk
2/23/2014,201402,31,,2,26,43,13,43,O3,BAIK,DKI5 Kebon Jeruk
2/24/2014,201402,43,,2,22,41,12,43,PM10,BAIK,DKI5 Kebon Jeruk
2/25/2014,201402,52,,3,28,42,15,52,PM10,SEDANG,DKI5 Kebon Jeruk
2/26/2014,201402,50,,3,33,50,24,50,PM10,BAIK,DKI5 Kebon Jeruk
2/27/2014,201402,65,,2,47,83,15,83,O3,SEDANG,DKI5 Kebon Jeruk
2/28/2014,201402,105,,4,119,86,24,119,CO,TIDAK SEHAT,DKI5 Kebon Jeruk
3/1/2014,201403,74,,3,31,73,12,74,PM10,SEDANG,DKI5 Kebon Jeruk
3/2/2014,201403,55,,3,18,66,8,66,O3,SEDANG,DKI5 Kebon Jeruk
3/3/2014,201403,64,,4,28,88,13,88,O3,SEDANG,DKI5 Kebon Jeruk
3/4/2014,201403,62,,4,28,79,13,79,O3,SEDANG,DKI5 Kebon Jeruk
3/5/2014,201403,62,,4,19,63,8,63,O3,SEDANG,DKI5 Kebon Jeruk
3/6/2014,201403,105,,6,54,190,19,190,O3,TIDAK SEHAT,DKI5 Kebon Jeruk
3/7/2014,201403,80,,5,36,98,20,98,O3,SEDANG,DKI5 Kebon Jeruk
3/8/2014,201403,79,,4,31,84,19,84,O3,SEDANG,DKI5 Kebon Jeruk
3/9/2014,201403,89,,4,39,65,8,89,PM10,SEDANG,DKI5 Kebon Jeruk
3/10/2014,201403,82,,3,24,76,10,82,PM10,SEDANG,DKI5 Kebon Jeruk
3/11/2014,201403,92,,3,56,62,21,92,PM10,SEDANG,DKI5 Kebon Jeruk
3/12/2014,201403,69,,2,59,66,9,69,PM10,SEDANG,DKI5 Kebon Jeruk
3/13/2014,201403,86,,4,54,60,13,86,PM10,SEDANG,DKI5 Kebon Jeruk
3/14/2014,201403,75,,4,31,83,18,83,O3,SEDANG,DKI5 Kebon Jeruk
3/15/2014,201403,111,,3,69,90,23,111,PM10,TIDAK SEHAT,DKI5 Kebon Jeruk
3/16/2014,201403,97,,3,48,59,12,97,PM10,SEDANG,DKI5 Kebon Jeruk
3/17/2014,201403,87,,3,32,108,11,108,O3,TIDAK SEHAT,DKI5 Kebon Jeruk
3/18/2014,201403,77,,3,51,83,15,83,O3,SEDANG,DKI5 Kebon Jeruk
3/19/2014,201403,76,,6,30,98,17,98,O3,SEDANG,DKI5 Kebon Jeruk
3/20/2014,201403,86,,5,37,195,17,195,O3,TIDAK SEHAT,DKI5 Kebon Jeruk
3/21/2014,201403,64,,6,18,88,7,88,O3,SEDANG,DKI5 Kebon Jeruk
3/22/2014,201403,64,,4,20,54,9,64,PM10,SEDANG,DKI5 Kebon Jeruk
3/23/2014,201403,46,,3,17,70,7,70,O3,SEDANG,DKI5 Kebon Jeruk
3/24/2014,201403,83,,4,50,75,12,83,PM10,SEDANG,DKI5 Kebon Jeruk
3/25/2014,201403,62,,3,21,63,9,63,O3,SEDANG,DKI5 Kebon Jeruk
3/26/2014,201403,54,,3,17,83,10,83,O3,SEDANG,DKI5 Kebon Jeruk
3/27/2014,201403,100,,6,85,65,24,100,PM10,SEDANG,DKI5 Kebon Jeruk
3/28/2014,201403,63,,5.5,54,91.5,18.5,63,PM10,SEDANG,DKI5 Kebon Jeruk
3/29/2014,201403,66,,5,23,118,13,118,O3,TIDAK SEHAT,DKI5 Kebon Jeruk
3/30/2014,201403,66,,3,21,91,9,91,O3,SEDANG,DKI5 Kebon Jeruk
3/31/2014,201403,71,,5,29,89,8,89,O3,SEDANG,DKI5 Kebon Jeruk
4/1/2014,201404,81,,5,30,111,13,111,O3,TIDAK SEHAT,DKI5 Kebon Jeruk
4/2/2014,201404,74,,5,35.5,109,14,109,O3,TIDAK SEHAT,DKI5 Kebon Jeruk
4/3/2014,201404,69,,4,41,133,12,133,O3,TIDAK SEHAT,DKI5 Kebon Jeruk
4/4/2014,201404,90,,4,46.5,146,12,146,O3,TIDAK SEHAT,DKI5 Kebon Jeruk
4/5/2014,201404,83,,6,52,162,12,162,O3,TIDAK SEHAT,DKI5 Kebon Jeruk
4/6/2014,201404,53,,4,14,94,9,94,O3,SEDANG,DKI5 Kebon Jeruk
4/7/2014,201404,46,,3,12,119,9,119,O3,TIDAK SEHAT,DKI5 Kebon Jeruk
4/8/2014,201404,58,,5,24,93,9,93,O3,SEDANG,DKI5 Kebon Jeruk
4/9/2014,201404,43,,4,9,78,4,78,O3,SEDANG,DKI5 Kebon Jeruk
4/10/2014,201404,51,,3,10,57,3,57,O3,SEDANG,DKI5 Kebon Jeruk
4/11/2014,201404,62,,5,17,78,7,78,O3,SEDANG,DKI5 Kebon Jeruk
4/12/2014,201404,68,,5,26,94,18,94,O3,SEDANG,DKI5 Kebon Jeruk
4/13/2014,201404,59,,3,13,88,9,88,O3,SEDANG,DKI5 Kebon Jeruk
4/14/2014,201404,51,,4,17,87,6,87,O3,SEDANG,DKI5 Kebon Jeruk
4/15/2014,201404,49,,4,20,99,7,99,O3,SEDANG,DKI5 Kebon Jeruk
4/16/2014,201404,48,,3,10,98,4,98,O3,SEDANG,DKI5 Kebon Jeruk
4/17/2014,201404,84,,4,21,59,11,84,PM10,SEDANG,DKI5 Kebon Jeruk
4/18/2014,201404,66,,6,46,158,15,158,O3,TIDAK SEHAT,DKI5 Kebon Jeruk
4/19/2014,201404,55,,4,38,106,14,106,O3,TIDAK SEHAT,DKI5 Kebon Jeruk
4/20/2014,201404,51,,3,26,76,13,76,O3,SEDANG,DKI5 Kebon Jeruk
4/21/2014,201404,57,,4,18,94,11,94,O3,SEDANG,DKI5 Kebon Jeruk
4/22/2014,201404,33,,3,7,51,5,51,O3,SEDANG,DKI5 Kebon Jeruk
4/23/2014,201404,64,,4,40,180,12,180,O3,TIDAK SEHAT,DKI5 Kebon Jeruk
4/24/2014,201404,54,,4,21,123,6,123,O3,TIDAK SEHAT,DKI5 Kebon Jeruk
4/25/2014,201404,37,,4,9,64,4,64,O3,SEDANG,DKI5 Kebon Jeruk
4/26/2014,201404,45,,5,13,163,11,163,O3,TIDAK SEHAT,DKI5 Kebon Jeruk
4/27/2014,201404,44,,3,14,162,6,162,O3,TIDAK SEHAT,DKI5 Kebon Jeruk
4/28/2014,201404,55,,4,20,178,12,178,O3,TIDAK SEHAT,DKI5 Kebon Jeruk
4/29/2014,201404,54,,5,23,165,13,165,O3,TIDAK SEHAT,DKI5 Kebon Jeruk
4/30/2014,201404,62,,5,18,85,17,85,O3,SEDANG,DKI5 Kebon Jeruk
5/1/2014,201405,68,,5,28,94,13,94,O3,SEDANG,DKI5 Kebon Jeruk
5/2/2014,201405,88,,5,39,131,14,131,O3,TIDAK SEHAT,DKI5 Kebon Jeruk
5/3/2014,201405,85,,4,97,144,16,144,O3,TIDAK SEHAT,DKI5 Kebon Jeruk
5/4/2014,201405,65,,5,84.4,137,9,137,O3,TIDAK SEHAT,DKI5 Kebon Jeruk
5/5/2014,201405,66,,5,71.8,94,12,94,O3,SEDANG,DKI5 Kebon Jeruk
5/6/2014,201405,63,,7,59.2,107,12,107,O3,TIDAK SEHAT,DKI5 Kebon Jeruk
5/7/2014,201405,72,,5,46.6,144,10,144,O3,TIDAK SEHAT,DKI5 Kebon Jeruk
5/8/2014,201405,62,,4,34,129,14,129,O3,TIDAK SEHAT,DKI5 Kebon Jeruk
5/9/2014,201405,55,,4,26,200,12,200,O3,SANGAT TIDAK SEHAT,DKI5 Kebon Jeruk
5/10/2014,201405,70,,5,24,165,11,165,O3,TIDAK SEHAT,DKI5 Kebon Jeruk
5/11/2014,201405,67,,4,23,169,11,169,O3,TIDAK SEHAT,DKI5 Kebon Jeruk
5/12/2014,201405,70,,4,37,144,17,144,O3,TIDAK SEHAT,DKI5 Kebon Jeruk
5/13/2014,201405,89,,6,31.66666667,200,10,200,O3,SANGAT TIDAK SEHAT,DKI5 Kebon Jeruk
5/14/2014,201405,58,,5,26.33333333,195,10,195,O3,TIDAK SEHAT,DKI5 Kebon Jeruk
5/15/2014,201405,62,,6,21,139,9,139,O3,TIDAK SEHAT,DKI5 Kebon Jeruk
5/16/2014,201405,69,,4,37,75,10,75,O3,SEDANG,DKI5 Kebon Jeruk
5/17/2014,201405,52,,4,22,106,13,106,O3,TIDAK SEHAT,DKI5 Kebon Jeruk
5/18/2014,201405,60,,6,27,190,9,190,O3,TIDAK SEHAT,DKI5 Kebon Jeruk
5/19/2014,201405,74,,5,30,121,11,121,O3,TIDAK SEHAT,DKI5 Kebon Jeruk
5/20/2014,201405,58,,7,34,133,20,133,O3,TIDAK SEHAT,DKI5 Kebon Jeruk
5/21/2014,201405,75,,6,31,153,13,153,O3,TIDAK SEHAT,DKI5 Kebon Jeruk
5/22/2014,201405,59,,6,18,108,13,108,O3,TIDAK SEHAT,DKI5 Kebon Jeruk
5/23/2014,201405,57,,5,28,93,15,93,O3,SEDANG,DKI5 Kebon Jeruk
5/24/2014,201405,77,,6,41,104,20,104,O3,TIDAK SEHAT,DKI5 Kebon Jeruk
5/25/2014,201405,78,,6,41,109,12,109,O3,TIDAK SEHAT,DKI5 Kebon Jeruk
5/26/2014,201405,57,,6,26,114,14,114,O3,TIDAK SEHAT,DKI5 Kebon Jeruk
5/27/2014,201405,77,,5,45,211,11,211,O3,SANGAT TIDAK SEHAT,DKI5 Kebon Jeruk
5/28/2014,201405,59,,5,38.33333333,161,10,161,O3,TIDAK SEHAT,DKI5 Kebon Jeruk
5/29/2014,201405,55,,7,31.66666667,126,9,126,O3,TIDAK SEHAT,DKI5 Kebon Jeruk
5/30/2014,201405,67,,8,25,99,12,99,O3,SEDANG,DKI5 Kebon Jeruk
5/31/2014,201405,59,,4,25,100,12,100,O3,SEDANG,DKI5 Kebon Jeruk
6/1/2014,201406,80,,6,35,136,13,136,O3,TIDAK SEHAT,DKI5 Kebon Jeruk
6/2/2014,201406,66,,8,22,58,12,66,PM10,SEDANG,DKI5 Kebon Jeruk
6/3/2014,201406,75,,8,25,68,15,75,PM10,SEDANG,DKI5 Kebon Jeruk
6/4/2014,201406,76,,7,29,87,13,87,O3,SEDANG,DKI5 Kebon Jeruk
6/5/2014,201406,88,,7,25,135,11,135,O3,TIDAK SEHAT,DKI5 Kebon Jeruk
6/6/2014,201406,82,,6,29,94,14,94,O3,SEDANG,DKI5 Kebon Jeruk
6/7/2014,201406,96,,8,43,79,13,96,PM10,SEDANG,DKI5 Kebon Jeruk
6/8/2014,201406,81,,8,31,64,12,81,PM10,SEDANG,DKI5 Kebon Jeruk
6/9/2014,201406,80,,6,32,73,13,80,PM10,SEDANG,DKI5 Kebon Jeruk
6/10/2014,201406,67,,6,27,97,13,97,O3,SEDANG,DKI5 Kebon Jeruk
6/11/2014,201406,70,,5,31,155.5,11,70,PM10,SEDANG,DKI5 Kebon Jeruk
6/12/2014,201406,69,,6,28,214,21,214,O3,SANGAT TIDAK SEHAT,DKI5 Kebon Jeruk
6/13/2014,201406,52,,5,25,205,17,205,O3,SANGAT TIDAK SEHAT,DKI5 Kebon Jeruk
6/14/2014,201406,78,,6,47,183,18,78,PM10,SEDANG,DKI5 Kebon Jeruk
6/15/2014,201406,53,,4,35,161,11,53,PM10,SEDANG,DKI5 Kebon Jeruk
6/16/2014,201406,55,,6,32,139,16,55,PM10,SEDANG,DKI5 Kebon Jeruk
6/17/2014,201406,53,,7,24,117,14,117,O3,TIDAK SEHAT,DKI5 Kebon Jeruk
6/18/2014,201406,66,,6,34,87,16,87,O3,SEDANG,DKI5 Kebon Jeruk
6/19/2014,201406,51,,5,22,66,12,66,O3,SEDANG,DKI5 Kebon Jeruk
6/20/2014,201406,66,,7,31,59,13,66,PM10,SEDANG,DKI5 Kebon Jeruk
6/21/2014,201406,63,,7,27,69,11,69,O3,SEDANG,DKI5 Kebon Jeruk
6/22/2014,201406,79,,5,80,88,18,88,O3,SEDANG,DKI5 Kebon Jeruk
6/26/2014,201406,51,,6,34,67,19,67,O3,SEDANG,DKI5 Kebon Jeruk
6/27/2014,201406,95,,6.222222222,50,73.5,17,95,PM10,SEDANG,DKI5 Kebon Jeruk
6/28/2014,201406,55,,6.444444444,17,80,9,80,O3,SEDANG,DKI5 Kebon Jeruk
6/29/2014,201406,73,,6.666666667,23,83,17,83,O3,SEDANG,DKI5 Kebon Jeruk
6/30/2014,201406,67,,6.888888889,23,117,10,117,O3,TIDAK SEHAT,DKI5 Kebon Jeruk
7/1/2014,201407,60,,7.111111111,20,81,12,81,O3,SEDANG,DKI5 Kebon Jeruk
7/2/2014,201407,69,,7.333333333,24,88.5,13,69,PM10,SEDANG,DKI5 Kebon Jeruk
7/3/2014,201407,88,,7.555555556,27,96,11,96,O3,SEDANG,DKI5 Kebon Jeruk
7/4/2014,201407,90,,7.777777778,47,62,13,90,PM10,SEDANG,DKI5 Kebon Jeruk
7/5/2014,201407,57,,8,16,61,10,61,O3,SEDANG,DKI5 Kebon Jeruk
7/6/2014,201407,56,,5,17,61,11,61,O3,SEDANG,DKI5 Kebon Jeruk
7/7/2014,201407,51,,7,20,80,12,80,O3,SEDANG,DKI5 Kebon Jeruk
7/8/2014,201407,57,,6.333333333,37,72,19,72,O3,SEDANG,DKI5 Kebon Jeruk
7/9/2014,201407,106,,5.666666667,83,81.5,22,106,PM10,TIDAK SEHAT,DKI5 Kebon Jeruk
7/10/2014,201407,50,,5,14,91,7,91,O3,SEDANG,DKI5 Kebon Jeruk
7/11/2014,201407,58,,5.142857143,15,34,12,58,PM10,SEDANG,DKI5 Kebon Jeruk
7/12/2014,201407,83,,5.285714286,41,60,12,83,PM10,SEDANG,DKI5 Kebon Jeruk
7/13/2014,201407,70,,5.428571429,28,31,12,70,PM10,SEDANG,DKI5 Kebon Jeruk
7/14/2014,201407,55,,5.571428571,21,45.66666667,16,55,PM10,SEDANG,DKI5 Kebon Jeruk
7/15/2014,201407,70,,5.714285714,23,60.33333333,12,70,PM10,SEDANG,DKI5 Kebon Jeruk
7/16/2014,201407,51,,5.857142857,24,75,11,75,O3,SEDANG,DKI5 Kebon Jeruk
7/17/2014,201407,58,,6,32,89,17,89,O3,SEDANG,DKI5 Kebon Jeruk
7/18/2014,201407,71,,5.75,31,87.5,16,71,PM10,SEDANG,DKI5 Kebon Jeruk
7/19/2014,201407,55,,5.5,19,86,15,86,O3,SEDANG,DKI5 Kebon Jeruk
7/20/2014,201407,65,,5.25,21,45,12,65,PM10,SEDANG,DKI5 Kebon Jeruk
7/21/2014,201407,57,,5,20,87,13,87,O3,SEDANG,DKI5 Kebon Jeruk
7/22/2014,201407,58,,4.75,21,69,12,58,PM10,SEDANG,DKI5 Kebon Jeruk
7/23/2014,201407,49,,4.5,19,51,11,51,O3,SEDANG,DKI5 Kebon Jeruk
7/24/2014,201407,50,,4.25,15,46,12,50,PM10,BAIK,DKI5 Kebon Jeruk
7/25/2014,201407,67,,4,32,41,11,67,PM10,SEDANG,DKI5 Kebon Jeruk
7/26/2014,201407,53,,4,18,57.33333333,8,53,PM10,SEDANG,DKI5 Kebon Jeruk
7/27/2014,201407,37,,4,24,73.66666667,9,37,PM10,BAIK,DKI5 Kebon Jeruk
7/28/2014,201407,59,,4,33,90,11,90,O3,SEDANG,DKI5 Kebon Jeruk
7/29/2014,201407,29,,4,11,71.5,5,29,PM10,BAIK,DKI5 Kebon Jeruk
7/30/2014,201407,39,,4,13,53,6,53,O3,SEDANG,DKI5 Kebon Jeruk
7/31/2014,201407,44,,4,11,68,7,68,O3,SEDANG,DKI5 Kebon Jeruk
8/1/2014,201408,45,,4,11,64,5,64,O3,SEDANG,DKI5 Kebon Jeruk
8/2/2014,201408,41,,4,10,61,7,61,O3,SEDANG,DKI5 Kebon Jeruk
8/3/2014,201408,55,,4,17,64,8,64,O3,SEDANG,DKI5 Kebon Jeruk
8/4/2014,201408,55,,4,24,66.83333333,10,55,PM10,SEDANG,DKI5 Kebon Jeruk
8/5/2014,201408,53,,4,14,69.66666667,9,53,PM10,SEDANG,DKI5 Kebon Jeruk
8/6/2014,201408,36,,4,9,72.5,6,36,PM10,BAIK,DKI5 Kebon Jeruk
8/7/2014,201408,56,,8,17,75.33333333,13,56,PM10,SEDANG,DKI5 Kebon Jeruk
8/8/2014,201408,68,,7,18,78.16666667,10,68,PM10,SEDANG,DKI5 Kebon Jeruk
8/9/2014,201408,70,,8,18,81,10,81,O3,SEDANG,DKI5 Kebon Jeruk
8/10/2014,201408,64,,9,16,69,9,64,PM10,SEDANG,DKI5 Kebon Jeruk
8/11/2014,201408,57,,8,15,57,10,57,PM10,SEDANG,DKI5 Kebon Jeruk
8/12/2014,201408,54,,7,22,67,13,54,PM10,SEDANG,DKI5 Kebon Jeruk
8/13/2014,201408,56,,7,18,77,11,77,O3,SEDANG,DKI5 Kebon Jeruk
8/14/2014,201408,59,,10,14,61,12,61,O3,SEDANG,DKI5 Kebon Jeruk
8/15/2014,201408,66,,7,18,76,11,76,O3,SEDANG,DKI5 Kebon Jeruk
8/16/2014,201408,51,,7,13,65,9,65,O3,SEDANG,DKI5 Kebon Jeruk
8/17/2014,201408,57,,7,15,66.66666667,11,57,PM10,SEDANG,DKI5 Kebon Jeruk
8/18/2014,201408,59,,8,20,68.33333333,12,59,PM10,SEDANG,DKI5 Kebon Jeruk
8/19/2014,201408,64,,9,17,70,12,70,O3,SEDANG,DKI5 Kebon Jeruk
8/20/2014,201408,64,,8,15,104,10,104,O3,TIDAK SEHAT,DKI5 Kebon Jeruk
8/21/2014,201408,82,,8,20,81,16,82,PM10,SEDANG,DKI5 Kebon Jeruk
8/22/2014,201408,66,,8,19,58,13,66,PM10,SEDANG,DKI5 Kebon Jeruk
8/23/2014,201408,54,,10,12,84,10,84,O3,SEDANG,DKI5 Kebon Jeruk
8/24/2014,201408,62,,7,14,73,7,73,O3,SEDANG,DKI5 Kebon Jeruk
8/25/2014,201408,61,,7,13,90,11,90,O3,SEDANG,DKI5 Kebon Jeruk
8/26/2014,201408,58,,7,15,97,10,97,O3,SEDANG,DKI5 Kebon Jeruk
8/27/2014,201408,70,,8,22,59,12,70,PM10,SEDANG,DKI5 Kebon Jeruk
8/28/2014,201408,62,,9,17,69,11,69,O3,SEDANG,DKI5 Kebon Jeruk
8/29/2014,201408,70,,8,20,73,12,73,O3,SEDANG,DKI5 Kebon Jeruk
8/30/2014,201408,62,,7,22,61.5,13,62,PM10,SEDANG,DKI5 Kebon Jeruk
8/31/2014,201408,60,,8,15,50,9,60,PM10,SEDANG,DKI5 Kebon Jeruk
9/1/2014,201409,54,,9,10,42,10,54,PM10,SEDANG,DKI5 Kebon Jeruk
9/2/2014,201409,56,,9,13,83,11,83,O3,SEDANG,DKI5 Kebon Jeruk
9/3/2014,201409,63,,10,13,85,10,85,O3,SEDANG,DKI5 Kebon Jeruk
9/4/2014,201409,64,,8,16,85.5,10,64,PM10,SEDANG,DKI5 Kebon Jeruk
9/5/2014,201409,58,,7,15,86,8,86,O3,SEDANG,DKI5 Kebon Jeruk
9/6/2014,201409,60,,9,12,82,7,82,O3,SEDANG,DKI5 Kebon Jeruk
9/7/2014,201409,67,,7,20,81,9,67,PM10,SEDANG,DKI5 Kebon Jeruk
9/8/2014,201409,71,,8,23,80,14,80,O3,SEDANG,DKI5 Kebon Jeruk
9/9/2014,201409,71,,9,21,78,14,78,O3,SEDANG,DKI5 Kebon Jeruk
9/10/2014,201409,67,,8,19,70,11,70,O3,SEDANG,DKI5 Kebon Jeruk
9/11/2014,201409,58,,8,13,69,11,69,O3,SEDANG,DKI5 Kebon Jeruk
9/12/2014,201409,67,,9,16,68.16666667,15,67,PM10,SEDANG,DKI5 Kebon Jeruk
9/13/2014,201409,72,,9,18,67.33333333,17,72,PM10,SEDANG,DKI5 Kebon Jeruk
9/14/2014,201409,67,,8,16,66.5,13,67,PM10,SEDANG,DKI5 Kebon Jeruk
9/15/2014,201409,72,,8,18,65.66666667,16,72,PM10,SEDANG,DKI5 Kebon Jeruk
9/16/2014,201409,66,,8,14,64.83333333,12,66,PM10,SEDANG,DKI5 Kebon Jeruk
9/17/2014,201409,62,,9,16,64,13,64,O3,SEDANG,DKI5 Kebon Jeruk
9/18/2014,201409,60,,8,13,57,11,60,PM10,SEDANG,DKI5 Kebon Jeruk
9/19/2014,201409,63,,9,15,41,14,63,PM10,SEDANG,DKI5 Kebon Jeruk
9/20/2014,201409,55,,9,11,43.2,14,55,PM10,SEDANG,DKI5 Kebon Jeruk
9/21/2014,201409,75,,6,30,45.4,13,75,PM10,SEDANG,DKI5 Kebon Jeruk
9/22/2014,201409,64,,6,24,47.6,10,64,PM10,SEDANG,DKI5 Kebon Jeruk
9/23/2014,201409,59,,7,16,49.8,11,59,PM10,SEDANG,DKI5 Kebon Jeruk
9/24/2014,201409,53,,8,12,52,8,53,PM10,SEDANG,DKI5 Kebon Jeruk
9/25/2014,201409,75,,9,18,64,14,75,PM10,SEDANG,DKI5 Kebon Jeruk
9/26/2014,201409,77,,9,21,76,15,77,PM10,SEDANG,DKI5 Kebon Jeruk
9/27/2014,201409,67,,10,15,71.6,17,67,PM10,SEDANG,DKI5 Kebon Jeruk
9/28/2014,201409,74,,9,20,67.2,16,74,PM10,SEDANG,DKI5 Kebon Jeruk
9/29/2014,201409,65,,8,15,62.8,11,65,PM10,SEDANG,DKI5 Kebon Jeruk
9/30/2014,201409,63,,9,16,58.4,12,63,PM10,SEDANG,DKI5 Kebon Jeruk
10/1/2014,201410,73,,9,28,54,12,73,PM10,SEDANG,DKI5 Kebon Jeruk
10/2/2014,201410,64,,9,16,63,13,64,PM10,SEDANG,DKI5 Kebon Jeruk
10/3/2014,201410,65,,10,16,65,16,65,PM10,SEDANG,DKI5 Kebon Jeruk
10/4/2014,201410,63,,9,15,67,14,63,PM10,SEDANG,DKI5 Kebon Jeruk
10/5/2014,201410,67,,8,17,69,9,69,O3,SEDANG,DKI5 Kebon Jeruk
10/6/2014,201410,66,,9,16,124,10,124,O3,TIDAK SEHAT,DKI5 Kebon Jeruk
10/7/2014,201410,68,,9,17,77,9,77,O3,SEDANG,DKI5 Kebon Jeruk
10/8/2014,201410,64,,9,13,85,10,85,O3,SEDANG,DKI5 Kebon Jeruk
10/9/2014,201410,51,,9,14,55,10,55,O3,SEDANG,DKI5 Kebon Jeruk
10/10/2014,201410,57,,10,12,55.8,12,57,PM10,SEDANG,DKI5 Kebon Jeruk
10/11/2014,201410,70,,9,24,56.6,15,70,PM10,SEDANG,DKI5 Kebon Jeruk
10/12/2014,201410,68,,11,15,57.4,10,68,PM10,SEDANG,DKI5 Kebon Jeruk
10/13/2014,201410,76,,9,18,58.2,9,76,PM10,SEDANG,DKI5 Kebon Jeruk
10/14/2014,201410,72,,7,19,59,12,72,PM10,SEDANG,DKI5 Kebon Jeruk
10/15/2014,201410,70,,9,18,85,12,85,O3,SEDANG,DKI5 Kebon Jeruk
10/16/2014,201410,79,,8,18,69,17,79,PM10,SEDANG,DKI5 Kebon Jeruk
10/17/2014,201410,79,,9,23,71,13,79,PM10,SEDANG,DKI5 Kebon Jeruk
10/18/2014,201410,72,,8,17,60,10,72,PM10,SEDANG,DKI5 Kebon Jeruk
10/19/2014,201410,68,,8,19,73,10,73,O3,SEDANG,DKI5 Kebon Jeruk
10/20/2014,201410,70,,9,16,78,11,78,O3,SEDANG,DKI5 Kebon Jeruk
10/21/2014,201410,65,,9,13,59,13,65,PM10,SEDANG,DKI5 Kebon Jeruk
10/22/2014,201410,64,,9,14,55,9,64,PM10,SEDANG,DKI5 Kebon Jeruk
10/23/2014,201410,72,,8,12,116,9,116,O3,TIDAK SEHAT,DKI5 Kebon Jeruk
10/24/2014,201410,58,,7,9,62,10,62,O3,SEDANG,DKI5 Kebon Jeruk
10/25/2014,201410,76,,9,34,82,13,82,O3,SEDANG,DKI5 Kebon Jeruk
10/26/2014,201410,67,,8,19,92,14,92,O3,SEDANG,DKI5 Kebon Jeruk
10/27/2014,201410,58,,7,15,85,8,85,O3,SEDANG,DKI5 Kebon Jeruk
10/28/2014,201410,66,,8,11,78,11,78,O3,SEDANG,DKI5 Kebon Jeruk
10/29/2014,201410,59,,9,10,75,14,75,O3,SEDANG,DKI5 Kebon Jeruk
10/30/2014,201410,64,,8,14,60,16,64,PM10,SEDANG,DKI5 Kebon Jeruk
10/31/2014,201410,64,,9,18,65,14,65,O3,SEDANG,DKI5 Kebon Jeruk
11/1/2014,201411,44,,8,8,82,7,82,O3,SEDANG,DKI5 Kebon Jeruk
11/2/2014,201411,56,,9,16,107,11,107,O3,TIDAK SEHAT,DKI5 Kebon Jeruk
11/3/2014,201411,53,,9,12,86,10,86,O3,SEDANG,DKI5 Kebon Jeruk
11/4/2014,201411,47,,9,9,89,10,89,O3,SEDANG,DKI5 Kebon Jeruk
11/5/2014,201411,44,,8,12,67,10,67,O3,SEDANG,DKI5 Kebon Jeruk
11/6/2014,201411,56,,8,16,90,9,90,O3,SEDANG,DKI5 Kebon Jeruk
11/7/2014,201411,71,,9,21,94,13,94,O3,SEDANG,DKI5 Kebon Jeruk
11/8/2014,201411,65,,8,15,146,9,146,O3,TIDAK SEHAT,DKI5 Kebon Jeruk
11/9/2014,201411,58,,8,23,86,16,86,O3,SEDANG,DKI5 Kebon Jeruk
11/10/2014,201411,51,,7,14,86,15,86,O3,SEDANG,DKI5 Kebon Jeruk
11/11/2014,201411,44,,9,20,66,17,66,O3,SEDANG,DKI5 Kebon Jeruk
11/12/2014,201411,56,,13,23,83,18,56,PM10,SEDANG,DKI5 Kebon Jeruk
11/13/2014,201411,41,,8,16,100,11,100,O3,SEDANG,DKI5 Kebon Jeruk
11/14/2014,201411,52,,14,27,82,15,82,O3,SEDANG,DKI5 Kebon Jeruk
11/15/2014,201411,52,,12,28,79.5,17,52,PM10,SEDANG,DKI5 Kebon Jeruk
11/16/2014,201411,54,,8,21,77,13,77,O3,SEDANG,DKI5 Kebon Jeruk
11/17/2014,201411,47,,8,15,70,8,70,O3,SEDANG,DKI5 Kebon Jeruk
11/18/2014,201411,51,,11,32,82,15,82,O3,SEDANG,DKI5 Kebon Jeruk
11/19/2014,201411,54,,10,19,104,12,104,O3,TIDAK SEHAT,DKI5 Kebon Jeruk
11/20/2014,201411,36,,8,22,74,12,74,O3,SEDANG,DKI5 Kebon Jeruk
11/21/2014,201411,38,,9,18,70,12,70,O3,SEDANG,DKI5 Kebon Jeruk
11/22/2014,201411,51,,9,26,82,16,82,O3,SEDANG,DKI5 Kebon Jeruk
11/23/2014,201411,57,,8,28,44,12,57,PM10,SEDANG,DKI5 Kebon Jeruk
11/24/2014,201411,37,,8,15,79,9,79,O3,SEDANG,DKI5 Kebon Jeruk
11/25/2014,201411,25,,8,20,86,13,25,PM10,BAIK,DKI5 Kebon Jeruk
11/26/2014,201411,39,,7,21,93,9,93,O3,SEDANG,DKI5 Kebon Jeruk
11/27/2014,201411,52,,8,40,65,15,65,O3,SEDANG,DKI5 Kebon Jeruk
11/28/2014,201411,32,,10,28,56.33333333,13,32,PM10,BAIK,DKI5 Kebon Jeruk
11/29/2014,201411,26,,11,31,47.66666667,15,31,CO,BAIK,DKI5 Kebon Jeruk
11/30/2014,201411,24,,8,20,39,10,24,PM10,BAIK,DKI5 Kebon Jeruk
12/1/2014,201412,32,,13,14,30.33333333,9,32,PM10,BAIK,DKI5 Kebon Jeruk
12/2/2014,201412,24,,9,10,21.66666667,4,24,PM10,BAIK,DKI5 Kebon Jeruk
12/3/2014,201412,17,,7,6,13,4,17,PM10,BAIK,DKI5 Kebon Jeruk
12/4/2014,201412,22,,8,8,34,5,34,O3,BAIK,DKI5 Kebon Jeruk
12/5/2014,201412,24,,8,11,66,10,66,O3,SEDANG,DKI5 Kebon Jeruk
12/6/2014,201412,16,,8,17,54,8,17,CO,BAIK,DKI5 Kebon Jeruk
12/7/2014,201412,20,,7,40,42,8,40,CO,BAIK,DKI5 Kebon Jeruk
12/8/2014,201412,12,,8,12,30,11,30,O3,BAIK,DKI5 Kebon Jeruk
12/9/2014,201412,19,,14,10,34,6,19,PM10,BAIK,DKI5 Kebon Jeruk
12/10/2014,201412,38,,14,9,38,8,38,PM10,BAIK,DKI5 Kebon Jeruk
12/11/2014,201412,26,,12,9,30,6,30,O3,BAIK,DKI5 Kebon Jeruk
12/12/2014,201412,25,,10,8,27.33333333,5,25,PM10,BAIK,DKI5 Kebon Jeruk
12/13/2014,201412,18,,12,7,24.66666667,5,18,PM10,BAIK,DKI5 Kebon Jeruk
12/14/2014,201412,38,,13,13,22,6,38,PM10,BAIK,DKI5 Kebon Jeruk
12/15/2014,201412,25,,10,9,19.33333333,4,25,PM10,BAIK,DKI5 Kebon Jeruk
12/16/2014,201412,28,,14,16,16.66666667,14,28,PM10,BAIK,DKI5 Kebon Jeruk
12/17/2014,201412,22,,8,7,14,3,22,PM10,BAIK,DKI5 Kebon Jeruk
12/18/2014,201412,17,,9,7,11.33333333,3,17,PM10,BAIK,DKI5 Kebon Jeruk
12/19/2014,201412,21,,14,16,8.666666667,7,21,PM10,BAIK,DKI5 Kebon Jeruk
12/20/2014,201412,18,,5,12,6,7,18,PM10,BAIK,DKI5 Kebon Jeruk
12/21/2014,201412,34,,5,38,6,10,38,CO,BAIK,DKI5 Kebon Jeruk
12/22/2014,201412,14,,4,15,9,7,15,CO,BAIK,DKI5 Kebon Jeruk
12/23/2014,201412,19,,4,17.5,12,8.5,19,PM10,BAIK,DKI5 Kebon Jeruk
12/24/2014,201412,39,,4,20,15,10,39,PM10,BAIK,DKI5 Kebon Jeruk
12/25/2014,201412,25,,5,18,21,8,25,PM10,BAIK,DKI5 Kebon Jeruk
12/26/2014,201412,21,,4,13,18,7,21,PM10,BAIK,DKI5 Kebon Jeruk
12/27/2014,201412,16,,3,10,3,8,16,PM10,BAIK,DKI5 Kebon Jeruk
12/28/2014,201412,19,,3,24,3,9,24,CO,BAIK,DKI5 Kebon Jeruk
12/29/2014,201412,11,,3,8,3,3,11,PM10,BAIK,DKI5 Kebon Jeruk
12/30/2014,201412,18,,3,8,3,4,18,PM10,BAIK,DKI5 Kebon Jeruk
12/31/2014,201412,14,,3,5,3,2,14,PM10,BAIK,DKI5 Kebon Jeruk
1/18/2015,201501,46,,11,36,45,18,46,PM10,BAIK,DKI5 Kebon Jeruk
1/27/2015,201501,68,,12,51,49,13,68,PM10,SEDANG,DKI5 Kebon Jeruk
2/2/2015,201202,50,,6,49,42,21,50,PM10,BAIK,DKI5 Kebon Jeruk
2/3/2015,201202,76,,8,69,50,15,76,PM10,SEDANG,DKI5 Kebon Jeruk
2/4/2015,201202,68,,10,59,55,23,68,PM10,SEDANG,DKI5 Kebon Jeruk
2/12/2015,201202,72,,10,54,50,22,72,PM10,SEDANG,DKI5 Kebon Jeruk
2/14/2015,201202,58,,13,57,48,16,58,PM10,SEDANG,DKI5 Kebon Jeruk
3/6/2015,201503,66,,17,44,70,18,70,O3,SEDANG,DKI5 Kebon Jeruk
3/9/2015,201503,51,,15,33,45,17,51,PM10,SEDANG,DKI5 Kebon Jeruk
3/10/2015,201503,49,,14,36,63,25,63,O3,SEDANG,DKI5 Kebon Jeruk
3/23/2015,201503,53,,17,33,155,28,155,O3,TIDAK SEHAT,DKI5 Kebon Jeruk
4/5/2015,201504,75,,19,45,77,23,77,O3,SEDANG,DKI5 Kebon Jeruk
5/15/2015,201505,60,,17,38,53,63,63,NO2,SEDANG,DKI5 Kebon Jeruk
5/22/2015,201505,85,,19,27,90,17,90,O3,SEDANG,DKI5 Kebon Jeruk
6/10/2015,201506,78,,27,49,93,21,93,O3,SEDANG,DKI5 Kebon Jeruk
6/13/2015,201506,81,,30,39,94,32,94,O3,SEDANG,DKI5 Kebon Jeruk
6/25/2015,201506,101,,33,38,72,23,101,PM10,TIDAK SEHAT,DKI5 Kebon Jeruk
6/26/2015,201506,114,,34,31,67,18,114,PM10,TIDAK SEHAT,DKI5 Kebon Jeruk
6/27/2015,201506,105,,33,34,61,12,105,PM10,TIDAK SEHAT,DKI5 Kebon Jeruk
7/3/2015,201507,75,,35,31,99,19,99,O3,SEDANG,DKI5 Kebon Jeruk
7/5/2015,201507,114,,35,52,87,20,114,PM10,TIDAK SEHAT,DKI5 Kebon Jeruk
7/13/2015,201507,60,,31,23,54,11,60,PM10,SEDANG,DKI5 Kebon Jeruk
7/15/2015,201507,60,,32,25,39,12,60,PM10,SEDANG,DKI5 Kebon Jeruk
10/17/2015,201510,78,,36,38,58,19,78,PM10,SEDANG,DKI5 Kebon Jeruk
10/31/2015,201510,93,,29,35,120,26,120,O3,TIDAK SEHAT,DKI5 Kebon Jeruk
11/19/2015,201511,71,,29,28,50,17,71,PM10,SEDANG,DKI5 Kebon Jeruk
11/28/2015,201511,107,,21,54,143,24,143,O3,TIDAK SEHAT,DKI5 Kebon Jeruk
12/24/2015,201512,44,,18,30,33,8,44,PM10,BAIK,DKI5 Kebon Jeruk
12/27/2015,201512,53,,21,28,47,15,53,PM10,SEDANG,DKI5 Kebon Jeruk
12/28/2015,201512,55,,21,30,45,18,55,PM10,SEDANG,DKI5 Kebon Jeruk
12/29/2015,201512,61,,22,34,41,17,61,PM10,SEDANG,DKI5 Kebon Jeruk
1/1/2016,201601,54,,11,32,33,4,54,PM10,SEDANG,DKI5 Kebon Jeruk
1/2/2016,201601,43,,11,31.33333333,30,5,43,PM10,BAIK,DKI5 Kebon Jeruk
1/3/2016,201601,38,,10,30.66666667,37,4,38,PM10,BAIK,DKI5 Kebon Jeruk
1/4/2016,201601,51,,12,30,67,8,67,O3,SEDANG,DKI5 Kebon Jeruk
1/5/2016,201601,68,,11,29.33333333,50,7,68,PM10,SEDANG,DKI5 Kebon Jeruk
1/6/2016,201601,65,,11.5,28.66666667,37,8,65,PM10,SEDANG,DKI5 Kebon Jeruk
1/7/2016,201601,55,,12,28,48,13,55,PM10,SEDANG,DKI5 Kebon Jeruk
1/8/2016,201601,43,,11,22,37,9,43,PM10,BAIK,DKI5 Kebon Jeruk
1/9/2016,201601,54,,10,22,50,9,54,PM10,SEDANG,DKI5 Kebon Jeruk
1/10/2016,201601,61,,10,23,65,11,65,O3,SEDANG,DKI5 Kebon Jeruk
1/11/2016,201601,66,,10,35,46,11,66,PM10,SEDANG,DKI5 Kebon Jeruk
1/12/2016,201601,59,,11,33,29,20,59,PM10,SEDANG,DKI5 Kebon Jeruk
1/12/2016,201612,59,,12,36,40,20,40,O3,BAIK,DKI5 Kebon Jeruk
1/13/2016,201601,65,,11,36,32,14,65,PM10,SEDANG,DKI5 Kebon Jeruk
1/14/2016,201601,53,,10,27,44,13,53,PM10,SEDANG,DKI5 Kebon Jeruk
1/15/2016,201601,62,,11,27,56,10,62,PM10,SEDANG,DKI5 Kebon Jeruk
1/16/2016,201601,53,,10,27,68,8,68,O3,SEDANG,DKI5 Kebon Jeruk
1/17/2016,201601,38,,10,27,61,9,61,O3,SEDANG,DKI5 Kebon Jeruk
1/18/2016,201601,47,,11,27,56.5,15,47,PM10,BAIK,DKI5 Kebon Jeruk
1/19/2016,201601,56,,13,12,52,12,56,PM10,SEDANG,DKI5 Kebon Jeruk
1/20/2016,201601,43,,13,16,39,9,43,PM10,BAIK,DKI5 Kebon Jeruk
1/21/2016,201601,44,,13,20,26,13,44,PM10,BAIK,DKI5 Kebon Jeruk
1/22/2016,201601,34,,11,21.47619048,22,8,34,PM10,BAIK,DKI5 Kebon Jeruk
1/23/2016,201601,4,,11,22.95238095,21,12,12,NO2,BAIK,DKI5 Kebon Jeruk
1/24/2016,201601,16,,11,24.42857143,20,9,20,O3,BAIK,DKI5 Kebon Jeruk
1/25/2016,201601,6,,11,25.9047619,35,11,35,O3,BAIK,DKI5 Kebon Jeruk
1/26/2016,201601,13,,11,27.38095238,40,9,40,O3,BAIK,DKI5 Kebon Jeruk
1/27/2016,201601,35,,11,28.85714286,36,9,36,O3,BAIK,DKI5 Kebon Jeruk
1/28/2016,201601,48,,11,30.33333333,66,15,66,O3,SEDANG,DKI5 Kebon Jeruk
2/10/2016,201602,17,,11,49.52380952,44,5,44,O3,BAIK,DKI5 Kebon Jeruk
2/11/2016,201602,39,,6,51,65,5,65,O3,SEDANG,DKI5 Kebon Jeruk
2/12/2016,201602,28,,7,40,52,11,52,O3,SEDANG,DKI5 Kebon Jeruk
2/12/2016,201612,28,,9,25,17,11,25,CO,BAIK,DKI5 Kebon Jeruk
2/13/2016,201602,48,,7,99,114,18,114,O3,TIDAK SEHAT,DKI5 Kebon Jeruk
2/14/2016,201602,50,,6,54,96,11,96,O3,SEDANG,DKI5 Kebon Jeruk
2/15/2016,201602,54,,6,44,61,10,61,O3,SEDANG,DKI5 Kebon Jeruk
2/16/2016,201602,29,,10,33,52,9,52,O3,SEDANG,DKI5 Kebon Jeruk
2/17/2016,201602,17,,6,33,58,10,58,O3,SEDANG,DKI5 Kebon Jeruk
2/18/2016,201602,63,,7,72,65,8,72,CO,SEDANG,DKI5 Kebon Jeruk
2/19/2016,201602,38,,8,56,85,11,85,O3,SEDANG,DKI5 Kebon Jeruk
2/20/2016,201602,36,,9,47,68,10,68,O3,SEDANG,DKI5 Kebon Jeruk
2/21/2016,201602,21,,10,42,65,11,65,O3,SEDANG,DKI5 Kebon Jeruk
2/22/2016,201602,26,,6,42,64,9,64,O3,SEDANG,DKI5 Kebon Jeruk
2/23/2016,201602,25,,11,39,79,8,79,O3,SEDANG,DKI5 Kebon Jeruk
2/24/2016,201602,11,,9,33,60,9,60,O3,SEDANG,DKI5 Kebon Jeruk
2/25/2016,201602,6,,6,31,62,14,62,O3,SEDANG,DKI5 Kebon Jeruk
2/26/2016,201602,3,,5,31,57,9,57,O3,SEDANG,DKI5 Kebon Jeruk
2/27/2016,201602,4,,7,37,57,8,57,O3,SEDANG,DKI5 Kebon Jeruk
2/28/2016,201602,10,,6,26,70,9,70,O3,SEDANG,DKI5 Kebon Jeruk
2/29/2016,201602,16,,6,30,60,11,60,O3,SEDANG,DKI5 Kebon Jeruk
3/1/2016,201603,22,,6,24,59,9,59,O3,SEDANG,DKI5 Kebon Jeruk
3/2/2016,201603,31,,6,32,51,9,51,O3,SEDANG,DKI5 Kebon Jeruk
3/3/2016,201603,46,,7,54,52,11,54,CO,SEDANG,DKI5 Kebon Jeruk
3/4/2016,201603,40,,14,39,54,7,54,O3,SEDANG,DKI5 Kebon Jeruk
3/5/2016,201603,48,,12,30,58,7,58,O3,SEDANG,DKI5 Kebon Jeruk
3/6/2016,201603,71,,11,43,69,11,71,PM10,SEDANG,DKI5 Kebon Jeruk
3/7/2016,201603,31,,12,31,85,18,85,O3,SEDANG,DKI5 Kebon Jeruk
3/8/2016,201603,57,,11,28,75,9,75,O3,SEDANG,DKI5 Kebon Jeruk
3/9/2016,201603,54,,11,39,93,11,93,O3,SEDANG,DKI5 Kebon Jeruk
3/10/2016,201603,52,,11,39,111,10,111,O3,TIDAK SEHAT,DKI5 Kebon Jeruk
3/11/2016,201603,55,,10,31,98,12,98,O3,SEDANG,DKI5 Kebon Jeruk
3/12/2016,201603,61,,11,36,74,12,74,O3,SEDANG,DKI5 Kebon Jeruk
3/12/2016,201612,61,,9,29,15,12,29,CO,BAIK,DKI5 Kebon Jeruk
3/13/2016,201603,52,,11,35,72,10,72,O3,SEDANG,DKI5 Kebon Jeruk
3/14/2016,201603,64,,10,43,67,12,67,O3,SEDANG,DKI5 Kebon Jeruk
3/15/2016,201603,66,,11,37,109,9,109,O3,TIDAK SEHAT,DKI5 Kebon Jeruk
3/16/2016,201603,55,,9,35,85,10,85,O3,SEDANG,DKI5 Kebon Jeruk
3/17/2016,201603,56,,9,30,78,8,78,O3,SEDANG,DKI5 Kebon Jeruk
3/18/2016,201603,55,,9,44,61,10,61,O3,SEDANG,DKI5 Kebon Jeruk
3/19/2016,201603,64,,9.666666667,40.33333333,61.66666667,9,64,PM10,SEDANG,DKI5 Kebon Jeruk
3/20/2016,201603,54,,10.33333333,36.66666667,62.33333333,8,54,PM10,SEDANG,DKI5 Kebon Jeruk
3/21/2016,201603,54,,11,33,63,7,63,O3,SEDANG,DKI5 Kebon Jeruk
3/22/2016,201603,76,,14,45,71,9,76,PM10,SEDANG,DKI5 Kebon Jeruk
3/23/2016,201603,39,,10,18,74,6,74,O3,SEDANG,DKI5 Kebon Jeruk
3/24/2016,201603,51,,12,18,100,12,100,O3,SEDANG,DKI5 Kebon Jeruk
3/25/2016,201603,60,,10,50,97,13,97,O3,SEDANG,DKI5 Kebon Jeruk
3/26/2016,201603,65,,9,55,78,13,78,O3,SEDANG,DKI5 Kebon Jeruk
3/27/2016,201603,63,,9,53,77,9,77,O3,SEDANG,DKI5 Kebon Jeruk
3/28/2016,201603,63,,9,38,58,9,63,PM10,SEDANG,DKI5 Kebon Jeruk
3/29/2016,201603,49,,9,30,67,9,67,O3,SEDANG,DKI5 Kebon Jeruk
3/30/2016,201603,74,,10,50,63,11,74,PM10,SEDANG,DKI5 Kebon Jeruk
3/31/2016,201603,78,,7,52,63,13,78,PM10,SEDANG,DKI5 Kebon Jeruk
4/1/2016,201604,81,,7,66,82,17,82,O3,SEDANG,DKI5 Kebon Jeruk
4/2/2016,201604,45,,10,37,79,12,79,O3,SEDANG,DKI5 Kebon Jeruk
4/3/2016,201604,47,,10,48,80,10,80,O3,SEDANG,DKI5 Kebon Jeruk
4/4/2016,201604,50,,10,39,66,10,66,O3,SEDANG,DKI5 Kebon Jeruk
4/5/2016,201604,52,,10,40,61,8,61,O3,SEDANG,DKI5 Kebon Jeruk
4/6/2016,201604,57,,11,42,88,10,88,O3,SEDANG,DKI5 Kebon Jeruk
4/7/2016,201604,64,,9,44,64,13,64,PM10,SEDANG,DKI5 Kebon Jeruk
4/8/2016,201604,55,,11,38,49,10,55,PM10,SEDANG,DKI5 Kebon Jeruk
4/9/2016,201604,62,,8,39,91,13,91,O3,SEDANG,DKI5 Kebon Jeruk
4/10/2016,201604,52,,9,45,63,12,63,O3,SEDANG,DKI5 Kebon Jeruk
4/11/2016,201604,61,,9,44,73,13,73,O3,SEDANG,DKI5 Kebon Jeruk
4/12/2016,201604,69,,9,59,71,16,71,O3,SEDANG,DKI5 Kebon Jeruk
4/12/2016,201612,69,,9,28,14,16,28,CO,BAIK,DKI5 Kebon Jeruk
4/13/2016,201604,55,,11,34,65,9,65,O3,SEDANG,DKI5 Kebon Jeruk
4/14/2016,201604,52,,9,41,63,14,63,O3,SEDANG,DKI5 Kebon Jeruk
4/15/2016,201604,57,,8,62,71,22,71,O3,SEDANG,DKI5 Kebon Jeruk
4/16/2016,201604,69,,9,58,78,16,78,O3,SEDANG,DKI5 Kebon Jeruk
4/17/2016,201604,49,,8,38,55,11,55,O3,SEDANG,DKI5 Kebon Jeruk
4/18/2016,201604,39,,8,47,93,13,93,O3,SEDANG,DKI5 Kebon Jeruk
4/19/2016,201604,54,,8,46,80,15,80,O3,SEDANG,DKI5 Kebon Jeruk
4/20/2016,201604,55,,9,38,61,15,61,O3,SEDANG,DKI5 Kebon Jeruk
4/21/2016,201604,51,,7,51,135,18,135,O3,TIDAK SEHAT,DKI5 Kebon Jeruk
4/22/2016,201604,46,,8,41,69,12,69,O3,SEDANG,DKI5 Kebon Jeruk
4/23/2016,201604,46,,12,32,65,7,65,O3,SEDANG,DKI5 Kebon Jeruk
4/24/2016,201604,53,,8,39,57,8,57,O3,SEDANG,DKI5 Kebon Jeruk
4/25/2016,201604,54,,9,42,66,10,66,O3,SEDANG,DKI5 Kebon Jeruk
4/26/2016,201604,64,,11,49,67,18,67,O3,SEDANG,DKI5 Kebon Jeruk
4/27/2016,201604,64,,10,50,76,12,76,O3,SEDANG,DKI5 Kebon Jeruk
4/28/2016,201604,58,,10,47,82,13,82,O3,SEDANG,DKI5 Kebon Jeruk
4/29/2016,201604,47,,9,39,74,8,74,O3,SEDANG,DKI5 Kebon Jeruk
4/30/2016,201604,56,,9,69,66,13,69,CO,SEDANG,DKI5 Kebon Jeruk
5/1/2016,201605,57,,9,69,62,9,69,CO,SEDANG,DKI5 Kebon Jeruk
5/2/2016,201605,52,,9,49,66,8,66,O3,SEDANG,DKI5 Kebon Jeruk
5/3/2016,201605,59,,10,48,54,9,59,PM10,SEDANG,DKI5 Kebon Jeruk
5/4/2016,201605,57,,12,71,56,10,71,CO,SEDANG,DKI5 Kebon Jeruk
5/5/2016,201605,52,,8,52,46,9,52,PM10,SEDANG,DKI5 Kebon Jeruk
5/6/2016,201605,78,,10,78,100,14,100,O3,SEDANG,DKI5 Kebon Jeruk
5/7/2016,201605,57,,8,46,72,13,72,O3,SEDANG,DKI5 Kebon Jeruk
5/8/2016,201605,63,,8,67,81,14,81,O3,SEDANG,DKI5 Kebon Jeruk
5/9/2016,201605,59,,8,50,75,16,75,O3,SEDANG,DKI5 Kebon Jeruk
5/10/2016,201605,58,,10,46,70,14,70,O3,SEDANG,DKI5 Kebon Jeruk
5/11/2016,201605,58,,11,39,43,10,58,PM10,SEDANG,DKI5 Kebon Jeruk
5/12/2016,201605,52,,9,57,74,11,74,O3,SEDANG,DKI5 Kebon Jeruk
5/12/2016,201612,52,,9,26,16,11,26,CO,BAIK,DKI5 Kebon Jeruk
5/13/2016,201605,41,,8,45,94,13,94,O3,SEDANG,DKI5 Kebon Jeruk
5/14/2016,201605,5,,8,39,104,8,104,O3,TIDAK SEHAT,DKI5 Kebon Jeruk
5/15/2016,201605,2,,11,46,73,7,73,O3,SEDANG,DKI5 Kebon Jeruk
5/16/2016,201605,33,,9,39,92,9,92,O3,SEDANG,DKI5 Kebon Jeruk
5/17/2016,201605,73,,9,56,82,11,82,O3,SEDANG,DKI5 Kebon Jeruk
5/18/2016,201605,62,,9,61,56,18,62,PM10,SEDANG,DKI5 Kebon Jeruk
5/19/2016,201605,60,,7,56,109,9,109,O3,TIDAK SEHAT,DKI5 Kebon Jeruk
5/20/2016,201605,62,,8,43,90,10,90,O3,SEDANG,DKI5 Kebon Jeruk
5/21/2016,201605,51,,7,37,81,14,81,O3,SEDANG,DKI5 Kebon Jeruk
5/22/2016,201605,57,,7,53,109,15,109,O3,TIDAK SEHAT,DKI5 Kebon Jeruk
5/23/2016,201605,59,,8,40,99,13,99,O3,SEDANG,DKI5 Kebon Jeruk
5/24/2016,201605,63,,9,55,91,19,91,O3,SEDANG,DKI5 Kebon Jeruk
5/25/2016,201605,44,,9,47,82,13,82,O3,SEDANG,DKI5 Kebon Jeruk
5/26/2016,201605,63,,9,56,53,16,63,PM10,SEDANG,DKI5 Kebon Jeruk
5/27/2016,201605,70,,9,55,73,17,73,O3,SEDANG,DKI5 Kebon Jeruk
5/28/2016,201605,86,,12,67,70,19,86,PM10,SEDANG,DKI5 Kebon Jeruk
5/29/2016,201605,41,,9,39,41,12,41,PM10,BAIK,DKI5 Kebon Jeruk
5/30/2016,201605,55,,13,56,79,14,79,O3,SEDANG,DKI5 Kebon Jeruk
5/31/2016,201605,53,,11,46,101,10,101,O3,TIDAK SEHAT,DKI5 Kebon Jeruk
6/1/2016,201606,63,,11,57,111,14,111,O3,TIDAK SEHAT,DKI5 Kebon Jeruk
6/2/2016,201606,55,,8,81,46,15,81,CO,SEDANG,DKI5 Kebon Jeruk
6/3/2016,201606,32,,8,35,101,11,101,O3,TIDAK SEHAT,DKI5 Kebon Jeruk
6/4/2016,201606,58,,10,61,85,16,85,O3,SEDANG,DKI5 Kebon Jeruk
6/5/2016,201606,74,,8,72,61,15,74,PM10,SEDANG,DKI5 Kebon Jeruk
6/6/2016,201606,78,,9,71,113,13,113,O3,TIDAK SEHAT,DKI5 Kebon Jeruk
6/7/2016,201606,63,,8,65,56,20,65,CO,SEDANG,DKI5 Kebon Jeruk
6/8/2016,201606,37,,8,38,76,10,76,O3,SEDANG,DKI5 Kebon Jeruk
6/9/2016,201606,37,,8,37,42,12,42,O3,BAIK,DKI5 Kebon Jeruk
6/10/2016,201606,63,,10,73,45,26,73,CO,SEDANG,DKI5 Kebon Jeruk
6/11/2016,201606,53,,9,49,60,9,60,O3,SEDANG,DKI5 Kebon Jeruk
6/12/2016,201606,61,,9,58,114,13,114,O3,TIDAK SEHAT,DKI5 Kebon Jeruk
6/12/2016,201612,61,,10,28,34,13,34,O3,BAIK,DKI5 Kebon Jeruk
6/13/2016,201606,59,,8,49,96,12,96,O3,SEDANG,DKI5 Kebon Jeruk
6/14/2016,201606,48,,9,45,85,15,85,O3,SEDANG,DKI5 Kebon Jeruk
6/15/2016,201606,16,,9,47,47,18,47,CO,BAIK,DKI5 Kebon Jeruk
6/16/2016,201606,54,,13,47,43,16,54,PM10,SEDANG,DKI5 Kebon Jeruk
6/17/2016,201606,48,,12,41,44,20,48,PM10,BAIK,DKI5 Kebon Jeruk
6/18/2016,201606,34,,8,44,24,18,44,CO,BAIK,DKI5 Kebon Jeruk
6/19/2016,201606,50,,11,59,99,11,99,O3,SEDANG,DKI5 Kebon Jeruk
6/20/2016,201606,59,,12,65,71,20,71,O3,SEDANG,DKI5 Kebon Jeruk
6/21/2016,201606,60,,10,52,125,24,125,O3,TIDAK SEHAT,DKI5 Kebon Jeruk
6/22/2016,201606,59,,9,37,124,16,124,O3,TIDAK SEHAT,DKI5 Kebon Jeruk
6/23/2016,201606,51,,9,41,72,16,72,O3,SEDANG,DKI5 Kebon Jeruk
6/24/2016,201606,31,,9,49,119,16,119,O3,TIDAK SEHAT,DKI5 Kebon Jeruk
6/25/2016,201606,40.75,,9,65,106,19,106,O3,TIDAK SEHAT,DKI5 Kebon Jeruk
6/26/2016,201606,50.5,,9,59,75,19,75,O3,SEDANG,DKI5 Kebon Jeruk
6/27/2016,201606,60.25,,8,61,48,14,61,CO,SEDANG,DKI5 Kebon Jeruk
6/28/2016,201606,70,,11,51,72,7,72,O3,SEDANG,DKI5 Kebon Jeruk
6/29/2016,201606,66,,10,53,100,5,100,O3,SEDANG,DKI5 Kebon Jeruk
6/30/2016,201606,61,,8,57,67,5,67,O3,SEDANG,DKI5 Kebon Jeruk
7/1/2016,201607,59,,8,68,104,6,104,O3,TIDAK SEHAT,DKI5 Kebon Jeruk
7/2/2016,201607,75,,10,67,96,6,96,O3,SEDANG,DKI5 Kebon Jeruk
7/3/2016,201607,56,,8,48,53,3,56,PM10,SEDANG,DKI5 Kebon Jeruk
7/4/2016,201607,35,,8,49,46,7,49,CO,BAIK,DKI5 Kebon Jeruk
7/5/2016,201607,53,,8,43,53,5,53,PM10,SEDANG,DKI5 Kebon Jeruk
7/6/2016,201607,54,,8,65,51,9,65,CO,SEDANG,DKI5 Kebon Jeruk
7/7/2016,201607,43,,9,32,61,10,61,O3,SEDANG,DKI5 Kebon Jeruk
7/8/2016,201607,35,,9,31,65,13,65,O3,SEDANG,DKI5 Kebon Jeruk
7/9/2016,201607,56,,8,40,73,12,73,O3,SEDANG,DKI5 Kebon Jeruk
7/10/2016,201607,61,,9,42,68,12,68,O3,SEDANG,DKI5 Kebon Jeruk
7/11/2016,201607,64,,9,45,52,11,64,PM10,SEDANG,DKI5 Kebon Jeruk
7/12/2016,201607,42,,8,34,70,6,70,O3,SEDANG,DKI5 Kebon Jeruk
7/12/2016,201612,42,,11,28,42,1,42,O3,BAIK,DKI5 Kebon Jeruk
7/13/2016,201607,62,,8,56,90,10,90,O3,SEDANG,DKI5 Kebon Jeruk
7/14/2016,201607,60,,10,53,73,18,73,O3,SEDANG,DKI5 Kebon Jeruk
7/15/2016,201607,47,,11,34,45,4,47,PM10,BAIK,DKI5 Kebon Jeruk
7/16/2016,201607,49,,9,36,43,5,49,PM10,BAIK,DKI5 Kebon Jeruk
7/17/2016,201607,58,,8,58,63,5,63,O3,SEDANG,DKI5 Kebon Jeruk
7/18/2016,201607,56,,8,55,69,7,69,O3,SEDANG,DKI5 Kebon Jeruk
7/19/2016,201607,54,,11,56,98,21,98,O3,SEDANG,DKI5 Kebon Jeruk
7/20/2016,201607,38,,8,43,81,9,81,O3,SEDANG,DKI5 Kebon Jeruk
7/21/2016,201607,40,,9,45,83,12,83,O3,SEDANG,DKI5 Kebon Jeruk
7/22/2016,201607,48,,9,45,65,12,65,O3,SEDANG,DKI5 Kebon Jeruk
7/23/2016,201607,60,,9,58,82,12,82,O3,SEDANG,DKI5 Kebon Jeruk
7/24/2016,201607,62,,9,59,103,11,103,O3,TIDAK SEHAT,DKI5 Kebon Jeruk
7/25/2016,201607,34,,8,45,89,6,89,O3,SEDANG,DKI5 Kebon Jeruk
7/26/2016,201607,55,,10,42,106,9,106,O3,TIDAK SEHAT,DKI5 Kebon Jeruk
7/27/2016,201607,46,,10,43,110,10,110,O3,TIDAK SEHAT,DKI5 Kebon Jeruk
7/30/2016,201607,55,,8,51,119,9,119,O3,TIDAK SEHAT,DKI5 Kebon Jeruk
7/31/2016,201607,55,,9,36,89,8,89,O3,SEDANG,DKI5 Kebon Jeruk
8/1/2016,201608,57,,10,45,83,10,83,O3,SEDANG,DKI5 Kebon Jeruk
8/1/2016,201609,62,,10,44,79,7,79,O3,SEDANG,DKI5 Kebon Jeruk
8/2/2016,201608,51,,9,38,75,6,75,O3,SEDANG,DKI5 Kebon Jeruk
8/2/2016,201609,58,,9,52,139,7,139,O3,TIDAK SEHAT,DKI5 Kebon Jeruk
8/3/2016,201608,50,,9,41,136,6,136,O3,TIDAK SEHAT,DKI5 Kebon Jeruk
8/3/2016,201609,66,,10,61,94,6,94,O3,SEDANG,DKI5 Kebon Jeruk
8/4/2016,201608,60,,10,49,101,8,101,O3,TIDAK SEHAT,DKI5 Kebon Jeruk
8/4/2016,201609,57,,9,42,69,5,69,O3,SEDANG,DKI5 Kebon Jeruk
8/5/2016,201608,63,,10,47,91,10,91,O3,SEDANG,DKI5 Kebon Jeruk
8/5/2016,201609,51,,10,39,45,5,51,PM10,SEDANG,DKI5 Kebon Jeruk
8/6/2016,201608,69,,10,40,51,7,69,PM10,SEDANG,DKI5 Kebon Jeruk
8/6/2016,201609,64,,11,60,61,6,64,PM10,SEDANG,DKI5 Kebon Jeruk
8/7/2016,201608,56,,9,37,54,7,56,PM10,SEDANG,DKI5 Kebon Jeruk
8/7/2016,201609,53,,9,43,62,7,62,O3,SEDANG,DKI5 Kebon Jeruk
8/8/2016,201608,54,,9,35,77,7,77,O3,SEDANG,DKI5 Kebon Jeruk
8/8/2016,201609,46,,9,36,125,8,125,O3,TIDAK SEHAT,DKI5 Kebon Jeruk
8/9/2016,201608,52,,9,45,56,11,56,O3,SEDANG,DKI5 Kebon Jeruk
8/9/2016,201609,62,,12,45,90,8,90,O3,SEDANG,DKI5 Kebon Jeruk
8/10/2016,201608,54,,9,45,102,13,102,O3,TIDAK SEHAT,DKI5 Kebon Jeruk
8/10/2016,201609,67,,11,52,73,5,73,O3,SEDANG,DKI5 Kebon Jeruk
8/11/2016,201608,62,,9,41,68,13,68,O3,SEDANG,DKI5 Kebon Jeruk
8/11/2016,201609,55,,11,41,74,6,74,O3,SEDANG,DKI5 Kebon Jeruk
8/12/2016,201608,56,,9,41,101,11,101,O3,TIDAK SEHAT,DKI5 Kebon Jeruk
8/12/2016,201609,44,,8,35,52,3,52,O3,SEDANG,DKI5 Kebon Jeruk
8/13/2016,201608,58,,9,38,58,7,58,PM10,SEDANG,DKI5 Kebon Jeruk
8/13/2016,201609,54,,11,43,85,4,85,O3,SEDANG,DKI5 Kebon Jeruk
8/14/2016,201608,46,,9,38,51,8,51,O3,SEDANG,DKI5 Kebon Jeruk
8/14/2016,201609,43,,12,34,79,6,79,O3,SEDANG,DKI5 Kebon Jeruk
8/15/2016,201608,34,,8,45,121,11,121,O3,TIDAK SEHAT,DKI5 Kebon Jeruk
8/15/2016,201609,34,,9,37,131,3,131,O3,TIDAK SEHAT,DKI5 Kebon Jeruk
8/16/2016,201608,58,,13,41,91,9,91,O3,SEDANG,DKI5 Kebon Jeruk
8/16/2016,201609,65,,10,84,74,21,84,CO,SEDANG,DKI5 Kebon Jeruk
8/17/2016,201608,68,,11,69,59,8,69,CO,SEDANG,DKI5 Kebon Jeruk
8/17/2016,201609,59,,10,44,47,5,59,PM10,SEDANG,DKI5 Kebon Jeruk
8/18/2016,201608,50,,9,47,77,10,77,O3,SEDANG,DKI5 Kebon Jeruk
8/18/2016,201609,33,,10,35,81,3,81,O3,SEDANG,DKI5 Kebon Jeruk
8/19/2016,201608,67,,11,46,80,9,80,O3,SEDANG,DKI5 Kebon Jeruk
8/19/2016,201609,57,,8,52,64,7,64,O3,SEDANG,DKI5 Kebon Jeruk
8/20/2016,201608,36,,9,45,60,8,60,O3,SEDANG,DKI5 Kebon Jeruk
8/20/2016,201609,53,,8,63,64,6,64,O3,SEDANG,DKI5 Kebon Jeruk
8/21/2016,201608,44,,10,35,73,8,73,O3,SEDANG,DKI5 Kebon Jeruk
8/21/2016,201609,25,,8,35,30,2,30,O3,BAIK,DKI5 Kebon Jeruk
8/22/2016,201608,52,,11,38,83,10,83,O3,SEDANG,DKI5 Kebon Jeruk
8/22/2016,201609,31,,12,28,49,3,49,O3,BAIK,DKI5 Kebon Jeruk
8/23/2016,201608,39,,10,33,74,7,74,O3,SEDANG,DKI5 Kebon Jeruk
8/23/2016,201609,35,,10,31,48,1,48,O3,BAIK,DKI5 Kebon Jeruk
8/24/2016,201608,43,,10,35,91,9,91,O3,SEDANG,DKI5 Kebon Jeruk
8/24/2016,201609,50,,11,43,48,3,50,PM10,BAIK,DKI5 Kebon Jeruk
8/25/2016,201608,62,,10,62,95,11,95,O3,SEDANG,DKI5 Kebon Jeruk
8/25/2016,201609,45,,9,66,46,3,66,CO,SEDANG,DKI5 Kebon Jeruk
8/26/2016,201608,58,,12,44,103,15,103,O3,TIDAK SEHAT,DKI5 Kebon Jeruk
8/26/2016,201609,29,,9,35,44,2,44,O3,BAIK,DKI5 Kebon Jeruk
8/27/2016,201608,68,,14,58,70,9,70,O3,SEDANG,DKI5 Kebon Jeruk
8/27/2016,201609,60,,12,50,90,8,90,O3,SEDANG,DKI5 Kebon Jeruk
8/28/2016,201608,54,,9,64,50,7,64,CO,SEDANG,DKI5 Kebon Jeruk
8/28/2016,201609,54,,12,40,62,7,62,O3,SEDANG,DKI5 Kebon Jeruk
8/29/2016,201608,80,,10,76,66,11,80,PM10,SEDANG,DKI5 Kebon Jeruk
8/29/2016,201609,25,,9,38,84,4,84,O3,SEDANG,DKI5 Kebon Jeruk
8/30/2016,201608,72,,10,48,96,8,96,O3,SEDANG,DKI5 Kebon Jeruk
8/30/2016,201609,39,,11,45,41,4,45,CO,BAIK,DKI5 Kebon Jeruk
8/31/2016,201608,72,,9,79,57,8,79,CO,SEDANG,DKI5 Kebon Jeruk
9/12/2016,201612,20,,10,28,24,3,28,CO,BAIK,DKI5 Kebon Jeruk
10/1/2016,201610,47,,12,41,41,3,47,PM10,BAIK,DKI5 Kebon Jeruk
10/2/2016,201610,26,,9,31,30,4,31,CO,BAIK,DKI5 Kebon Jeruk
10/3/2016,201610,27,,10,32,137,5,137,O3,TIDAK SEHAT,DKI5 Kebon Jeruk
10/4/2016,201610,59,,11,56,126,6,126,O3,TIDAK SEHAT,DKI5 Kebon Jeruk
10/5/2016,201610,57,,11,52,78,6,78,O3,SEDANG,DKI5 Kebon Jeruk
10/6/2016,201610,48,,10,42,72,4,72,O3,SEDANG,DKI5 Kebon Jeruk
10/7/2016,201610,60,,11,37,91,4,91,O3,SEDANG,DKI5 Kebon Jeruk
10/9/2016,201610,43,,9,41,80,2,80,O3,SEDANG,DKI5 Kebon Jeruk
10/10/2016,201610,43,,10,35,69,2,69,O3,SEDANG,DKI5 Kebon Jeruk
10/10/2016,201610,51,,10,46,82,6,82,O3,SEDANG,DKI5 Kebon Jeruk
10/11/2016,201610,58,,10,56,72,9,72,O3,SEDANG,DKI5 Kebon Jeruk
10/12/2016,201610,62,,10,54,39,8,62,PM10,SEDANG,DKI5 Kebon Jeruk
10/12/2016,201612,62,,9,25,20,3,25,CO,BAIK,DKI5 Kebon Jeruk
10/13/2016,201610,60,,13,45,63,5,63,O3,SEDANG,DKI5 Kebon Jeruk
10/14/2016,201610,57,,9,83,28,4,83,CO,SEDANG,DKI5 Kebon Jeruk
10/15/2016,201610,39,,10,32,54,3,54,O3,SEDANG,DKI5 Kebon Jeruk
10/16/2016,201610,54,,10,44,51,3,54,PM10,SEDANG,DKI5 Kebon Jeruk
10/17/2016,201610,54,,11,42,115,4,115,O3,TIDAK SEHAT,DKI5 Kebon Jeruk
10/18/2016,201610,58,,12,37,115,7,115,O3,TIDAK SEHAT,DKI5 Kebon Jeruk
10/19/2016,201610,54,,11,35,78,3,78,O3,SEDANG,DKI5 Kebon Jeruk
10/20/2016,201610,64,,10,42,95,5,95,O3,SEDANG,DKI5 Kebon Jeruk
10/21/2016,201610,70,,10,42,83,4,83,O3,SEDANG,DKI5 Kebon Jeruk
10/22/2016,201610,74,,10,53,72,5,74,PM10,SEDANG,DKI5 Kebon Jeruk
10/23/2016,201610,31,,8,33,36,4,36,O3,BAIK,DKI5 Kebon Jeruk
10/24/2016,201610,42,,9,50,145,5,145,O3,TIDAK SEHAT,DKI5 Kebon Jeruk
10/25/2016,201610,55,,10,69,56,7,69,CO,SEDANG,DKI5 Kebon Jeruk
10/26/2016,201610,31,,10,39,68,5,68,O3,SEDANG,DKI5 Kebon Jeruk
10/27/2016,201610,44,,11,42,78,5,78,O3,SEDANG,DKI5 Kebon Jeruk
10/28/2016,201610,48,,10,38,66,3,66,O3,SEDANG,DKI5 Kebon Jeruk
10/29/2016,201610,53,,10,63,32,4,63,CO,SEDANG,DKI5 Kebon Jeruk
10/30/2016,201610,46,,10,42,84,3,84,O3,SEDANG,DKI5 Kebon Jeruk
10/31/2016,201610,44,,9,31,68,2,68,O3,SEDANG,DKI5 Kebon Jeruk
11/1/2016,201611,30,,9,30,43,3,43,O3,BAIK,DKI5 Kebon Jeruk
11/2/2016,201611,38,,9,29,30,1,38,PM10,BAIK,DKI5 Kebon Jeruk
11/3/2016,201611,37,,10,33,40,3,40,O3,BAIK,DKI5 Kebon Jeruk
11/4/2016,201611,52,,12,37,105,5,105,O3,TIDAK SEHAT,DKI5 Kebon Jeruk
11/5/2016,201611,63,,11,37,101,6,101,O3,TIDAK SEHAT,DKI5 Kebon Jeruk
11/6/2016,201611,87,,13,65,172,6,172,O3,TIDAK SEHAT,DKI5 Kebon Jeruk
11/7/2016,201611,59,,10,46,136,6,136,O3,TIDAK SEHAT,DKI5 Kebon Jeruk
11/10/2016,201611,47,,13,36,70,4,70,O3,SEDANG,DKI5 Kebon Jeruk
11/11/2016,201611,61,,10,41,61,4,61,PM10,SEDANG,DKI5 Kebon Jeruk
11/11/2016,201611,46,,11,44,109,4,109,O3,TIDAK SEHAT,DKI5 Kebon Jeruk
11/11/2016,201611,49,,11,47,102,5,102,O3,TIDAK SEHAT,DKI5 Kebon Jeruk
11/12/2016,201611,44,,11,60,91,7,91,O3,SEDANG,DKI5 Kebon Jeruk
11/12/2016,201612,44,,9,27,27,5,27,CO,BAIK,DKI5 Kebon Jeruk
11/13/2016,201611,39,,9,36,49,4,49,O3,BAIK,DKI5 Kebon Jeruk
11/14/2016,201611,28,,10,51,74,4,74,O3,SEDANG,DKI5 Kebon Jeruk
11/15/2016,201611,36,,9,48,58,3,58,O3,SEDANG,DKI5 Kebon Jeruk
11/16/2016,201611,28,,10,52,55,3,55,O3,SEDANG,DKI5 Kebon Jeruk
11/17/2016,201611,49,,11,39,78,7,78,O3,SEDANG,DKI5 Kebon Jeruk
11/18/2016,201611,47,,11,43,73,8,73,O3,SEDANG,DKI5 Kebon Jeruk
11/19/2016,201611,12,,10,56,81,5,81,O3,SEDANG,DKI5 Kebon Jeruk
11/20/2016,201611,11,,9,40,63,4,63,O3,SEDANG,DKI5 Kebon Jeruk
11/21/2016,201611,27,,8,40,53,5,53,O3,SEDANG,DKI5 Kebon Jeruk
11/22/2016,201611,26,,10,42,121,4,121,O3,TIDAK SEHAT,DKI5 Kebon Jeruk
11/23/2016,201611,29,,10,31,117,4,117,O3,TIDAK SEHAT,DKI5 Kebon Jeruk
11/24/2016,201611,51,,11,59,65,4,65,O3,SEDANG,DKI5 Kebon Jeruk
11/25/2016,201611,44.66666667,,9,31,32,1,32,O3,BAIK,DKI5 Kebon Jeruk
11/26/2016,201611,38.33333333,,18,39,78,7,78,O3,SEDANG,DKI5 Kebon Jeruk
11/27/2016,201611,32,,11,78,78,6,78,CO,SEDANG,DKI5 Kebon Jeruk
11/28/2016,201611,39,,10,61,46,5,61,CO,SEDANG,DKI5 Kebon Jeruk
11/29/2016,201611,16,,12,32,65,3,65,O3,SEDANG,DKI5 Kebon Jeruk
11/30/2016,201611,26,,21,35,54,4,54,O3,SEDANG,DKI5 Kebon Jeruk
12/12/2016,201612,20.73170732,,14,35,71,4,71,O3,SEDANG,DKI5 Kebon Jeruk
12/12/2016,201612,20.73170732,,10,33,37,6,37,O3,BAIK,DKI5 Kebon Jeruk
1/1/2017,201701,11.95121951,,17,38,54,5,54,O3,SEDANG,DKI5 Kebon Jeruk
1/2/2017,201701,11.51219512,,17,33,44,3,44,O3,BAIK,DKI5 Kebon Jeruk
1/3/2017,201701,11.07317073,,16,31,46,4,46,O3,BAIK,DKI5 Kebon Jeruk
1/4/2017,201701,10.63414634,,16,35,48,5,48,O3,BAIK,DKI5 Kebon Jeruk
1/5/2017,201701,10.19512195,,17,35,35,7,35,CO,BAIK,DKI5 Kebon Jeruk
1/6/2017,201701,9.756097561,,17,34,41,6,41,O3,BAIK,DKI5 Kebon Jeruk
1/7/2017,201701,9.317073171,,17,34,39,5,39,O3,BAIK,DKI5 Kebon Jeruk
1/8/2017,201701,8.87804878,,17,36,37,6,37,O3,BAIK,DKI5 Kebon Jeruk
1/9/2017,201701,8.43902439,,16,34,37,7,37,O3,BAIK,DKI5 Kebon Jeruk
1/10/2017,201701,8,,14,51,43,17,51,CO,SEDANG,DKI5 Kebon Jeruk
1/11/2017,201701,6,,12,43,44,8,44,O3,BAIK,DKI5 Kebon Jeruk
1/12/2017,201701,7,,12,43,35,9,43,CO,BAIK,DKI5 Kebon Jeruk
1/13/2017,201701,8,,11,27,15,3,27,CO,BAIK,DKI5 Kebon Jeruk
1/14/2017,201701,7,,11,23,15,2,23,CO,BAIK,DKI5 Kebon Jeruk
1/15/2017,201701,6,,11,25,27,3,27,O3,BAIK,DKI5 Kebon Jeruk
1/16/2017,201701,2,,11,27,19,3,27,CO,BAIK,DKI5 Kebon Jeruk
1/17/2017,201701,5,,11,26,33,4.5,33,O3,BAIK,DKI5 Kebon Jeruk
1/18/2017,201701,6,,11,25,26,6,26,O3,BAIK,DKI5 Kebon Jeruk
1/19/2017,201701,5,,11,24,16,3,24,CO,BAIK,DKI5 Kebon Jeruk
1/20/2017,201701,7,,11,24,17,4,24,CO,BAIK,DKI5 Kebon Jeruk
1/21/2017,201701,7,,11,25,34,5,34,O3,BAIK,DKI5 Kebon Jeruk
1/22/2017,201701,7,,11,35,33,10,35,CO,BAIK,DKI5 Kebon Jeruk
1/23/2017,201701,6,,11,36,26,9,36,CO,BAIK,DKI5 Kebon Jeruk
1/24/2017,201701,6,,11,30,34,7,34,O3,BAIK,DKI5 Kebon Jeruk
1/25/2017,201701,6,,11,28,23,3,28,CO,BAIK,DKI5 Kebon Jeruk
1/26/2017,201701,6,,11,28,26,7,28,CO,BAIK,DKI5 Kebon Jeruk
1/27/2017,201701,5,,11,29,37,14,37,O3,BAIK,DKI5 Kebon Jeruk
1/28/2017,201701,5,,11,28,42,6,42,O3,BAIK,DKI5 Kebon Jeruk
1/29/2017,201701,6,,11,29,26,13,29,CO,BAIK,DKI5 Kebon Jeruk
1/30/2017,201701,7,,11,28,41,5,41,O3,BAIK,DKI5 Kebon Jeruk
1/31/2017,201701,6,,11,26,42,7,42,O3,BAIK,DKI5 Kebon Jeruk
2/1/2017,201702,6,,11,29,24,11,29,CO,BAIK,DKI5 Kebon Jeruk
2/2/2017,201702,8,,13,27,39,9,39,O3,BAIK,DKI5 Kebon Jeruk
2/3/2017,201702,5,,15,30,29,10,30,CO,BAIK,DKI5 Kebon Jeruk
2/4/2017,201702,6,,13,28,22,5,28,CO,BAIK,DKI5 Kebon Jeruk
2/5/2017,201702,6,,13,26,21,3,26,CO,BAIK,DKI5 Kebon Jeruk
2/6/2017,201702,3,,13,26,16,2,26,CO,BAIK,DKI5 Kebon Jeruk
2/7/2017,201702,7,,15,34,22,8,34,CO,BAIK,DKI5 Kebon Jeruk
2/8/2017,201702,6,,16,30,26,6,30,CO,BAIK,DKI5 Kebon Jeruk
2/9/2017,201702,7,,15,32,17,7,32,CO,BAIK,DKI5 Kebon Jeruk
2/10/2017,201702,4,,17,31,24,7,31,CO,BAIK,DKI5 Kebon Jeruk
2/11/2017,201702,6,,14,36,27,10,36,CO,BAIK,DKI5 Kebon Jeruk
2/12/2017,201702,5,,12,34,28,11,34,CO,BAIK,DKI5 Kebon Jeruk
2/13/2017,201702,6,,13,36,35,13,36,CO,BAIK,DKI5 Kebon Jeruk
2/14/2017,201702,6,,16,47,43,16,47,CO,BAIK,DKI5 Kebon Jeruk
2/15/2017,201702,7,,18,36,54,10,54,O3,SEDANG,DKI5 Kebon Jeruk
2/16/2017,201702,4,,16,29,32,8,32,O3,BAIK,DKI5 Kebon Jeruk
2/17/2017,201702,5,,14,48,32,14,48,CO,BAIK,DKI5 Kebon Jeruk
2/18/2017,201702,7,,15,45,28,13,45,CO,BAIK,DKI5 Kebon Jeruk
2/19/2017,201702,6.5,,13,80,24,10,80,CO,SEDANG,DKI5 Kebon Jeruk
2/20/2017,201702,6,,14,52,20,10,52,CO,SEDANG,DKI5 Kebon Jeruk
2/21/2017,201702,8,,15,70,46,20,70,CO,SEDANG,DKI5 Kebon Jeruk
2/22/2017,201702,7,,25,40,56,15,56,O3,SEDANG,DKI5 Kebon Jeruk
2/23/2017,201702,8,,15,41,113,16,113,O3,TIDAK SEHAT,DKI5 Kebon Jeruk
2/24/2017,201702,7,,14,50,86,15,86,O3,SEDANG,DKI5 Kebon Jeruk
2/25/2017,201702,8,,14,43,66,10,66,O3,SEDANG,DKI5 Kebon Jeruk
2/26/2017,201702,6,,20,44,53,14,53,O3,SEDANG,DKI5 Kebon Jeruk
2/27/2017,201702,6,,13,39,56,8,56,O3,SEDANG,DKI5 Kebon Jeruk
2/28/2017,201702,7,,14,46,52,16,52,O3,SEDANG,DKI5 Kebon Jeruk
3/1/2017,201703,6,,17,41,39,13,41,CO,BAIK,DKI5 Kebon Jeruk
3/2/2017,201703,9,,21,44,57,11,57,O3,SEDANG,DKI5 Kebon Jeruk
3/3/2017,201703,6,,16,54,49,15,54,CO,SEDANG,DKI5 Kebon Jeruk
3/4/2017,201703,5,,19,43,88,12,88,O3,SEDANG,DKI5 Kebon Jeruk
3/5/2017,201703,6,,16,41,56,10,56,O3,SEDANG,DKI5 Kebon Jeruk
3/6/2017,201703,5,,18,38,47,11,47,O3,BAIK,DKI5 Kebon Jeruk
3/7/2017,201703,4,,18,37,44,15,44,O3,BAIK,DKI5 Kebon Jeruk
3/8/2017,201703,5,,15,40,71,16,71,O3,SEDANG,DKI5 Kebon Jeruk
3/9/2017,201703,5,,16,34,87,10,87,O3,SEDANG,DKI5 Kebon Jeruk
3/10/2017,201703,6,,17,51,58,22,58,O3,SEDANG,DKI5 Kebon Jeruk
3/11/2017,201703,7,,17,45,74,18,74,O3,SEDANG,DKI5 Kebon Jeruk
3/12/2017,201703,6,,15,48,52,15,52,O3,SEDANG,DKI5 Kebon Jeruk
3/13/2017,201703,5,,14,35,53,10,53,O3,SEDANG,DKI5 Kebon Jeruk
3/14/2017,201703,52,,28,33,46,9,52,PM10,SEDANG,DKI5 Kebon Jeruk
3/15/2017,201703,36,,15,34,24,6,36,PM10,BAIK,DKI5 Kebon Jeruk
3/16/2017,201703,30,,16,31,88,8,88,O3,SEDANG,DKI5 Kebon Jeruk
3/17/2017,201703,61,,18,40,99,13,99,O3,SEDANG,DKI5 Kebon Jeruk
3/18/2017,201703,48,,14,51,37,22,51,CO,SEDANG,DKI5 Kebon Jeruk
3/19/2017,201703,48,,17,46,42,10,48,PM10,BAIK,DKI5 Kebon Jeruk
3/20/2017,201703,34,,14,44,23,14.33333333,34,PM10,BAIK,DKI5 Kebon Jeruk
3/21/2017,201703,44,,20,42,22,18.66666667,44,PM10,BAIK,DKI5 Kebon Jeruk
3/22/2017,201703,27,,15,40,33,23,40,CO,BAIK,DKI5 Kebon Jeruk
3/23/2017,201703,25,,13,46,33,24,46,CO,BAIK,DKI5 Kebon Jeruk
3/24/2017,201703,74,,18,93,89,15,93,CO,SEDANG,DKI5 Kebon Jeruk
3/25/2017,201703,56,,16,39,43,15,56,PM10,SEDANG,DKI5 Kebon Jeruk
3/26/2017,201703,62,,16,61,41,11,62,PM10,SEDANG,DKI5 Kebon Jeruk
3/27/2017,201703,42,,17,39,50,15,50,O3,BAIK,DKI5 Kebon Jeruk
3/28/2017,201703,61,,17,68,50,11,68,CO,SEDANG,DKI5 Kebon Jeruk
3/29/2017,201703,49,,15,53,46,9,53,CO,SEDANG,DKI5 Kebon Jeruk
3/30/2017,201703,30,,15,32,19,7,32,CO,BAIK,DKI5 Kebon Jeruk
3/31/2017,201703,18,,16,26,17,5,26,CO,BAIK,DKI5 Kebon Jeruk
4/1/2017,201704,33,,16,28,70,9,70,O3,SEDANG,DKI5 Kebon Jeruk
4/2/2017,201704,42,,14,45,63,16,63,O3,SEDANG,DKI5 Kebon Jeruk
4/3/2017,201704,24,,15,37,53,10,53,O3,SEDANG,DKI5 Kebon Jeruk
4/4/2017,201704,30,,14,41,62,12,62,O3,SEDANG,DKI5 Kebon Jeruk
4/5/2017,201704,32,,14,38,38,12,38,CO,BAIK,DKI5 Kebon Jeruk
4/6/2017,201704,14,,15,26,17,5,26,CO,BAIK,DKI5 Kebon Jeruk
4/7/2017,201704,20,,16,21.5,30,4.5,30,O3,BAIK,DKI5 Kebon Jeruk
4/8/2017,201704,17,,14,17,17,4,17,PM10,BAIK,DKI5 Kebon Jeruk
4/9/2017,201704,21,,14,21,31,5,31,O3,BAIK,DKI5 Kebon Jeruk
4/10/2017,201704,50,,15,42,44,11,50,PM10,BAIK,DKI5 Kebon Jeruk
4/11/2017,201704,45,,14,43.66666667,68,11,68,O3,SEDANG,DKI5 Kebon Jeruk
4/12/2017,201704,34,,13,45.33333333,66,12.5,66,O3,SEDANG,DKI5 Kebon Jeruk
4/13/2017,201704,39,,14,47,71,14,71,O3,SEDANG,DKI5 Kebon Jeruk
4/14/2017,201704,53,,14,33,65,21,65,O3,SEDANG,DKI5 Kebon Jeruk
4/15/2017,201704,52,,16,36,63,11,63,O3,SEDANG,DKI5 Kebon Jeruk
4/16/2017,201704,56,,15,53,72,13,72,O3,SEDANG,DKI5 Kebon Jeruk
4/17/2017,201704,66,,17,56,89,14,89,O3,SEDANG,DKI5 Kebon Jeruk
4/18/2017,201704,77,,18,62,104,22,104,O3,TIDAK SEHAT,DKI5 Kebon Jeruk
4/19/2017,201704,63,,18,60,139,16,139,O3,TIDAK SEHAT,DKI5 Kebon Jeruk
4/20/2017,201704,55,,17,57,63,16,63,O3,SEDANG,DKI5 Kebon Jeruk
4/21/2017,201704,62,,16,38,127,11,127,O3,TIDAK SEHAT,DKI5 Kebon Jeruk
4/22/2017,201704,64,,14,57,64,16,64,PM10,SEDANG,DKI5 Kebon Jeruk
4/23/2017,201704,45,,16,61,93,14,93,O3,SEDANG,DKI5 Kebon Jeruk
4/24/2017,201704,44,,17,39,57,9,57,O3,SEDANG,DKI5 Kebon Jeruk
4/25/2017,201704,60,,15,70,57,18,70,CO,SEDANG,DKI5 Kebon Jeruk
4/26/2017,201704,32,,15,11,57,11,57,O3,SEDANG,DKI5 Kebon Jeruk
4/27/2017,201704,53,,16,7.666666667,78,9.666666667,78,O3,SEDANG,DKI5 Kebon Jeruk
4/28/2017,201704,51,,15,4.333333333,54,8.333333333,54,O3,SEDANG,DKI5 Kebon Jeruk
4/29/2017,201704,45,,15,1,61,7,45,PM10,BAIK,DKI5 Kebon Jeruk
4/30/2017,201704,50,,16,1,68,9,68,O3,SEDANG,DKI5 Kebon Jeruk
5/1/2017,201705,55,,17,1,104,15,104,O3,TIDAK SEHAT,DKI5 Kebon Jeruk
5/2/2017,201705,50,,14,1,71,12,71,O3,SEDANG,DKI5 Kebon Jeruk
5/3/2017,201705,59,,17,1,102,16,102,O3,TIDAK SEHAT,DKI5 Kebon Jeruk
5/4/2017,201705,52,,14,1,96,11,96,O3,SEDANG,DKI5 Kebon Jeruk
5/5/2017,201705,51,,16,1,61,13,61,O3,SEDANG,DKI5 Kebon Jeruk
5/6/2017,201705,50,,18,1,44,16,50,PM10,BAIK,DKI5 Kebon Jeruk
5/7/2017,201705,46,,14,1,70,15,70,O3,SEDANG,DKI5 Kebon Jeruk
5/8/2017,201705,52,,15,1,63,20,63,O3,SEDANG,DKI5 Kebon Jeruk
5/9/2017,201705,60,,16,1,54,20,60,PM10,SEDANG,DKI5 Kebon Jeruk
5/10/2017,201705,64,,16,8,31,17,64,PM10,SEDANG,DKI5 Kebon Jeruk
5/11/2017,201705,66,,17,50,90,20,90,O3,SEDANG,DKI5 Kebon Jeruk
5/12/2017,201705,84,,18,50,95,19,95,O3,SEDANG,DKI5 Kebon Jeruk
5/13/2017,201705,56,,17,39,80,14,80,O3,SEDANG,DKI5 Kebon Jeruk
5/14/2017,201705,58,,18,38,76,13,76,O3,SEDANG,DKI5 Kebon Jeruk
5/15/2017,201705,67,,20,41,93,14,93,O3,SEDANG,DKI5 Kebon Jeruk
5/16/2017,201705,70,,17,41,105,14,105,O3,TIDAK SEHAT,DKI5 Kebon Jeruk
5/17/2017,201705,73,,17,46,90,19,90,O3,SEDANG,DKI5 Kebon Jeruk
5/18/2017,201705,52,,17,37,124,13,124,O3,TIDAK SEHAT,DKI5 Kebon Jeruk
5/19/2017,201705,69,,18,61,126,18,126,O3,TIDAK SEHAT,DKI5 Kebon Jeruk
5/20/2017,201705,70,,19,49,85,17,85,O3,SEDANG,DKI5 Kebon Jeruk
5/21/2017,201705,53,,16,33,71,11,71,O3,SEDANG,DKI5 Kebon Jeruk
5/22/2017,201705,53,,19,36,58,13,58,O3,SEDANG,DKI5 Kebon Jeruk
5/23/2017,201705,52,,18,36,109,15,109,O3,TIDAK SEHAT,DKI5 Kebon Jeruk
5/24/2017,201705,61,,20,40,96,16,96,O3,SEDANG,DKI5 Kebon Jeruk
5/25/2017,201705,64,,16,38,83,17,83,O3,SEDANG,DKI5 Kebon Jeruk
5/26/2017,201705,68,,18,46,123,14,123,O3,TIDAK SEHAT,DKI5 Kebon Jeruk
5/27/2017,201705,73,,20,44,118,18,118,O3,TIDAK SEHAT,DKI5 Kebon Jeruk
5/28/2017,201705,55,,20,33,72,13,72,O3,SEDANG,DKI5 Kebon Jeruk
5/29/2017,201705,55,,18,34,40,10,55,PM10,SEDANG,DKI5 Kebon Jeruk
5/30/2017,201705,52,,22,40,37,15,52,PM10,SEDANG,DKI5 Kebon Jeruk
5/31/2017,201705,37,,21,31,31,15,37,PM10,BAIK,DKI5 Kebon Jeruk
6/1/2017,201706,23,,15,29,24,7,29,CO,BAIK,DKI5 Kebon Jeruk
6/2/2017,201706,50,,18,43,73,10,73,O3,SEDANG,DKI5 Kebon Jeruk
6/3/2017,201706,59,,20,43,85,11,85,O3,SEDANG,DKI5 Kebon Jeruk
6/4/2017,201706,61,,16,41,87,14,87,O3,SEDANG,DKI5 Kebon Jeruk
6/5/2017,201706,60,,17,45,76,16,76,O3,SEDANG,DKI5 Kebon Jeruk
6/6/2017,201706,36,,16,37,76,15,76,O3,SEDANG,DKI5 Kebon Jeruk
6/7/2017,201706,42,,22,36,43,14,43,O3,BAIK,DKI5 Kebon Jeruk
6/8/2017,201706,44,,24,32,32,16,44,PM10,BAIK,DKI5 Kebon Jeruk
6/9/2017,201706,45,,22,32,54,16,54,O3,SEDANG,DKI5 Kebon Jeruk
6/10/2017,201706,53,,20,38,82,16,82,O3,SEDANG,DKI5 Kebon Jeruk
6/11/2017,201706,58,,17,41,67,15,67,O3,SEDANG,DKI5 Kebon Jeruk
6/12/2017,201706,45,,17,33,60,10,60,O3,SEDANG,DKI5 Kebon Jeruk
6/13/2017,201706,60,,18,46,90,17,90,O3,SEDANG,DKI5 Kebon Jeruk
6/14/2017,201706,48,,17,34,61,14,61,O3,SEDANG,DKI5 Kebon Jeruk
6/15/2017,201706,54,,20,35,62,13,62,O3,SEDANG,DKI5 Kebon Jeruk
6/16/2017,201706,51,,20,38,29,15,51,PM10,SEDANG,DKI5 Kebon Jeruk
6/17/2017,201706,44,,21,31,65,16,65,O3,SEDANG,DKI5 Kebon Jeruk
6/18/2017,201706,50,,16,38,61,14,61,O3,SEDANG,DKI5 Kebon Jeruk
6/19/2017,201706,42,,17,35,69,15,69,O3,SEDANG,DKI5 Kebon Jeruk
6/20/2017,201706,48,,20,37,90,14,90,O3,SEDANG,DKI5 Kebon Jeruk
6/21/2017,201706,61,,20,51,60,15,61,PM10,SEDANG,DKI5 Kebon Jeruk
6/22/2017,201706,84,,19,73,47,22,84,PM10,SEDANG,DKI5 Kebon Jeruk
6/23/2017,201706,70,,20,47,54,17,70,PM10,SEDANG,DKI5 Kebon Jeruk
6/24/2017,201706,52,,18,33,36,9,52,PM10,SEDANG,DKI5 Kebon Jeruk
6/25/2017,201706,54,,18,56,35,8,56,CO,SEDANG,DKI5 Kebon Jeruk
6/26/2017,201706,15,,16,26,35,4,35,O3,BAIK,DKI5 Kebon Jeruk
6/27/2017,201706,13,,15,24,44,5,44,O3,BAIK,DKI5 Kebon Jeruk
6/28/2017,201706,39,,17,53,45,14,53,CO,SEDANG,DKI5 Kebon Jeruk
6/29/2017,201706,27,,16,30,59,10,59,O3,SEDANG,DKI5 Kebon Jeruk
6/30/2017,201706,20,,15,25,50,6,50,O3,BAIK,DKI5 Kebon Jeruk
7/1/2017,201707,28,,18,42,48,12,48,O3,BAIK,DKI5 Kebon Jeruk
7/2/2017,201707,41,,19,28,45,9,45,O3,BAIK,DKI5 Kebon Jeruk
7/3/2017,201707,31,,18,28,44,9,44,O3,BAIK,DKI5 Kebon Jeruk
7/4/2017,201707,39,,18,31,64,10,64,O3,SEDANG,DKI5 Kebon Jeruk
7/5/2017,201707,51,,18,29,86,14,86,O3,SEDANG,DKI5 Kebon Jeruk
7/6/2017,201707,53,,17,33,93,15,93,O3,SEDANG,DKI5 Kebon Jeruk
7/7/2017,201707,65,,22,45,121,18,121,O3,TIDAK SEHAT,DKI5 Kebon Jeruk
7/8/2017,201707,79,,19,70,103,25,103,O3,TIDAK SEHAT,DKI5 Kebon Jeruk
7/9/2017,201707,51,,18,33,93,11,93,O3,SEDANG,DKI5 Kebon Jeruk
7/10/2017,201707,29,,17,33,58,10,58,O3,SEDANG,DKI5 Kebon Jeruk
7/11/2017,201707,45,,18,35,74.33333333,12.66666667,45,PM10,BAIK,DKI5 Kebon Jeruk
7/12/2017,201707,38,,19,37,90.66666667,15.33333333,38,PM10,BAIK,DKI5 Kebon Jeruk
7/13/2017,201707,52,,20,39,107,18,107,O3,TIDAK SEHAT,DKI5 Kebon Jeruk
7/14/2017,201707,59,,23,39,94,15,94,O3,SEDANG,DKI5 Kebon Jeruk
7/15/2017,201707,67,,20,52,46,19,67,PM10,SEDANG,DKI5 Kebon Jeruk
7/16/2017,201707,60,,20,44,69,19,69,O3,SEDANG,DKI5 Kebon Jeruk
7/17/2017,201707,51,,19,35,109,10,109,O3,TIDAK SEHAT,DKI5 Kebon Jeruk
7/18/2017,201707,72,,20,48,87,20,87,O3,SEDANG,DKI5 Kebon Jeruk
7/19/2017,201707,69,,25,41,153,15,153,O3,TIDAK SEHAT,DKI5 Kebon Jeruk
7/20/2017,201707,57,,19,39,86,19,86,O3,SEDANG,DKI5 Kebon Jeruk
7/21/2017,201707,44,,16,32,98,12,98,O3,SEDANG,DKI5 Kebon Jeruk
7/22/2017,201707,52,,18,39,94,19,94,O3,SEDANG,DKI5 Kebon Jeruk
7/23/2017,201707,50,,17,33,77,14,77,O3,SEDANG,DKI5 Kebon Jeruk
7/24/2017,201707,50,,16,40,94,16,94,O3,SEDANG,DKI5 Kebon Jeruk
7/25/2017,201707,50,,18,35,75,17,75,O3,SEDANG,DKI5 Kebon Jeruk
7/26/2017,201707,48,,21,42,60,18,60,O3,SEDANG,DKI5 Kebon Jeruk
7/27/2017,201707,55,,19,38,118,15,118,O3,TIDAK SEHAT,DKI5 Kebon Jeruk
7/28/2017,201707,53,,19,35,90,12,90,O3,SEDANG,DKI5 Kebon Jeruk
7/29/2017,201707,32,,17,31,56,10,56,O3,SEDANG,DKI5 Kebon Jeruk
7/30/2017,201707,42,,17,38,88,14,88,O3,SEDANG,DKI5 Kebon Jeruk
7/31/2017,201707,41,,17,32,77,9,77,O3,SEDANG,DKI5 Kebon Jeruk
8/1/2017,201708,52,,18,34,71,18,71,O3,SEDANG,DKI5 Kebon Jeruk
8/2/2017,201708,34,,19,35,57,16,57,O3,SEDANG,DKI5 Kebon Jeruk
8/3/2017,201708,36,,19,33,107,14,107,O3,TIDAK SEHAT,DKI5 Kebon Jeruk
8/4/2017,201708,52,,20,35,85,12,85,O3,SEDANG,DKI5 Kebon Jeruk
8/5/2017,201708,62,,21,37,69,10,69,O3,SEDANG,DKI5 Kebon Jeruk
8/6/2017,201708,61,,20,39,60,8,61,PM10,SEDANG,DKI5 Kebon Jeruk
8/7/2017,201708,72,,22,40,49,11,72,PM10,SEDANG,DKI5 Kebon Jeruk
8/8/2017,201708,59,,22,38,89,15,89,O3,SEDANG,DKI5 Kebon Jeruk
8/9/2017,201708,63,,18,39,97,9,97,O3,SEDANG,DKI5 Kebon Jeruk
8/10/2017,201708,49,,17,32,73,9,73,O3,SEDANG,DKI5 Kebon Jeruk
8/11/2017,201708,59,,18,31,81,9,81,O3,SEDANG,DKI5 Kebon Jeruk
8/12/2017,201708,61,,22,33,63,9,63,O3,SEDANG,DKI5 Kebon Jeruk
8/13/2017,201708,59,,18,28,45,7,59,PM10,SEDANG,DKI5 Kebon Jeruk
8/14/2017,201708,68,,17,35,112,10,112,O3,TIDAK SEHAT,DKI5 Kebon Jeruk
8/15/2017,201708,69,,19,38,108,9,108,O3,TIDAK SEHAT,DKI5 Kebon Jeruk
8/16/2017,201708,57,,20,34,87,6,87,O3,SEDANG,DKI5 Kebon Jeruk
8/17/2017,201708,47,,20,35,98,7,98,O3,SEDANG,DKI5 Kebon Jeruk
8/18/2017,201708,54,,23,34,86,7,86,O3,SEDANG,DKI5 Kebon Jeruk
8/19/2017,201708,53,,20,31,59,4,59,O3,SEDANG,DKI5 Kebon Jeruk
8/20/2017,201708,47,,18,30,88,4,88,O3,SEDANG,DKI5 Kebon Jeruk
8/21/2017,201708,54,,22,32,76,8,76,O3,SEDANG,DKI5 Kebon Jeruk
8/22/2017,201708,61,,21,42,102,9,102,O3,TIDAK SEHAT,DKI5 Kebon Jeruk
8/23/2017,201708,75,,22,42,98,10,98,O3,SEDANG,DKI5 Kebon Jeruk
8/24/2017,201708,61,,19,37,60,9,61,PM10,SEDANG,DKI5 Kebon Jeruk
8/25/2017,201708,47,,19,31,61,4,61,O3,SEDANG,DKI5 Kebon Jeruk
8/26/2017,201708,57,,25,37,50,9,57,PM10,SEDANG,DKI5 Kebon Jeruk
8/27/2017,201708,58,,21,37,42,6,58,PM10,SEDANG,DKI5 Kebon Jeruk
8/28/2017,201708,59,,20,35,41,7,59,PM10,SEDANG,DKI5 Kebon Jeruk
8/29/2017,201708,59,,22,36,131,8,131,O3,TIDAK SEHAT,DKI5 Kebon Jeruk
8/30/2017,201708,57,,19,34,60,16,60,O3,SEDANG,DKI5 Kebon Jeruk
8/31/2017,201708,54,,19,31,64,11,64,O3,SEDANG,DKI5 Kebon Jeruk
9/1/2017,201709,53,,19,27,74,6,74,O3,SEDANG,DKI5 Kebon Jeruk
9/2/2017,201709,58,,20,29,87,4,87,O3,SEDANG,DKI5 Kebon Jeruk
9/3/2017,201709,66,,20,39,73,7,73,O3,SEDANG,DKI5 Kebon Jeruk
9/4/2017,201709,62,,20,35,147,7,147,O3,TIDAK SEHAT,DKI5 Kebon Jeruk
9/5/2017,201709,61,,19,37,75,8.5,75,O3,SEDANG,DKI5 Kebon Jeruk
9/6/2017,201709,54,,18,39,62,10,62,O3,SEDANG,DKI5 Kebon Jeruk
9/7/2017,201709,55.5,,21,37,45,12,45,O3,BAIK,DKI5 Kebon Jeruk
9/8/2017,201709,57,,22,26,64,8,64,O3,SEDANG,DKI5 Kebon Jeruk
9/9/2017,201709,57,,23,34,71,10,71,O3,SEDANG,DKI5 Kebon Jeruk
9/10/2017,201709,52,,18,27,84,4,84,O3,SEDANG,DKI5 Kebon Jeruk
9/11/2017,201709,53,,18,29,95,9,95,O3,SEDANG,DKI5 Kebon Jeruk
9/12/2017,201709,56,,17,37,77,8,77,O3,SEDANG,DKI5 Kebon Jeruk
9/13/2017,201709,54,,19,30,100,9,100,O3,SEDANG,DKI5 Kebon Jeruk
9/14/2017,201709,59.5,,22,36,119,9,119,O3,TIDAK SEHAT,DKI5 Kebon Jeruk
9/15/2017,201709,65,,21,31,93,10,93,O3,SEDANG,DKI5 Kebon Jeruk
9/16/2017,201709,61,,20,24,73,6,73,O3,SEDANG,DKI5 Kebon Jeruk
9/17/2017,201709,57,,19,26,78,8,78,O3,SEDANG,DKI5 Kebon Jeruk
9/18/2017,201709,55,,21,25,46,9,55,PM10,SEDANG,DKI5 Kebon Jeruk
9/19/2017,201709,52,,20,22,77,7,77,O3,SEDANG,DKI5 Kebon Jeruk
9/20/2017,201709,52,,18,28,72,8,72,O3,SEDANG,DKI5 Kebon Jeruk
9/21/2017,201709,56.5,,18,25,60,11,60,O3,SEDANG,DKI5 Kebon Jeruk
9/22/2017,201709,61,,20,26,148,6,148,O3,TIDAK SEHAT,DKI5 Kebon Jeruk
9/23/2017,201709,61.2,,21,31,121,11,121,O3,TIDAK SEHAT,DKI5 Kebon Jeruk
9/24/2017,201709,61.4,,20,26,86,6,86,O3,SEDANG,DKI5 Kebon Jeruk
9/25/2017,201709,61.6,,20,25,85,7,85,O3,SEDANG,DKI5 Kebon Jeruk
9/26/2017,201709,61.8,,19,30,52,9,52,O3,SEDANG,DKI5 Kebon Jeruk
9/27/2017,201709,62,,18,27,30,6,62,PM10,SEDANG,DKI5 Kebon Jeruk
9/28/2017,201709,58,,18,52,117,14,117,O3,TIDAK SEHAT,DKI5 Kebon Jeruk
9/29/2017,201709,59,,22,39,89,13,89,O3,SEDANG,DKI5 Kebon Jeruk
9/30/2017,201709,48,,19,39,61,12,61,O3,SEDANG,DKI5 Kebon Jeruk
10/1/2017,201710,43,,18,34,47,4,47,O3,BAIK,DKI5 Kebon Jeruk
10/2/2017,201710,43,,18,47,57,13,57,O3,SEDANG,DKI5 Kebon Jeruk
10/3/2017,201710,45,,17,43,66,14,66,O3,SEDANG,DKI5 Kebon Jeruk
10/4/2017,201710,53,,19,41,78,10,78,O3,SEDANG,DKI5 Kebon Jeruk
10/5/2017,201710,52.86111111,,19,40,56,9,56,O3,SEDANG,DKI5 Kebon Jeruk
10/6/2017,201710,52.72222222,,21,40,51,9,51,O3,SEDANG,DKI5 Kebon Jeruk
10/7/2017,201710,52.58333333,,18,39,99,7,99,O3,SEDANG,DKI5 Kebon Jeruk
10/8/2017,201710,52.44444444,,18,38.5,64,6.5,64,O3,SEDANG,DKI5 Kebon Jeruk
10/9/2017,201710,52.30555556,,18,38,79,6,79,O3,SEDANG,DKI5 Kebon Jeruk
10/10/2017,201710,52.16666667,,18,40,65,11,65,O3,SEDANG,DKI5 Kebon Jeruk
10/11/2017,201710,52.02777778,,19,40,107,8,107,O3,TIDAK SEHAT,DKI5 Kebon Jeruk
10/12/2017,201710,51.88888889,,18,39,103,8,103,O3,TIDAK SEHAT,DKI5 Kebon Jeruk
10/13/2017,201710,51.75,,18,39,131,10,131,O3,TIDAK SEHAT,DKI5 Kebon Jeruk
10/14/2017,201710,51.61111111,,18,32,86,5,86,O3,SEDANG,DKI5 Kebon Jeruk
10/15/2017,201710,51.47222222,,20,30,103,4,103,O3,TIDAK SEHAT,DKI5 Kebon Jeruk
10/16/2017,201710,51.33333333,,21,31,54,5,54,O3,SEDANG,DKI5 Kebon Jeruk
10/17/2017,201710,51.19444444,,21,47,88,11,88,O3,SEDANG,DKI5 Kebon Jeruk
10/18/2017,201710,51.05555556,,21,31,123,7,123,O3,TIDAK SEHAT,DKI5 Kebon Jeruk
10/19/2017,201710,50.91666667,,19,44,75,13,75,O3,SEDANG,DKI5 Kebon Jeruk
10/20/2017,201710,50.77777778,,18,43,168,9,168,O3,TIDAK SEHAT,DKI5 Kebon Jeruk
10/21/2017,201710,50.63888889,,20,53,128,14,128,O3,TIDAK SEHAT,DKI5 Kebon Jeruk
10/22/2017,201710,50.5,,18,39,86,8,86,O3,SEDANG,DKI5 Kebon Jeruk
10/23/2017,201710,50.36111111,,20,37,89,7,89,O3,SEDANG,DKI5 Kebon Jeruk
10/24/2017,201710,50.22222222,,19,49,61,14,61,O3,SEDANG,DKI5 Kebon Jeruk
10/25/2017,201710,50.08333333,,19,38,67,8,67,O3,SEDANG,DKI5 Kebon Jeruk
10/26/2017,201710,49.94444444,,20,32,43,6,43,O3,BAIK,DKI5 Kebon Jeruk
10/27/2017,201710,49.80555556,,22,33,126,13,126,O3,TIDAK SEHAT,DKI5 Kebon Jeruk
10/28/2017,201710,49.66666667,,19,37,87,9,87,O3,SEDANG,DKI5 Kebon Jeruk
10/29/2017,201710,49.52777778,,19,52,90,11,90,O3,SEDANG,DKI5 Kebon Jeruk
10/30/2017,201710,49.38888889,,19,39,95,7,95,O3,SEDANG,DKI5 Kebon Jeruk
10/31/2017,201710,49.25,,18,32,89,5,89,O3,SEDANG,DKI5 Kebon Jeruk
11/1/2017,201711,49.11111111,,22,33,144,7,144,O3,TIDAK SEHAT,DKI5 Kebon Jeruk
11/2/2017,201711,48.97222222,,22,37,122,10,122,O3,TIDAK SEHAT,DKI5 Kebon Jeruk
11/3/2017,201711,48.83333333,,21,32,160,8,160,O3,TIDAK SEHAT,DKI5 Kebon Jeruk
11/4/2017,201711,48.69444444,,19,34,91,6,91,O3,SEDANG,DKI5 Kebon Jeruk
11/5/2017,201711,48.55555556,,18,43,81,10,81,O3,SEDANG,DKI5 Kebon Jeruk
11/6/2017,201711,48.41666667,,18,32,62,8,62,O3,SEDANG,DKI5 Kebon Jeruk
11/7/2017,201711,48.27777778,,18,31,40,11,40,O3,BAIK,DKI5 Kebon Jeruk
11/8/2017,201711,48.13888889,,19,47,65,17,65,O3,SEDANG,DKI5 Kebon Jeruk
11/9/2017,201711,48,,21,34,58,8,58,O3,SEDANG,DKI5 Kebon Jeruk
11/10/2017,201711,40,,20,45,100,13,100,O3,SEDANG,DKI5 Kebon Jeruk
11/11/2017,201711,39.66666667,,21,35,125,10,125,O3,TIDAK SEHAT,DKI5 Kebon Jeruk
11/12/2017,201711,39.33333333,,19,33,75,6,75,O3,SEDANG,DKI5 Kebon Jeruk
11/13/2017,201711,39,,18,37,62,8,62,O3,SEDANG,DKI5 Kebon Jeruk
11/14/2017,201711,58,,18,42,93,13,93,O3,SEDANG,DKI5 Kebon Jeruk
11/15/2017,201711,47,,20,32,98,11,98,O3,SEDANG,DKI5 Kebon Jeruk
11/16/2017,201711,59,,23,30,103,9,103,O3,TIDAK SEHAT,DKI5 Kebon Jeruk
11/17/2017,201711,57,,19,57,84,25,84,O3,SEDANG,DKI5 Kebon Jeruk
11/18/2017,201711,53,,21,31,110,10,110,O3,TIDAK SEHAT,DKI5 Kebon Jeruk
11/19/2017,201711,56,,18,36,85,8,85,O3,SEDANG,DKI5 Kebon Jeruk
11/20/2017,201711,52,,19,34,96,12,96,O3,SEDANG,DKI5 Kebon Jeruk
11/21/2017,201711,51,,19,35,153,6,153,O3,TIDAK SEHAT,DKI5 Kebon Jeruk
11/22/2017,201711,56,,20,41,83,11,83,O3,SEDANG,DKI5 Kebon Jeruk
11/23/2017,201711,53,,19,48,62,12,62,O3,SEDANG,DKI5 Kebon Jeruk
11/24/2017,201711,26,,18,29,23,3,29,CO,BAIK,DKI5 Kebon Jeruk
11/25/2017,201711,29,,19,30,24,5,30,CO,BAIK,DKI5 Kebon Jeruk
11/26/2017,201711,16,,20,25,25,2,25,CO,BAIK,DKI5 Kebon Jeruk
11/27/2017,201711,13,,17,26,24,3,26,CO,BAIK,DKI5 Kebon Jeruk
11/28/2017,201711,17,,17,26,22,3,26,CO,BAIK,DKI5 Kebon Jeruk
11/29/2017,201711,17,,18,25,36,6.5,36,O3,BAIK,DKI5 Kebon Jeruk
11/30/2017,201711,25,,20,32,43,10,43,O3,BAIK,DKI5 Kebon Jeruk
12/1/2017,201712,14,,20,23,19,7.5,23,CO,BAIK,DKI5 Kebon Jeruk
12/2/2017,201712,26,,19,30,19,5,30,CO,BAIK,DKI5 Kebon Jeruk
12/3/2017,201712,33,,18,31,26,3,33,PM10,BAIK,DKI5 Kebon Jeruk
12/4/2017,201712,19,,19,25,30,3.5,30,O3,BAIK,DKI5 Kebon Jeruk
12/5/2017,201712,28,,18,27,27,4,28,PM10,BAIK,DKI5 Kebon Jeruk
12/6/2017,201712,31,,19,29,49,6,49,O3,BAIK,DKI5 Kebon Jeruk
12/7/2017,201712,32,,22,29,52,7,52,O3,SEDANG,DKI5 Kebon Jeruk
12/8/2017,201712,23,,22,27,46,4,46,O3,BAIK,DKI5 Kebon Jeruk
12/9/2017,201712,25,,20,29,39,5,39,O3,BAIK,DKI5 Kebon Jeruk
12/10/2017,201712,14,,18,25,22,2,25,CO,BAIK,DKI5 Kebon Jeruk
12/11/2017,201712,24,,19,27,29,3,29,O3,BAIK,DKI5 Kebon Jeruk
12/12/2017,201712,20,,18,36,29,9,36,CO,BAIK,DKI5 Kebon Jeruk
12/13/2017,201712,19,,18,38,19,10,38,CO,BAIK,DKI5 Kebon Jeruk
12/14/2017,201712,22,,20,28,37,4,37,O3,BAIK,DKI5 Kebon Jeruk
12/15/2017,201712,26,,19,27,30,3,30,O3,BAIK,DKI5 Kebon Jeruk
12/16/2017,201712,46,,25,38,25,10,46,PM10,BAIK,DKI5 Kebon Jeruk
12/17/2017,201712,28,,20,31,25,11,31,CO,BAIK,DKI5 Kebon Jeruk
12/18/2017,201712,30,,23,30,26,8,30,PM10,BAIK,DKI5 Kebon Jeruk
12/19/2017,201712,27,,19,27,33,6,33,O3,BAIK,DKI5 Kebon Jeruk
12/20/2017,201712,37,,20,31,32,9,37,PM10,BAIK,DKI5 Kebon Jeruk
12/21/2017,201712,37,,20,28,35,9,37,PM10,BAIK,DKI5 Kebon Jeruk
12/22/2017,201712,27,,20,37,35,10,37,CO,BAIK,DKI5 Kebon Jeruk
12/23/2017,201712,31,,21,27,32,9,32,O3,BAIK,DKI5 Kebon Jeruk
12/24/2017,201712,28,,22,29,24,5,29,CO,BAIK,DKI5 Kebon Jeruk
12/25/2017,201712,18,,18,26,19,4.666666667,26,CO,BAIK,DKI5 Kebon Jeruk
12/26/2017,201712,19,,20,26,32,4.333333333,32,O3,BAIK,DKI5 Kebon Jeruk
12/27/2017,201712,21,,21,26,30,4,30,O3,BAIK,DKI5 Kebon Jeruk
12/28/2017,201712,29,,23,26,46,5,46,O3,BAIK,DKI5 Kebon Jeruk
12/29/2017,201712,55,,28,38,47,10,55,PM10,SEDANG,DKI5 Kebon Jeruk
12/30/2017,201712,51,,26,31,49,8,51,PM10,SEDANG,DKI5 Kebon Jeruk
12/31/2017,201712,52,,23,40,33,8,52,PM10,SEDANG,DKI5 Kebon Jeruk
1/2/2018,201802,44,,43,37,73,13,73,O3,SEDANG,DKI5 Kebon Jeruk
1/3/2018,201803,72,,24,40,126,19,126,O3,TIDAK SEHAT,DKI5 Kebon Jeruk
1/4/2018,201804,45,,25,17,57,13,57,O3,SEDANG,DKI5 Kebon Jeruk
1/5/2018,201805,73,,25,19,101,18,101,O3,TIDAK SEHAT,DKI5 Kebon Jeruk
1/6/2018,201806,75,,27,30,115,15,115,O3,TIDAK SEHAT,DKI5 Kebon Jeruk
1/7/2018,201807,96,,28,27,205,20,205,O3,SANGAT TIDAK SEHAT,DKI5 Kebon Jeruk
1/8/2018,201808,86,,31,21,129,24,129,O3,TIDAK SEHAT,DKI5 Kebon Jeruk
1/9/2018,201809,68,,29,20,145,13,145,O3,TIDAK SEHAT,DKI5 Kebon Jeruk
1/10/2018,201810,92,,33,17,124,12,124,O3,TIDAK SEHAT,DKI5 Kebon Jeruk
2/4/2018,201804,46,,27,18,57,19,57,O3,SEDANG,DKI5 Kebon Jeruk
2/5/2018,201805,88,,25,22,183,18,183,O3,TIDAK SEHAT,DKI5 Kebon Jeruk
2/6/2018,201806,78,,26,14,86,18,86,O3,SEDANG,DKI5 Kebon Jeruk
2/7/2018,201807,79,,29,28,142,20,142,O3,TIDAK SEHAT,DKI5 Kebon Jeruk
2/8/2018,201808,68,,31,18,207,20,207,O3,SANGAT TIDAK SEHAT,DKI5 Kebon Jeruk
2/9/2018,201809,73,,30,20,136,11,136,O3,TIDAK SEHAT,DKI5 Kebon Jeruk
2/10/2018,201810,76,,41,22,88,21,88,O3,SEDANG,DKI5 Kebon Jeruk
3/2/2018,201802,42,,44,35,59,12,59,O3,SEDANG,DKI5 Kebon Jeruk
3/3/2018,201803,62,,30,37,109,18,109,O3,TIDAK SEHAT,DKI5 Kebon Jeruk
3/4/2018,201804,50,,26,27,80,26,80,O3,SEDANG,DKI5 Kebon Jeruk
3/5/2018,201805,103,,27,23,166,20,166,O3,TIDAK SEHAT,DKI5 Kebon Jeruk
3/6/2018,201806,82,,26,16,145,17,145,O3,TIDAK SEHAT,DKI5 Kebon Jeruk
3/9/2018,201809,62,,37,23,175,24,175,O3,TIDAK SEHAT,DKI5 Kebon Jeruk
3/10/2018,201810,70,,32,20,144,11,144,O3,TIDAK SEHAT,DKI5 Kebon Jeruk
4/2/2018,201802,35,,47,35,57,12,57,O3,SEDANG,DKI5 Kebon Jeruk
4/3/2018,201803,60,,30,64,194,19,194,O3,TIDAK SEHAT,DKI5 Kebon Jeruk
4/4/2018,201804,45,,28,20,96,28,96,O3,SEDANG,DKI5 Kebon Jeruk
4/5/2018,201805,91,,27,46,164,23,164,O3,TIDAK SEHAT,DKI5 Kebon Jeruk
4/6/2018,201806,73,,27,11,125,19,125,O3,TIDAK SEHAT,DKI5 Kebon Jeruk
4/8/2018,201808,59,,31,16,194,16,194,O3,TIDAK SEHAT,DKI5 Kebon Jeruk
4/9/2018,201809,52,,37,22,217,24,217,O3,SANGAT TIDAK SEHAT,DKI5 Kebon Jeruk
4/10/2018,201810,73,,32,24,109,11,109,O3,TIDAK SEHAT,DKI5 Kebon Jeruk
4/11/2018,201811,56,,26,31,110,18,110,O3,TIDAK SEHAT,DKI5 Kebon Jeruk
5/2/2018,201802,31,,46,32,66,9,66,O3,SEDANG,DKI5 Kebon Jeruk
5/3/2018,201803,61,,23,48,79,20,79,O3,SEDANG,DKI5 Kebon Jeruk
5/4/2018,201804,81,,37,29,202,18,202,O3,SANGAT TIDAK SEHAT,DKI5 Kebon Jeruk
5/5/2018,201805,78,,26,27,137,17,137,O3,TIDAK SEHAT,DKI5 Kebon Jeruk
5/6/2018,201806,69,,26,13,146,14,146,O3,TIDAK SEHAT,DKI5 Kebon Jeruk
5/7/2018,201807,63,,29,16,123,13,123,O3,TIDAK SEHAT,DKI5 Kebon Jeruk
5/9/2018,201809,53,,31,15,140,24,140,O3,TIDAK SEHAT,DKI5 Kebon Jeruk
5/10/2018,201810,67,,34,18,146,13,146,O3,TIDAK SEHAT,DKI5 Kebon Jeruk
5/12/2018,201812,62,,25,33,81,22,81,O3,SEDANG,DKI5 Kebon Jeruk
6/1/2018,201801,20,,30,22,31,5,31,O3,BAIK,DKI5 Kebon Jeruk
6/2/2018,201802,45,,48,71,75,16,75,O3,SEDANG,DKI5 Kebon Jeruk
6/4/2018,201804,56,,29,21,144,12,144,O3,TIDAK SEHAT,DKI5 Kebon Jeruk
6/5/2018,201805,70,,26,17,109,15,109,O3,TIDAK SEHAT,DKI5 Kebon Jeruk
6/6/2018,201806,78,,26,16,133,13,133,O3,TIDAK SEHAT,DKI5 Kebon Jeruk
6/7/2018,201807,74,,31,16,113,19,113,O3,TIDAK SEHAT,DKI5 Kebon Jeruk
6/9/2018,201809,82,,44,25,148,17,148,O3,TIDAK SEHAT,DKI5 Kebon Jeruk
6/10/2018,201810,70,,33,21,123,12,123,O3,TIDAK SEHAT,DKI5 Kebon Jeruk
7/1/2018,201801,26,,30,14,46,5,46,O3,BAIK,DKI5 Kebon Jeruk
7/2/2018,201802,42,,50,60,89,14,89,O3,SEDANG,DKI5 Kebon Jeruk
7/5/2018,201805,68,,27,17,77,16,77,O3,SEDANG,DKI5 Kebon Jeruk
7/6/2018,201806,79,,25,21,179,18,179,O3,TIDAK SEHAT,DKI5 Kebon Jeruk
7/7/2018,201807,95,,32,32,104,24,104,O3,TIDAK SEHAT,DKI5 Kebon Jeruk
7/8/2018,201808,79,,35,21,162,25,162,O3,TIDAK SEHAT,DKI5 Kebon Jeruk
7/9/2018,201809,69,,33,21,147,10,147,O3,TIDAK SEHAT,DKI5 Kebon Jeruk
7/10/2018,201810,87,,34,22,128,12,128,O3,TIDAK SEHAT,DKI5 Kebon Jeruk
7/11/2018,201811,59,,28,26,96,30,96,O3,SEDANG,DKI5 Kebon Jeruk
8/1/2018,201801,62,,33,19,73,17,73,O3,SEDANG,DKI5 Kebon Jeruk
8/2/2018,201802,55,,49,62,89,22,89,O3,SEDANG,DKI5 Kebon Jeruk
8/3/2018,201803,55,,29,47,107,22,107,O3,TIDAK SEHAT,DKI5 Kebon Jeruk
8/5/2018,201805,79,,26,21,204,17,204,O3,SANGAT TIDAK SEHAT,DKI5 Kebon Jeruk
8/6/2018,201806,68,,27,16,162,17,162,O3,TIDAK SEHAT,DKI5 Kebon Jeruk
8/8/2018,201808,92,,33,28,144,29,144,O3,TIDAK SEHAT,DKI5 Kebon Jeruk
8/9/2018,201809,51,,33,19,175,16,175,O3,TIDAK SEHAT,DKI5 Kebon Jeruk
8/10/2018,201810,66,,34,19,185,12,185,O3,TIDAK SEHAT,DKI5 Kebon Jeruk
9/2/2018,201802,53,,24,88,65,14,88,CO,SEDANG,DKI5 Kebon Jeruk
9/3/2018,201803,59,,30,59,81,27,81,O3,SEDANG,DKI5 Kebon Jeruk
9/5/2018,201805,93,,27,21,156,20,156,O3,TIDAK SEHAT,DKI5 Kebon Jeruk
9/6/2018,201806,100,,27,39,167,22,167,O3,TIDAK SEHAT,DKI5 Kebon Jeruk
9/7/2018,201807,69,,29,17,116,17,116,O3,TIDAK SEHAT,DKI5 Kebon Jeruk
9/8/2018,201808,75,,37,22,186,18,186,O3,TIDAK SEHAT,DKI5 Kebon Jeruk
9/9/2018,201809,81,,34,30,126,16,126,O3,TIDAK SEHAT,DKI5 Kebon Jeruk
9/10/2018,201810,62,,34,19,173,11,173,O3,TIDAK SEHAT,DKI5 Kebon Jeruk
10/1/2018,201801,42,,34,16,95,17,95,O3,SEDANG,DKI5 Kebon Jeruk
10/2/2018,201802,43,,24,52,58,16,58,O3,SEDANG,DKI5 Kebon Jeruk
10/5/2018,201805,73,,25,18,107,15,107,O3,TIDAK SEHAT,DKI5 Kebon Jeruk
10/9/2018,201809,69,,33,20,132,12,132,O3,TIDAK SEHAT,DKI5 Kebon Jeruk
10/10/2018,201810,79,,36,24,190,18,190,O3,TIDAK SEHAT,DKI5 Kebon Jeruk
11/1/2018,201801,40,,38,18,81,19,81,O3,SEDANG,DKI5 Kebon Jeruk
11/2/2018,201802,48,,25,39,56,12,56,O3,SEDANG,DKI5 Kebon Jeruk
11/3/2018,201803,56,,25,18,63,10,63,O3,SEDANG,DKI5 Kebon Jeruk
11/5/2018,201805,74,,27,16,83,18,83,O3,SEDANG,DKI5 Kebon Jeruk
11/9/2018,201809,63,,33,16,102,11,102,O3,TIDAK SEHAT,DKI5 Kebon Jeruk
11/10/2018,201810,81,,36,17,149,13,149,O3,TIDAK SEHAT,DKI5 Kebon Jeruk
12/1/2018,201801,37,,33,18,83,17,83,O3,SEDANG,DKI5 Kebon Jeruk
12/2/2018,201802,50,,21,56,70,12,70,O3,SEDANG,DKI5 Kebon Jeruk
12/3/2018,201803,39,,24,20,46,9,46,O3,BAIK,DKI5 Kebon Jeruk
12/5/2018,201805,103,,27,29,144,21,144,O3,TIDAK SEHAT,DKI5 Kebon Jeruk
12/7/2018,201807,74,,32,16,117,18,117,O3,TIDAK SEHAT,DKI5 Kebon Jeruk
12/8/2018,201808,77,,31,20,127,15,127,O3,TIDAK SEHAT,DKI5 Kebon Jeruk
12/10/2018,201810,77,,35,22,118,16,118,O3,TIDAK SEHAT,DKI5 Kebon Jeruk
2/19/2019,201902,72,,26,31,123,21,123,O3,TIDAK SEHAT,DKI5 Kebon Jeruk
2/23/2019,201902,42,,22,24,102,15,102,O3,TIDAK SEHAT,DKI5 Kebon Jeruk
2/28/2019,201902,56,,21,22,98,13,98,O3,SEDANG,DKI5 Kebon Jeruk
3/3/2019,201903,53,,23,22,82,15,82,O3,SEDANG,DKI5 Kebon Jeruk
3/5/2019,201903,47,,21,28,83,22,83,O3,SEDANG,DKI5 Kebon Jeruk
3/7/2019,201903,55,,24,39,112,17,112,O3,TIDAK SEHAT,DKI5 Kebon Jeruk
3/9/2019,201903,67,,35,29,215,27,215,O3,SANGAT TIDAK SEHAT,DKI5 Kebon Jeruk
3/13/2019,201903,50,,27,28,122,22,122,O3,TIDAK SEHAT,DKI5 Kebon Jeruk
3/14/2019,201903,58,,26,52,162,36,162,O3,TIDAK SEHAT,DKI5 Kebon Jeruk
3/15/2019,201903,71,,29,29,132,35,132,O3,TIDAK SEHAT,DKI5 Kebon Jeruk
3/16/2019,201903,60,,26,43,128,15,128,O3,TIDAK SEHAT,DKI5 Kebon Jeruk
3/17/2019,201903,51,,21,18,82,9,82,O3,SEDANG,DKI5 Kebon Jeruk
3/20/2019,201903,38,,20,16,65,12,65,O3,SEDANG,DKI5 Kebon Jeruk
3/21/2019,201903,58,,21,21,74,10,74,O3,SEDANG,DKI5 Kebon Jeruk
3/22/2019,201903,55,,20,24,58,12,58,O3,SEDANG,DKI5 Kebon Jeruk
3/23/2019,201903,40,,20,15,75,15,75,O3,SEDANG,DKI5 Kebon Jeruk
3/24/2019,201903,36,,20,9,55,4,55,O3,SEDANG,DKI5 Kebon Jeruk
3/25/2019,201903,40,,20,14,42,7,42,O3,BAIK,DKI5 Kebon Jeruk
3/26/2019,201903,71,,21,36,89,16,89,O3,SEDANG,DKI5 Kebon Jeruk
3/27/2019,201903,57,,22,25,192,15,192,O3,TIDAK SEHAT,DKI5 Kebon Jeruk
3/28/2019,201903,56,,21,36,130,18,130,O3,TIDAK SEHAT,DKI5 Kebon Jeruk
3/29/2019,201903,62,,24,34,182,20,182,O3,TIDAK SEHAT,DKI5 Kebon Jeruk
3/30/2019,201903,62,,24,25,190,16,190,O3,TIDAK SEHAT,DKI5 Kebon Jeruk
3/31/2019,201903,62,,23,35,194,18,194,O3,TIDAK SEHAT,DKI5 Kebon Jeruk
4/1/2019,201904,68,,21,37,167,20,167,O3,TIDAK SEHAT,DKI5 Kebon Jeruk
4/2/2019,201904,72,,21,49,101,15,101,O3,TIDAK SEHAT,DKI5 Kebon Jeruk
4/3/2019,201904,69,,21,44,146,18,146,O3,TIDAK SEHAT,DKI5 Kebon Jeruk
4/4/2019,201904,61,,21,30,172,17,172,O3,TIDAK SEHAT,DKI5 Kebon Jeruk
4/5/2019,201904,59,,25,25,83,18,83,O3,SEDANG,DKI5 Kebon Jeruk
4/6/2019,201904,74,,21,38,195,23,195,O3,TIDAK SEHAT,DKI5 Kebon Jeruk
4/7/2019,201904,72,,21,41,243,13,243,O3,SANGAT TIDAK SEHAT,DKI5 Kebon Jeruk
4/8/2019,201904,57,,22,24,235,17,235,O3,SANGAT TIDAK SEHAT,DKI5 Kebon Jeruk
4/16/2019,201904,62,,22,43,119,16,119,O3,TIDAK SEHAT,DKI5 Kebon Jeruk
4/28/2019,201904,65,,22,46,78,11,78,O3,SEDANG,DKI5 Kebon Jeruk
5/1/2019,201905,53,,21,29,80,11,80,O3,SEDANG,DKI5 Kebon Jeruk
5/5/2019,201905,59,,22,34,91,15,91,O3,SEDANG,DKI5 Kebon Jeruk
5/11/2019,201905,52,,21,22,65,13,65,O3,SEDANG,DKI5 Kebon Jeruk
6/9/2019,201906,51,,23,18,98,15,98,O3,SEDANG,DKI5 Kebon Jeruk
6/10/2019,201906,57,,23,20,88,16,88,O3,SEDANG,DKI5 Kebon Jeruk
6/11/2019,201906,57,,24,22,105,22,105,O3,TIDAK SEHAT,DKI5 Kebon Jeruk
6/12/2019,201906,68,,24,22,108,18,108,O3,TIDAK SEHAT,DKI5 Kebon Jeruk
6/19/2019,201906,80,,27,19,92,16,92,O3,SEDANG,DKI5 Kebon Jeruk
6/20/2019,201906,87,,25,34,99,17,99,O3,SEDANG,DKI5 Kebon Jeruk
6/24/2019,201906,79,,27,20,103,13,103,O3,TIDAK SEHAT,DKI5 Kebon Jeruk
7/2/2019,201907,71,,26,24,108,15,108,O3,TIDAK SEHAT,DKI5 Kebon Jeruk
7/3/2019,201907,71,,28,21,87,16,87,O3,SEDANG,DKI5 Kebon Jeruk
7/17/2019,201907,68,,27,27,107,19,107,O3,TIDAK SEHAT,DKI5 Kebon Jeruk
7/20/2019,201907,75,,27,22,113,22,113,O3,TIDAK SEHAT,DKI5 Kebon Jeruk
7/22/2019,201907,71,,25,24,121,21,121,O3,TIDAK SEHAT,DKI5 Kebon Jeruk
7/25/2019,201907,79,,28,37,124,25,124,O3,TIDAK SEHAT,DKI5 Kebon Jeruk
8/1/2019,201908,71,,27,22,115,18,115,O3,TIDAK SEHAT,DKI5 Kebon Jeruk
8/2/2019,201908,76,,28,22,96,20,96,O3,SEDANG,DKI5 Kebon Jeruk
8/3/2019,201908,77,,28,20,92,19,92,O3,SEDANG,DKI5 Kebon Jeruk
8/8/2019,201908,98,,22,24,146,21,146,O3,TIDAK SEHAT,DKI5 Kebon Jeruk
8/14/2019,201908,67,,28,19,69,18,69,O3,SEDANG,DKI5 Kebon Jeruk
8/16/2019,201908,92,,28,48,207,19,207,O3,SANGAT TIDAK SEHAT,DKI5 Kebon Jeruk
8/17/2019,201908,71,,27,22,174,14,174,O3,TIDAK SEHAT,DKI5 Kebon Jeruk
8/18/2019,201908,69,,27,25,108,10,108,O3,TIDAK SEHAT,DKI5 Kebon Jeruk
8/20/2019,201908,75,,31,23,171,18,171,O3,TIDAK SEHAT,DKI5 Kebon Jeruk
8/22/2019,201908,70,,21,20,88,14,88,O3,SEDANG,DKI5 Kebon Jeruk
8/23/2019,201908,81,,28,29,201,18,201,O3,SANGAT TIDAK SEHAT,DKI5 Kebon Jeruk
8/24/2019,201908,77,,28,22,171,19,171,O3,TIDAK SEHAT,DKI5 Kebon Jeruk
8/25/2019,201908,66,,29,17,128,12,128,O3,TIDAK SEHAT,DKI5 Kebon Jeruk
8/26/2019,201908,78,,30,22,184,16,184,O3,TIDAK SEHAT,DKI5 Kebon Jeruk
8/27/2019,201908,79,,35,24,149,22,149,O3,TIDAK SEHAT,DKI5 Kebon Jeruk
8/28/2019,201908,69,,27,28,108,17,108,O3,TIDAK SEHAT,DKI5 Kebon Jeruk
8/29/2019,201908,76,,28,28,132,14,132,O3,TIDAK SEHAT,DKI5 Kebon Jeruk
8/30/2019,201908,72,,30,22,96,12,96,O3,SEDANG,DKI5 Kebon Jeruk
9/1/2019,201909,74,,22,26,109,10,109,O3,TIDAK SEHAT,DKI5 Kebon Jeruk
9/2/2019,201909,71,,20,24,187,16,187,O3,TIDAK SEHAT,DKI5 Kebon Jeruk
9/4/2019,201909,78,,30,24,144,13,144,O3,TIDAK SEHAT,DKI5 Kebon Jeruk
9/5/2019,201909,75,,30,26,113,12,113,O3,TIDAK SEHAT,DKI5 Kebon Jeruk
9/7/2019,201909,73,,30,26,127,15,127,O3,TIDAK SEHAT,DKI5 Kebon Jeruk
9/8/2019,201909,65,,31,20,126,11,126,O3,TIDAK SEHAT,DKI5 Kebon Jeruk
9/10/2019,201909,70,,30,21,91,13,91,O3,SEDANG,DKI5 Kebon Jeruk
9/11/2019,201909,75,,32,25,160,16,160,O3,TIDAK SEHAT,DKI5 Kebon Jeruk
9/12/2019,201909,78,,30,25,143,18,143,O3,TIDAK SEHAT,DKI5 Kebon Jeruk
9/13/2019,201909,84,,33,23,156,18,156,O3,TIDAK SEHAT,DKI5 Kebon Jeruk
9/14/2019,201909,76,,32,21,156,15,156,O3,TIDAK SEHAT,DKI5 Kebon Jeruk
9/15/2019,201909,74,,31,22,99,14,99,O3,SEDANG,DKI5 Kebon Jeruk
9/16/2019,201909,67,,30,24,74,10,74,O3,SEDANG,DKI5 Kebon Jeruk
9/17/2019,201909,66,,32,21,77,14,77,O3,SEDANG,DKI5 Kebon Jeruk
9/19/2019,201909,70,,32,25,107,12,107,O3,TIDAK SEHAT,DKI5 Kebon Jeruk
9/20/2019,201909,66,,31,19,91,13,91,O3,SEDANG,DKI5 Kebon Jeruk
9/21/2019,201909,63,,34,16,169,14,169,O3,TIDAK SEHAT,DKI5 Kebon Jeruk
9/22/2019,201909,78,,32,16,153,12,153,O3,TIDAK SEHAT,DKI5 Kebon Jeruk
9/23/2019,201909,70,,33,18,87,12,87,O3,SEDANG,DKI5 Kebon Jeruk
9/24/2019,201909,73,,32,18,112,12,112,O3,TIDAK SEHAT,DKI5 Kebon Jeruk
9/25/2019,201909,78,,26,24,174,17,174,O3,TIDAK SEHAT,DKI5 Kebon Jeruk
9/26/2019,201909,74,,31,21,110,14,110,O3,TIDAK SEHAT,DKI5 Kebon Jeruk
9/27/2019,201909,72,,31,23,131,16,131,O3,TIDAK SEHAT,DKI5 Kebon Jeruk
9/28/2019,201909,63,,33,18,102,10,102,O3,TIDAK SEHAT,DKI5 Kebon Jeruk
9/29/2019,201909,75,,31,19,115,14,115,O3,TIDAK SEHAT,DKI5 Kebon Jeruk
9/30/2019,201909,71,,31,18,146,14,146,O3,TIDAK SEHAT,DKI5 Kebon Jeruk
10/1/2019,201910,134,,33,20,184,16,184,O3,TIDAK SEHAT,DKI5 Kebon Jeruk
10/2/2019,201910,79,,34,15,153,16,153,O3,TIDAK SEHAT,DKI5 Kebon Jeruk
10/3/2019,201910,78,,31,19,138,21,138,O3,TIDAK SEHAT,DKI5 Kebon Jeruk
10/4/2019,201910,76,,33,19,169,23,169,O3,TIDAK SEHAT,DKI5 Kebon Jeruk
10/5/2019,201910,73,,51,14,89,38,89,O3,SEDANG,DKI5 Kebon Jeruk
10/6/2019,201910,62,,31,10,164,8,164,O3,TIDAK SEHAT,DKI5 Kebon Jeruk
10/7/2019,201910,73,,33,15,100,11,100,O3,SEDANG,DKI5 Kebon Jeruk
10/8/2019,201910,90,,34,22,138,13,138,O3,TIDAK SEHAT,DKI5 Kebon Jeruk
10/10/2019,201910,73,,32,20,173,18,173,O3,TIDAK SEHAT,DKI5 Kebon Jeruk
10/11/2019,201910,80,,33,21,207,24,207,O3,SANGAT TIDAK SEHAT,DKI5 Kebon Jeruk
10/12/2019,201910,77,,33,31,177,14,177,O3,TIDAK SEHAT,DKI5 Kebon Jeruk
10/13/2019,201910,70,,33,17,173,13,173,O3,TIDAK SEHAT,DKI5 Kebon Jeruk
10/14/2019,201910,79,,34,18,156,13,156,O3,TIDAK SEHAT,DKI5 Kebon Jeruk
10/15/2019,201910,64,,32,18,178,14,178,O3,TIDAK SEHAT,DKI5 Kebon Jeruk
10/16/2019,201910,74,,31,23,144,17,144,O3,TIDAK SEHAT,DKI5 Kebon Jeruk
10/17/2019,201910,64,,31,20,156,12,156,O3,TIDAK SEHAT,DKI5 Kebon Jeruk
10/20/2019,201910,71,,32,24,147,12,147,O3,TIDAK SEHAT,DKI5 Kebon Jeruk
10/21/2019,201910,73,,33,40,87,11,87,O3,SEDANG,DKI5 Kebon Jeruk
10/22/2019,201910,70,,33,16,135,16,135,O3,TIDAK SEHAT,DKI5 Kebon Jeruk
10/23/2019,201910,70,,33,20,140,17,140,O3,TIDAK SEHAT,DKI5 Kebon Jeruk
10/26/2019,201910,75,,34,19,180,15,180,O3,TIDAK SEHAT,DKI5 Kebon Jeruk
10/27/2019,201910,83,,34,28,153,12,153,O3,TIDAK SEHAT,DKI5 Kebon Jeruk
10/30/2019,201910,69,,34,21,171,16,171,O3,TIDAK SEHAT,DKI5 Kebon Jeruk
11/3/2019,201911,58,,34,14,92,12,92,O3,SEDANG,DKI5 Kebon Jeruk
11/5/2019,201911,70,,34,19,193,17,193,O3,TIDAK SEHAT,DKI5 Kebon Jeruk
11/6/2019,201911,65,,33,27,156,17,156,O3,TIDAK SEHAT,DKI5 Kebon Jeruk
11/7/2019,201911,68,,35,24,209,21,209,O3,SANGAT TIDAK SEHAT,DKI5 Kebon Jeruk
11/9/2019,201911,81,,38,17,220,16,220,O3,SANGAT TIDAK SEHAT,DKI5 Kebon Jeruk
11/10/2019,201911,80,,35,16,183,20,183,O3,TIDAK SEHAT,DKI5 Kebon Jeruk
11/12/2019,201911,71,,22,22,134,16,134,O3,TIDAK SEHAT,DKI5 Kebon Jeruk
11/13/2019,201911,80,,35,34,125,20,125,O3,TIDAK SEHAT,DKI5 Kebon Jeruk
11/17/2019,201911,63,,35,20,126,14,126,O3,TIDAK SEHAT,DKI5 Kebon Jeruk
11/18/2019,201911,69,,35,17,165,22,165,O3,TIDAK SEHAT,DKI5 Kebon Jeruk
11/19/2019,201911,72,,35,21,100,17,100,O3,SEDANG,DKI5 Kebon Jeruk
11/23/2019,201911,85,,36,34,146,19,146,O3,TIDAK SEHAT,DKI5 Kebon Jeruk
11/24/2019,201911,68,,37,27,167,13,167,O3,TIDAK SEHAT,DKI5 Kebon Jeruk
11/25/2019,201911,67,,36,23,160,18,160,O3,TIDAK SEHAT,DKI5 Kebon Jeruk
11/26/2019,201911,81,,35,30,125,15,125,O3,TIDAK SEHAT,DKI5 Kebon Jeruk
11/27/2019,201911,70,,34,38,101,12,101,O3,TIDAK SEHAT,DKI5 Kebon Jeruk
12/2/2019,201912,53,,35,21,136,14,136,O3,TIDAK SEHAT,DKI5 Kebon Jeruk
12/3/2019,201912,68,,23,28,107,16,107,O3,TIDAK SEHAT,DKI5 Kebon Jeruk
12/9/2019,201912,71,,35,30,155,19,155,O3,TIDAK SEHAT,DKI5 Kebon Jeruk
12/11/2019,201912,74,,37,31,184,14,184,O3,TIDAK SEHAT,DKI5 Kebon Jeruk
12/15/2019,201912,63,,36,19,99,11,99,O3,SEDANG,DKI5 Kebon Jeruk
12/16/2019,201912,76,,36,22,88,18,88,O3,SEDANG,DKI5 Kebon Jeruk
12/17/2019,201912,62,,36,22,75,12,75,O3,SEDANG,DKI5 Kebon Jeruk
12/18/2019,201912,58,,35,28,140,17,140,O3,TIDAK SEHAT,DKI5 Kebon Jeruk
12/22/2019,201912,53,,36,24,94,13,94,O3,SEDANG,DKI5 Kebon Jeruk
12/23/2019,201912,60,,36,32,99,18,99,O3,SEDANG,DKI5 Kebon Jeruk
12/24/2019,201912,68,,37,34,105,11,105,O3,TIDAK SEHAT,DKI5 Kebon Jeruk
12/25/2019,201912,58,,37,26,73,9,73,O3,SEDANG,DKI5 Kebon Jeruk
12/26/2019,201912,54,,37,22,91,12,91,O3,SEDANG,DKI5 Kebon Jeruk
12/29/2019,201912,64,,38,36,69,10,69,O3,SEDANG,DKI5 Kebon Jeruk
1/1/2020,202001,35,,13,18,46,7.75,46,O3,BAIK,DKI5 Kebon Jeruk
1/2/2020,202001,22,,15,24,102,7,102,O3,TIDAK SEHAT,DKI5 Kebon Jeruk
1/3/2020,202001,44,,17,21,63,7,63,O3,SEDANG,DKI5 Kebon Jeruk
1/4/2020,202001,40,,18,19,85,9,85,O3,SEDANG,DKI5 Kebon Jeruk
1/5/2020,202001,37,,21,18,62,5,62,O3,SEDANG,DKI5 Kebon Jeruk
1/6/2020,202001,58,,18,28,64,9,64,O3,SEDANG,DKI5 Kebon Jeruk
1/7/2020,202001,36,,18,39,66,9,66,O3,SEDANG,DKI5 Kebon Jeruk
1/8/2020,202001,49,,21,22,70,10,70,O3,SEDANG,DKI5 Kebon Jeruk
1/9/2020,202001,60,,14,41,71,11,71,O3,SEDANG,DKI5 Kebon Jeruk
1/10/2020,202001,25,,17,17,47,7,47,O3,BAIK,DKI5 Kebon Jeruk
1/11/2020,202001,36,,17,22,80,9,80,O3,SEDANG,DKI5 Kebon Jeruk
1/11/2020,202011,50,,22,26,45,8,50,PM10,BAIK,DKI5 Kebon Jeruk
1/12/2020,202001,24,,18,13,46,3,46,O3,BAIK,DKI5 Kebon Jeruk
1/13/2020,202001,34,,24,15,50,4,50,O3,BAIK,DKI5 Kebon Jeruk
1/14/2020,202001,40,,26,17,33,7,40,PM10,BAIK,DKI5 Kebon Jeruk
1/15/2020,202001,25,,16,15,51,4,51,O3,SEDANG,DKI5 Kebon Jeruk
1/16/2020,202001,65,,18,30,57,5,65,PM10,SEDANG,DKI5 Kebon Jeruk
1/17/2020,202001,67,,20,35,98,10,98,O3,SEDANG,DKI5 Kebon Jeruk
1/18/2020,202001,41,,18,17,52,7,52,O3,SEDANG,DKI5 Kebon Jeruk
1/19/2020,202001,76,,18,50,66,7,76,PM10,SEDANG,DKI5 Kebon Jeruk
1/20/2020,202001,43,,16,19,45,8,45,O3,BAIK,DKI5 Kebon Jeruk
1/21/2020,202001,52,,18,21,41,8,52,PM10,SEDANG,DKI5 Kebon Jeruk
1/22/2020,202001,57,,17,34,47,9,57,PM10,SEDANG,DKI5 Kebon Jeruk
1/23/2020,202001,55,,15,29,50,10,55,PM10,SEDANG,DKI5 Kebon Jeruk
1/24/2020,202001,46,,15,27,40,7,46,PM10,BAIK,DKI5 Kebon Jeruk
1/25/2020,202001,36,,14,27,80,6,80,O3,SEDANG,DKI5 Kebon Jeruk
1/26/2020,202001,57,,16,42,89,7,89,O3,SEDANG,DKI5 Kebon Jeruk
1/27/2020,202001,31,,14,17,58,7,58,O3,SEDANG,DKI5 Kebon Jeruk
1/28/2020,202001,65,,16,35,65,9,65,PM10,SEDANG,DKI5 Kebon Jeruk
1/29/2020,202001,56,,17,25,73,5,73,O3,SEDANG,DKI5 Kebon Jeruk
1/30/2020,202001,27,,19,16,61,8,61,O3,SEDANG,DKI5 Kebon Jeruk
1/31/2020,202001,46,,16,24,44,7,46,PM10,BAIK,DKI5 Kebon Jeruk
2/1/2020,202002,37,,14,28,73,6,73,O3,SEDANG,DKI5 Kebon Jeruk
2/2/2020,202002,33,,16,27,64,7,64,O3,SEDANG,DKI5 Kebon Jeruk
2/3/2020,202002,51,,15,38,46,9,51,PM10,SEDANG,DKI5 Kebon Jeruk
2/4/2020,202002,34,,14,31,51,9,51,O3,SEDANG,DKI5 Kebon Jeruk
2/5/2020,202002,63,,16,37,52,6,63,PM10,SEDANG,DKI5 Kebon Jeruk
2/5/2020,202202,43,62,53,18,55,30,62,PM2.5,SEDANG,DKI5 Kebon Jeruk
2/6/2020,202002,48,67.5,19,23,50,9,50,O3,BAIK,DKI5 Kebon Jeruk
2/7/2020,202002,55,73,28,22,46,6,55,PM10,SEDANG,DKI5 Kebon Jeruk
2/8/2020,202002,26,78.5,15,22,67,6,67,O3,SEDANG,DKI5 Kebon Jeruk
2/9/2020,202002,48,84,15,24,50,6,50,O3,BAIK,DKI5 Kebon Jeruk
2/10/2020,202002,34,89.5,15,23,51,4,51,O3,SEDANG,DKI5 Kebon Jeruk
2/11/2020,202002,52,95,22,19,36,8,52,PM10,SEDANG,DKI5 Kebon Jeruk
2/11/2020,202011,17,95,19,5,30,2,30,CO,BAIK,DKI5 Kebon Jeruk
2/11/2020,202202,62,95,48,20,48,33,95,PM2.5,SEDANG,DKI5 Kebon Jeruk
2/12/2020,202002,43,68,20,18,106,8,106,O3,TIDAK SEHAT,DKI5 Kebon Jeruk
2/12/2020,202202,52,68,42,14,55,29,68,PM2.5,SEDANG,DKI5 Kebon Jeruk
2/13/2020,202002,44,78.5,17,19,83,8,83,O3,SEDANG,DKI5 Kebon Jeruk
2/14/2020,202002,53,89,18,26,60,7,60,O3,SEDANG,DKI5 Kebon Jeruk
2/15/2020,202002,72,99.5,17,45,77,10,77,O3,SEDANG,DKI5 Kebon Jeruk
2/16/2020,202002,56,110,19,25,62,11,62,O3,SEDANG,DKI5 Kebon Jeruk
2/16/2020,202202,66,110,48,24,62,33,110,PM2.5,TIDAK SEHAT,DKI5 Kebon Jeruk
2/17/2020,202002,24,105.2,15,15,49,3,49,O3,BAIK,DKI5 Kebon Jeruk
2/18/2020,202002,50,100.4,30,55,182,7,182,O3,TIDAK SEHAT,DKI5 Kebon Jeruk
2/19/2020,202002,48,95.6,20,21,62,6,62,O3,SEDANG,DKI5 Kebon Jeruk
2/20/2020,202002,21,90.8,15,14,73,5,73,O3,SEDANG,DKI5 Kebon Jeruk
2/21/2020,202002,34,86,16,19,46,7,46,O3,BAIK,DKI5 Kebon Jeruk
2/21/2020,202202,54,86,41,21,50,35,86,PM2.5,SEDANG,DKI5 Kebon Jeruk
2/22/2020,202002,32,80.85714286,15,22,55,7,55,O3,SEDANG,DKI5 Kebon Jeruk
2/23/2020,202002,21,75.71428571,15,12,88,3,88,O3,SEDANG,DKI5 Kebon Jeruk
2/24/2020,202002,18,70.57142857,15,11,89,2,89,O3,SEDANG,DKI5 Kebon Jeruk
2/25/2020,202002,20,65.42857143,14,15,83,5,83,O3,SEDANG,DKI5 Kebon Jeruk
2/26/2020,202002,40,60.28571429,18,17,52,7,52,O3,SEDANG,DKI5 Kebon Jeruk
2/27/2020,202002,27,55.14285714,29,22,50,10,50,O3,BAIK,DKI5 Kebon Jeruk
2/28/2020,202002,18,50,40,17,121,11,121,O3,TIDAK SEHAT,DKI5 Kebon Jeruk
2/28/2020,202202,27,50,40,12,30,11,50,PM2.5,BAIK,DKI5 Kebon Jeruk
2/29/2020,202002,40,50.22418879,38.75,39,144,13,144,O3,TIDAK SEHAT,DKI5 Kebon Jeruk
3/11/2020,202011,40,52.69026549,25,12,84,4,84,CO,SEDANG,DKI5 Kebon Jeruk
4/1/2020,202004,38,57.39823009,7,17,129,5,129,O3,TIDAK SEHAT,DKI5 Kebon Jeruk
4/2/2020,202004,34,57.62241888,7,7,49,6,49,O3,BAIK,DKI5 Kebon Jeruk
4/3/2020,202004,34,57.84660767,8,6,46,3,46,O3,BAIK,DKI5 Kebon Jeruk
4/4/2020,202004,52,58.07079646,15,9,62,4,62,O3,SEDANG,DKI5 Kebon Jeruk
4/5/2020,202004,49,58.29498525,16.42857143,8,103,6,103,O3,TIDAK SEHAT,DKI5 Kebon Jeruk
4/6/2020,202004,50,58.51917404,17.85714286,10,73,5,73,O3,SEDANG,DKI5 Kebon Jeruk
4/7/2020,202004,25,58.74336283,19.28571429,11,56,7,56,O3,SEDANG,DKI5 Kebon Jeruk
4/8/2020,202004,20,58.96755162,20.71428571,5,69,3,69,O3,SEDANG,DKI5 Kebon Jeruk
4/9/2020,202004,51,59.19174041,22.14285714,12,73,6,73,O3,SEDANG,DKI5 Kebon Jeruk
4/10/2020,202004,60,59.4159292,23.57142857,15,132,8,132,O3,TIDAK SEHAT,DKI5 Kebon Jeruk
4/11/2020,202004,41,59.64011799,25,8,135,4,135,O3,TIDAK SEHAT,DKI5 Kebon Jeruk
4/11/2020,202011,43,59.64011799,25,9,146,7,146,CO,TIDAK SEHAT,DKI5 Kebon Jeruk
4/12/2020,202004,68,59.86430678,22.16666667,19,136,9,136,O3,TIDAK SEHAT,DKI5 Kebon Jeruk
4/13/2020,202004,36,60.08849558,19.33333333,7,86,5,86,O3,SEDANG,DKI5 Kebon Jeruk
4/14/2020,202004,40,60.31268437,16.5,11,109,8,109,O3,TIDAK SEHAT,DKI5 Kebon Jeruk
4/15/2020,202004,42,60.53687316,13.66666667,8,109,5,109,O3,TIDAK SEHAT,DKI5 Kebon Jeruk
4/16/2020,202004,42,60.76106195,10.83333333,10,87,6,87,O3,SEDANG,DKI5 Kebon Jeruk
4/17/2020,202004,45,60.98525074,8,18,73,6,73,O3,SEDANG,DKI5 Kebon Jeruk
4/18/2020,202004,53,61.20943953,11,12,100,10,100,O3,SEDANG,DKI5 Kebon Jeruk
4/19/2020,202004,62,61.43362832,10,15,147,14,147,O3,TIDAK SEHAT,DKI5 Kebon Jeruk
4/20/2020,202004,51,61.65781711,5,7,116,11,116,O3,TIDAK SEHAT,DKI5 Kebon Jeruk
4/21/2020,202004,59.5,61.8820059,7,12.5,59,8,59,O3,SEDANG,DKI5 Kebon Jeruk
4/22/2020,202004,68,62.10619469,19,18,67,10,68,PM10,SEDANG,DKI5 Kebon Jeruk
4/23/2020,202004,43,62.33038348,5,11,88,9,88,O3,SEDANG,DKI5 Kebon Jeruk
4/24/2020,202004,34,62.55457227,7,5,70,7,70,O3,SEDANG,DKI5 Kebon Jeruk
4/25/2020,202004,49,62.77876106,7,15,77,8,77,O3,SEDANG,DKI5 Kebon Jeruk
4/26/2020,202004,61,63.00294985,8,16,101,10,101,O3,TIDAK SEHAT,DKI5 Kebon Jeruk
4/27/2020,202004,34,63.22713864,6,6,131,8,131,O3,TIDAK SEHAT,DKI5 Kebon Jeruk
4/28/2020,202004,46,63.45132743,6,14,82,9,82,O3,SEDANG,DKI5 Kebon Jeruk
4/29/2020,202004,51,63.67551622,8,16,85,10,85,O3,SEDANG,DKI5 Kebon Jeruk
4/30/2020,202004,69,63.89970501,7,36,76,17,76,O3,SEDANG,DKI5 Kebon Jeruk
5/1/2020,202005,52,64.12389381,6,17,83,9,83,O3,SEDANG,DKI5 Kebon Jeruk
5/2/2020,202005,33,64.3480826,6,8,80,6,80,O3,SEDANG,DKI5 Kebon Jeruk
5/3/2020,202005,65,64.57227139,9,32,48,11,65,PM10,SEDANG,DKI5 Kebon Jeruk
5/4/2020,202005,36,64.79646018,8,7,75,7,75,O3,SEDANG,DKI5 Kebon Jeruk
5/5/2020,202005,38,65.02064897,9,7,73,9,73,O3,SEDANG,DKI5 Kebon Jeruk
5/6/2020,202005,41,65.24483776,7,8,63,7,63,O3,SEDANG,DKI5 Kebon Jeruk
5/7/2020,202005,41,65.46902655,7,14,69,8,69,O3,SEDANG,DKI5 Kebon Jeruk
5/8/2020,202005,63,65.69321534,8,14,120,9,120,O3,TIDAK SEHAT,DKI5 Kebon Jeruk
5/9/2020,202005,53,65.91740413,7,11,75,10,75,O3,SEDANG,DKI5 Kebon Jeruk
5/10/2020,202005,58,66.14159292,9,18,81,15,81,O3,SEDANG,DKI5 Kebon Jeruk
5/11/2020,202005,41,66.36578171,7,11,83,7,83,O3,SEDANG,DKI5 Kebon Jeruk
5/11/2020,202011,58,66.36578171,23,19,67,10,67,CO,SEDANG,DKI5 Kebon Jeruk
5/12/2020,202005,44,66.5899705,7,10,81,6,81,O3,SEDANG,DKI5 Kebon Jeruk
5/13/2020,202005,37,66.81415929,7,8,79,7,79,O3,SEDANG,DKI5 Kebon Jeruk
5/14/2020,202005,46,67.03834808,11,7,64,7.333333333,64,O3,SEDANG,DKI5 Kebon Jeruk
5/15/2020,202005,59,67.26253687,10,12,62,7.666666667,62,O3,SEDANG,DKI5 Kebon Jeruk
5/16/2020,202005,55,67.48672566,11,10,77,8,77,O3,SEDANG,DKI5 Kebon Jeruk
5/17/2020,202005,57,67.71091445,11,14,122,7,122,O3,TIDAK SEHAT,DKI5 Kebon Jeruk
5/18/2020,202005,50,67.93510324,8,8,79,6,79,O3,SEDANG,DKI5 Kebon Jeruk
5/19/2020,202005,34,68.15929204,9,13,119,9,119,O3,TIDAK SEHAT,DKI5 Kebon Jeruk
5/20/2020,202005,36,68.38348083,13,9,72,8,72,O3,SEDANG,DKI5 Kebon Jeruk
5/21/2020,202005,20,68.60766962,9,8,66,6,66,O3,SEDANG,DKI5 Kebon Jeruk
5/22/2020,202005,51,68.83185841,10,15,88,8,88,O3,SEDANG,DKI5 Kebon Jeruk
5/23/2020,202005,36,69.0560472,8,9,87,8,87,O3,SEDANG,DKI5 Kebon Jeruk
5/24/2020,202005,60,69.28023599,8,23,39,6.75,60,PM10,SEDANG,DKI5 Kebon Jeruk
5/25/2020,202005,33,69.50442478,7,9,31,5.5,33,PM10,BAIK,DKI5 Kebon Jeruk
5/26/2020,202005,40,69.72861357,9,11,30,4.25,40,PM10,BAIK,DKI5 Kebon Jeruk
5/27/2020,202005,24,69.95280236,8,5,74,3,74,O3,SEDANG,DKI5 Kebon Jeruk
5/28/2020,202005,32,70.17699115,9,7,136,7,136,O3,TIDAK SEHAT,DKI5 Kebon Jeruk
5/29/2020,202005,48,70.40117994,12,9,134,8,134,O3,TIDAK SEHAT,DKI5 Kebon Jeruk
5/30/2020,202005,48,70.62536873,11,18,73,9,73,O3,SEDANG,DKI5 Kebon Jeruk
5/31/2020,202005,52,70.84955752,9,17,66,9,66,O3,SEDANG,DKI5 Kebon Jeruk
6/6/2020,202006,59,72.19469027,10,19,69,10,69,O3,SEDANG,DKI5 Kebon Jeruk
6/6/2020,202006,42,72.19469027,10,9,57,7,57,O3,SEDANG,DKI5 Kebon Jeruk
6/6/2020,202006,40,72.19469027,9,10,48,3,48,O3,BAIK,DKI5 Kebon Jeruk
6/6/2020,202006,49,72.19469027,12,17,41,2,49,PM10,BAIK,DKI5 Kebon Jeruk
6/6/2020,202006,55,72.19469027,13,14,96,2,96,O3,SEDANG,DKI5 Kebon Jeruk
6/6/2020,202006,59,72.19469027,13,14,98,4,98,O3,SEDANG,DKI5 Kebon Jeruk
6/7/2020,202006,51,72.41887906,11,10,95,4,95,O3,SEDANG,DKI5 Kebon Jeruk
6/8/2020,202006,56,72.64306785,12,17,53,3,56,PM10,SEDANG,DKI5 Kebon Jeruk
6/9/2020,202006,60,72.86725664,12,27,61,3,61,O3,SEDANG,DKI5 Kebon Jeruk
6/10/2020,202006,56,73.09144543,12,24,61,6,61,O3,SEDANG,DKI5 Kebon Jeruk
6/11/2020,202006,13,73.31563422,13,8,79,9,79,O3,SEDANG,DKI5 Kebon Jeruk
6/11/2020,202011,75,73.31563422,32,28,64,13,75,PM10,SEDANG,DKI5 Kebon Jeruk
6/12/2020,202006,5,73.53982301,11,8,97,8,97,O3,SEDANG,DKI5 Kebon Jeruk
6/13/2020,202006,53,73.7640118,11,10,99,7,99,O3,SEDANG,DKI5 Kebon Jeruk
6/14/2020,202006,54,73.98820059,12,12,97,8,97,O3,SEDANG,DKI5 Kebon Jeruk
6/15/2020,202006,60,74.21238938,13,10,95,8,95,O3,SEDANG,DKI5 Kebon Jeruk
6/16/2020,202006,57,74.43657817,17,10,59,9,59,O3,SEDANG,DKI5 Kebon Jeruk
6/17/2020,202006,52,74.66076696,13,13,73,8,73,O3,SEDANG,DKI5 Kebon Jeruk
6/18/2020,202006,57,74.88495575,15,14,79,9,79,O3,SEDANG,DKI5 Kebon Jeruk
6/19/2020,202006,57,75.10914454,11,12,75,7,75,O3,SEDANG,DKI5 Kebon Jeruk
6/20/2020,202006,60,75.33333333,12,19,92,13,92,O3,SEDANG,DKI5 Kebon Jeruk
6/21/2020,202006,57,75.55752212,12,14,90,8,90,O3,SEDANG,DKI5 Kebon Jeruk
6/22/2020,202006,59,75.78171091,15,12,65,9,65,O3,SEDANG,DKI5 Kebon Jeruk
6/23/2020,202006,49,76.00589971,13,15,69,12,69,O3,SEDANG,DKI5 Kebon Jeruk
6/24/2020,202006,52,76.2300885,11,11,85,13,85,O3,SEDANG,DKI5 Kebon Jeruk
6/25/2020,202006,76,76.45427729,16,38,85,17,85,O3,SEDANG,DKI5 Kebon Jeruk
6/26/2020,202006,71,76.67846608,14,23,97,13,97,O3,SEDANG,DKI5 Kebon Jeruk
6/27/2020,202006,55,76.90265487,14,11,64,7,64,O3,SEDANG,DKI5 Kebon Jeruk
6/28/2020,202006,58,77.12684366,16,10,71,7,71,O3,SEDANG,DKI5 Kebon Jeruk
6/29/2020,202006,56,77.35103245,15,10,90,11,90,O3,SEDANG,DKI5 Kebon Jeruk
6/30/2020,202006,67,77.57522124,15,16,86,10,86,O3,SEDANG,DKI5 Kebon Jeruk
7/1/2020,202007,55,77.79941003,15,9,94,9,94,O3,SEDANG,DKI5 Kebon Jeruk
7/2/2020,202007,63,78.02359882,15,15,71,11,71,O3,SEDANG,DKI5 Kebon Jeruk
7/3/2020,202007,52,78.24778761,15,17,54,14,54,O3,SEDANG,DKI5 Kebon Jeruk
7/4/2020,202007,53,78.4719764,14,13,71,10,71,O3,SEDANG,DKI5 Kebon Jeruk
7/5/2020,202007,51,78.69616519,17,10,55,8,55,O3,SEDANG,DKI5 Kebon Jeruk
7/6/2020,202007,47,78.92035398,18,11,66,7,66,O3,SEDANG,DKI5 Kebon Jeruk
7/7/2020,202007,42,79.14454277,20,11,63,12,63,O3,SEDANG,DKI5 Kebon Jeruk
7/8/2020,202007,53,79.36873156,17,12,90,5,90,O3,SEDANG,DKI5 Kebon Jeruk
7/9/2020,202007,50,79.59292035,14,14,81,7,81,O3,SEDANG,DKI5 Kebon Jeruk
7/10/2020,202007,58,79.81710914,17,11,100,7,100,O3,SEDANG,DKI5 Kebon Jeruk
7/11/2020,202007,71,80.04129794,15,19,88,10,88,O3,SEDANG,DKI5 Kebon Jeruk
7/11/2020,202011,54,80.04129794,26,16,85,11,85,CO,SEDANG,DKI5 Kebon Jeruk
7/12/2020,202007,55.33333333,80.26548673,14,20,79,7,79,O3,SEDANG,DKI5 Kebon Jeruk
7/13/2020,202007,56.66666667,80.48967552,18,10,53,5,53,O3,SEDANG,DKI5 Kebon Jeruk
7/14/2020,202007,58,80.71386431,21,11,71,6,71,O3,SEDANG,DKI5 Kebon Jeruk
7/15/2020,202007,48,80.9380531,14,9,49,5,49,O3,BAIK,DKI5 Kebon Jeruk
7/16/2020,202007,36,81.16224189,17,8,52,5,52,O3,SEDANG,DKI5 Kebon Jeruk
7/17/2020,202007,48,81.38643068,19,11,68,7,68,O3,SEDANG,DKI5 Kebon Jeruk
7/18/2020,202007,52,81.61061947,16,11,84,6,84,O3,SEDANG,DKI5 Kebon Jeruk
7/19/2020,202007,63,81.83480826,15,19,90,6,90,O3,SEDANG,DKI5 Kebon Jeruk
7/20/2020,202007,60,82.05899705,14,13,119,5,119,O3,TIDAK SEHAT,DKI5 Kebon Jeruk
7/21/2020,202007,87,82.28318584,15,48,95,11,95,O3,SEDANG,DKI5 Kebon Jeruk
7/22/2020,202007,50,82.50737463,15,12,75,6,75,O3,SEDANG,DKI5 Kebon Jeruk
7/23/2020,202007,63,82.73156342,15,15,130,6,130,O3,TIDAK SEHAT,DKI5 Kebon Jeruk
7/24/2020,202007,67,82.95575221,15,18,98,6,98,O3,SEDANG,DKI5 Kebon Jeruk
7/25/2020,202007,59,83.179941,15,10,92,5,92,O3,SEDANG,DKI5 Kebon Jeruk
7/26/2020,202007,56,83.40412979,17,9,65,6,65,O3,SEDANG,DKI5 Kebon Jeruk
7/27/2020,202007,53,83.62831858,19,11,89,6,89,O3,SEDANG,DKI5 Kebon Jeruk
7/28/2020,202007,70,83.85250737,18,21,160,10,160,O3,TIDAK SEHAT,DKI5 Kebon Jeruk
7/29/2020,202007,67,84.07669617,18,17,164,12,164,O3,TIDAK SEHAT,DKI5 Kebon Jeruk
7/30/2020,202007,66,84.30088496,17,13,91,5,91,O3,SEDANG,DKI5 Kebon Jeruk
7/31/2020,202007,47,84.52507375,17,10,82,5,82,O3,SEDANG,DKI5 Kebon Jeruk
8/1/2020,202008,63,84.74926254,16,16,134,8,134,O3,TIDAK SEHAT,DKI5 Kebon Jeruk
8/2/2020,202008,77,84.97345133,18,24,92,11,92,O3,SEDANG,DKI5 Kebon Jeruk
8/3/2020,202008,69,85.19764012,17,19,90,8,90,O3,SEDANG,DKI5 Kebon Jeruk
8/4/2020,202008,54,85.42182891,18,12,91,8,91,O3,SEDANG,DKI5 Kebon Jeruk
8/5/2020,202008,64,85.6460177,19,14,84,6,84,O3,SEDANG,DKI5 Kebon Jeruk
8/6/2020,202008,63,85.87020649,21,15,108,6,108,O3,TIDAK SEHAT,DKI5 Kebon Jeruk
8/7/2020,202008,58,86.09439528,19,11,119,5,119,O3,TIDAK SEHAT,DKI5 Kebon Jeruk
8/8/2020,202008,61,86.31858407,17,14,79,5,79,O3,SEDANG,DKI5 Kebon Jeruk
8/9/2020,202008,50,86.54277286,15,11,82,5,82,O3,SEDANG,DKI5 Kebon Jeruk
8/10/2020,202008,55,86.76696165,18,18,76,7,76,O3,SEDANG,DKI5 Kebon Jeruk
8/11/2020,202008,55,86.99115044,20,11,78,7,78,O3,SEDANG,DKI5 Kebon Jeruk
8/11/2020,202011,58,86.99115044,21,23,65,8,65,CO,SEDANG,DKI5 Kebon Jeruk
8/12/2020,202008,62,87.21533923,17,32,68,11,68,O3,SEDANG,DKI5 Kebon Jeruk
8/13/2020,202008,54,87.43952802,16,16,58,7,58,O3,SEDANG,DKI5 Kebon Jeruk
8/14/2020,202008,41,87.66371681,16,17,68,11,68,O3,SEDANG,DKI5 Kebon Jeruk
8/15/2020,202008,57,87.8879056,16,23,59,11,59,O3,SEDANG,DKI5 Kebon Jeruk
8/16/2020,202008,51,88.1120944,17,17,65,5,65,O3,SEDANG,DKI5 Kebon Jeruk
8/17/2020,202008,46,88.33628319,16,11,67,4,67,O3,SEDANG,DKI5 Kebon Jeruk
8/18/2020,202008,57,88.56047198,17,18,99,7,99,O3,SEDANG,DKI5 Kebon Jeruk
8/19/2020,202008,64,88.78466077,17,29,66,10,66,O3,SEDANG,DKI5 Kebon Jeruk
8/20/2020,202008,53,89.00884956,18,12,55,6,55,O3,SEDANG,DKI5 Kebon Jeruk
8/21/2020,202008,34,89.23303835,18,5,58,4,58,O3,SEDANG,DKI5 Kebon Jeruk
8/22/2020,202008,53,89.45722714,20,12,63,5,63,O3,SEDANG,DKI5 Kebon Jeruk
8/23/2020,202008,64,89.68141593,19,27,88,8,88,O3,SEDANG,DKI5 Kebon Jeruk
8/24/2020,202008,61,89.90560472,18,17,68,6,68,O3,SEDANG,DKI5 Kebon Jeruk
8/25/2020,202008,58,90.12979351,20,13,75,6,75,O3,SEDANG,DKI5 Kebon Jeruk
8/26/2020,202008,51,90.3539823,20,9,100,4,100,O3,SEDANG,DKI5 Kebon Jeruk
8/27/2020,202008,51,90.57817109,19,8,80,4,80,O3,SEDANG,DKI5 Kebon Jeruk
8/28/2020,202008,57,90.80235988,18,15,67,9,67,O3,SEDANG,DKI5 Kebon Jeruk
8/29/2020,202008,54,91.02654867,19,12,71,6,71,O3,SEDANG,DKI5 Kebon Jeruk
8/30/2020,202008,55,91.25073746,21,14,79,6,79,O3,SEDANG,DKI5 Kebon Jeruk
8/31/2020,202008,57,91.47492625,20,12,134,7,134,O3,TIDAK SEHAT,DKI5 Kebon Jeruk
9/1/2020,202009,60,91.69911504,20,12,88,6,88,CO,SEDANG,DKI5 Kebon Jeruk
9/2/2020,202009,56,91.92330383,19,12,92,10,92,CO,SEDANG,DKI5 Kebon Jeruk
9/3/2020,202009,57,92.14749263,20,14,90,7,90,CO,SEDANG,DKI5 Kebon Jeruk
9/4/2020,202009,58,92.37168142,18,13,56,5,58,PM10,SEDANG,DKI5 Kebon Jeruk
9/5/2020,202009,58,92.59587021,18,11,123,5,123,CO,TIDAK SEHAT,DKI5 Kebon Jeruk
9/6/2020,202009,58,92.820059,19,14,140,7,140,CO,TIDAK SEHAT,DKI5 Kebon Jeruk
9/7/2020,202009,62,93.04424779,25,9,113,5,113,CO,TIDAK SEHAT,DKI5 Kebon Jeruk
9/8/2020,202009,53,93.26843658,20,9,78,5,78,CO,SEDANG,DKI5 Kebon Jeruk
9/9/2020,202009,53,93.49262537,22,9,65,5,65,CO,SEDANG,DKI5 Kebon Jeruk
9/10/2020,202009,57,93.71681416,18,10,141,4,141,CO,TIDAK SEHAT,DKI5 Kebon Jeruk
9/11/2020,202009,64,93.94100295,18,20,109,8,109,CO,TIDAK SEHAT,DKI5 Kebon Jeruk
9/11/2020,202011,63,93.94100295,25,29,115,11,115,CO,TIDAK SEHAT,DKI5 Kebon Jeruk
9/12/2020,202009,62,94.16519174,18,12,128,6,128,CO,TIDAK SEHAT,DKI5 Kebon Jeruk
9/13/2020,202009,55,94.38938053,19,9,109,4,109,CO,TIDAK SEHAT,DKI5 Kebon Jeruk
9/14/2020,202009,53,94.61356932,20,9,85,5,85,CO,SEDANG,DKI5 Kebon Jeruk
9/15/2020,202009,46,94.83775811,19,11,99,6,99,CO,SEDANG,DKI5 Kebon Jeruk
9/16/2020,202009,50,95.0619469,18,12,117,8,117,CO,TIDAK SEHAT,DKI5 Kebon Jeruk
9/17/2020,202009,43,95.28613569,20,7,86,4,86,CO,SEDANG,DKI5 Kebon Jeruk
9/18/2020,202009,60,95.51032448,19,16,60,8,60,PM10,SEDANG,DKI5 Kebon Jeruk
9/19/2020,202009,54,95.73451327,21,10,96,5,96,CO,SEDANG,DKI5 Kebon Jeruk
9/20/2020,202009,39,95.95870206,21,6,38,6,39,PM10,BAIK,DKI5 Kebon Jeruk
9/21/2020,202009,42,96.18289086,19,18,91,4,91,CO,SEDANG,DKI5 Kebon Jeruk
9/22/2020,202009,36,96.40707965,17,10,84,8,84,CO,SEDANG,DKI5 Kebon Jeruk
9/23/2020,202009,54,96.63126844,21,22,162,7,162,CO,TIDAK SEHAT,DKI5 Kebon Jeruk
9/24/2020,202009,55,96.85545723,20,12,111,7,111,CO,TIDAK SEHAT,DKI5 Kebon Jeruk
9/25/2020,202009,65,97.07964602,23,16,108,8,108,CO,TIDAK SEHAT,DKI5 Kebon Jeruk
9/26/2020,202009,66,97.30383481,20,18,118,8,118,CO,TIDAK SEHAT,DKI5 Kebon Jeruk
9/27/2020,202009,61,97.5280236,19,17,98,8,98,CO,SEDANG,DKI5 Kebon Jeruk
9/28/2020,202009,41,97.75221239,19,9,97,5,97,CO,SEDANG,DKI5 Kebon Jeruk
9/29/2020,202009,53,97.97640118,21,13,94,6,94,CO,SEDANG,DKI5 Kebon Jeruk
9/30/2020,202009,54,98.20058997,21,14,78,7,78,CO,SEDANG,DKI5 Kebon Jeruk
10/1/2020,202010,53,98.42477876,13,73,7,73,4,CO,SEDANG,DKI5 Kebon Jeruk
10/2/2020,202010,56,98.64896755,15,87,7,87,4,CO,SEDANG,DKI5 Kebon Jeruk
10/3/2020,202010,50,98.87315634,15,80,7,80,4,CO,SEDANG,DKI5 Kebon Jeruk
10/4/2020,202010,54,99.09734513,17,108,6,108,4,CO,TIDAK SEHAT,DKI5 Kebon Jeruk
10/5/2020,202010,30,99.32153392,6,109,4,109,4,CO,TIDAK SEHAT,DKI5 Kebon Jeruk
10/6/2020,202010,40,99.54572271,6,91,3,91,4,CO,SEDANG,DKI5 Kebon Jeruk
10/7/2020,202010,41,99.7699115,8,127,5,127,4,CO,TIDAK SEHAT,DKI5 Kebon Jeruk
10/8/2020,202010,38,99.99410029,8,117,5,117,4,CO,TIDAK SEHAT,DKI5 Kebon Jeruk
10/9/2020,202010,46,100.2182891,9,105,5,105,4,CO,TIDAK SEHAT,DKI5 Kebon Jeruk
10/10/2020,202010,54,100.4424779,14,80,8,80,4,CO,SEDANG,DKI5 Kebon Jeruk
10/11/2020,202010,42,100.6666667,12,91,7,91,4,CO,SEDANG,DKI5 Kebon Jeruk
10/11/2020,202011,60,100.6666667,23,22,83,10,83,CO,SEDANG,DKI5 Kebon Jeruk
10/12/2020,202010,58,100.8908555,15,135,5,135,4,CO,TIDAK SEHAT,DKI5 Kebon Jeruk
10/13/2020,202010,59,101.1150442,15,130,11,130,4,CO,TIDAK SEHAT,DKI5 Kebon Jeruk
10/14/2020,202010,65,101.339233,22,115,10,115,4,CO,TIDAK SEHAT,DKI5 Kebon Jeruk
10/15/2020,202010,59,101.5634218,12,98,10,98,4,CO,SEDANG,DKI5 Kebon Jeruk
10/16/2020,202010,54,101.7876106,11,134,5,134,4,CO,TIDAK SEHAT,DKI5 Kebon Jeruk
10/17/2020,202010,50,102.0117994,20,99,9,99,4,CO,SEDANG,DKI5 Kebon Jeruk
10/18/2020,202010,49,102.2359882,13,67,6,67,4,CO,SEDANG,DKI5 Kebon Jeruk
10/19/2020,202010,52,102.460177,13,76,6,76,4,CO,SEDANG,DKI5 Kebon Jeruk
10/20/2020,202010,56,102.6843658,22,77,9,77,4,CO,SEDANG,DKI5 Kebon Jeruk
10/21/2020,202010,52,102.9085546,14,86,8,86,4,CO,SEDANG,DKI5 Kebon Jeruk
10/22/2020,202010,44,103.1327434,19,57,8,57,4,CO,SEDANG,DKI5 Kebon Jeruk
10/23/2020,202010,24,103.3569322,6,26,3,26,4,CO,BAIK,DKI5 Kebon Jeruk
10/24/2020,202010,44,103.5811209,13,83,5,83,4,CO,SEDANG,DKI5 Kebon Jeruk
10/25/2020,202010,40,103.8053097,13,61,8,61,4,CO,SEDANG,DKI5 Kebon Jeruk
10/26/2020,202010,43,104.0294985,11,123,8,123,4,CO,TIDAK SEHAT,DKI5 Kebon Jeruk
10/27/2020,202010,32,104.2536873,17,79,8,79,4,CO,SEDANG,DKI5 Kebon Jeruk
10/28/2020,202010,52,104.4778761,38,117,12,117,4,CO,TIDAK SEHAT,DKI5 Kebon Jeruk
10/29/2020,202010,45,104.7020649,14,70,9,70,4,CO,SEDANG,DKI5 Kebon Jeruk
10/30/2020,202010,53,104.9262537,19,49,7,53,1,PM10,SEDANG,DKI5 Kebon Jeruk
10/31/2020,202010,34,105.1504425,8,79,5,79,4,CO,SEDANG,DKI5 Kebon Jeruk
11/11/2020,202011,59,107.6165192,24,24,111,8,111,CO,TIDAK SEHAT,DKI5 Kebon Jeruk
12/1/2020,202012,13,112.100295,23,4,28,3.238095238,28,CO,BAIK,DKI5 Kebon Jeruk
12/2/2020,202012,23,112.3244838,26,5,46,3,46,CO,BAIK,DKI5 Kebon Jeruk
12/3/2020,202012,25,112.5486726,28,7,67,4,67,CO,SEDANG,DKI5 Kebon Jeruk
12/4/2020,202012,34,112.7728614,37,8,56,9,56,CO,SEDANG,DKI5 Kebon Jeruk
12/5/2020,202012,25,112.9970501,30,5,48,2,48,CO,BAIK,DKI5 Kebon Jeruk
12/6/2020,202012,25,113.2212389,29,9,26,4,29,PM2.5,BAIK,DKI5 Kebon Jeruk
12/7/2020,202012,17,113.4454277,31,5,26,4,31,PM2.5,BAIK,DKI5 Kebon Jeruk
12/8/2020,202012,35,113.6696165,38,11,25,4,38,PM2.5,BAIK,DKI5 Kebon Jeruk
12/9/2020,202012,27,113.8938053,31,4,25,3,31,PM2.5,BAIK,DKI5 Kebon Jeruk
12/10/2020,202012,30,114.1179941,41,5,33,2,41,PM2.5,BAIK,DKI5 Kebon Jeruk
12/11/2020,202012,34,114.3421829,37,10,32,7,37,PM2.5,BAIK,DKI5 Kebon Jeruk
12/11/2020,202011,57,114.3421829,26,12,69,7,69,CO,SEDANG,DKI5 Kebon Jeruk
12/12/2020,202012,22,114.5663717,26,7,34,5,34,CO,BAIK,DKI5 Kebon Jeruk
12/13/2020,202012,25,114.7905605,31,5,33,3,33,CO,BAIK,DKI5 Kebon Jeruk
12/14/2020,202012,20,115.0147493,26,7,40,3,40,CO,BAIK,DKI5 Kebon Jeruk
12/15/2020,202012,22,115.2389381,26,5,31,3,31,CO,BAIK,DKI5 Kebon Jeruk
12/16/2020,202012,15,115.4631268,26,4,28,3,28,CO,BAIK,DKI5 Kebon Jeruk
12/17/2020,202012,20,115.6873156,34,4,39,3,39,CO,BAIK,DKI5 Kebon Jeruk
12/18/2020,202012,16,115.9115044,30,4,38,3,38,CO,BAIK,DKI5 Kebon Jeruk
12/19/2020,202012,21,116.1356932,28,5,29,3,29,CO,BAIK,DKI5 Kebon Jeruk
12/20/2020,202012,28,116.359882,33,6,20,3,33,PM2.5,BAIK,DKI5 Kebon Jeruk
12/21/2020,202012,12,116.5840708,26,4,18,2.5,26,PM2.5,BAIK,DKI5 Kebon Jeruk
12/22/2020,202012,19,116.8082596,29,5,39,2,39,CO,BAIK,DKI5 Kebon Jeruk
12/23/2020,202012,32,117.0324484,30,9,34,3,34,CO,BAIK,DKI5 Kebon Jeruk
12/24/2020,202012,29,117.2566372,31,9,28,2,31,PM2.5,BAIK,DKI5 Kebon Jeruk
12/25/2020,202012,24,117.480826,27,7,18,3,27,PM2.5,BAIK,DKI5 Kebon Jeruk
12/26/2020,202012,17,117.7050147,33,4,26,3,33,PM2.5,BAIK,DKI5 Kebon Jeruk
12/27/2020,202012,18,117.9292035,32,4,41,3,41,CO,BAIK,DKI5 Kebon Jeruk
12/28/2020,202012,22,118.1533923,33,5,35,3,35,CO,BAIK,DKI5 Kebon Jeruk
12/29/2020,202012,15,118.3775811,28,4,27,2.5,28,PM2.5,BAIK,DKI5 Kebon Jeruk
12/30/2020,202012,16,118.6017699,7,3,21,2,21,CO,BAIK,DKI5 Kebon Jeruk
12/31/2020,202012,18,118.8259587,13,6,24,3,24,CO,BAIK,DKI5 Kebon Jeruk
1/1/2021,202101,37,119.0501475,20,12,25,4,37,PM10,BAIK,DKI5 Kebon Jeruk
1/2/2021,202101,33,119.2743363,18,20,64,6,64,CO,SEDANG,DKI5 Kebon Jeruk
1/3/2021,202101,42,119.4985251,15,10,62,3,62,CO,SEDANG,DKI5 Kebon Jeruk
1/4/2021,202101,27,119.7227139,14,7,31,4,31,CO,BAIK,DKI5 Kebon Jeruk
1/5/2021,202101,41,119.9469027,15,9,28,5.6,41,PM10,BAIK,DKI5 Kebon Jeruk
1/6/2021,202101,33,120.1710914,12,19,46,7.2,46,CO,BAIK,DKI5 Kebon Jeruk
1/7/2021,202101,27,120.3952802,13,11,36,8.8,36,CO,BAIK,DKI5 Kebon Jeruk
1/8/2021,202101,36,120.619469,18,19,28,10.4,36,PM10,BAIK,DKI5 Kebon Jeruk
1/9/2021,202101,46,120.8436578,17,26,27,12,46,PM10,BAIK,DKI5 Kebon Jeruk
1/10/2021,202101,19,121.0678466,20,8,34,5,34,CO,BAIK,DKI5 Kebon Jeruk
1/11/2021,202101,33,121.2920354,21,10,34,9,34,CO,BAIK,DKI5 Kebon Jeruk
1/12/2021,202101,25,121.5162242,22,6,38,6,38,CO,BAIK,DKI5 Kebon Jeruk
1/13/2021,202101,25,121.740413,20,5,27,9,27,CO,BAIK,DKI5 Kebon Jeruk
1/14/2021,202101,32,121.9646018,17,8,36,7,36,CO,BAIK,DKI5 Kebon Jeruk
1/15/2021,202101,52,122.1887906,15,15,41,7,52,PM10,SEDANG,DKI5 Kebon Jeruk
1/16/2021,202101,46.25,122.4129794,18,12,37,8,37,CO,BAIK,DKI5 Kebon Jeruk
1/17/2021,202101,40.5,122.6371681,20,15,32,9,32,CO,BAIK,DKI5 Kebon Jeruk
1/18/2021,202101,34.75,122.8613569,22,8,31,4,31,CO,BAIK,DKI5 Kebon Jeruk
1/19/2021,202101,29,123.0855457,14,6,35,5,35,CO,BAIK,DKI5 Kebon Jeruk
1/20/2021,202101,30,123.3097345,15,7,33,6.5,33,CO,BAIK,DKI5 Kebon Jeruk
1/21/2021,202101,43,123.5339233,16,15,37,8,43,PM10,BAIK,DKI5 Kebon Jeruk
1/22/2021,202101,45,123.7581121,21,13,40,15,45,PM10,BAIK,DKI5 Kebon Jeruk
1/23/2021,202101,80,123.9823009,22,44,44,22,80,PM10,SEDANG,DKI5 Kebon Jeruk
1/24/2021,202101,27,124.2064897,14,9,29,17.5,29,CO,BAIK,DKI5 Kebon Jeruk
1/25/2021,202101,55,124.4306785,19,29,67,13,67,CO,SEDANG,DKI5 Kebon Jeruk
1/26/2021,202101,57,124.6548673,21,23,36,16,57,PM10,SEDANG,DKI5 Kebon Jeruk
1/27/2021,202101,15,124.879056,16,5,20,14.33333333,20,CO,BAIK,DKI5 Kebon Jeruk
1/28/2021,202101,28,125.1032448,19,11,28,12.66666667,28,PM10,BAIK,DKI5 Kebon Jeruk
1/29/2021,202101,30,125.3274336,22,10,32,11,32,CO,BAIK,DKI5 Kebon Jeruk
1/30/2021,202101,24,125.5516224,17,8,27,10,27,CO,BAIK,DKI5 Kebon Jeruk
1/31/2021,202101,41,125.7758112,17,19,29,8,41,PM10,BAIK,DKI5 Kebon Jeruk
2/1/2021,202102,70,126,29,26,15,34,126,PM2.5,TIDAK SEHAT,DKI5 Kebon Jeruk
2/2/2021,202102,46.5,55,28,9,14,25,55,PM2.5,SEDANG,DKI5 Kebon Jeruk
2/3/2021,202102,23,40,27,5,16,10,40,PM2.5,BAIK,DKI5 Kebon Jeruk
2/4/2021,202102,32,59,28,9,14,17,59,PM2.5,SEDANG,DKI5 Kebon Jeruk
2/5/2021,202102,31.83333333,48,28,8,14,35,48,PM2.5,BAIK,DKI5 Kebon Jeruk
2/6/2021,202102,31.66666667,34,21,4,24,6,34,PM2.5,BAIK,DKI5 Kebon Jeruk
2/7/2021,202102,31.5,29,22,5,20,7,29,PM2.5,BAIK,DKI5 Kebon Jeruk
2/8/2021,202102,31.33333333,41,23,6,17,11,41,PM2.5,BAIK,DKI5 Kebon Jeruk
2/9/2021,202102,31.16666667,57,31,9,15,21,57,PM2.5,SEDANG,DKI5 Kebon Jeruk
2/10/2021,202102,31,52,27,7,13,11,52,PM2.5,SEDANG,DKI5 Kebon Jeruk
2/11/2021,202102,23,50,36,6,10,13,50,PM2.5,BAIK,DKI5 Kebon Jeruk
2/12/2021,202102,35,65,38,11,11,42,65,PM2.5,SEDANG,DKI5 Kebon Jeruk
2/13/2021,202102,27,55,27,5,20,8,55,PM2.5,SEDANG,DKI5 Kebon Jeruk
2/14/2021,202102,36,61,24,9,20,11,61,PM2.5,SEDANG,DKI5 Kebon Jeruk
2/15/2021,202102,32,56,24,10,18,17,56,PM2.5,SEDANG,DKI5 Kebon Jeruk
2/16/2021,202102,24,35,21,7,22,9,35,PM2.5,BAIK,DKI5 Kebon Jeruk
2/17/2021,202102,44,71,33,25,14,37,71,PM2.5,SEDANG,DKI5 Kebon Jeruk
2/18/2021,202102,38,60,41,8,17,17,60,PM2.5,SEDANG,DKI5 Kebon Jeruk
2/19/2021,202102,27,52,24,16,14,33,52,PM2.5,SEDANG,DKI5 Kebon Jeruk
2/20/2021,202102,32,52,22,10,21,15,52,PM2.5,SEDANG,DKI5 Kebon Jeruk
2/21/2021,202102,29,52,22,8,18,12,52,PM2.5,SEDANG,DKI5 Kebon Jeruk
2/22/2021,202102,56,92,25,20,16,40,92,PM2.5,SEDANG,DKI5 Kebon Jeruk
2/23/2021,202102,49,77,28,8,21,12,77,PM2.5,SEDANG,DKI5 Kebon Jeruk
2/24/2021,202102,24,40,28,4,11,7,40,PM2.5,BAIK,DKI5 Kebon Jeruk
2/25/2021,202102,28,52,31,7,13,23,52,PM2.5,SEDANG,DKI5 Kebon Jeruk
2/26/2021,202102,24,49,21,7,22,18,49,PM2.5,BAIK,DKI5 Kebon Jeruk
2/27/2021,202102,39,64,27,10,25,24,64,PM2.5,SEDANG,DKI5 Kebon Jeruk
2/28/2021,202102,50,77,22,9,22,13,77,PM2.5,SEDANG,DKI5 Kebon Jeruk
3/1/2021,202103,29,60,23,7,16,12,60,PM2.5,SEDANG,DKI5 Kebon Jeruk
3/2/2021,202103,35,65,23,11,22,17,65,PM2.5,SEDANG,DKI5 Kebon Jeruk
3/3/2021,202103,49,79,24,13,20,21,79,PM2.5,SEDANG,DKI5 Kebon Jeruk
3/5/2021,202103,43,75,26,14,20,28,75,PM2.5,SEDANG,DKI5 Kebon Jeruk
3/6/2021,202103,53,88,25,25,16,42,88,PM2.5,SEDANG,DKI5 Kebon Jeruk
3/7/2021,202103,59,103,30,18,22,26,103,PM2.5,TIDAK SEHAT,DKI5 Kebon Jeruk
3/8/2021,202103,45,67,27,12,11,22,67,PM2.5,SEDANG,DKI5 Kebon Jeruk
3/9/2021,202103,35,62,31,7,12,16,62,PM2.5,SEDANG,DKI5 Kebon Jeruk
3/10/2021,202103,53,91,27,21,17,39,91,PM2.5,SEDANG,DKI5 Kebon Jeruk
3/11/2021,202103,47,41,20,5,22,8,41,PM2.5,BAIK,DKI5 Kebon Jeruk
3/12/2021,202103,41,70,32,10,20,17,70,PM2.5,SEDANG,DKI5 Kebon Jeruk
3/13/2021,202103,35,62,33,6,19,10,62,PM2.5,SEDANG,DKI5 Kebon Jeruk
3/14/2021,202103,44,72,27,11,13,21,72,PM2.5,SEDANG,DKI5 Kebon Jeruk
3/15/2021,202103,55,92,34,17,18,33,92,PM2.5,SEDANG,DKI5 Kebon Jeruk
3/16/2021,202103,54,87,40,11,28,18,87,PM2.5,SEDANG,DKI5 Kebon Jeruk
3/17/2021,202103,65,117,31,17,28,32,117,PM2.5,TIDAK SEHAT,DKI5 Kebon Jeruk
3/18/2021,202103,62,107,40,11,34,17,107,PM2.5,TIDAK SEHAT,DKI5 Kebon Jeruk
3/19/2021,202103,58,96,35,10,33,16,96,PM2.5,SEDANG,DKI5 Kebon Jeruk
3/20/2021,202103,56,89,32,9,22,17,89,PM2.5,SEDANG,DKI5 Kebon Jeruk
3/21/2021,202103,37,62,24,6,17,9,62,PM2.5,SEDANG,DKI5 Kebon Jeruk
3/22/2021,202103,38,67,23,7,14,10,67,PM2.5,SEDANG,DKI5 Kebon Jeruk
3/23/2021,202103,35,59,25,6,11,14,59,PM2.5,SEDANG,DKI5 Kebon Jeruk
3/24/2021,202103,26,52,21,4,13,6,52,PM2.5,SEDANG,DKI5 Kebon Jeruk
3/25/2021,202103,23,53,23,4,21,5,53,PM2.5,SEDANG,DKI5 Kebon Jeruk
3/26/2021,202103,48,79,24,10,23,19,79,PM2.5,SEDANG,DKI5 Kebon Jeruk
3/27/2021,202103,51,83,38,12,24,23,83,PM2.5,SEDANG,DKI5 Kebon Jeruk
3/28/2021,202103,50,78,22,12,34,19,78,PM2.5,SEDANG,DKI5 Kebon Jeruk
3/29/2021,202103,54,91,21,17,29,26,91,PM2.5,SEDANG,DKI5 Kebon Jeruk
3/30/2021,202103,44,72,35,8,18,18,72,PM2.5,SEDANG,DKI5 Kebon Jeruk
3/31/2021,202103,40,62,25,7,16,15,62,PM2.5,SEDANG,DKI5 Kebon Jeruk
4/1/2021,202104,15,34,24,3,16,4,34,PM2.5,BAIK,DKI5 Kebon Jeruk
4/2/2021,202104,35,58,38,7,19,16,58,PM2.5,SEDANG,DKI5 Kebon Jeruk
4/3/2021,202104,21,47,20,6,22,12,47,PM2.5,BAIK,DKI5 Kebon Jeruk
4/4/2021,202104,62,102,20,30,19,37,102,PM2.5,TIDAK SEHAT,DKI5 Kebon Jeruk
4/5/2021,202104,47,76,24,12,22,28,76,PM2.5,SEDANG,DKI5 Kebon Jeruk
4/6/2021,202104,30,54,31,4,18,6,54,PM2.5,SEDANG,DKI5 Kebon Jeruk
4/7/2021,202104,25,42,30,4,17,6,42,PM2.5,BAIK,DKI5 Kebon Jeruk
4/8/2021,202104,32,55,51,5,14,12,55,PM2.5,SEDANG,DKI5 Kebon Jeruk
4/9/2021,202104,52,77,34,7,18,21,77,PM2.5,SEDANG,DKI5 Kebon Jeruk
4/10/2021,202104,45,77,31,9,24,18,77,PM2.5,SEDANG,DKI5 Kebon Jeruk
4/11/2021,202104,46,75,50,9,31,18,75,PM2.5,SEDANG,DKI5 Kebon Jeruk
4/12/2021,202104,58,90,30,19,21,31,90,PM2.5,SEDANG,DKI5 Kebon Jeruk
4/13/2021,202104,50,78,30,15,30,27,78,PM2.5,SEDANG,DKI5 Kebon Jeruk
4/14/2021,202104,48,79,31,12,27,23,79,PM2.5,SEDANG,DKI5 Kebon Jeruk
4/15/2021,202104,54,88,23,24,30,42,88,PM2.5,SEDANG,DKI5 Kebon Jeruk
4/16/2021,202104,55,88,29,18,23,44,88,PM2.5,SEDANG,DKI5 Kebon Jeruk
4/17/2021,202104,67,118,29,16,28,31,118,PM2.5,TIDAK SEHAT,DKI5 Kebon Jeruk
4/18/2021,202104,55,93,29,11,32,16,93,PM2.5,SEDANG,DKI5 Kebon Jeruk
4/19/2021,202104,62,108,32,13,32,19,108,PM2.5,TIDAK SEHAT,DKI5 Kebon Jeruk
4/20/2021,202104,51,88,32,9,28,20,88,PM2.5,SEDANG,DKI5 Kebon Jeruk
4/21/2021,202104,62,105,25,15,25,25,105,PM2.5,TIDAK SEHAT,DKI5 Kebon Jeruk
4/22/2021,202104,56,96,26,9,39,17,96,PM2.5,SEDANG,DKI5 Kebon Jeruk
4/23/2021,202104,66,111,26,12,33,22,111,PM2.5,TIDAK SEHAT,DKI5 Kebon Jeruk
4/24/2021,202104,60,99,29,12,37,24,99,PM2.5,SEDANG,DKI5 Kebon Jeruk
4/25/2021,202104,58,97,23,12,27,19,97,PM2.5,SEDANG,DKI5 Kebon Jeruk
4/26/2021,202104,52,82,28,10,26,19,82,PM2.5,SEDANG,DKI5 Kebon Jeruk
4/27/2021,202104,56,95,33,9,28,18,95,PM2.5,SEDANG,DKI5 Kebon Jeruk
4/28/2021,202104,49,81,21,10,26,22,81,PM2.5,SEDANG,DKI5 Kebon Jeruk
4/29/2021,202104,43,73,22,14,26,25,73,PM2.5,SEDANG,DKI5 Kebon Jeruk
4/30/2021,202104,52,83,23,12,28,23,83,PM2.5,SEDANG,DKI5 Kebon Jeruk
5/1/2021,202105,47,77,22,9,27,15,77,PM2.5,SEDANG,DKI5 Kebon Jeruk
5/2/2021,202105,41,69,29,7,23,11,69,PM2.5,SEDANG,DKI5 Kebon Jeruk
5/3/2021,202105,42,69,34,7,25,12,69,PM2.5,SEDANG,DKI5 Kebon Jeruk
5/4/2021,202105,50,77,40,10,19,24,77,PM2.5,SEDANG,DKI5 Kebon Jeruk
5/5/2021,202105,54,90,25,14,21,25,90,PM2.5,SEDANG,DKI5 Kebon Jeruk
5/6/2021,202105,37,67,19,11,29,20,67,PM2.5,SEDANG,DKI5 Kebon Jeruk
5/7/2021,202105,50,82,21,20,31,32,82,PM2.5,SEDANG,DKI5 Kebon Jeruk
5/8/2021,202105,43,74,21,8,30,14,74,PM2.5,SEDANG,DKI5 Kebon Jeruk
5/9/2021,202105,33,58,17,6,38,6,58,PM2.5,SEDANG,DKI5 Kebon Jeruk
5/10/2021,202105,40,72,23,8,38,8,72,PM2.5,SEDANG,DKI5 Kebon Jeruk
5/11/2021,202105,53,89,29,9,38,13,89,PM2.5,SEDANG,DKI5 Kebon Jeruk
5/12/2021,202105,50,83,27,8,36,10,83,PM2.5,SEDANG,DKI5 Kebon Jeruk
5/13/2021,202105,65,115,25,14,31,13,115,PM2.5,TIDAK SEHAT,DKI5 Kebon Jeruk
5/14/2021,202105,51,81,25,7,32,6,81,PM2.5,SEDANG,DKI5 Kebon Jeruk
5/15/2021,202105,51,81,24,10,25,13,81,PM2.5,SEDANG,DKI5 Kebon Jeruk
5/16/2021,202105,39,69,23,8,28,8,69,PM2.5,SEDANG,DKI5 Kebon Jeruk
5/17/2021,202105,45,75,22,10,29,13,75,PM2.5,SEDANG,DKI5 Kebon Jeruk
5/18/2021,202105,30,56,24,7,39,12,56,PM2.5,SEDANG,DKI5 Kebon Jeruk
5/19/2021,202105,51,82,22,15,26,24,82,PM2.5,SEDANG,DKI5 Kebon Jeruk
5/20/2021,202105,51,87,26,8,28,16,87,PM2.5,SEDANG,DKI5 Kebon Jeruk
5/21/2021,202105,50,84,25,13,26,24,84,PM2.5,SEDANG,DKI5 Kebon Jeruk
5/22/2021,202105,52,90,21,14,30,21,90,PM2.5,SEDANG,DKI5 Kebon Jeruk
5/23/2021,202105,63,109,24,23,27,40,109,PM2.5,TIDAK SEHAT,DKI5 Kebon Jeruk
5/24/2021,202105,64,108,25,17,30,25,108,PM2.5,TIDAK SEHAT,DKI5 Kebon Jeruk
5/25/2021,202105,44,70,24,9,30,22,70,PM2.5,SEDANG,DKI5 Kebon Jeruk
5/26/2021,202105,48,79,34,7,24,17,79,PM2.5,SEDANG,DKI5 Kebon Jeruk
5/27/2021,202105,34,61,32,5,20,11,61,PM2.5,SEDANG,DKI5 Kebon Jeruk
5/28/2021,202105,49,77,37,8,20,19,77,PM2.5,SEDANG,DKI5 Kebon Jeruk
5/29/2021,202105,54,88,37,11,19,29,88,PM2.5,SEDANG,DKI5 Kebon Jeruk
5/30/2021,202105,46,66,24,15,18,29,66,PM2.5,SEDANG,DKI5 Kebon Jeruk
5/31/2021,202105,52,82,21,11,27,18,82,PM2.5,SEDANG,DKI5 Kebon Jeruk
6/1/2021,202106,57,98,27,12,26,22,98,PM2.5,SEDANG,DKI5 Kebon Jeruk
6/2/2021,202106,57,92,25,15,27,27,92,PM2.5,SEDANG,DKI5 Kebon Jeruk
6/3/2021,202106,53,90,23,18,19,36,90,PM2.5,SEDANG,DKI5 Kebon Jeruk
6/4/2021,202106,53,89,29,9,25,19,89,PM2.5,SEDANG,DKI5 Kebon Jeruk
6/5/2021,202106,57,89.5,24,15,21,29,57,PM10,SEDANG,DKI5 Kebon Jeruk
6/6/2021,202106,54,90,23,13,25,22,54,PM10,SEDANG,DKI5 Kebon Jeruk
6/7/2021,202106,53,90.5,25,12,32,21,53,PM10,SEDANG,DKI5 Kebon Jeruk
6/8/2021,202106,52,91,25,12,27,28,91,PM2.5,SEDANG,DKI5 Kebon Jeruk
6/9/2021,202106,52,86,29,9,28,19,86,PM2.5,SEDANG,DKI5 Kebon Jeruk
6/10/2021,202106,61,108,24,18,22,34,108,PM2.5,TIDAK SEHAT,DKI5 Kebon Jeruk
6/11/2021,202106,53,87,22,10,29,25,87,PM2.5,SEDANG,DKI5 Kebon Jeruk
6/12/2021,202106,49,81,28,10,29,26,81,PM2.5,SEDANG,DKI5 Kebon Jeruk
6/13/2021,202106,47,77,25,10,23,20,77,PM2.5,SEDANG,DKI5 Kebon Jeruk
6/14/2021,202106,57,98,27,13,18,25,98,PM2.5,SEDANG,DKI5 Kebon Jeruk
6/15/2021,202106,56,89,42,10,16,27,89,PM2.5,SEDANG,DKI5 Kebon Jeruk
6/16/2021,202106,58,97,28,25,9,55,97,PM2.5,SEDANG,DKI5 Kebon Jeruk
6/17/2021,202106,54,90,30,17,16,41,90,PM2.5,SEDANG,DKI5 Kebon Jeruk
6/18/2021,202106,62,101,28,23,16,45,101,PM2.5,TIDAK SEHAT,DKI5 Kebon Jeruk
6/19/2021,202106,53,83,34,19,11,45,83,PM2.5,SEDANG,DKI5 Kebon Jeruk
6/20/2021,202106,74,123,47,26,20,58,123,PM2.5,TIDAK SEHAT,DKI5 Kebon Jeruk
6/21/2021,202106,50,68,23,16,12,35,68,PM2.5,SEDANG,DKI5 Kebon Jeruk
6/22/2021,202106,35,67,28,13,13,35,67,PM2.5,SEDANG,DKI5 Kebon Jeruk
6/23/2021,202106,58,103,26,14,23,28,103,PM2.5,TIDAK SEHAT,DKI5 Kebon Jeruk
6/24/2021,202106,64,107,39,19,17,52,107,PM2.5,TIDAK SEHAT,DKI5 Kebon Jeruk
6/25/2021,202106,76,129,35,30,14,63,129,PM2.5,TIDAK SEHAT,DKI5 Kebon Jeruk
6/26/2021,202106,45,70,39,8,16,22,70,PM2.5,SEDANG,DKI5 Kebon Jeruk
6/27/2021,202106,68,120,28,22,17,41,120,PM2.5,TIDAK SEHAT,DKI5 Kebon Jeruk
6/28/2021,202106,59,99,25,17,21,30,99,PM2.5,SEDANG,DKI5 Kebon Jeruk
6/29/2021,202106,72,128,35,24,21,50,128,PM2.5,TIDAK SEHAT,DKI5 Kebon Jeruk
6/30/2021,202106,64,106,28,16,14,33,106,PM2.5,TIDAK SEHAT,DKI5 Kebon Jeruk
7/1/2021,202107,54,88,31,12,17,28,88,PM2.5,SEDANG,DKI5 Kebon Jeruk
7/2/2021,202107,56,90,29,23,11,51,90,PM2.5,SEDANG,DKI5 Kebon Jeruk
7/3/2021,202107,60,103,31,13,20,27,103,PM2.5,TIDAK SEHAT,DKI5 Kebon Jeruk
7/4/2021,202107,73,126,32,13,26,25,126,PM2.5,TIDAK SEHAT,DKI5 Kebon Jeruk
7/5/2021,202107,66,115,35,11,36,20,115,PM2.5,TIDAK SEHAT,DKI5 Kebon Jeruk
7/6/2021,202107,52,80,32,8,32,23,80,PM2.5,SEDANG,DKI5 Kebon Jeruk
7/7/2021,202107,60,101,36,10,31,23,101,PM2.5,TIDAK SEHAT,DKI5 Kebon Jeruk
7/8/2021,202107,62,108,37,10,30,23,108,PM2.5,TIDAK SEHAT,DKI5 Kebon Jeruk
7/9/2021,202107,65,113,40,11,34,22,113,PM2.5,TIDAK SEHAT,DKI5 Kebon Jeruk
7/10/2021,202107,55,85,42,6,26,17,85,PM2.5,SEDANG,DKI5 Kebon Jeruk
7/11/2021,202107,46,70,40,6,18,13,70,PM2.5,SEDANG,DKI5 Kebon Jeruk
7/12/2021,202107,39,58,28,6,14,14,58,PM2.5,SEDANG,DKI5 Kebon Jeruk
7/13/2021,202107,59,102,42,11,19,26,102,PM2.5,TIDAK SEHAT,DKI5 Kebon Jeruk
7/14/2021,202107,51,82,38,9,20,26,82,PM2.5,SEDANG,DKI5 Kebon Jeruk
7/15/2021,202107,75,129,35,14,26,26,129,PM2.5,TIDAK SEHAT,DKI5 Kebon Jeruk
7/16/2021,202107,70,114,33,11,30,22,114,PM2.5,TIDAK SEHAT,DKI5 Kebon Jeruk
7/17/2021,202107,57,89,32,8,32,19,89,PM2.5,SEDANG,DKI5 Kebon Jeruk
7/18/2021,202107,67,115,33,13,34,27,115,PM2.5,TIDAK SEHAT,DKI5 Kebon Jeruk
7/19/2021,202107,61,108,28,9,38,20,108,PM2.5,TIDAK SEHAT,DKI5 Kebon Jeruk
7/20/2021,202107,70,112,32,14,24,21,112,PM2.5,TIDAK SEHAT,DKI5 Kebon Jeruk
7/21/2021,202107,49,80,31,8,18,19,80,PM2.5,SEDANG,DKI5 Kebon Jeruk
7/22/2021,202107,51,85,37,9,22,27,85,PM2.5,SEDANG,DKI5 Kebon Jeruk
7/23/2021,202107,53,85,30,8,27,25,85,PM2.5,SEDANG,DKI5 Kebon Jeruk
7/24/2021,202107,49,83,27,11,23,32,83,PM2.5,SEDANG,DKI5 Kebon Jeruk
7/25/2021,202107,77,131,28,24,27,42,131,PM2.5,TIDAK SEHAT,DKI5 Kebon Jeruk
7/26/2021,202107,66,116,29,16,24,31,116,PM2.5,TIDAK SEHAT,DKI5 Kebon Jeruk
7/27/2021,202107,64,110,32,13,29,35,110,PM2.5,TIDAK SEHAT,DKI5 Kebon Jeruk
7/28/2021,202107,70,130,33,17,28,45,130,PM2.5,TIDAK SEHAT,DKI5 Kebon Jeruk
7/29/2021,202107,78,140,32,18,29,39,140,PM2.5,TIDAK SEHAT,DKI5 Kebon Jeruk
7/30/2021,202107,75,121,37,12,50,21,121,PM2.5,TIDAK SEHAT,DKI5 Kebon Jeruk
7/31/2021,202107,53,80,29,6,34,13,80,PM2.5,SEDANG,DKI5 Kebon Jeruk
8/1/2021,202108,44,70,30,8,29,11,70,PM2.5,SEDANG,DKI5 Kebon Jeruk
8/2/2021,202108,46,75,27,8,27,12,75,PM2.5,SEDANG,DKI5 Kebon Jeruk
8/3/2021,202108,53,80,30,9,27,21,80,PM2.5,SEDANG,DKI5 Kebon Jeruk
8/4/2021,202108,46,74,33,7,26,18,74,PM2.5,SEDANG,DKI5 Kebon Jeruk
8/5/2021,202108,50,78,30,9,17,21,78,PM2.5,SEDANG,DKI5 Kebon Jeruk
8/6/2021,202108,57,94,31,20,12,52,94,PM2.5,SEDANG,DKI5 Kebon Jeruk
8/7/2021,202108,50,71,37,7,19,18,71,PM2.5,SEDANG,DKI5 Kebon Jeruk
8/8/2021,202108,49,73,39,7,23,13,73,PM2.5,SEDANG,DKI5 Kebon Jeruk
8/9/2021,202108,45,61,39,4,21,14,61,PM2.5,SEDANG,DKI5 Kebon Jeruk
8/10/2021,202108,26,52,27,6,24,14,52,PM2.5,SEDANG,DKI5 Kebon Jeruk
8/11/2021,202108,54,92,29,11,25,25,92,PM2.5,SEDANG,DKI5 Kebon Jeruk
8/12/2021,202108,54,78,32,7,27,18,78,PM2.5,SEDANG,DKI5 Kebon Jeruk
8/13/2021,202108,61,100,33,11,21,32,100,PM2.5,SEDANG,DKI5 Kebon Jeruk
8/14/2021,202108,73,116,38,14,26,40,116,PM2.5,TIDAK SEHAT,DKI5 Kebon Jeruk
8/15/2021,202108,62,87,33,12,17,30,87,PM2.5,SEDANG,DKI5 Kebon Jeruk
8/16/2021,202108,51,74,35,7,22,20,74,PM2.5,SEDANG,DKI5 Kebon Jeruk
8/17/2021,202108,59,89,32,8,26,19,89,PM2.5,SEDANG,DKI5 Kebon Jeruk
8/18/2021,202108,62,97,28,9,30,17,97,PM2.5,SEDANG,DKI5 Kebon Jeruk
8/19/2021,202108,63,106,38,13,26,33,106,PM2.5,TIDAK SEHAT,DKI5 Kebon Jeruk
8/20/2021,202108,55,81,39,8,34,27,81,PM2.5,SEDANG,DKI5 Kebon Jeruk
8/21/2021,202108,58,89,32,10,31,24,89,PM2.5,SEDANG,DKI5 Kebon Jeruk
8/22/2021,202108,62,94,35,12,24,29,94,PM2.5,SEDANG,DKI5 Kebon Jeruk
8/23/2021,202108,59,88,31,9,22,22,88,PM2.5,SEDANG,DKI5 Kebon Jeruk
8/24/2021,202108,60,97,31,7,32,12,97,PM2.5,SEDANG,DKI5 Kebon Jeruk
8/25/2021,202108,63,95,31,10,29,20,95,PM2.5,SEDANG,DKI5 Kebon Jeruk
8/26/2021,202108,64,96,32,9,31,14,96,PM2.5,SEDANG,DKI5 Kebon Jeruk
8/27/2021,202108,61,96,34,8,29,15,96,PM2.5,SEDANG,DKI5 Kebon Jeruk
8/28/2021,202108,63,100,31,8,44,12,100,PM2.5,SEDANG,DKI5 Kebon Jeruk
8/29/2021,202108,67,111,32,10,36,13,111,PM2.5,TIDAK SEHAT,DKI5 Kebon Jeruk
8/30/2021,202108,83,126,35,16,32,29,126,PM2.5,TIDAK SEHAT,DKI5 Kebon Jeruk
8/31/2021,202108,60,92,30,7,32,14,92,PM2.5,SEDANG,DKI5 Kebon Jeruk
9/1/2021,202109,64,95,30,12,28,26,95,PM2.5,SEDANG,DKI5 Kebon Jeruk
9/2/2021,202109,62,101,28,9,25,18,101,PM2.5,TIDAK SEHAT,DKI5 Kebon Jeruk
9/3/2021,202109,56,92,7,6,45,9,92,PM2.5,SEDANG,DKI5 Kebon Jeruk
9/4/2021,202109,58,84,7.16,6,37,11,84,PM2.5,SEDANG,DKI5 Kebon Jeruk
9/5/2021,202109,57,89,7.32,7,36,11,89,PM2.5,SEDANG,DKI5 Kebon Jeruk
9/6/2021,202109,65,95,7.48,8,27,13,95,PM2.5,SEDANG,DKI5 Kebon Jeruk
9/7/2021,202109,56,77,7.64,6,19,17,77,PM2.5,SEDANG,DKI5 Kebon Jeruk
9/8/2021,202109,51,78,7.8,8,28,15,78,PM2.5,SEDANG,DKI5 Kebon Jeruk
9/9/2021,202109,47,69,7.96,8,32,15,69,PM2.5,SEDANG,DKI5 Kebon Jeruk
9/10/2021,202109,46,73,8.12,6,39,13,73,PM2.5,SEDANG,DKI5 Kebon Jeruk
9/11/2021,202109,60,98,8.28,8,45,16,98,PM2.5,SEDANG,DKI5 Kebon Jeruk
9/12/2021,202109,58,84,8.44,7,29,12,84,PM2.5,SEDANG,DKI5 Kebon Jeruk
9/13/2021,202109,51,70,8.6,6,20,10,70,PM2.5,SEDANG,DKI5 Kebon Jeruk
9/14/2021,202109,26,37,8.76,3,17,8,37,PM2.5,BAIK,DKI5 Kebon Jeruk
9/15/2021,202109,53,79,8.92,14,22,26,79,PM2.5,SEDANG,DKI5 Kebon Jeruk
9/16/2021,202109,38,59,9.08,4,23,14,59,PM2.5,SEDANG,DKI5 Kebon Jeruk
9/17/2021,202109,35,60,9.24,3,25,12,60,PM2.5,SEDANG,DKI5 Kebon Jeruk
9/18/2021,202109,46,69,9.4,5,27,12,69,PM2.5,SEDANG,DKI5 Kebon Jeruk
9/19/2021,202109,53,83,9.56,7,28,10,83,PM2.5,SEDANG,DKI5 Kebon Jeruk
9/20/2021,202109,45,65,9.72,5,30,10,65,PM2.5,SEDANG,DKI5 Kebon Jeruk
9/21/2021,202109,47,77,9.88,6,34,13,77,PM2.5,SEDANG,DKI5 Kebon Jeruk
9/22/2021,202109,53,78,10.04,7,25,16,78,PM2.5,SEDANG,DKI5 Kebon Jeruk
9/23/2021,202109,53,77,10.2,6,27,14,77,PM2.5,SEDANG,DKI5 Kebon Jeruk
9/24/2021,202109,51,73,10.36,6,20,17,73,PM2.5,SEDANG,DKI5 Kebon Jeruk
9/25/2021,202109,45,64,10.52,4,24,12,64,PM2.5,SEDANG,DKI5 Kebon Jeruk
9/26/2021,202109,48,67,10.68,4,30,9,67,PM2.5,SEDANG,DKI5 Kebon Jeruk
9/27/2021,202109,51,78,10.84,9,22,18,78,PM2.5,SEDANG,DKI5 Kebon Jeruk
9/28/2021,202109,42,64,11,5,26,14,64,PM2.5,SEDANG,DKI5 Kebon Jeruk
9/29/2021,202109,56,87,11.16,11,34,19,87,PM2.5,SEDANG,DKI5 Kebon Jeruk
9/30/2021,202109,68,108,11.32,10,46,13,108,PM2.5,TIDAK SEHAT,DKI5 Kebon Jeruk
10/1/2021,202110,55,84,11.48,8,34,12,84,PM2.5,SEDANG,DKI5 Kebon Jeruk
10/2/2021,202110,67,102,11.64,10,31,16,102,PM2.5,TIDAK SEHAT,DKI5 Kebon Jeruk
10/3/2021,202110,55,82,11.8,8,28,12,82,PM2.5,SEDANG,DKI5 Kebon Jeruk
10/4/2021,202110,53,80,11.96,7,31,10,80,PM2.5,SEDANG,DKI5 Kebon Jeruk
10/5/2021,202110,52,79,12.12,10,35,16,79,PM2.5,SEDANG,DKI5 Kebon Jeruk
10/6/2021,202110,52,74,12.28,6,28,14,74,PM2.5,SEDANG,DKI5 Kebon Jeruk
10/7/2021,202110,50,71,12.44,8,25,17,71,PM2.5,SEDANG,DKI5 Kebon Jeruk
10/8/2021,202110,53,81,12.6,7,32,16,81,PM2.5,SEDANG,DKI5 Kebon Jeruk
10/9/2021,202110,53,74,12.76,7,43,12,74,PM2.5,SEDANG,DKI5 Kebon Jeruk
10/10/2021,202110,55,80,12.92,8,46,11,80,PM2.5,SEDANG,DKI5 Kebon Jeruk
10/11/2021,202110,59,88,13.08,9,39,11,88,PM2.5,SEDANG,DKI5 Kebon Jeruk
10/12/2021,202110,57,81,13.24,12,31,23,81,PM2.5,SEDANG,DKI5 Kebon Jeruk
10/13/2021,202110,47,69,13.4,7,30,13,69,PM2.5,SEDANG,DKI5 Kebon Jeruk
10/14/2021,202110,58,91,13.56,10,35,14,91,PM2.5,SEDANG,DKI5 Kebon Jeruk
10/15/2021,202110,70,107,13.72,11,39,16,107,PM2.5,TIDAK SEHAT,DKI5 Kebon Jeruk
10/16/2021,202110,68,112,13.88,14,32,17,112,PM2.5,TIDAK SEHAT,DKI5 Kebon Jeruk
10/17/2021,202110,62,100,14.04,11,48,10,100,PM2.5,SEDANG,DKI5 Kebon Jeruk
10/18/2021,202110,52,73,14.2,11,19,15,73,PM2.5,SEDANG,DKI5 Kebon Jeruk
10/19/2021,202110,50,81,14.36,16,13,35,81,PM2.5,SEDANG,DKI5 Kebon Jeruk
10/20/2021,202110,42,68,14.52,11,22,23,68,PM2.5,SEDANG,DKI5 Kebon Jeruk
10/21/2021,202110,42,70,14.68,7,34,14,70,PM2.5,SEDANG,DKI5 Kebon Jeruk
10/22/2021,202110,60,95,14.84,15,24,26,95,PM2.5,SEDANG,DKI5 Kebon Jeruk
10/23/2021,202110,52,80,15,10,29,16,80,PM2.5,SEDANG,DKI5 Kebon Jeruk
10/24/2021,202110,60,93,15.16,12,35,14,93,PM2.5,SEDANG,DKI5 Kebon Jeruk
10/25/2021,202110,64,101,15.32,13,36,14,101,PM2.5,TIDAK SEHAT,DKI5 Kebon Jeruk
10/26/2021,202110,58,92,15.48,16,29,24,92,PM2.5,SEDANG,DKI5 Kebon Jeruk
10/27/2021,202110,53,76,15.64,11,32,17,76,PM2.5,SEDANG,DKI5 Kebon Jeruk
10/28/2021,202110,51,77,15.8,16,29,27,77,PM2.5,SEDANG,DKI5 Kebon Jeruk
10/29/2021,202110,50,70,15.96,18,23,33,70,PM2.5,SEDANG,DKI5 Kebon Jeruk
10/30/2021,202110,50,74,16.12,12,30,24,74,PM2.5,SEDANG,DKI5 Kebon Jeruk
10/31/2021,202110,49,74,16.28,10,31,13,74,PM2.5,SEDANG,DKI5 Kebon Jeruk
11/1/2021,202111,59,91,16.44,17,22,27,91,PM2.5,SEDANG,DKI5 Kebon Jeruk
11/2/2021,202111,51,72,16.6,14,13,22,72,PM2.5,SEDANG,DKI5 Kebon Jeruk
11/3/2021,202111,44,69,16.76,12,21,24,69,PM2.5,SEDANG,DKI5 Kebon Jeruk
11/4/2021,202111,57,87,16.92,13,31,22,87,PM2.5,SEDANG,DKI5 Kebon Jeruk
11/5/2021,202111,57,87,17.08,23,16,38,87,PM2.5,SEDANG,DKI5 Kebon Jeruk
11/6/2021,202111,57,81,17.24,11,24,20,81,PM2.5,SEDANG,DKI5 Kebon Jeruk
11/7/2021,202111,35,59,17.4,6,22,8,59,PM2.5,SEDANG,DKI5 Kebon Jeruk
11/8/2021,202111,35,61,17.56,20,13,41,61,PM2.5,SEDANG,DKI5 Kebon Jeruk
11/9/2021,202111,57,86,17.72,16,19,30,86,PM2.5,SEDANG,DKI5 Kebon Jeruk
11/10/2021,202111,40,65,17.88,8,17,18,65,PM2.5,SEDANG,DKI5 Kebon Jeruk
11/11/2021,202111,42,62,18.04,8,10,32,62,PM2.5,SEDANG,DKI5 Kebon Jeruk
11/12/2021,202111,37,57,18.2,5,15,15,57,PM2.5,SEDANG,DKI5 Kebon Jeruk
11/13/2021,202111,46,75,18.36,14,29,40,75,PM2.5,SEDANG,DKI5 Kebon Jeruk
11/14/2021,202111,50,63,18.52,12,19,34,63,PM2.5,SEDANG,DKI5 Kebon Jeruk
11/15/2021,202111,19,39,18.68,3,14,10,39,PM2.5,BAIK,DKI5 Kebon Jeruk
11/16/2021,202111,26,49,18.84,3,13,10,49,PM2.5,BAIK,DKI5 Kebon Jeruk
11/17/2021,202111,52,77,19,10,14,35,77,PM2.5,SEDANG,DKI5 Kebon Jeruk
11/18/2021,202111,52,74,24,10,20,35,74,PM2.5,SEDANG,DKI5 Kebon Jeruk
11/19/2021,202111,23,34,13,2,15,7,34,PM2.5,BAIK,DKI5 Kebon Jeruk
11/20/2021,202111,28,50,17,4,16,17,50,PM2.5,BAIK,DKI5 Kebon Jeruk
11/21/2021,202111,46,62,15,17,14,44,62,PM2.5,SEDANG,DKI5 Kebon Jeruk
11/22/2021,202111,22,38,15,3,14,10,38,PM2.5,BAIK,DKI5 Kebon Jeruk
11/23/2021,202111,15,34,15,2,13,6,34,PM2.5,BAIK,DKI5 Kebon Jeruk
11/24/2021,202111,22,43,13,3,13,8,43,PM2.5,BAIK,DKI5 Kebon Jeruk
11/25/2021,202111,43,67,19,6,14,16,67,PM2.5,SEDANG,DKI5 Kebon Jeruk
11/26/2021,202111,32,59,16,7,15,20,59,PM2.5,SEDANG,DKI5 Kebon Jeruk
11/27/2021,202111,22,36,13,7,18,22,36,PM2.5,BAIK,DKI5 Kebon Jeruk
11/28/2021,202111,18,26,12,2,16,8,26,PM2.5,BAIK,DKI5 Kebon Jeruk
11/29/2021,202111,15,34,13,3,13,9,34,PM2.5,BAIK,DKI5 Kebon Jeruk
11/30/2021,202111,23,52,15,4,21,10,52,PM2.5,SEDANG,DKI5 Kebon Jeruk
12/1/2021,202112,50,71,18,8,19,18,71,PM2.5,SEDANG,DKI5 Kebon Jeruk
12/2/2021,202112,22,42,14,2,19,5,42,PM2.5,BAIK,DKI5 Kebon Jeruk
12/3/2021,202112,30,54,16,3,18,9,54,PM2.5,SEDANG,DKI5 Kebon Jeruk
12/4/2021,202112,34,54,27,5,14,15,54,PM2.5,SEDANG,DKI5 Kebon Jeruk
12/5/2021,202112,51,71,30,12,12,29,71,PM2.5,SEDANG,DKI5 Kebon Jeruk
12/6/2021,202112,61,85,36,23,18,57,85,PM2.5,SEDANG,DKI5 Kebon Jeruk
12/7/2021,202112,25,44,22,5,15,21,44,PM2.5,BAIK,DKI5 Kebon Jeruk
12/8/2021,202112,44,66,17,13,23,30,66,PM2.5,SEDANG,DKI5 Kebon Jeruk
12/9/2021,202112,30,50,20,5,31,15,50,PM2.5,BAIK,DKI5 Kebon Jeruk
12/10/2021,202112,48,63,32,8,28,30,63,PM2.5,SEDANG,DKI5 Kebon Jeruk
12/11/2021,202112,32,54,21,5,31,15,54,PM2.5,SEDANG,DKI5 Kebon Jeruk
12/12/2021,202112,39,60,16,13,20,34,60,PM2.5,SEDANG,DKI5 Kebon Jeruk
12/13/2021,202112,22,45,20,3,16,14,45,PM2.5,BAIK,DKI5 Kebon Jeruk
12/14/2021,202112,36,56,33,3,21,21,56,PM2.5,SEDANG,DKI5 Kebon Jeruk
12/15/2021,202112,51,67,32,5,31,28,67,PM2.5,SEDANG,DKI5 Kebon Jeruk
12/16/2021,202112,56,82,23,11,34,36,82,PM2.5,SEDANG,DKI5 Kebon Jeruk
12/17/2021,202112,52,73,26,8,28,35,73,PM2.5,SEDANG,DKI5 Kebon Jeruk
12/18/2021,202112,45,63,18,8,22,32,63,PM2.5,SEDANG,DKI5 Kebon Jeruk
12/19/2021,202112,54,84,19,18,35,45,84,PM2.5,SEDANG,DKI5 Kebon Jeruk
12/20/2021,202112,48,65,20,6,22,16,65,PM2.5,SEDANG,DKI5 Kebon Jeruk
12/21/2021,202112,47,73,20,15,31,49,73,PM2.5,SEDANG,DKI5 Kebon Jeruk
12/22/2021,202112,62,90,19,24,29,65,90,PM2.5,SEDANG,DKI5 Kebon Jeruk
12/23/2021,202112,59,88,24,16,23,44,88,PM2.5,SEDANG,DKI5 Kebon Jeruk
12/24/2021,202112,32,59,25,9,19,52,59,PM2.5,SEDANG,DKI5 Kebon Jeruk
12/25/2021,202112,55,81,34,17,15,62,81,PM2.5,SEDANG,DKI5 Kebon Jeruk
12/26/2021,202112,32,57,27,9,20,34,57,PM2.5,SEDANG,DKI5 Kebon Jeruk
12/27/2021,202112,54,76,36,14,21,47,76,PM2.5,SEDANG,DKI5 Kebon Jeruk
12/28/2021,202112,44,68,20,11,21,33,68,PM2.5,SEDANG,DKI5 Kebon Jeruk
12/29/2021,202112,34,54,28,8,25,29,54,PM2.5,SEDANG,DKI5 Kebon Jeruk
12/30/2021,202112,53,75,25,15,23,44,75,PM2.5,SEDANG,DKI5 Kebon Jeruk
12/31/2021,202112,60,87,28,19,30,53,87,PM2.5,SEDANG,DKI5 Kebon Jeruk
1/16/2022,202201,67,102,47,20,65,32,102,PM2.5,TIDAK SEHAT,DKI5 Kebon Jeruk
3/1/2022,202203,27,50,44,11,17,12,50,PM2.5,BAIK,DKI5 Kebon Jeruk
3/13/2022,202203,46,65,43,18,36,20,65,PM2.5,SEDANG,DKI5 Kebon Jeruk
3/23/2022,202203,46,61,41,16,34,19,61,PM2.5,SEDANG,DKI5 Kebon Jeruk
3/25/2022,202203,90,122,51,19,70,29,122,PM2.5,TIDAK SEHAT,DKI5 Kebon Jeruk
3/27/2022,202203,84,126,46,49,42,51,126,PM2.5,TIDAK SEHAT,DKI5 Kebon Jeruk
3/28/2022,202203,49,62,40,12,59,28,62,PM2.5,SEDANG,DKI5 Kebon Jeruk
4/21/2022,202204,46,56,41,15,43,24,56,PM2.5,SEDANG,DKI5 Kebon Jeruk
6/1/2022,202206,53,77,43,18,55,27,77,PM2.5,SEDANG,DKI5 Kebon Jeruk
8/13/2022,202208,58,77,48,21,76,36,77,PM2.5,SEDANG,DKI5 Kebon Jeruk
8/28/2022,202208,64,85,49,17,56,30,85,PM2.5,SEDANG,DKI5 Kebon Jeruk
9/9/2022,202209,71,91,49,28,32,43,91,PM2.5,SEDANG,DKI5 Kebon Jeruk
9/22/2022,202209,63,90,50,16,37,24,90,PM2.5,SEDANG,DKI5 Kebon Jeruk
9/26/2022,202209,57,79,51,14,56,26,79,PM2.5,SEDANG,DKI5 Kebon Jeruk
10/3/2022,202210,56,76,51,18,38,35,76,PM2.5,SEDANG,DKI5 Kebon Jeruk
10/8/2022,202210,35,61,50,17,28,25,61,PM2.5,SEDANG,DKI5 Kebon Jeruk
12/1/2022,202212,52,58.3442623,18,17,27,5,52,PM10,SEDANG,DKI5 Kebon Jeruk
12/2/2022,202212,48,58.29508197,20,18,21,5,48,PM10,BAIK,DKI5 Kebon Jeruk
12/3/2022,202212,49,58.24590164,20,16,32,5,49,PM10,BAIK,DKI5 Kebon Jeruk
12/4/2022,202212,54,58.19672131,18,19,28,5,54,PM10,SEDANG,DKI5 Kebon Jeruk
12/5/2022,202212,53,58.14754098,17,17,32,5,53,PM10,SEDANG,DKI5 Kebon Jeruk
12/6/2022,202212,55,58.09836066,16,18,24,5,55,PM10,SEDANG,DKI5 Kebon Jeruk
12/7/2022,202212,48,58.04918033,17,18,21,5,48,PM10,BAIK,DKI5 Kebon Jeruk
12/8/2022,202212,41,58,17,9,34,2,58,PM2.5,SEDANG,DKI5 Kebon Jeruk
12/9/2022,202212,52,69,21,21,18,8,69,PM2.5,SEDANG,DKI5 Kebon Jeruk
12/10/2022,202212,36,53,16,18,10,7,53,PM2.5,SEDANG,DKI5 Kebon Jeruk
12/11/2022,202212,28,45,17,9,18,6,45,PM2.5,BAIK,DKI5 Kebon Jeruk
12/12/2022,202212,18,27,16,7,22,5,27,PM2.5,BAIK,DKI5 Kebon Jeruk
12/13/2022,202212,20,26,15,8,16,4,26,PM2.5,BAIK,DKI5 Kebon Jeruk
12/14/2022,202212,18,25,16,6,17,3,25,PM2.5,BAIK,DKI5 Kebon Jeruk
12/15/2022,202212,22,33,18,6,19,2,33,PM2.5,BAIK,DKI5 Kebon Jeruk
12/16/2022,202212,31,51,23,11,18,1,51,PM2.5,SEDANG,DKI5 Kebon Jeruk
12/17/2022,202212,52,67,19,30,20,2,67,PM2.5,SEDANG,DKI5 Kebon Jeruk
12/18/2022,202212,58,74,18,26,19,3,74,PM2.5,SEDANG,DKI5 Kebon Jeruk
12/19/2022,202212,54,73,22,28,26,4,73,PM2.5,SEDANG,DKI5 Kebon Jeruk
12/20/2022,202212,60,72,20,23,21,5,72,PM2.5,SEDANG,DKI5 Kebon Jeruk
12/21/2022,202212,53,59,31,13,25,3,59,PM2.5,SEDANG,DKI5 Kebon Jeruk
12/22/2022,202212,37,59.11627907,24,7,17,2.8,37,PM10,BAIK,DKI5 Kebon Jeruk
12/23/2022,202212,24,59.23255814,19,9,16,2.6,24,PM10,BAIK,DKI5 Kebon Jeruk
12/24/2022,202212,54,59.34883721,19,23,17,2.4,54,PM10,SEDANG,DKI5 Kebon Jeruk
12/25/2022,202212,32,59.46511628,20,13,16,2.2,32,PM10,BAIK,DKI5 Kebon Jeruk
12/26/2022,202212,33,59.58139535,25,14,13,2,33,PM10,BAIK,DKI5 Kebon Jeruk
12/27/2022,202212,23,59.69767442,23,10,12,1.833333333,23,PM10,BAIK,DKI5 Kebon Jeruk
12/28/2022,202212,28,59.81395349,23,14,9,1.666666667,28,PM10,BAIK,DKI5 Kebon Jeruk
12/29/2022,202212,30,59.93023256,28,11,11,1.5,28,SO2,BAIK,DKI5 Kebon Jeruk
12/30/2022,202212,32,60.04651163,27,15,13,1.333333333,32,PM10,BAIK,DKI5 Kebon Jeruk
12/31/2022,202212,50,60.1627907,23,21,13,1.166666667,50,PM10,BAIK,DKI5 Kebon Jeruk
1/1/2023,202301,30,60.27906977,21,13,14,1,52,PM10,SEDANG,DKI5 Kebon Jeruk
1/2/2023,202301,25,60.39534884,30,13,16,2,48,PM10,BAIK,DKI5 Kebon Jeruk
1/3/2023,202301,22,60.51162791,28,11,15,2,49,PM10,BAIK,DKI5 Kebon Jeruk
1/4/2023,202301,26,60.62790698,31,12,17,2,54,PM10,SEDANG,DKI5 Kebon Jeruk
1/5/2023,202301,35,60.74418605,26,23,18,2.75,53,PM10,SEDANG,DKI5 Kebon Jeruk
1/6/2023,202301,21,60.86046512,19,11,16,3.5,55,PM10,SEDANG,DKI5 Kebon Jeruk
1/7/2023,202301,20,60.97674419,19,11,12,4.25,48,PM10,BAIK,DKI5 Kebon Jeruk
1/8/2023,202301,20,61.09302326,23,10,12,5,58,PM2.5,SEDANG,DKI5 Kebon Jeruk
1/9/2023,202301,17,61.20930233,24,10,17,5.75,69,PM2.5,SEDANG,DKI5 Kebon Jeruk
1/10/2023,202301,27,61.3255814,23,11,17,6.5,53,PM2.5,SEDANG,DKI5 Kebon Jeruk
1/11/2023,202301,35,61.44186047,24,16,10,7.25,45,PM2.5,BAIK,DKI5 Kebon Jeruk
1/12/2023,202301,40,61.55813953,24,19,39,8,27,PM2.5,BAIK,DKI5 Kebon Jeruk
1/13/2023,202301,51,61.6744186,25,18,47,12,26,PM2.5,BAIK,DKI5 Kebon Jeruk
1/14/2023,202301,51,61.79069767,24,19,35,8,25,PM2.5,BAIK,DKI5 Kebon Jeruk
1/15/2023,202301,36,61.90697674,25,13,24,5,33,PM2.5,BAIK,DKI5 Kebon Jeruk
1/16/2023,202301,21,62.02325581,22,10,23,2,51,PM2.5,SEDANG,DKI5 Kebon Jeruk
1/17/2023,202301,33,62.13953488,26,14,21,3,67,PM2.5,SEDANG,DKI5 Kebon Jeruk
1/18/2023,202301,49,62.25581395,45,17,24,7,74,PM2.5,SEDANG,DKI5 Kebon Jeruk
1/19/2023,202301,53,62.37209302,41,19,23,6,73,PM2.5,SEDANG,DKI5 Kebon Jeruk
1/20/2023,202301,34,62.48837209,34,12,26,5,72,PM2.5,SEDANG,DKI5 Kebon Jeruk
1/21/2023,202301,35,62.60465116,26,14,22,3,59,PM2.5,SEDANG,DKI5 Kebon Jeruk
1/22/2023,202301,22,62.72093023,25,11,23,4,37,PM10,BAIK,DKI5 Kebon Jeruk
1/23/2023,202301,17,62.8372093,28,9,25,2.5,24,PM10,BAIK,DKI5 Kebon Jeruk
1/24/2023,202301,19,62.95348837,29,9,26,1,54,PM10,SEDANG,DKI5 Kebon Jeruk
1/25/2023,202301,24,63.06976744,52,10,21,2,32,PM10,BAIK,DKI5 Kebon Jeruk
1/26/2023,202301,35,63.18604651,27,13,25,3,33,PM10,BAIK,DKI5 Kebon Jeruk
1/27/2023,202301,38,63.30232558,27,16,27,6,23,PM10,BAIK,DKI5 Kebon Jeruk
1/28/2023,202301,27,63.41860465,26,16,25,6,28,PM10,BAIK,DKI5 Kebon Jeruk
1/29/2023,202301,54,63.53488372,27,26,25,4,28,SO2,BAIK,DKI5 Kebon Jeruk
1/30/2023,202301,42,63.65116279,25,17,26,5,32,PM10,BAIK,DKI5 Kebon Jeruk
1/31/2023,202301,38,63.76744186,42,16,28,8,50,PM10,BAIK,DKI5 Kebon Jeruk
2/1/2023,202302,35,63.88372093,41,16,29,8,41,SO2,BAIK,DKI5 Kebon Jeruk
2/2/2023,202302,38,64,28,18,31,7,38,PM10,BAIK,DKI5 Kebon Jeruk
2/3/2023,202302,19,64.11627907,36,14,25,4,36,SO2,BAIK,DKI5 Kebon Jeruk
2/4/2023,202302,50,64.23255814,47,22,25,4.5,50,PM10,BAIK,DKI5 Kebon Jeruk
2/5/2023,202302,35,64.34883721,31,15,25,5,35,PM10,BAIK,DKI5 Kebon Jeruk
2/6/2023,202302,29,64.46511628,36,11,24,2,36,SO2,BAIK,DKI5 Kebon Jeruk
2/7/2023,202302,26,64.58139535,32,12,25,4,32,SO2,BAIK,DKI5 Kebon Jeruk
2/8/2023,202302,24,64.69767442,24,16,26,6,26,O3,BAIK,DKI5 Kebon Jeruk
2/9/2023,202302,22,64.81395349,22,12,19,3,22,PM10,BAIK,DKI5 Kebon Jeruk
2/10/2023,202302,16,64.93023256,24,11,24,2,24,SO2,BAIK,DKI5 Kebon Jeruk
2/11/2023,202302,26,65.04651163,22,15,28,4,28,O3,BAIK,DKI5 Kebon Jeruk
2/12/2023,202302,23,65.1627907,22,11,25,5,25,O3,BAIK,DKI5 Kebon Jeruk
2/13/2023,202302,27,65.27906977,21,14,20,3,27,PM10,BAIK,DKI5 Kebon Jeruk
2/14/2023,202302,20,65.39534884,21,11,21,3,21,SO2,BAIK,DKI5 Kebon Jeruk
2/15/2023,202302,13,65.51162791,22,11,22,2,22,SO2,BAIK,DKI5 Kebon Jeruk
2/16/2023,202302,21,65.62790698,24,11,21,2,24,SO2,BAIK,DKI5 Kebon Jeruk
2/17/2023,202302,21,65.74418605,20,9,19,9,21,PM10,BAIK,DKI5 Kebon Jeruk
2/18/2023,202302,50,65.86046512,17,16,24,17,50,PM10,BAIK,DKI5 Kebon Jeruk
2/19/2023,202302,47,65.97674419,16,15,27,18,47,PM10,BAIK,DKI5 Kebon Jeruk
2/20/2023,202302,30,66.09302326,15,11,20,8,30,PM10,BAIK,DKI5 Kebon Jeruk
2/21/2023,202302,25,66.20930233,17,8,20,7,25,PM10,BAIK,DKI5 Kebon Jeruk
2/22/2023,202302,18,66.3255814,17,8,22,9,22,O3,BAIK,DKI5 Kebon Jeruk
2/23/2023,202302,28,66.44186047,15,12,25,15,28,PM10,BAIK,DKI5 Kebon Jeruk
2/24/2023,202302,18,66.55813953,13,11,28,18,28,O3,BAIK,DKI5 Kebon Jeruk
2/25/2023,202302,35,66.6744186,13,12,31,18,35,PM10,BAIK,DKI5 Kebon Jeruk
2/26/2023,202302,23,66.79069767,14,9,32,11,32,O3,BAIK,DKI5 Kebon Jeruk
2/27/2023,202302,20,66.90697674,13,8,33,13,33,O3,BAIK,DKI5 Kebon Jeruk
2/28/2023,202302,30,67.02325581,21,11,28,18,30,PM10,BAIK,DKI5 Kebon Jeruk
3/1/2023,202303,28,67.13953488,17,10,25,14,28,1,BAIK,DKI5 Kebon Jeruk
3/2/2023,202303,30,67.25581395,16,12,19,15,30,1,BAIK,DKI5 Kebon Jeruk
3/3/2023,202303,39,67.37209302,18,12,22,16,39,1,BAIK,DKI5 Kebon Jeruk
3/4/2023,202303,25,67.48837209,15,14,22,13,25,1,BAIK,DKI5 Kebon Jeruk
3/5/2023,202303,28,67.60465116,16,12,21,12,28,1,BAIK,DKI5 Kebon Jeruk
3/6/2023,202303,17,67.72093023,14,9,20,7,20,5,BAIK,DKI5 Kebon Jeruk
3/7/2023,202303,35,67.8372093,18,10,23,9,35,1,BAIK,DKI5 Kebon Jeruk
3/8/2023,202303,32,67.95348837,22,10,23,14,32,1,BAIK,DKI5 Kebon Jeruk
3/9/2023,202303,41,68.06976744,15,19,28,21,41,1,BAIK,DKI5 Kebon Jeruk
3/10/2023,202303,53,68.18604651,15,16,29,14,53,1,SEDANG,DKI5 Kebon Jeruk
3/11/2023,202303,50,68.30232558,14,16,35,20,50,1,BAIK,DKI5 Kebon Jeruk
3/12/2023,202303,60,68.41860465,15,21,37,22,60,1,SEDANG,DKI5 Kebon Jeruk
3/13/2023,202303,57,68.53488372,17,16,34,20,57,1,SEDANG,DKI5 Kebon Jeruk
3/14/2023,202303,56,68.65116279,18,13,28,18,56,1,SEDANG,DKI5 Kebon Jeruk
3/15/2023,202303,26,68.76744186,15,10,33,13,33,5,BAIK,DKI5 Kebon Jeruk
3/16/2023,202303,59,68.88372093,14,27,24,35,59,1,SEDANG,DKI5 Kebon Jeruk
3/17/2023,202303,52,69,14,15,33,17,52,1,SEDANG,DKI5 Kebon Jeruk
3/18/2023,202303,52,69.11627907,14,14,37,20,52,1,SEDANG,DKI5 Kebon Jeruk
3/19/2023,202303,50,69.23255814,14,14,37,18,50,1,BAIK,DKI5 Kebon Jeruk
3/20/2023,202303,57,69.34883721,16,16,41,18,57,1,SEDANG,DKI5 Kebon Jeruk
3/21/2023,202303,53,69.46511628,16,18,38,28,53,1,SEDANG,DKI5 Kebon Jeruk
3/22/2023,202303,46,69.58139535,14,11,46,14,46,1,BAIK,DKI5 Kebon Jeruk
3/23/2023,202303,38,69.69767442,14,9,39,13,39,5,BAIK,DKI5 Kebon Jeruk
3/24/2023,202303,53,69.81395349,14,13,43,17,53,1,SEDANG,DKI5 Kebon Jeruk
3/25/2023,202303,49,69.93023256,16,10,35,14,49,1,BAIK,DKI5 Kebon Jeruk
3/26/2023,202303,37,70.04651163,17,12,36,18,37,1,BAIK,DKI5 Kebon Jeruk
3/27/2023,202303,38,70.1627907,15,12,30,15,38,1,BAIK,DKI5 Kebon Jeruk
3/28/2023,202303,60,70.27906977,18,25,29,21,60,1,SEDANG,DKI5 Kebon Jeruk
3/29/2023,202303,60,70.39534884,15,30,28,19,60,1,SEDANG,DKI5 Kebon Jeruk
3/30/2023,202303,52,70.51162791,21,25,26,19,52,1,SEDANG,DKI5 Kebon Jeruk
3/31/2023,202303,51,70.62790698,20,11,35,16,51,1,SEDANG,DKI5 Kebon Jeruk
4/4/2023,202304,39,71.09302326,18,11,31,11,39,PM10,BAIK,DKI5 Kebon Jeruk
4/5/2023,202304,36,71.20930233,19,9,24,12,36,PM10,BAIK,DKI5 Kebon Jeruk
4/7/2023,202304,37,71.44186047,18,9,24,11,37,PM10,BAIK,DKI5 Kebon Jeruk
4/8/2023,202304,58,71.55813953,20,10,44,14,58,PM10,SEDANG,DKI5 Kebon Jeruk
4/9/2023,202304,57,71.6744186,24,12,33,15,57,PM10,SEDANG,DKI5 Kebon Jeruk
4/10/2023,202304,27,71.79069767,16,6,28,9,28,O3,BAIK,DKI5 Kebon Jeruk
4/11/2023,202304,23,71.90697674,15,5,26,5,26,O3,BAIK,DKI5 Kebon Jeruk
4/12/2023,202304,15,72.02325581,15,5,24,4,24,O3,BAIK,DKI5 Kebon Jeruk
4/13/2023,202304,17,72.13953488,14,5,28,4,28,O3,BAIK,DKI5 Kebon Jeruk
4/14/2023,202304,28,72.25581395,16,7,29,9,29,O3,BAIK,DKI5 Kebon Jeruk
4/15/2023,202304,40,72.37209302,18,12,34,16,40,PM10,BAIK,DKI5 Kebon Jeruk
4/16/2023,202304,31,72.48837209,15,7,35,8,35,O3,BAIK,DKI5 Kebon Jeruk
4/17/2023,202304,19,72.60465116,15,6,35,7,35,O3,BAIK,DKI5 Kebon Jeruk
4/18/2023,202304,49,72.72093023,16,9,50,14,50,O3,BAIK,DKI5 Kebon Jeruk
4/19/2023,202304,48,72.8372093,15,12,51,16,51,O3,SEDANG,DKI5 Kebon Jeruk
4/20/2023,202304,51,72.95348837,15,12,50,15,51,PM10,SEDANG,DKI5 Kebon Jeruk
4/21/2023,202304,35,73.06976744,15,9,55,12,55,O3,SEDANG,DKI5 Kebon Jeruk
4/22/2023,202304,40,73.18604651,15,7,49,12,49,O3,BAIK,DKI5 Kebon Jeruk
4/23/2023,202304,35,73.30232558,15,2,53,8,53,O3,SEDANG,DKI5 Kebon Jeruk
4/24/2023,202304,39,73.41860465,15,8,47,14,47,O3,BAIK,DKI5 Kebon Jeruk
4/25/2023,202304,34,73.53488372,15,9.5,47,10,47,O3,BAIK,DKI5 Kebon Jeruk
4/26/2023,202304,44,73.65116279,15,11,44,15,44,PM10,BAIK,DKI5 Kebon Jeruk
4/27/2023,202304,48,73.76744186,15,10,48,19,48,PM10,BAIK,DKI5 Kebon Jeruk
4/28/2023,202304,31,73.88372093,14,10,49,11,49,O3,BAIK,DKI5 Kebon Jeruk
4/29/2023,202304,45,74,14,10,48,18,48,O3,BAIK,DKI5 Kebon Jeruk
4/30/2023,202304,59,74.11627907,14,12,53,21,59,PM10,SEDANG,DKI5 Kebon Jeruk
5/1/2023,202305,43,74.23255814,15,13,51,13,51,O3,SEDANG,DKI5 Kebon Jeruk
5/2/2023,202305,65,74.34883721,16,14,44,21,65,PM10,SEDANG,DKI5 Kebon Jeruk
5/3/2023,202305,50,74.46511628,17,16,44,19,50,PM10,BAIK,DKI5 Kebon Jeruk
5/4/2023,202305,37,74.58139535,17,14,48,20,48,O3,BAIK,DKI5 Kebon Jeruk
5/5/2023,202305,42,74.69767442,16,22,57,23,57,O3,SEDANG,DKI5 Kebon Jeruk
5/6/2023,202305,39,74.81395349,18,16,52,21,52,O3,SEDANG,DKI5 Kebon Jeruk
5/7/2023,202305,57,74.93023256,18,23,45,25,57,PM10,SEDANG,DKI5 Kebon Jeruk
5/8/2023,202305,42,75.04651163,16,16,51,14,51,O3,SEDANG,DKI5 Kebon Jeruk
5/9/2023,202305,52,75.1627907,19,22,47,24,52,PM10,SEDANG,DKI5 Kebon Jeruk
5/10/2023,202305,60,75.27906977,19,18,50,22,60,PM10,SEDANG,DKI5 Kebon Jeruk
5/11/2023,202305,53,75.39534884,20,14,50,16,53,PM10,SEDANG,DKI5 Kebon Jeruk
5/12/2023,202305,18,75.51162791,22,11,31,14,31,O3,BAIK,DKI5 Kebon Jeruk
5/13/2023,202305,39,75.62790698,20,15,45,17,45,O3,BAIK,DKI5 Kebon Jeruk
5/14/2023,202305,46,75.74418605,18,18,44,19,46,PM10,BAIK,DKI5 Kebon Jeruk
5/15/2023,202305,48,75.86046512,21,18,41,18,48,PM10,BAIK,DKI5 Kebon Jeruk
5/16/2023,202305,53,75.97674419,20,16,45,17,53,PM10,SEDANG,DKI5 Kebon Jeruk
5/17/2023,202305,52,76.09302326,20,17,41,20,52,PM10,SEDANG,DKI5 Kebon Jeruk
5/18/2023,202305,49,76.20930233,23,16,42,20,49,PM10,BAIK,DKI5 Kebon Jeruk
5/19/2023,202305,58,76.3255814,21,17,48,21,58,PM10,SEDANG,DKI5 Kebon Jeruk
5/20/2023,202305,57,76.44186047,24,18,45,25,57,PM10,SEDANG,DKI5 Kebon Jeruk
5/21/2023,202305,61,76.55813953,21,18,48,19,61,PM10,SEDANG,DKI5 Kebon Jeruk
5/22/2023,202305,52,76.6744186,17,20,55,21,55,O3,SEDANG,DKI5 Kebon Jeruk
5/23/2023,202305,61,76.79069767,20,19,46,22,61,PM10,SEDANG,DKI5 Kebon Jeruk
5/24/2023,202305,66,76.90697674,22,24,38,27,66,PM10,SEDANG,DKI5 Kebon Jeruk
5/25/2023,202305,68,77.02325581,22,23,46,25,68,PM10,SEDANG,DKI5 Kebon Jeruk
5/26/2023,202305,63,77.13953488,20,20,53,23,63,PM10,SEDANG,DKI5 Kebon Jeruk
5/27/2023,202305,57,77.25581395,22,15,54,19,57,PM10,SEDANG,DKI5 Kebon Jeruk
5/28/2023,202305,53,77.37209302,19,17,60,20,60,O3,SEDANG,DKI5 Kebon Jeruk
5/29/2023,202305,63,77.48837209,21,20,51,22,63,PM10,SEDANG,DKI5 Kebon Jeruk
5/30/2023,202305,59,77.60465116,21,17,55,18,59,PM10,SEDANG,DKI5 Kebon Jeruk
5/31/2023,202305,60,77.72093023,20,19,58,20,60,PM10,SEDANG,DKI5 Kebon Jeruk
6/1/2023,202306,54,77.8372093,21,16,51,16,54,PM10,SEDANG,DKI5 Kebon Jeruk
6/2/2023,202306,56,77.95348837,23,16,53,16,56,PM10,SEDANG,DKI5 Kebon Jeruk
6/3/2023,202306,56,78.06976744,22,16,49,17,56,PM10,SEDANG,DKI5 Kebon Jeruk
6/4/2023,202306,53,78.18604651,19,15,53,14,53,PM10,SEDANG,DKI5 Kebon Jeruk
6/5/2023,202306,55,78.30232558,19,18,46,18,55,PM10,SEDANG,DKI5 Kebon Jeruk
6/6/2023,202306,46,78.41860465,19,16,49,15,49,O3,BAIK,DKI5 Kebon Jeruk
6/7/2023,202306,57,78.53488372,18,25,47,27,57,PM10,SEDANG,DKI5 Kebon Jeruk
6/8/2023,202306,51,78.65116279,21,20,38,22,51,PM10,SEDANG,DKI5 Kebon Jeruk
6/9/2023,202306,50,78.76744186,23,18,34,19,50,PM10,BAIK,DKI5 Kebon Jeruk
6/10/2023,202306,37,78.88372093,20,16,45,17,45,O3,BAIK,DKI5 Kebon Jeruk
6/11/2023,202306,61,79,23,21,44,24,61,PM10,SEDANG,DKI5 Kebon Jeruk
6/12/2023,202306,59,79.11627907,20,18,47,20,59,PM10,SEDANG,DKI5 Kebon Jeruk
6/13/2023,202306,52,79.23255814,18,15,63,17,63,O3,SEDANG,DKI5 Kebon Jeruk
6/14/2023,202306,50,79.34883721,18,17,67,19,67,O3,SEDANG,DKI5 Kebon Jeruk
6/15/2023,202306,54,79.46511628,18,24,54,23,54,PM10,SEDANG,DKI5 Kebon Jeruk
6/16/2023,202306,41,79.58139535,18,15,61,19,61,O3,SEDANG,DKI5 Kebon Jeruk
6/17/2023,202306,49,79.69767442,20,21,53,22,53,O3,SEDANG,DKI5 Kebon Jeruk
6/18/2023,202306,51,79.81395349,19,23,57,24,57,O3,SEDANG,DKI5 Kebon Jeruk
6/19/2023,202306,28,79.93023256,18,13,67,13,67,O3,SEDANG,DKI5 Kebon Jeruk
6/20/2023,202306,48,80.04651163,19,22,52,21,52,O3,SEDANG,DKI5 Kebon Jeruk
6/21/2023,202306,47,80.1627907,19,13,65,17,65,O3,SEDANG,DKI5 Kebon Jeruk
6/22/2023,202306,62,80.27906977,18,22,70,29,70,O3,SEDANG,DKI5 Kebon Jeruk
6/23/2023,202306,47,80.39534884,19,15,64,18,64,O3,SEDANG,DKI5 Kebon Jeruk
6/24/2023,202306,44,80.51162791,19,14,71,20,71,O3,SEDANG,DKI5 Kebon Jeruk
6/25/2023,202306,49,80.62790698,19,14,77,14,77,O3,SEDANG,DKI5 Kebon Jeruk
6/26/2023,202306,52,80.74418605,19,19,64,20,64,O3,SEDANG,DKI5 Kebon Jeruk
6/27/2023,202306,55,80.86046512,20,15,58,19,58,O3,SEDANG,DKI5 Kebon Jeruk
6/28/2023,202306,39,80.97674419,20,14,52,19,52,O3,SEDANG,DKI5 Kebon Jeruk
6/29/2023,202306,19,81.09302326,20,12,54,10,54,O3,SEDANG,DKI5 Kebon Jeruk
6/30/2023,202306,39,81.20930233,20,13,68,10,68,O3,SEDANG,DKI5 Kebon Jeruk
7/1/2023,202307,54,81.3255814,19,18,61,18,61,O3,SEDANG,DKI5 Kebon Jeruk
7/2/2023,202307,44,81.44186047,20,18,56,20,56,O3,SEDANG,DKI5 Kebon Jeruk
7/3/2023,202307,47,81.55813953,20,16,68,17,68,O3,SEDANG,DKI5 Kebon Jeruk
7/4/2023,202307,51,81.6744186,20,15,60,17,60,O3,SEDANG,DKI5 Kebon Jeruk
7/5/2023,202307,52,81.79069767,23,17,56,20,56,O3,SEDANG,DKI5 Kebon Jeruk
7/6/2023,202307,50,81.90697674,21,18,67,22,67,O3,SEDANG,DKI5 Kebon Jeruk
7/7/2023,202307,57,82.02325581,21,19,63,23,63,O3,SEDANG,DKI5 Kebon Jeruk
7/8/2023,202307,47,82.13953488,21,22,58,25,58,O3,SEDANG,DKI5 Kebon Jeruk
7/9/2023,202307,45,82.25581395,21,20,56,21,56,O3,SEDANG,DKI5 Kebon Jeruk
7/10/2023,202307,30,82.37209302,23,13,48,13,48,O3,BAIK,DKI5 Kebon Jeruk
7/11/2023,202307,42,82.48837209,23,18,48,19,48,O3,BAIK,DKI5 Kebon Jeruk
7/12/2023,202307,29,82.60465116,20,17,74,17,74,O3,SEDANG,DKI5 Kebon Jeruk
7/13/2023,202307,40,82.72093023,21,15,73,14,73,O3,SEDANG,DKI5 Kebon Jeruk
7/14/2023,202307,44,82.8372093,22,16,65,14,65,O3,SEDANG,DKI5 Kebon Jeruk
7/15/2023,202307,42,82.95348837,22,15,54,16,54,O3,SEDANG,DKI5 Kebon Jeruk
7/16/2023,202307,30,83.06976744,22,15,53,15,53,O3,SEDANG,DKI5 Kebon Jeruk
7/17/2023,202307,47,83.18604651,22,15,56,15,56,O3,SEDANG,DKI5 Kebon Jeruk
7/18/2023,202307,55,83.30232558,25,16,45,18,55,PM10,SEDANG,DKI5 Kebon Jeruk
7/19/2023,202307,62,83.41860465,24,17,38,18,62,PM10,SEDANG,DKI5 Kebon Jeruk
7/20/2023,202307,51,83.53488372,25,18,44,18,51,PM10,SEDANG,DKI5 Kebon Jeruk
7/21/2023,202307,56,83.65116279,26,19,42,25,56,PM10,SEDANG,DKI5 Kebon Jeruk
7/22/2023,202307,67,83.76744186,25,20,63,22,67,PM10,SEDANG,DKI5 Kebon Jeruk
7/23/2023,202307,47,83.88372093,26,18,43,19,47,PM10,BAIK,DKI5 Kebon Jeruk
7/24/2023,202307,47,84,21,15,74,14,74,O3,SEDANG,DKI5 Kebon Jeruk
7/25/2023,202307,57,84.11627907,26,18,59,21,59,O3,SEDANG,DKI5 Kebon Jeruk
7/26/2023,202307,58,84.23255814,23,17,63,19,63,O3,SEDANG,DKI5 Kebon Jeruk
7/27/2023,202307,59,84.34883721,24,20,61,28,61,O3,SEDANG,DKI5 Kebon Jeruk
7/28/2023,202307,54,84.46511628,26,22,48,24,54,PM10,SEDANG,DKI5 Kebon Jeruk
7/29/2023,202307,41,84.58139535,26,17,50,18,50,O3,BAIK,DKI5 Kebon Jeruk
7/30/2023,202307,44,84.69767442,26,16,53,15,53,O3,SEDANG,DKI5 Kebon Jeruk
7/31/2023,202307,43,84.81395349,25,16,43,15,43,PM10,BAIK,DKI5 Kebon Jeruk
8/1/2023,202308,28,84.93023256,27,16,40,18,40,O3,BAIK,DKI5 Kebon Jeruk
8/2/2023,202308,51,85.04651163,27,15,57,17,57,O3,SEDANG,DKI5 Kebon Jeruk
8/3/2023,202308,47,85.1627907,25,16,62,22,62,O3,SEDANG,DKI5 Kebon Jeruk
8/4/2023,202308,51,85.27906977,24,18,54,22,54,O3,SEDANG,DKI5 Kebon Jeruk
8/5/2023,202308,44,85.39534884,24,14,58,14,58,O3,SEDANG,DKI5 Kebon Jeruk
8/6/2023,202308,52,85.51162791,25,17,47,18,52,PM10,SEDANG,DKI5 Kebon Jeruk
8/7/2023,202308,66,85.62790698,24,21,70,24,70,O3,SEDANG,DKI5 Kebon Jeruk
8/8/2023,202308,55,85.74418605,25,17,54,23,55,PM10,SEDANG,DKI5 Kebon Jeruk
8/9/2023,202308,36,85.86046512,23,13,63,16,63,O3,SEDANG,DKI5 Kebon Jeruk
8/10/2023,202308,27,85.97674419,25,13,64,14,64,O3,SEDANG,DKI5 Kebon Jeruk
8/11/2023,202308,58,86.09302326,24,17,60,20,60,O3,SEDANG,DKI5 Kebon Jeruk
8/12/2023,202308,57,86.20930233,26,16,56,19,57,PM10,SEDANG,DKI5 Kebon Jeruk
8/13/2023,202308,52,86.3255814,26,17,46,18,52,PM10,SEDANG,DKI5 Kebon Jeruk
8/14/2023,202308,46,86.44186047,24,16,54,16,54,O3,SEDANG,DKI5 Kebon Jeruk
8/15/2023,202308,51,86.55813953,27,18,54,23,54,O3,SEDANG,DKI5 Kebon Jeruk
8/16/2023,202308,45,86.6744186,25,17,60,18,60,O3,SEDANG,DKI5 Kebon Jeruk
8/17/2023,202308,40,86.79069767,26,17,40,20,40,PM10,BAIK,DKI5 Kebon Jeruk
8/18/2023,202308,33,86.90697674,25,13,47,9,47,O3,BAIK,DKI5 Kebon Jeruk
8/19/2023,202308,40,87.02325581,26,15,56,16,56,O3,SEDANG,DKI5 Kebon Jeruk
8/20/2023,202308,44,87.13953488,26,13,59,12,59,O3,SEDANG,DKI5 Kebon Jeruk
8/21/2023,202308,34,87.25581395,24,14,60,14,60,O3,SEDANG,DKI5 Kebon Jeruk
8/22/2023,202308,52,87.37209302,26,17,49,20,52,PM10,SEDANG,DKI5 Kebon Jeruk
8/23/2023,202308,62,87.48837209,26,16,56,16,62,PM10,SEDANG,DKI5 Kebon Jeruk
8/24/2023,202308,54,87.60465116,28,16,45,16,54,PM10,SEDANG,DKI5 Kebon Jeruk
8/25/2023,202308,59,87.72093023,29,17,51,19,59,PM10,SEDANG,DKI5 Kebon Jeruk
8/26/2023,202308,52,87.8372093,26,15,42,19,52,PM10,SEDANG,DKI5 Kebon Jeruk
8/27/2023,202308,54,87.95348837,27,16,46,13,54,PM10,SEDANG,DKI5 Kebon Jeruk
8/28/2023,202308,41,88.06976744,26,18,35,19,41,PM10,BAIK,DKI5 Kebon Jeruk
8/29/2023,202308,49,88.18604651,28,21,32,25,49,PM10,BAIK,DKI5 Kebon Jeruk
8/30/2023,202308,56,88.30232558,27,19,41,22,56,PM10,SEDANG,DKI5 Kebon Jeruk
8/31/2023,202308,53,88.41860465,28,19,48,18,53,PM10,SEDANG,DKI5 Kebon Jeruk
9/1/2023,202309,53,88.53488372,28,20,56,22,56,O3,SEDANG,DKI5 Kebon Jeruk
9/2/2023,202309,58,88.65116279,27,19,49,18,58,PM10,SEDANG,DKI5 Kebon Jeruk
9/3/2023,202309,43,88.76744186,27,16,53,11,53,O3,SEDANG,DKI5 Kebon Jeruk
9/4/2023,202309,52,88.88372093,27,17,44,17,52,PM10,SEDANG,DKI5 Kebon Jeruk
9/5/2023,202309,49,89,28,18,40,20,89,PM2.5,SEDANG,DKI5 Kebon Jeruk
9/7/2023,202309,59,90,27,20,49,24,90,PM2.5,SEDANG,DKI5 Kebon Jeruk
9/8/2023,202309,63,83,30,18,56,23,83,PM2.5,SEDANG,DKI5 Kebon Jeruk
9/9/2023,202309,41,78,26,17,53,20,78,PM2.5,SEDANG,DKI5 Kebon Jeruk
9/10/2023,202309,48,73,27,16,50,15,73,PM2.5,SEDANG,DKI5 Kebon Jeruk
9/11/2023,202309,45,74,27,16,60,16,74,PM2.5,SEDANG,DKI5 Kebon Jeruk
9/12/2023,202309,29,74,26,16,37,14,74,PM2.5,SEDANG,DKI5 Kebon Jeruk
9/13/2023,202309,52,75,27,16,58,15,75,PM2.5,SEDANG,DKI5 Kebon Jeruk
9/14/2023,202309,24,66,27,16,48,14,66,PM2.5,SEDANG,DKI5 Kebon Jeruk
9/15/2023,202309,42,74,27,17,57,15,74,PM2.5,SEDANG,DKI5 Kebon Jeruk
9/16/2023,202309,41,78,28,17,56,17,78,PM2.5,SEDANG,DKI5 Kebon Jeruk
9/18/2023,202309,39,69,26,15,59,12,69,PM2.5,SEDANG,DKI5 Kebon Jeruk
9/19/2023,202309,54,83,25,15,73,17,83,PM2.5,SEDANG,DKI5 Kebon Jeruk
9/20/2023,202309,48,77,26,17,55,24,77,PM2.5,SEDANG,DKI5 Kebon Jeruk
9/21/2023,202309,50,76,26,17,58,20,76,PM2.5,SEDANG,DKI5 Kebon Jeruk
9/22/2023,202309,46,70,27,15,56,16,70,PM2.5,SEDANG,DKI5 Kebon Jeruk
9/23/2023,202309,39,70,27,15,49,18,70,PM2.5,SEDANG,DKI5 Kebon Jeruk
9/24/2023,202309,35,66,26,16,53,16,66,PM2.5,SEDANG,DKI5 Kebon Jeruk
9/25/2023,202309,51,74,27,16,64,16,74,PM2.5,SEDANG,DKI5 Kebon Jeruk
9/26/2023,202309,31,76,42,17,39,49,76,PM2.5,SEDANG,DKI5 Kebon Jeruk
9/27/2023,202309,11,78,29,19,42,21,78,PM2.5,SEDANG,DKI5 Kebon Jeruk
9/28/2023,202309,53,85,28,17,43,15,85,PM2.5,SEDANG,DKI5 Kebon Jeruk
9/29/2023,202309,53,83,30,18,49,17,83,PM2.5,SEDANG,DKI5 Kebon Jeruk
10/1/2023,202310,61,86,27,18,71,15,86,PM2.5,SEDANG,DKI5 Kebon Jeruk
10/2/2023,202310,42,75,30,17,58,16,75,PM2.5,SEDANG,DKI5 Kebon Jeruk
10/3/2023,202310,23,65,28,15,55,11,65,PM2.5,SEDANG,DKI5 Kebon Jeruk
10/4/2023,202310,15,69,29,17,52,18,69,PM2.5,SEDANG,DKI5 Kebon Jeruk
10/5/2023,202310,14,65,29,16,57,15,65,PM2.5,SEDANG,DKI5 Kebon Jeruk
10/6/2023,202310,15,74,28,17,56,19,74,PM2.5,SEDANG,DKI5 Kebon Jeruk
10/7/2023,202310,22.33333333,85,28,19,55,24,85,PM2.5,SEDANG,DKI5 Kebon Jeruk
10/8/2023,202310,29.66666667,79,30,18,55,18,79,PM2.5,SEDANG,DKI5 Kebon Jeruk
10/9/2023,202310,37,81,29,18,47,16,81,PM2.5,SEDANG,DKI5 Kebon Jeruk
10/10/2023,202310,44.33333333,61,31,14,49,17,61,PM2.5,SEDANG,DKI5 Kebon Jeruk
10/11/2023,202310,51.66666667,63,29,15,52,15,63,PM2.5,SEDANG,DKI5 Kebon Jeruk
10/12/2023,202310,59,75,28,17,58,16,75,PM2.5,SEDANG,DKI5 Kebon Jeruk
10/13/2023,202310,59,75,29,15,69,14,75,PM2.5,SEDANG,DKI5 Kebon Jeruk
10/14/2023,202310,59,77,29,17,55,16,77,PM2.5,SEDANG,DKI5 Kebon Jeruk
10/15/2023,202310,56,67,29,16,48,15,67,PM2.5,SEDANG,DKI5 Kebon Jeruk
10/16/2023,202310,54,70,30,16,56,16,70,PM2.5,SEDANG,DKI5 Kebon Jeruk
10/17/2023,202310,69,87,30,18,59,18,87,PM2.5,SEDANG,DKI5 Kebon Jeruk
10/18/2023,202310,65,85,30,19,57,20,85,PM2.5,SEDANG,DKI5 Kebon Jeruk
10/19/2023,202310,59,69,32,16,56,16,69,PM2.5,SEDANG,DKI5 Kebon Jeruk
10/20/2023,202310,45,58,31,14,56,14,58,PM2.5,SEDANG,DKI5 Kebon Jeruk
10/21/2023,202310,62,74,30,22,48,22,74,PM2.5,SEDANG,DKI5 Kebon Jeruk
10/22/2023,202310,62,76,30,19,62,16,76,PM2.5,SEDANG,DKI5 Kebon Jeruk
10/23/2023,202310,62,73,30,17,66,15,73,PM2.5,SEDANG,DKI5 Kebon Jeruk
10/24/2023,202310,64,80,31,20,49,22,80,PM2.5,SEDANG,DKI5 Kebon Jeruk
10/25/2023,202310,56,67,30,19,61,22,67,PM2.5,SEDANG,DKI5 Kebon Jeruk
10/26/2023,202310,67,83,31,25,57,28,83,PM2.5,SEDANG,DKI5 Kebon Jeruk
10/27/2023,202310,65,82,29,20,55,21,82,PM2.5,SEDANG,DKI5 Kebon Jeruk
10/28/2023,202310,62,74,30,17,53,19,74,PM2.5,SEDANG,DKI5 Kebon Jeruk
10/29/2023,202310,57,70,31,17,54,16,70,PM2.5,SEDANG,DKI5 Kebon Jeruk
10/30/2023,202310,56,69,30,17,58,15,69,PM2.5,SEDANG,DKI5 Kebon Jeruk
10/31/2023,202310,64,85,31,17,61,17,64,PM10,SEDANG,DKI5 Kebon Jeruk
11/1/2023,202311,59,101,31,20,52,21,101,PM2.5,TIDAK SEHAT,DKI5 Kebon Jeruk
11/2/2023,202311,59,100,31,22,54,23,100,PM2.5,SEDANG,DKI5 Kebon Jeruk
11/3/2023,202311,59,101,32,22,49,22,101,PM2.5,TIDAK SEHAT,DKI5 Kebon Jeruk
11/4/2023,202311,64,102,33,25,43,28,102,PM2.5,TIDAK SEHAT,DKI5 Kebon Jeruk
11/5/2023,202311,46,68,31,19,40,20,68,PM2.5,SEDANG,DKI5 Kebon Jeruk
11/6/2023,202311,53,86,31,24,33,22,86,PM2.5,SEDANG,DKI5 Kebon Jeruk
11/7/2023,202311,54,88,33,18,40,18,88,PM2.5,SEDANG,DKI5 Kebon Jeruk
11/8/2023,202311,51,80,31,15,42,11,80,PM2.5,SEDANG,DKI5 Kebon Jeruk
11/9/2023,202311,55,89,33,16,51,14,89,PM2.5,SEDANG,DKI5 Kebon Jeruk
11/10/2023,202311,58,93,33,17,60,15,93,PM2.5,SEDANG,DKI5 Kebon Jeruk
11/11/2023,202311,58,91,32,18,57,17,91,PM2.5,SEDANG,DKI5 Kebon Jeruk
11/12/2023,202311,52,79,31,17,45,14,79,PM2.5,SEDANG,DKI5 Kebon Jeruk
11/13/2023,202311,53,85,32,21,38,17,85,PM2.5,SEDANG,DKI5 Kebon Jeruk
11/14/2023,202311,51,78,31,17,41,16,78,PM2.5,SEDANG,DKI5 Kebon Jeruk
11/15/2023,202311,39,64,31,18,49,16,64,PM2.5,SEDANG,DKI5 Kebon Jeruk
11/16/2023,202311,51,78,33,19,52,19,78,PM2.5,SEDANG,DKI5 Kebon Jeruk
11/17/2023,202311,52,78,31,19,50,17,78,PM2.5,SEDANG,DKI5 Kebon Jeruk
11/18/2023,202311,54,82,31,18,49,16,82,PM2.5,SEDANG,DKI5 Kebon Jeruk
11/19/2023,202311,47,72,31,19,51,17,72,PM2.5,SEDANG,DKI5 Kebon Jeruk
11/20/2023,202311,46,71,30,13,81,12,81,O3,SEDANG,DKI5 Kebon Jeruk
11/21/2023,202311,53,83,32,15,65,15,83,PM2.5,SEDANG,DKI5 Kebon Jeruk
11/22/2023,202311,40,67,31,14,71,10,71,O3,SEDANG,DKI5 Kebon Jeruk
11/23/2023,202311,52,85,34,16,62,16,85,PM2.5,SEDANG,DKI5 Kebon Jeruk
11/24/2023,202311,71,112,36,23,54,26,112,PM2.5,TIDAK SEHAT,DKI5 Kebon Jeruk
11/25/2023,202311,63,101,33,20,49,22,101,PM2.5,TIDAK SEHAT,DKI5 Kebon Jeruk
11/26/2023,202311,48,71,33,21,44,20,71,PM2.5,SEDANG,DKI5 Kebon Jeruk
11/27/2023,202311,51,76,32,18,53,19,76,PM2.5,SEDANG,DKI5 Kebon Jeruk
11/28/2023,202311,56,88,33,20,48,21,88,PM2.5,SEDANG,DKI5 Kebon Jeruk
11/29/2023,202311,56,88,32,18,56,18,88,PM2.5,SEDANG,DKI5 Kebon Jeruk
11/30/2023,202311,30,57,32,15,61,17,61,O3,SEDANG,DKI5 Kebon Jeruk
